2026-04-27T12:12:44,534 [main] INFO  a.f.a.t.Tool$ - # APALACHE version: 0.56.1 | build: 70cdaf4
2026-04-27T12:12:44,551 [main] INFO  a.f.a.i.p.o.OptionGroup$ -   > AccordSpec.cfg: Loading TLC configuration
2026-04-27T12:12:44,594 [main] WARN  a.f.a.i.t.TlcConfigParserApalache$ - TLC config option CHECK_DEADLOCK true will be ignored
2026-04-27T12:12:44,601 [main] INFO  a.f.a.i.p.o.OptionGroup$ -   > Using inv predicate(s) Agreement, Ordering from the TLC config
2026-04-27T12:12:44,602 [main] INFO  a.f.a.t.t.o.SimulateCmd - Tuning: search.simulation.maxRun=100:search.simulation=true:search.outputTraces=false
2026-04-27T12:12:44,822 [main] INFO  a.f.a.i.p.PassChainExecutor - PASS #0: SanyParser
2026-04-27T12:12:45,640 [main] DEBUG a.f.a.i.p.PassChainExecutor - PASS #0: SanyParser [OK]
2026-04-27T12:12:45,641 [main] INFO  a.f.a.i.p.PassChainExecutor - PASS #1: TypeCheckerSnowcat
2026-04-27T12:12:45,641 [main] INFO  a.f.a.t.p.t.EtcTypeCheckerPassImpl -  > Running Snowcat .::.
2026-04-27T12:12:56,930 [main] INFO  a.f.a.t.p.t.EtcTypeCheckerPassImpl -  > Your types are purrfect!
2026-04-27T12:12:56,930 [main] INFO  a.f.a.t.p.t.EtcTypeCheckerPassImpl -  > All expressions are typed
2026-04-27T12:12:56,931 [main] DEBUG a.f.a.i.p.PassChainExecutor - PASS #1: TypeCheckerSnowcat [OK]
2026-04-27T12:12:56,932 [main] INFO  a.f.a.i.p.PassChainExecutor - PASS #2: ConfigurationPass
2026-04-27T12:12:57,208 [main] INFO  a.f.a.t.p.p.ConfigurationPassImpl -   > AccordSpec.cfg: Using SPECIFICATION Spec
2026-04-27T12:12:57,210 [main] INFO  a.f.a.t.p.p.ConfigurationPassImpl -   > AccordSpec.cfg: found INVARIANTS: Agreement, Ordering
2026-04-27T12:12:57,215 [main] INFO  a.f.a.t.p.p.ConfigurationPassImpl -   > Set the initialization predicate to Init
2026-04-27T12:12:57,216 [main] INFO  a.f.a.t.p.p.ConfigurationPassImpl -   > Set the transition predicate to Next
2026-04-27T12:12:57,216 [main] INFO  a.f.a.t.p.p.ConfigurationPassImpl -   > Set the constant initialization predicate to CInit
2026-04-27T12:12:57,216 [main] INFO  a.f.a.t.p.p.ConfigurationPassImpl -   > Set an invariant to Agreement
2026-04-27T12:12:57,216 [main] INFO  a.f.a.t.p.p.ConfigurationPassImpl -   > Set an invariant to Ordering
2026-04-27T12:12:57,238 [main] DEBUG a.f.a.i.p.PassChainExecutor - PASS #2: ConfigurationPass [OK]
2026-04-27T12:12:57,238 [main] INFO  a.f.a.i.p.PassChainExecutor - PASS #3: DesugarerPass
2026-04-27T12:12:57,238 [main] INFO  a.f.a.t.p.p.DesugarerPassImpl -   > Desugaring...
2026-04-27T12:12:57,303 [main] DEBUG a.f.a.i.p.PassChainExecutor - PASS #3: DesugarerPass [OK]
2026-04-27T12:12:57,304 [main] INFO  a.f.a.i.p.PassChainExecutor - PASS #4: InlinePass
2026-04-27T12:12:57,305 [main] INFO  a.f.a.t.p.p.InlinePassImpl - Leaving only relevant operators: Agreement, CInit, CInitPrimed, Init, InitPrimed, Next, Ordering
2026-04-27T12:12:57,610 [main] DEBUG a.f.a.i.p.PassChainExecutor - PASS #4: InlinePass [OK]
2026-04-27T12:12:57,611 [main] INFO  a.f.a.i.p.PassChainExecutor - PASS #5: TemporalPass
2026-04-27T12:12:57,611 [main] INFO  a.f.a.t.p.p.TemporalPassImpl -   > Rewriting temporal operators...
2026-04-27T12:12:57,612 [main] INFO  a.f.a.t.p.p.TemporalPassImpl -   > No temporal property specified, nothing to encode
2026-04-27T12:12:57,612 [main] DEBUG a.f.a.i.p.PassChainExecutor - PASS #5: TemporalPass [OK]
2026-04-27T12:12:57,612 [main] INFO  a.f.a.i.p.PassChainExecutor - PASS #6: InlinePass
2026-04-27T12:12:57,612 [main] INFO  a.f.a.t.p.p.InlinePassImpl - Leaving only relevant operators: Agreement, CInit, CInitPrimed, Init, InitPrimed, Next, Ordering
2026-04-27T12:12:57,704 [main] DEBUG a.f.a.i.p.PassChainExecutor - PASS #6: InlinePass [OK]
2026-04-27T12:12:57,704 [main] INFO  a.f.a.i.p.PassChainExecutor - PASS #7: PrimingPass
2026-04-27T12:12:57,707 [main] INFO  a.f.a.t.p.a.PrimingPassImpl -   > Introducing CInitPrimed for CInit'
2026-04-27T12:12:57,708 [main] INFO  a.f.a.t.p.a.PrimingPassImpl -   > Introducing InitPrimed for Init'
2026-04-27T12:12:57,708 [main] DEBUG a.f.a.i.p.PassChainExecutor - PASS #7: PrimingPass [OK]
2026-04-27T12:12:57,708 [main] INFO  a.f.a.i.p.PassChainExecutor - PASS #8: VCGen
2026-04-27T12:12:57,709 [main] INFO  a.f.a.t.b.p.VCGenPassImpl -   > Producing verification conditions from the invariant Agreement
2026-04-27T12:12:57,713 [main] INFO  a.f.a.t.b.VCGenerator -   > VCGen produced 1 verification condition(s)
2026-04-27T12:12:57,714 [main] INFO  a.f.a.t.b.p.VCGenPassImpl -   > Producing verification conditions from the invariant Ordering
2026-04-27T12:12:57,715 [main] INFO  a.f.a.t.b.VCGenerator -   > VCGen produced 1 verification condition(s)
2026-04-27T12:12:57,715 [main] DEBUG a.f.a.i.p.PassChainExecutor - PASS #8: VCGen [OK]
2026-04-27T12:12:57,715 [main] INFO  a.f.a.i.p.PassChainExecutor - PASS #9: PreprocessingPass
2026-04-27T12:12:57,715 [main] INFO  a.f.a.t.p.p.PreproPassImpl -   > Before preprocessing: unique renaming
2026-04-27T12:12:57,720 [main] INFO  a.f.a.t.p.p.PreproPassImpl -  > Applying standard transformations:
2026-04-27T12:12:57,720 [main] INFO  a.f.a.t.p.p.PreproPassImpl -   > PrimePropagation
2026-04-27T12:12:57,729 [main] INFO  a.f.a.t.p.p.PreproPassImpl -   > Desugarer
2026-04-27T12:12:57,752 [main] INFO  a.f.a.t.p.p.PreproPassImpl -   > UniqueRenamer
2026-04-27T12:12:57,787 [main] INFO  a.f.a.t.p.p.PreproPassImpl -   > Normalizer
2026-04-27T12:12:57,811 [main] INFO  a.f.a.t.p.p.PreproPassImpl -   > Keramelizer
2026-04-27T12:12:57,841 [main] INFO  a.f.a.t.p.p.PreproPassImpl -   > After preprocessing: UniqueRenamer
2026-04-27T12:12:57,914 [main] DEBUG a.f.a.i.p.PassChainExecutor - PASS #9: PreprocessingPass [OK]
2026-04-27T12:12:57,914 [main] INFO  a.f.a.i.p.PassChainExecutor - PASS #10: TransitionFinderPass
2026-04-27T12:12:57,979 [main] INFO  a.f.a.t.p.a.TransitionPassImpl -   > Found 1 initializing transitions
2026-04-27T12:12:58,085 [main] INFO  a.f.a.t.p.a.TransitionPassImpl -   > Found 70 transitions
2026-04-27T12:12:58,086 [main] INFO  a.f.a.t.p.a.TransitionPassImpl -   > Found constant initializer CInit
2026-04-27T12:12:58,090 [main] INFO  a.f.a.t.p.a.TransitionPassImpl -   > Applying unique renaming
2026-04-27T12:12:58,221 [main] DEBUG a.f.a.i.p.PassChainExecutor - PASS #10: TransitionFinderPass [OK]
2026-04-27T12:12:58,221 [main] INFO  a.f.a.i.p.PassChainExecutor - PASS #11: OptimizationPass
2026-04-27T12:12:58,229 [main] INFO  a.f.a.t.p.p.OptPassImpl -  > Applying optimizations:
2026-04-27T12:12:58,230 [main] INFO  a.f.a.t.p.p.OptPassImpl -   > ConstSimplifier
2026-04-27T12:12:58,405 [main] INFO  a.f.a.t.p.p.OptPassImpl -   > ExprOptimizer
2026-04-27T12:12:58,466 [main] INFO  a.f.a.t.p.p.OptPassImpl -   > SetMembershipSimplifier
2026-04-27T12:12:58,497 [main] INFO  a.f.a.t.p.p.OptPassImpl -   > ConstSimplifier
2026-04-27T12:12:58,618 [main] DEBUG a.f.a.i.p.PassChainExecutor - PASS #11: OptimizationPass [OK]
2026-04-27T12:12:58,619 [main] INFO  a.f.a.i.p.PassChainExecutor - PASS #12: AnalysisPass
2026-04-27T12:12:58,621 [main] INFO  a.f.a.t.b.p.AnalysisPassImpl -  > Marking skolemizable existentials and sets to be expanded...
2026-04-27T12:12:58,622 [main] INFO  a.f.a.t.b.p.AnalysisPassImpl -   > Skolemization
2026-04-27T12:12:58,631 [main] INFO  a.f.a.t.b.p.AnalysisPassImpl -   > Expansion
2026-04-27T12:12:58,668 [main] INFO  a.f.a.t.b.p.AnalysisPassImpl -   > Remove unused let-in defs
2026-04-27T12:12:58,686 [main] INFO  a.f.a.t.b.p.AnalysisPassImpl -  > Running analyzers...
2026-04-27T12:12:58,691 [main] INFO  a.f.a.t.b.p.AnalysisPassImpl -   > Introduced expression grades
2026-04-27T12:12:58,692 [main] DEBUG a.f.a.i.p.PassChainExecutor - PASS #12: AnalysisPass [OK]
2026-04-27T12:12:58,692 [main] INFO  a.f.a.i.p.PassChainExecutor - PASS #13: BoundedChecker
2026-04-27T12:12:58,724 [main] DEBUG a.f.a.t.b.s.Z3SolverContext - Creating Z3 solver context 0
2026-04-27T12:12:58,942 [main] DEBUG a.f.a.t.b.t.TransitionExecutorImpl - Initializing CONSTANTS
2026-04-27T12:12:58,984 [main] DEBUG a.f.a.t.b.t.TransitionExecutorImpl - Step #0, transition #0
2026-04-27T12:12:58,984 [main] DEBUG a.f.a.t.b.t.TransitionExecutorImpl - Translating to SMT
2026-04-27T12:12:59,022 [main] DEBUG a.f.a.t.b.SeqModelChecker - Step 0: Transition #0. Is it enabled?
2026-04-27T12:12:59,024 [main] DEBUG a.f.a.t.b.SeqModelChecker - Step 0: Transition #0 is enabled
2026-04-27T12:12:59,024 [main] INFO  a.f.a.t.b.SeqModelChecker - State 0: Checking 2 state invariants
2026-04-27T12:12:59,025 [main] DEBUG a.f.a.t.b.SeqModelChecker - State 0: Checking state invariant 0
2026-04-27T12:12:59,073 [main] INFO  a.f.a.t.b.SeqModelChecker - State 0: state invariant 0 holds.
2026-04-27T12:12:59,077 [main] DEBUG a.f.a.t.b.SeqModelChecker - State 0: Checking state invariant 1
2026-04-27T12:12:59,136 [main] INFO  a.f.a.t.b.SeqModelChecker - State 0: state invariant 1 holds.
2026-04-27T12:12:59,137 [main] INFO  a.f.a.t.b.SeqModelChecker - Step 0: randomly picked transition #0
2026-04-27T12:12:59,137 [main] INFO  a.f.a.t.b.t.TransitionExecutorImpl - Step 0: picking a transition out of 1 transition(s)
2026-04-27T12:12:59,139 [main] DEBUG a.f.a.t.b.t.TransitionExecutorImpl - Step #1, transition #32
2026-04-27T12:12:59,139 [main] DEBUG a.f.a.t.b.t.TransitionExecutorImpl - Translating to SMT
2026-04-27T12:12:59,434 [main] DEBUG a.f.a.t.b.SeqModelChecker - Step 1: Transition #32. Is it enabled?
2026-04-27T12:12:59,444 [main] INFO  a.f.a.t.b.SeqModelChecker - Step 1: Transition #32 is disabled
2026-04-27T12:12:59,448 [main] DEBUG a.f.a.t.b.t.TransitionExecutorImpl - Step #1, transition #65
2026-04-27T12:12:59,448 [main] DEBUG a.f.a.t.b.t.TransitionExecutorImpl - Translating to SMT
2026-04-27T12:12:59,460 [main] DEBUG a.f.a.t.b.SeqModelChecker - Step 1: Transition #65. Is it enabled?
2026-04-27T12:12:59,461 [main] INFO  a.f.a.t.b.SeqModelChecker - Step 1: Transition #65 is disabled
2026-04-27T12:12:59,461 [main] DEBUG a.f.a.t.b.t.TransitionExecutorImpl - Step #1, transition #22
2026-04-27T12:12:59,461 [main] DEBUG a.f.a.t.b.t.TransitionExecutorImpl - Translating to SMT
2026-04-27T12:12:59,469 [main] DEBUG a.f.a.t.b.t.TransitionExecutorImpl - Transition 22 produces partial assignment. Disabled.
2026-04-27T12:12:59,470 [main] DEBUG a.f.a.t.b.t.TransitionExecutorImpl - Step #1, transition #1
2026-04-27T12:12:59,470 [main] DEBUG a.f.a.t.b.t.TransitionExecutorImpl - Translating to SMT
2026-04-27T12:12:59,471 [main] DEBUG a.f.a.t.b.SeqModelChecker - Step 1: Transition #1. Is it enabled?
2026-04-27T12:12:59,472 [main] INFO  a.f.a.t.b.SeqModelChecker - Step 1: Transition #1 is disabled
2026-04-27T12:12:59,472 [main] DEBUG a.f.a.t.b.t.TransitionExecutorImpl - Step #1, transition #19
2026-04-27T12:12:59,472 [main] DEBUG a.f.a.t.b.t.TransitionExecutorImpl - Translating to SMT
2026-04-27T12:12:59,477 [main] DEBUG a.f.a.t.b.t.TransitionExecutorImpl - Transition 19 produces partial assignment. Disabled.
2026-04-27T12:12:59,477 [main] DEBUG a.f.a.t.b.t.TransitionExecutorImpl - Step #1, transition #66
2026-04-27T12:12:59,477 [main] DEBUG a.f.a.t.b.t.TransitionExecutorImpl - Translating to SMT
2026-04-27T12:12:59,631 [main] DEBUG a.f.a.t.b.SeqModelChecker - Step 1: Transition #66. Is it enabled?
2026-04-27T12:12:59,639 [main] INFO  a.f.a.t.b.SeqModelChecker - Step 1: Transition #66 is disabled
2026-04-27T12:12:59,642 [main] DEBUG a.f.a.t.b.t.TransitionExecutorImpl - Step #1, transition #4
2026-04-27T12:12:59,642 [main] DEBUG a.f.a.t.b.t.TransitionExecutorImpl - Translating to SMT
2026-04-27T12:12:59,642 [main] DEBUG a.f.a.t.b.t.TransitionExecutorImpl - Transition 4 produces partial assignment. Disabled.
2026-04-27T12:12:59,642 [main] DEBUG a.f.a.t.b.t.TransitionExecutorImpl - Step #1, transition #47
2026-04-27T12:12:59,642 [main] DEBUG a.f.a.t.b.t.TransitionExecutorImpl - Translating to SMT
2026-04-27T12:12:59,742 [main] DEBUG a.f.a.t.b.SeqModelChecker - Step 1: Transition #47. Is it enabled?
2026-04-27T12:12:59,748 [main] INFO  a.f.a.t.b.SeqModelChecker - Step 1: Transition #47 is disabled
2026-04-27T12:12:59,750 [main] DEBUG a.f.a.t.b.t.TransitionExecutorImpl - Step #1, transition #14
2026-04-27T12:12:59,750 [main] DEBUG a.f.a.t.b.t.TransitionExecutorImpl - Translating to SMT
2026-04-27T12:12:59,752 [main] DEBUG a.f.a.t.b.SeqModelChecker - Step 1: Transition #14. Is it enabled?
2026-04-27T12:12:59,752 [main] INFO  a.f.a.t.b.SeqModelChecker - Step 1: Transition #14 is disabled
2026-04-27T12:12:59,753 [main] DEBUG a.f.a.t.b.t.TransitionExecutorImpl - Step #1, transition #69
2026-04-27T12:12:59,753 [main] DEBUG a.f.a.t.b.t.TransitionExecutorImpl - Translating to SMT
2026-04-27T12:12:59,786 [main] DEBUG a.f.a.t.b.SeqModelChecker - Step 1: Transition #69. Is it enabled?
2026-04-27T12:12:59,787 [main] INFO  a.f.a.t.b.SeqModelChecker - Step 1: Transition #69 is disabled
2026-04-27T12:12:59,789 [main] DEBUG a.f.a.t.b.t.TransitionExecutorImpl - Step #1, transition #60
2026-04-27T12:12:59,789 [main] DEBUG a.f.a.t.b.t.TransitionExecutorImpl - Translating to SMT
2026-04-27T12:12:59,812 [main] DEBUG a.f.a.t.b.SeqModelChecker - Step 1: Transition #60. Is it enabled?
2026-04-27T12:12:59,813 [main] INFO  a.f.a.t.b.SeqModelChecker - Step 1: Transition #60 is disabled
2026-04-27T12:12:59,814 [main] DEBUG a.f.a.t.b.t.TransitionExecutorImpl - Step #1, transition #42
2026-04-27T12:12:59,815 [main] DEBUG a.f.a.t.b.t.TransitionExecutorImpl - Translating to SMT
2026-04-27T12:12:59,819 [main] DEBUG a.f.a.t.b.t.TransitionExecutorImpl - Transition 42 produces partial assignment. Disabled.
2026-04-27T12:12:59,820 [main] DEBUG a.f.a.t.b.t.TransitionExecutorImpl - Step #1, transition #35
2026-04-27T12:12:59,820 [main] DEBUG a.f.a.t.b.t.TransitionExecutorImpl - Translating to SMT
2026-04-27T12:13:00,140 [main] DEBUG a.f.a.t.b.SeqModelChecker - Step 1: Transition #35. Is it enabled?
2026-04-27T12:13:00,154 [main] INFO  a.f.a.t.b.SeqModelChecker - Step 1: Transition #35 is disabled
2026-04-27T12:13:00,160 [main] DEBUG a.f.a.t.b.t.TransitionExecutorImpl - Step #1, transition #7
2026-04-27T12:13:00,160 [main] DEBUG a.f.a.t.b.t.TransitionExecutorImpl - Translating to SMT
2026-04-27T12:13:00,160 [main] DEBUG a.f.a.t.b.t.TransitionExecutorImpl - Transition 7 produces partial assignment. Disabled.
2026-04-27T12:13:00,160 [main] DEBUG a.f.a.t.b.t.TransitionExecutorImpl - Step #1, transition #34
2026-04-27T12:13:00,160 [main] DEBUG a.f.a.t.b.t.TransitionExecutorImpl - Translating to SMT
2026-04-27T12:13:00,310 [main] DEBUG a.f.a.t.b.SeqModelChecker - Step 1: Transition #34. Is it enabled?
2026-04-27T12:13:00,321 [main] INFO  a.f.a.t.b.SeqModelChecker - Step 1: Transition #34 is disabled
2026-04-27T12:13:00,324 [main] DEBUG a.f.a.t.b.t.TransitionExecutorImpl - Step #1, transition #0
2026-04-27T12:13:00,325 [main] DEBUG a.f.a.t.b.t.TransitionExecutorImpl - Translating to SMT
2026-04-27T12:13:00,326 [main] DEBUG a.f.a.t.b.SeqModelChecker - Step 1: Transition #0. Is it enabled?
2026-04-27T12:13:00,327 [main] INFO  a.f.a.t.b.SeqModelChecker - Step 1: Transition #0 is disabled
2026-04-27T12:13:00,327 [main] DEBUG a.f.a.t.b.t.TransitionExecutorImpl - Step #1, transition #63
2026-04-27T12:13:00,327 [main] DEBUG a.f.a.t.b.t.TransitionExecutorImpl - Translating to SMT
2026-04-27T12:13:00,335 [main] DEBUG a.f.a.t.b.SeqModelChecker - Step 1: Transition #63. Is it enabled?
2026-04-27T12:13:00,336 [main] INFO  a.f.a.t.b.SeqModelChecker - Step 1: Transition #63 is disabled
2026-04-27T12:13:00,336 [main] DEBUG a.f.a.t.b.t.TransitionExecutorImpl - Step #1, transition #38
2026-04-27T12:13:00,336 [main] DEBUG a.f.a.t.b.t.TransitionExecutorImpl - Translating to SMT
2026-04-27T12:13:00,338 [main] DEBUG a.f.a.t.b.t.TransitionExecutorImpl - Transition 38 produces partial assignment. Disabled.
2026-04-27T12:13:00,338 [main] DEBUG a.f.a.t.b.t.TransitionExecutorImpl - Step #1, transition #27
2026-04-27T12:13:00,338 [main] DEBUG a.f.a.t.b.t.TransitionExecutorImpl - Translating to SMT
2026-04-27T12:13:00,350 [main] DEBUG a.f.a.t.b.SeqModelChecker - Step 1: Transition #27. Is it enabled?
2026-04-27T12:13:00,352 [main] INFO  a.f.a.t.b.SeqModelChecker - Step 1: Transition #27 is disabled
2026-04-27T12:13:00,353 [main] DEBUG a.f.a.t.b.t.TransitionExecutorImpl - Step #1, transition #57
2026-04-27T12:13:00,353 [main] DEBUG a.f.a.t.b.t.TransitionExecutorImpl - Translating to SMT
2026-04-27T12:13:00,397 [main] DEBUG a.f.a.t.b.t.TransitionExecutorImpl - Transition 57 produces partial assignment. Disabled.
2026-04-27T12:13:00,398 [main] DEBUG a.f.a.t.b.t.TransitionExecutorImpl - Step #1, transition #51
2026-04-27T12:13:00,398 [main] DEBUG a.f.a.t.b.t.TransitionExecutorImpl - Translating to SMT
2026-04-27T12:13:00,551 [main] DEBUG a.f.a.t.b.SeqModelChecker - Step 1: Transition #51. Is it enabled?
2026-04-27T12:13:00,555 [main] INFO  a.f.a.t.b.SeqModelChecker - Step 1: Transition #51 is disabled
2026-04-27T12:13:00,556 [main] DEBUG a.f.a.t.b.t.TransitionExecutorImpl - Step #1, transition #58
2026-04-27T12:13:00,557 [main] DEBUG a.f.a.t.b.t.TransitionExecutorImpl - Translating to SMT
2026-04-27T12:13:00,566 [main] DEBUG a.f.a.t.b.SeqModelChecker - Step 1: Transition #58. Is it enabled?
2026-04-27T12:13:00,567 [main] INFO  a.f.a.t.b.SeqModelChecker - Step 1: Transition #58 is disabled
2026-04-27T12:13:00,567 [main] DEBUG a.f.a.t.b.t.TransitionExecutorImpl - Step #1, transition #61
2026-04-27T12:13:00,567 [main] DEBUG a.f.a.t.b.t.TransitionExecutorImpl - Translating to SMT
2026-04-27T12:13:00,573 [main] DEBUG a.f.a.t.b.t.TransitionExecutorImpl - Transition 61 produces partial assignment. Disabled.
2026-04-27T12:13:00,574 [main] DEBUG a.f.a.t.b.t.TransitionExecutorImpl - Step #1, transition #23
2026-04-27T12:13:00,574 [main] DEBUG a.f.a.t.b.t.TransitionExecutorImpl - Translating to SMT
2026-04-27T12:13:00,576 [main] DEBUG a.f.a.t.b.t.TransitionExecutorImpl - Transition 23 produces partial assignment. Disabled.
2026-04-27T12:13:00,577 [main] DEBUG a.f.a.t.b.t.TransitionExecutorImpl - Step #1, transition #59
2026-04-27T12:13:00,577 [main] DEBUG a.f.a.t.b.t.TransitionExecutorImpl - Translating to SMT
2026-04-27T12:13:00,583 [main] DEBUG a.f.a.t.b.t.TransitionExecutorImpl - Transition 59 produces partial assignment. Disabled.
2026-04-27T12:13:00,583 [main] DEBUG a.f.a.t.b.t.TransitionExecutorImpl - Step #1, transition #48
2026-04-27T12:13:00,583 [main] DEBUG a.f.a.t.b.t.TransitionExecutorImpl - Translating to SMT
2026-04-27T12:13:00,651 [main] DEBUG a.f.a.t.b.SeqModelChecker - Step 1: Transition #48. Is it enabled?
2026-04-27T12:13:00,656 [main] INFO  a.f.a.t.b.SeqModelChecker - Step 1: Transition #48 is disabled
2026-04-27T12:13:00,657 [main] DEBUG a.f.a.t.b.t.TransitionExecutorImpl - Step #1, transition #26
2026-04-27T12:13:00,657 [main] DEBUG a.f.a.t.b.t.TransitionExecutorImpl - Translating to SMT
2026-04-27T12:13:00,700 [main] DEBUG a.f.a.t.b.SeqModelChecker - Step 1: Transition #26. Is it enabled?
2026-04-27T12:13:00,704 [main] INFO  a.f.a.t.b.SeqModelChecker - Step 1: Transition #26 is disabled
2026-04-27T12:13:00,705 [main] DEBUG a.f.a.t.b.t.TransitionExecutorImpl - Step #1, transition #40
2026-04-27T12:13:00,705 [main] DEBUG a.f.a.t.b.t.TransitionExecutorImpl - Translating to SMT
2026-04-27T12:13:00,707 [main] DEBUG a.f.a.t.b.t.TransitionExecutorImpl - Transition 40 produces partial assignment. Disabled.
2026-04-27T12:13:00,708 [main] DEBUG a.f.a.t.b.t.TransitionExecutorImpl - Step #1, transition #9
2026-04-27T12:13:00,708 [main] DEBUG a.f.a.t.b.t.TransitionExecutorImpl - Translating to SMT
2026-04-27T12:13:00,709 [main] DEBUG a.f.a.t.b.SeqModelChecker - Step 1: Transition #9. Is it enabled?
2026-04-27T12:13:00,709 [main] INFO  a.f.a.t.b.SeqModelChecker - Step 1: Transition #9 is disabled
2026-04-27T12:13:00,709 [main] DEBUG a.f.a.t.b.t.TransitionExecutorImpl - Step #1, transition #6
2026-04-27T12:13:00,709 [main] DEBUG a.f.a.t.b.t.TransitionExecutorImpl - Translating to SMT
2026-04-27T12:13:00,710 [main] DEBUG a.f.a.t.b.SeqModelChecker - Step 1: Transition #6. Is it enabled?
2026-04-27T12:13:00,710 [main] INFO  a.f.a.t.b.SeqModelChecker - Step 1: Transition #6 is disabled
2026-04-27T12:13:00,711 [main] DEBUG a.f.a.t.b.t.TransitionExecutorImpl - Step #1, transition #44
2026-04-27T12:13:00,711 [main] DEBUG a.f.a.t.b.t.TransitionExecutorImpl - Translating to SMT
2026-04-27T12:13:00,807 [main] DEBUG a.f.a.t.b.SeqModelChecker - Step 1: Transition #44. Is it enabled?
2026-04-27T12:13:00,815 [main] INFO  a.f.a.t.b.SeqModelChecker - Step 1: Transition #44 is disabled
2026-04-27T12:13:00,816 [main] DEBUG a.f.a.t.b.t.TransitionExecutorImpl - Step #1, transition #45
2026-04-27T12:13:00,816 [main] DEBUG a.f.a.t.b.t.TransitionExecutorImpl - Translating to SMT
2026-04-27T12:13:00,881 [main] DEBUG a.f.a.t.b.SeqModelChecker - Step 1: Transition #45. Is it enabled?
2026-04-27T12:13:00,888 [main] INFO  a.f.a.t.b.SeqModelChecker - Step 1: Transition #45 is disabled
2026-04-27T12:13:00,890 [main] DEBUG a.f.a.t.b.t.TransitionExecutorImpl - Step #1, transition #16
2026-04-27T12:13:00,890 [main] DEBUG a.f.a.t.b.t.TransitionExecutorImpl - Translating to SMT
2026-04-27T12:13:00,982 [main] DEBUG a.f.a.t.b.SeqModelChecker - Step 1: Transition #16. Is it enabled?
2026-04-27T12:13:01,000 [main] DEBUG a.f.a.t.b.SeqModelChecker - Step 1: Transition #16 is enabled
2026-04-27T12:13:01,001 [main] INFO  a.f.a.t.b.SeqModelChecker - State 1: Checking 2 state invariants
2026-04-27T12:13:01,002 [main] DEBUG a.f.a.t.b.SeqModelChecker - State 1: Checking state invariant 0
2026-04-27T12:13:01,022 [main] INFO  a.f.a.t.b.SeqModelChecker - State 1: state invariant 0 holds.
2026-04-27T12:13:01,023 [main] DEBUG a.f.a.t.b.SeqModelChecker - State 1: Checking state invariant 1
2026-04-27T12:13:01,052 [main] INFO  a.f.a.t.b.SeqModelChecker - State 1: state invariant 1 holds.
2026-04-27T12:13:01,054 [main] INFO  a.f.a.t.b.SeqModelChecker - Step 1: randomly picked transition #16
2026-04-27T12:13:01,054 [main] INFO  a.f.a.t.b.t.TransitionExecutorImpl - Step 1: picking a transition out of 1 transition(s)
2026-04-27T12:13:01,055 [main] DEBUG a.f.a.t.b.t.TransitionExecutorImpl - Step #2, transition #43
2026-04-27T12:13:01,055 [main] DEBUG a.f.a.t.b.t.TransitionExecutorImpl - Translating to SMT
2026-04-27T12:13:01,221 [main] DEBUG a.f.a.t.b.SeqModelChecker - Step 2: Transition #43. Is it enabled?
2026-04-27T12:13:01,229 [main] INFO  a.f.a.t.b.SeqModelChecker - Step 2: Transition #43 is disabled
2026-04-27T12:13:01,231 [main] DEBUG a.f.a.t.b.t.TransitionExecutorImpl - Step #2, transition #10
2026-04-27T12:13:01,232 [main] DEBUG a.f.a.t.b.t.TransitionExecutorImpl - Translating to SMT
2026-04-27T12:13:01,332 [main] DEBUG a.f.a.t.b.SeqModelChecker - Step 2: Transition #10. Is it enabled?
2026-04-27T12:13:01,340 [main] INFO  a.f.a.t.b.SeqModelChecker - Step 2: Transition #10 is disabled
2026-04-27T12:13:01,342 [main] DEBUG a.f.a.t.b.t.TransitionExecutorImpl - Step #2, transition #68
2026-04-27T12:13:01,342 [main] DEBUG a.f.a.t.b.t.TransitionExecutorImpl - Translating to SMT
2026-04-27T12:13:01,425 [main] DEBUG a.f.a.t.b.SeqModelChecker - Step 2: Transition #68. Is it enabled?
2026-04-27T12:13:01,431 [main] INFO  a.f.a.t.b.SeqModelChecker - Step 2: Transition #68 is disabled
2026-04-27T12:13:01,432 [main] DEBUG a.f.a.t.b.t.TransitionExecutorImpl - Step #2, transition #20
2026-04-27T12:13:01,433 [main] DEBUG a.f.a.t.b.t.TransitionExecutorImpl - Translating to SMT
2026-04-27T12:13:01,453 [main] DEBUG a.f.a.t.b.t.TransitionExecutorImpl - Transition 20 produces partial assignment. Disabled.
2026-04-27T12:13:01,457 [main] DEBUG a.f.a.t.b.t.TransitionExecutorImpl - Step #2, transition #58
2026-04-27T12:13:01,457 [main] DEBUG a.f.a.t.b.t.TransitionExecutorImpl - Translating to SMT
2026-04-27T12:13:01,555 [main] DEBUG a.f.a.t.b.SeqModelChecker - Step 2: Transition #58. Is it enabled?
2026-04-27T12:13:01,562 [main] INFO  a.f.a.t.b.SeqModelChecker - Step 2: Transition #58 is disabled
2026-04-27T12:13:01,564 [main] DEBUG a.f.a.t.b.t.TransitionExecutorImpl - Step #2, transition #33
2026-04-27T12:13:01,564 [main] DEBUG a.f.a.t.b.t.TransitionExecutorImpl - Translating to SMT
2026-04-27T12:13:01,754 [main] DEBUG a.f.a.t.b.SeqModelChecker - Step 2: Transition #33. Is it enabled?
2026-04-27T12:13:01,825 [main] INFO  a.f.a.t.b.SeqModelChecker - Step 2: Transition #33 is disabled
2026-04-27T12:13:01,830 [main] DEBUG a.f.a.t.b.t.TransitionExecutorImpl - Step #2, transition #37
2026-04-27T12:13:01,830 [main] DEBUG a.f.a.t.b.t.TransitionExecutorImpl - Translating to SMT
2026-04-27T12:13:01,893 [main] DEBUG a.f.a.t.b.SeqModelChecker - Step 2: Transition #37. Is it enabled?
2026-04-27T12:13:01,901 [main] INFO  a.f.a.t.b.SeqModelChecker - Step 2: Transition #37 is disabled
2026-04-27T12:13:01,903 [main] DEBUG a.f.a.t.b.t.TransitionExecutorImpl - Step #2, transition #61
2026-04-27T12:13:01,904 [main] DEBUG a.f.a.t.b.t.TransitionExecutorImpl - Translating to SMT
2026-04-27T12:13:01,910 [main] DEBUG a.f.a.t.b.t.TransitionExecutorImpl - Transition 61 produces partial assignment. Disabled.
2026-04-27T12:13:01,911 [main] DEBUG a.f.a.t.b.t.TransitionExecutorImpl - Step #2, transition #21
2026-04-27T12:13:01,911 [main] DEBUG a.f.a.t.b.t.TransitionExecutorImpl - Translating to SMT
2026-04-27T12:13:01,989 [main] DEBUG a.f.a.t.b.SeqModelChecker - Step 2: Transition #21. Is it enabled?
2026-04-27T12:13:02,002 [main] INFO  a.f.a.t.b.SeqModelChecker - Step 2: Transition #21 is disabled
2026-04-27T12:13:02,004 [main] DEBUG a.f.a.t.b.t.TransitionExecutorImpl - Step #2, transition #51
2026-04-27T12:13:02,004 [main] DEBUG a.f.a.t.b.t.TransitionExecutorImpl - Translating to SMT
2026-04-27T12:13:02,135 [main] DEBUG a.f.a.t.b.SeqModelChecker - Step 2: Transition #51. Is it enabled?
2026-04-27T12:13:02,151 [main] INFO  a.f.a.t.b.SeqModelChecker - Step 2: Transition #51 is disabled
2026-04-27T12:13:02,156 [main] DEBUG a.f.a.t.b.t.TransitionExecutorImpl - Step #2, transition #23
2026-04-27T12:13:02,156 [main] DEBUG a.f.a.t.b.t.TransitionExecutorImpl - Translating to SMT
2026-04-27T12:13:02,173 [main] DEBUG a.f.a.t.b.t.TransitionExecutorImpl - Transition 23 produces partial assignment. Disabled.
2026-04-27T12:13:02,174 [main] DEBUG a.f.a.t.b.t.TransitionExecutorImpl - Step #2, transition #52
2026-04-27T12:13:02,175 [main] DEBUG a.f.a.t.b.t.TransitionExecutorImpl - Translating to SMT
2026-04-27T12:13:02,388 [main] DEBUG a.f.a.t.b.SeqModelChecker - Step 2: Transition #52. Is it enabled?
2026-04-27T12:13:02,399 [main] INFO  a.f.a.t.b.SeqModelChecker - Step 2: Transition #52 is disabled
2026-04-27T12:13:02,401 [main] DEBUG a.f.a.t.b.t.TransitionExecutorImpl - Step #2, transition #32
2026-04-27T12:13:02,401 [main] DEBUG a.f.a.t.b.t.TransitionExecutorImpl - Translating to SMT
2026-04-27T12:13:02,639 [main] DEBUG a.f.a.t.b.SeqModelChecker - Step 2: Transition #32. Is it enabled?
2026-04-27T12:13:02,677 [main] INFO  a.f.a.t.b.SeqModelChecker - Step 2: Transition #32 is disabled
2026-04-27T12:13:02,682 [main] DEBUG a.f.a.t.b.t.TransitionExecutorImpl - Step #2, transition #34
2026-04-27T12:13:02,682 [main] DEBUG a.f.a.t.b.t.TransitionExecutorImpl - Translating to SMT
2026-04-27T12:13:02,843 [main] DEBUG a.f.a.t.b.SeqModelChecker - Step 2: Transition #34. Is it enabled?
2026-04-27T12:13:02,899 [main] INFO  a.f.a.t.b.SeqModelChecker - Step 2: Transition #34 is disabled
2026-04-27T12:13:02,904 [main] DEBUG a.f.a.t.b.t.TransitionExecutorImpl - Step #2, transition #40
2026-04-27T12:13:02,904 [main] DEBUG a.f.a.t.b.t.TransitionExecutorImpl - Translating to SMT
2026-04-27T12:13:02,919 [main] DEBUG a.f.a.t.b.t.TransitionExecutorImpl - Transition 40 produces partial assignment. Disabled.
2026-04-27T12:13:02,920 [main] DEBUG a.f.a.t.b.t.TransitionExecutorImpl - Step #2, transition #63
2026-04-27T12:13:02,920 [main] DEBUG a.f.a.t.b.t.TransitionExecutorImpl - Translating to SMT
2026-04-27T12:13:02,963 [main] DEBUG a.f.a.t.b.SeqModelChecker - Step 2: Transition #63. Is it enabled?
2026-04-27T12:13:02,969 [main] INFO  a.f.a.t.b.SeqModelChecker - Step 2: Transition #63 is disabled
2026-04-27T12:13:02,971 [main] DEBUG a.f.a.t.b.t.TransitionExecutorImpl - Step #2, transition #24
2026-04-27T12:13:02,971 [main] DEBUG a.f.a.t.b.t.TransitionExecutorImpl - Translating to SMT
2026-04-27T12:13:03,022 [main] DEBUG a.f.a.t.b.SeqModelChecker - Step 2: Transition #24. Is it enabled?
2026-04-27T12:13:03,030 [main] INFO  a.f.a.t.b.SeqModelChecker - Step 2: Transition #24 is disabled
2026-04-27T12:13:03,032 [main] DEBUG a.f.a.t.b.t.TransitionExecutorImpl - Step #2, transition #28
2026-04-27T12:13:03,032 [main] DEBUG a.f.a.t.b.t.TransitionExecutorImpl - Translating to SMT
2026-04-27T12:13:03,309 [main] DEBUG a.f.a.t.b.SeqModelChecker - Step 2: Transition #28. Is it enabled?
2026-04-27T12:13:03,376 [main] INFO  a.f.a.t.b.SeqModelChecker - Step 2: Transition #28 is disabled
2026-04-27T12:13:03,390 [main] DEBUG a.f.a.t.b.t.TransitionExecutorImpl - Step #2, transition #44
2026-04-27T12:13:03,390 [main] DEBUG a.f.a.t.b.t.TransitionExecutorImpl - Translating to SMT
2026-04-27T12:13:03,493 [main] DEBUG a.f.a.t.b.SeqModelChecker - Step 2: Transition #44. Is it enabled?
2026-04-27T12:13:03,500 [main] INFO  a.f.a.t.b.SeqModelChecker - Step 2: Transition #44 is disabled
2026-04-27T12:13:03,502 [main] DEBUG a.f.a.t.b.t.TransitionExecutorImpl - Step #2, transition #57
2026-04-27T12:13:03,502 [main] DEBUG a.f.a.t.b.t.TransitionExecutorImpl - Translating to SMT
2026-04-27T12:13:03,507 [main] DEBUG a.f.a.t.b.t.TransitionExecutorImpl - Transition 57 produces partial assignment. Disabled.
2026-04-27T12:13:03,508 [main] DEBUG a.f.a.t.b.t.TransitionExecutorImpl - Step #2, transition #17
2026-04-27T12:13:03,508 [main] DEBUG a.f.a.t.b.t.TransitionExecutorImpl - Translating to SMT
2026-04-27T12:13:03,547 [main] DEBUG a.f.a.t.b.SeqModelChecker - Step 2: Transition #17. Is it enabled?
2026-04-27T12:13:03,557 [main] INFO  a.f.a.t.b.SeqModelChecker - Step 2: Transition #17 is disabled
2026-04-27T12:13:03,559 [main] DEBUG a.f.a.t.b.t.TransitionExecutorImpl - Step #2, transition #25
2026-04-27T12:13:03,559 [main] DEBUG a.f.a.t.b.t.TransitionExecutorImpl - Translating to SMT
2026-04-27T12:13:03,568 [main] DEBUG a.f.a.t.b.t.TransitionExecutorImpl - Transition 25 produces partial assignment. Disabled.
2026-04-27T12:13:03,569 [main] DEBUG a.f.a.t.b.t.TransitionExecutorImpl - Step #2, transition #65
2026-04-27T12:13:03,569 [main] DEBUG a.f.a.t.b.t.TransitionExecutorImpl - Translating to SMT
2026-04-27T12:13:03,578 [main] DEBUG a.f.a.t.b.SeqModelChecker - Step 2: Transition #65. Is it enabled?
2026-04-27T12:13:03,580 [main] INFO  a.f.a.t.b.SeqModelChecker - Step 2: Transition #65 is disabled
2026-04-27T12:13:03,581 [main] DEBUG a.f.a.t.b.t.TransitionExecutorImpl - Step #2, transition #1
2026-04-27T12:13:03,581 [main] DEBUG a.f.a.t.b.t.TransitionExecutorImpl - Translating to SMT
2026-04-27T12:13:03,621 [main] DEBUG a.f.a.t.b.SeqModelChecker - Step 2: Transition #1. Is it enabled?
2026-04-27T12:13:03,626 [main] INFO  a.f.a.t.b.SeqModelChecker - Step 2: Transition #1 is disabled
2026-04-27T12:13:03,628 [main] DEBUG a.f.a.t.b.t.TransitionExecutorImpl - Step #2, transition #62
2026-04-27T12:13:03,628 [main] DEBUG a.f.a.t.b.t.TransitionExecutorImpl - Translating to SMT
2026-04-27T12:13:03,662 [main] DEBUG a.f.a.t.b.SeqModelChecker - Step 2: Transition #62. Is it enabled?
2026-04-27T12:13:03,667 [main] INFO  a.f.a.t.b.SeqModelChecker - Step 2: Transition #62 is disabled
2026-04-27T12:13:03,668 [main] DEBUG a.f.a.t.b.t.TransitionExecutorImpl - Step #2, transition #50
2026-04-27T12:13:03,668 [main] DEBUG a.f.a.t.b.t.TransitionExecutorImpl - Translating to SMT
2026-04-27T12:13:03,742 [main] DEBUG a.f.a.t.b.SeqModelChecker - Step 2: Transition #50. Is it enabled?
2026-04-27T12:13:03,748 [main] INFO  a.f.a.t.b.SeqModelChecker - Step 2: Transition #50 is disabled
2026-04-27T12:13:03,749 [main] DEBUG a.f.a.t.b.t.TransitionExecutorImpl - Step #2, transition #19
2026-04-27T12:13:03,749 [main] DEBUG a.f.a.t.b.t.TransitionExecutorImpl - Translating to SMT
2026-04-27T12:13:03,758 [main] DEBUG a.f.a.t.b.t.TransitionExecutorImpl - Transition 19 produces partial assignment. Disabled.
2026-04-27T12:13:03,759 [main] DEBUG a.f.a.t.b.t.TransitionExecutorImpl - Step #2, transition #22
2026-04-27T12:13:03,759 [main] DEBUG a.f.a.t.b.t.TransitionExecutorImpl - Translating to SMT
2026-04-27T12:13:03,777 [main] DEBUG a.f.a.t.b.t.TransitionExecutorImpl - Transition 22 produces partial assignment. Disabled.
2026-04-27T12:13:03,779 [main] DEBUG a.f.a.t.b.t.TransitionExecutorImpl - Step #2, transition #18
2026-04-27T12:13:03,779 [main] DEBUG a.f.a.t.b.t.TransitionExecutorImpl - Translating to SMT
2026-04-27T12:13:03,788 [main] DEBUG a.f.a.t.b.t.TransitionExecutorImpl - Transition 18 produces partial assignment. Disabled.
2026-04-27T12:13:03,789 [main] DEBUG a.f.a.t.b.t.TransitionExecutorImpl - Step #2, transition #14
2026-04-27T12:13:03,789 [main] DEBUG a.f.a.t.b.t.TransitionExecutorImpl - Translating to SMT
2026-04-27T12:13:03,944 [main] DEBUG a.f.a.t.b.SeqModelChecker - Step 2: Transition #14. Is it enabled?
2026-04-27T12:13:03,983 [main] INFO  a.f.a.t.b.SeqModelChecker - Step 2: Transition #14 is disabled
2026-04-27T12:13:03,990 [main] DEBUG a.f.a.t.b.t.TransitionExecutorImpl - Step #2, transition #46
2026-04-27T12:13:03,990 [main] DEBUG a.f.a.t.b.t.TransitionExecutorImpl - Translating to SMT
2026-04-27T12:13:04,132 [main] DEBUG a.f.a.t.b.SeqModelChecker - Step 2: Transition #46. Is it enabled?
2026-04-27T12:13:04,143 [main] INFO  a.f.a.t.b.SeqModelChecker - Step 2: Transition #46 is disabled
2026-04-27T12:13:04,145 [main] DEBUG a.f.a.t.b.t.TransitionExecutorImpl - Step #2, transition #35
2026-04-27T12:13:04,145 [main] DEBUG a.f.a.t.b.t.TransitionExecutorImpl - Translating to SMT
2026-04-27T12:13:04,324 [main] DEBUG a.f.a.t.b.SeqModelChecker - Step 2: Transition #35. Is it enabled?
2026-04-27T12:13:04,404 [main] INFO  a.f.a.t.b.SeqModelChecker - Step 2: Transition #35 is disabled
2026-04-27T12:13:04,409 [main] DEBUG a.f.a.t.b.t.TransitionExecutorImpl - Step #2, transition #4
2026-04-27T12:13:04,409 [main] DEBUG a.f.a.t.b.t.TransitionExecutorImpl - Translating to SMT
2026-04-27T12:13:04,413 [main] DEBUG a.f.a.t.b.t.TransitionExecutorImpl - Transition 4 produces partial assignment. Disabled.
2026-04-27T12:13:04,413 [main] DEBUG a.f.a.t.b.t.TransitionExecutorImpl - Step #2, transition #38
2026-04-27T12:13:04,413 [main] DEBUG a.f.a.t.b.t.TransitionExecutorImpl - Translating to SMT
2026-04-27T12:13:04,426 [main] DEBUG a.f.a.t.b.t.TransitionExecutorImpl - Transition 38 produces partial assignment. Disabled.
2026-04-27T12:13:04,428 [main] DEBUG a.f.a.t.b.t.TransitionExecutorImpl - Step #2, transition #30
2026-04-27T12:13:04,428 [main] DEBUG a.f.a.t.b.t.TransitionExecutorImpl - Translating to SMT
2026-04-27T12:13:04,573 [main] DEBUG a.f.a.t.b.SeqModelChecker - Step 2: Transition #30. Is it enabled?
2026-04-27T12:13:04,794 [main] DEBUG a.f.a.t.b.SeqModelChecker - Step 2: Transition #30 is enabled
2026-04-27T12:13:04,797 [main] INFO  a.f.a.t.b.SeqModelChecker - Step 2: randomly picked transition #30
2026-04-27T12:13:04,797 [main] INFO  a.f.a.t.b.t.TransitionExecutorImpl - Step 2: picking a transition out of 1 transition(s)
2026-04-27T12:13:04,798 [main] DEBUG a.f.a.t.b.t.TransitionExecutorImpl - Step #3, transition #59
2026-04-27T12:13:04,798 [main] DEBUG a.f.a.t.b.t.TransitionExecutorImpl - Translating to SMT
2026-04-27T12:13:04,804 [main] DEBUG a.f.a.t.b.t.TransitionExecutorImpl - Transition 59 produces partial assignment. Disabled.
2026-04-27T12:13:04,806 [main] DEBUG a.f.a.t.b.t.TransitionExecutorImpl - Step #3, transition #6
2026-04-27T12:13:04,806 [main] DEBUG a.f.a.t.b.t.TransitionExecutorImpl - Translating to SMT
2026-04-27T12:13:04,845 [main] DEBUG a.f.a.t.b.SeqModelChecker - Step 3: Transition #6. Is it enabled?
2026-04-27T12:13:04,851 [main] INFO  a.f.a.t.b.SeqModelChecker - Step 3: Transition #6 is disabled
2026-04-27T12:13:04,853 [main] DEBUG a.f.a.t.b.t.TransitionExecutorImpl - Step #3, transition #8
2026-04-27T12:13:04,853 [main] DEBUG a.f.a.t.b.t.TransitionExecutorImpl - Translating to SMT
2026-04-27T12:13:04,860 [main] DEBUG a.f.a.t.b.t.TransitionExecutorImpl - Transition 8 produces partial assignment. Disabled.
2026-04-27T12:13:04,861 [main] DEBUG a.f.a.t.b.t.TransitionExecutorImpl - Step #3, transition #4
2026-04-27T12:13:04,861 [main] DEBUG a.f.a.t.b.t.TransitionExecutorImpl - Translating to SMT
2026-04-27T12:13:04,867 [main] DEBUG a.f.a.t.b.t.TransitionExecutorImpl - Transition 4 produces partial assignment. Disabled.
2026-04-27T12:13:04,868 [main] DEBUG a.f.a.t.b.t.TransitionExecutorImpl - Step #3, transition #18
2026-04-27T12:13:04,868 [main] DEBUG a.f.a.t.b.t.TransitionExecutorImpl - Translating to SMT
2026-04-27T12:13:04,952 [main] DEBUG a.f.a.t.b.t.TransitionExecutorImpl - Transition 18 produces partial assignment. Disabled.
2026-04-27T12:13:04,957 [main] DEBUG a.f.a.t.b.t.TransitionExecutorImpl - Step #3, transition #66
2026-04-27T12:13:04,957 [main] DEBUG a.f.a.t.b.t.TransitionExecutorImpl - Translating to SMT
2026-04-27T12:13:05,055 [main] DEBUG a.f.a.t.b.SeqModelChecker - Step 3: Transition #66. Is it enabled?
2026-04-27T12:13:05,071 [main] INFO  a.f.a.t.b.SeqModelChecker - Step 3: Transition #66 is disabled
2026-04-27T12:13:05,074 [main] DEBUG a.f.a.t.b.t.TransitionExecutorImpl - Step #3, transition #14
2026-04-27T12:13:05,074 [main] DEBUG a.f.a.t.b.t.TransitionExecutorImpl - Translating to SMT
2026-04-27T12:13:05,259 [main] DEBUG a.f.a.t.b.SeqModelChecker - Step 3: Transition #14. Is it enabled?
2026-04-27T12:13:05,416 [main] INFO  a.f.a.t.b.SeqModelChecker - Step 3: Transition #14 is disabled
2026-04-27T12:13:05,423 [main] DEBUG a.f.a.t.b.t.TransitionExecutorImpl - Step #3, transition #41
2026-04-27T12:13:05,423 [main] DEBUG a.f.a.t.b.t.TransitionExecutorImpl - Translating to SMT
2026-04-27T12:13:05,498 [main] DEBUG a.f.a.t.b.SeqModelChecker - Step 3: Transition #41. Is it enabled?
2026-04-27T12:13:05,508 [main] INFO  a.f.a.t.b.SeqModelChecker - Step 3: Transition #41 is disabled
2026-04-27T12:13:05,511 [main] DEBUG a.f.a.t.b.t.TransitionExecutorImpl - Step #3, transition #43
2026-04-27T12:13:05,511 [main] DEBUG a.f.a.t.b.t.TransitionExecutorImpl - Translating to SMT
2026-04-27T12:13:05,657 [main] DEBUG a.f.a.t.b.SeqModelChecker - Step 3: Transition #43. Is it enabled?
2026-04-27T12:13:05,669 [main] INFO  a.f.a.t.b.SeqModelChecker - Step 3: Transition #43 is disabled
2026-04-27T12:13:05,671 [main] DEBUG a.f.a.t.b.t.TransitionExecutorImpl - Step #3, transition #51
2026-04-27T12:13:05,672 [main] DEBUG a.f.a.t.b.t.TransitionExecutorImpl - Translating to SMT
2026-04-27T12:13:05,791 [main] DEBUG a.f.a.t.b.SeqModelChecker - Step 3: Transition #51. Is it enabled?
2026-04-27T12:13:05,848 [main] INFO  a.f.a.t.b.SeqModelChecker - Step 3: Transition #51 is disabled
2026-04-27T12:13:05,852 [main] DEBUG a.f.a.t.b.t.TransitionExecutorImpl - Step #3, transition #46
2026-04-27T12:13:05,852 [main] DEBUG a.f.a.t.b.t.TransitionExecutorImpl - Translating to SMT
2026-04-27T12:13:06,032 [main] DEBUG a.f.a.t.b.SeqModelChecker - Step 3: Transition #46. Is it enabled?
2026-04-27T12:13:06,052 [main] INFO  a.f.a.t.b.SeqModelChecker - Step 3: Transition #46 is disabled
2026-04-27T12:13:06,057 [main] DEBUG a.f.a.t.b.t.TransitionExecutorImpl - Step #3, transition #34
2026-04-27T12:13:06,057 [main] DEBUG a.f.a.t.b.t.TransitionExecutorImpl - Translating to SMT
2026-04-27T12:13:06,268 [main] DEBUG a.f.a.t.b.SeqModelChecker - Step 3: Transition #34. Is it enabled?
2026-04-27T12:13:06,418 [main] INFO  a.f.a.t.b.SeqModelChecker - Step 3: Transition #34 is disabled
2026-04-27T12:13:06,425 [main] DEBUG a.f.a.t.b.t.TransitionExecutorImpl - Step #3, transition #13
2026-04-27T12:13:06,425 [main] DEBUG a.f.a.t.b.t.TransitionExecutorImpl - Translating to SMT
2026-04-27T12:13:06,577 [main] DEBUG a.f.a.t.b.SeqModelChecker - Step 3: Transition #13. Is it enabled?
2026-04-27T12:13:06,706 [main] INFO  a.f.a.t.b.SeqModelChecker - Step 3: Transition #13 is disabled
2026-04-27T12:13:06,711 [main] DEBUG a.f.a.t.b.t.TransitionExecutorImpl - Step #3, transition #12
2026-04-27T12:13:06,711 [main] DEBUG a.f.a.t.b.t.TransitionExecutorImpl - Translating to SMT
2026-04-27T12:13:06,923 [main] DEBUG a.f.a.t.b.SeqModelChecker - Step 3: Transition #12. Is it enabled?
2026-04-27T12:13:07,059 [main] INFO  a.f.a.t.b.SeqModelChecker - Step 3: Transition #12 is disabled
2026-04-27T12:13:07,066 [main] DEBUG a.f.a.t.b.t.TransitionExecutorImpl - Step #3, transition #23
2026-04-27T12:13:07,066 [main] DEBUG a.f.a.t.b.t.TransitionExecutorImpl - Translating to SMT
2026-04-27T12:13:07,082 [main] DEBUG a.f.a.t.b.t.TransitionExecutorImpl - Transition 23 produces partial assignment. Disabled.
2026-04-27T12:13:07,084 [main] DEBUG a.f.a.t.b.t.TransitionExecutorImpl - Step #3, transition #61
2026-04-27T12:13:07,085 [main] DEBUG a.f.a.t.b.t.TransitionExecutorImpl - Translating to SMT
2026-04-27T12:13:07,090 [main] DEBUG a.f.a.t.b.t.TransitionExecutorImpl - Transition 61 produces partial assignment. Disabled.
2026-04-27T12:13:07,092 [main] DEBUG a.f.a.t.b.t.TransitionExecutorImpl - Step #3, transition #5
2026-04-27T12:13:07,092 [main] DEBUG a.f.a.t.b.t.TransitionExecutorImpl - Translating to SMT
2026-04-27T12:13:07,134 [main] DEBUG a.f.a.t.b.SeqModelChecker - Step 3: Transition #5. Is it enabled?
2026-04-27T12:13:07,141 [main] INFO  a.f.a.t.b.SeqModelChecker - Step 3: Transition #5 is disabled
2026-04-27T12:13:07,142 [main] DEBUG a.f.a.t.b.t.TransitionExecutorImpl - Step #3, transition #57
2026-04-27T12:13:07,142 [main] DEBUG a.f.a.t.b.t.TransitionExecutorImpl - Translating to SMT
2026-04-27T12:13:07,149 [main] DEBUG a.f.a.t.b.t.TransitionExecutorImpl - Transition 57 produces partial assignment. Disabled.
2026-04-27T12:13:07,150 [main] DEBUG a.f.a.t.b.t.TransitionExecutorImpl - Step #3, transition #31
2026-04-27T12:13:07,150 [main] DEBUG a.f.a.t.b.t.TransitionExecutorImpl - Translating to SMT
2026-04-27T12:13:07,319 [main] DEBUG a.f.a.t.b.SeqModelChecker - Step 3: Transition #31. Is it enabled?
2026-04-27T12:13:07,574 [main] INFO  a.f.a.t.b.SeqModelChecker - Step 3: Transition #31 is disabled
2026-04-27T12:13:07,582 [main] DEBUG a.f.a.t.b.t.TransitionExecutorImpl - Step #3, transition #35
2026-04-27T12:13:07,582 [main] DEBUG a.f.a.t.b.t.TransitionExecutorImpl - Translating to SMT
2026-04-27T12:13:07,728 [main] DEBUG a.f.a.t.b.SeqModelChecker - Step 3: Transition #35. Is it enabled?
2026-04-27T12:13:07,918 [main] INFO  a.f.a.t.b.SeqModelChecker - Step 3: Transition #35 is disabled
2026-04-27T12:13:07,935 [main] DEBUG a.f.a.t.b.t.TransitionExecutorImpl - Step #3, transition #45
2026-04-27T12:13:07,935 [main] DEBUG a.f.a.t.b.t.TransitionExecutorImpl - Translating to SMT
2026-04-27T12:13:08,152 [main] DEBUG a.f.a.t.b.SeqModelChecker - Step 3: Transition #45. Is it enabled?
2026-04-27T12:13:08,170 [main] INFO  a.f.a.t.b.SeqModelChecker - Step 3: Transition #45 is disabled
2026-04-27T12:13:08,173 [main] DEBUG a.f.a.t.b.t.TransitionExecutorImpl - Step #3, transition #0
2026-04-27T12:13:08,173 [main] DEBUG a.f.a.t.b.t.TransitionExecutorImpl - Translating to SMT
2026-04-27T12:13:08,241 [main] DEBUG a.f.a.t.b.SeqModelChecker - Step 3: Transition #0. Is it enabled?
2026-04-27T12:13:08,735 [main] DEBUG a.f.a.t.b.SeqModelChecker - Step 3: Transition #0 is enabled
2026-04-27T12:13:08,735 [main] INFO  a.f.a.t.b.SeqModelChecker - State 3: Checking 2 state invariants
2026-04-27T12:13:08,735 [main] DEBUG a.f.a.t.b.SeqModelChecker - State 3: Checking state invariant 0
2026-04-27T12:13:08,848 [main] INFO  a.f.a.t.b.SeqModelChecker - State 3: state invariant 0 holds.
2026-04-27T12:13:08,850 [main] DEBUG a.f.a.t.b.SeqModelChecker - State 3: Checking state invariant 1
2026-04-27T12:13:08,990 [main] INFO  a.f.a.t.b.SeqModelChecker - State 3: state invariant 1 holds.
2026-04-27T12:13:08,995 [main] INFO  a.f.a.t.b.SeqModelChecker - Step 3: randomly picked transition #0
2026-04-27T12:13:08,995 [main] INFO  a.f.a.t.b.t.TransitionExecutorImpl - Step 3: picking a transition out of 1 transition(s)
2026-04-27T12:13:08,997 [main] DEBUG a.f.a.t.b.t.TransitionExecutorImpl - Step #4, transition #9
2026-04-27T12:13:08,997 [main] DEBUG a.f.a.t.b.t.TransitionExecutorImpl - Translating to SMT
2026-04-27T12:13:09,048 [main] DEBUG a.f.a.t.b.SeqModelChecker - Step 4: Transition #9. Is it enabled?
2026-04-27T12:13:09,056 [main] INFO  a.f.a.t.b.SeqModelChecker - Step 4: Transition #9 is disabled
2026-04-27T12:13:09,059 [main] DEBUG a.f.a.t.b.t.TransitionExecutorImpl - Step #4, transition #13
2026-04-27T12:13:09,059 [main] DEBUG a.f.a.t.b.t.TransitionExecutorImpl - Translating to SMT
2026-04-27T12:13:09,218 [main] DEBUG a.f.a.t.b.SeqModelChecker - Step 4: Transition #13. Is it enabled?
2026-04-27T12:13:10,444 [main] DEBUG a.f.a.t.b.SeqModelChecker - Step 4: Transition #13 is enabled
2026-04-27T12:13:10,451 [main] INFO  a.f.a.t.b.SeqModelChecker - Step 4: randomly picked transition #13
2026-04-27T12:13:10,451 [main] INFO  a.f.a.t.b.t.TransitionExecutorImpl - Step 4: picking a transition out of 1 transition(s)
2026-04-27T12:13:10,453 [main] DEBUG a.f.a.t.b.t.TransitionExecutorImpl - Step #5, transition #13
2026-04-27T12:13:10,453 [main] DEBUG a.f.a.t.b.t.TransitionExecutorImpl - Translating to SMT
2026-04-27T12:13:10,657 [main] DEBUG a.f.a.t.b.SeqModelChecker - Step 5: Transition #13. Is it enabled?
2026-04-27T12:13:11,116 [main] INFO  a.f.a.t.b.SeqModelChecker - Step 5: Transition #13 is disabled
2026-04-27T12:13:11,126 [main] DEBUG a.f.a.t.b.t.TransitionExecutorImpl - Step #5, transition #62
2026-04-27T12:13:11,126 [main] DEBUG a.f.a.t.b.t.TransitionExecutorImpl - Translating to SMT
2026-04-27T12:13:11,169 [main] DEBUG a.f.a.t.b.SeqModelChecker - Step 5: Transition #62. Is it enabled?
2026-04-27T12:13:11,175 [main] INFO  a.f.a.t.b.SeqModelChecker - Step 5: Transition #62 is disabled
2026-04-27T12:13:11,177 [main] DEBUG a.f.a.t.b.t.TransitionExecutorImpl - Step #5, transition #3
2026-04-27T12:13:11,177 [main] DEBUG a.f.a.t.b.t.TransitionExecutorImpl - Translating to SMT
2026-04-27T12:13:11,185 [main] DEBUG a.f.a.t.b.t.TransitionExecutorImpl - Transition 3 produces partial assignment. Disabled.
2026-04-27T12:13:11,187 [main] DEBUG a.f.a.t.b.t.TransitionExecutorImpl - Step #5, transition #52
2026-04-27T12:13:11,187 [main] DEBUG a.f.a.t.b.t.TransitionExecutorImpl - Translating to SMT
2026-04-27T12:13:11,342 [main] DEBUG a.f.a.t.b.SeqModelChecker - Step 5: Transition #52. Is it enabled?
2026-04-27T12:13:11,651 [main] INFO  a.f.a.t.b.SeqModelChecker - Step 5: Transition #52 is disabled
2026-04-27T12:13:11,657 [main] DEBUG a.f.a.t.b.t.TransitionExecutorImpl - Step #5, transition #10
2026-04-27T12:13:11,657 [main] DEBUG a.f.a.t.b.t.TransitionExecutorImpl - Translating to SMT
2026-04-27T12:13:11,703 [main] DEBUG a.f.a.t.b.SeqModelChecker - Step 5: Transition #10. Is it enabled?
2026-04-27T12:13:11,710 [main] INFO  a.f.a.t.b.SeqModelChecker - Step 5: Transition #10 is disabled
2026-04-27T12:13:11,712 [main] DEBUG a.f.a.t.b.t.TransitionExecutorImpl - Step #5, transition #25
2026-04-27T12:13:11,712 [main] DEBUG a.f.a.t.b.t.TransitionExecutorImpl - Translating to SMT
2026-04-27T12:13:11,729 [main] DEBUG a.f.a.t.b.t.TransitionExecutorImpl - Transition 25 produces partial assignment. Disabled.
2026-04-27T12:13:11,732 [main] DEBUG a.f.a.t.b.t.TransitionExecutorImpl - Step #5, transition #20
2026-04-27T12:13:11,732 [main] DEBUG a.f.a.t.b.t.TransitionExecutorImpl - Translating to SMT
2026-04-27T12:13:11,806 [main] DEBUG a.f.a.t.b.t.TransitionExecutorImpl - Transition 20 produces partial assignment. Disabled.
2026-04-27T12:13:11,812 [main] DEBUG a.f.a.t.b.t.TransitionExecutorImpl - Step #5, transition #57
2026-04-27T12:13:11,812 [main] DEBUG a.f.a.t.b.t.TransitionExecutorImpl - Translating to SMT
2026-04-27T12:13:11,817 [main] DEBUG a.f.a.t.b.t.TransitionExecutorImpl - Transition 57 produces partial assignment. Disabled.
2026-04-27T12:13:11,819 [main] DEBUG a.f.a.t.b.t.TransitionExecutorImpl - Step #5, transition #2
2026-04-27T12:13:11,819 [main] DEBUG a.f.a.t.b.t.TransitionExecutorImpl - Translating to SMT
2026-04-27T12:13:11,882 [main] DEBUG a.f.a.t.b.SeqModelChecker - Step 5: Transition #2. Is it enabled?
2026-04-27T12:13:11,894 [main] INFO  a.f.a.t.b.SeqModelChecker - Step 5: Transition #2 is disabled
2026-04-27T12:13:11,897 [main] DEBUG a.f.a.t.b.t.TransitionExecutorImpl - Step #5, transition #9
2026-04-27T12:13:11,898 [main] DEBUG a.f.a.t.b.t.TransitionExecutorImpl - Translating to SMT
2026-04-27T12:13:11,949 [main] DEBUG a.f.a.t.b.SeqModelChecker - Step 5: Transition #9. Is it enabled?
2026-04-27T12:13:11,958 [main] INFO  a.f.a.t.b.SeqModelChecker - Step 5: Transition #9 is disabled
2026-04-27T12:13:11,960 [main] DEBUG a.f.a.t.b.t.TransitionExecutorImpl - Step #5, transition #64
2026-04-27T12:13:11,961 [main] DEBUG a.f.a.t.b.t.TransitionExecutorImpl - Translating to SMT
2026-04-27T12:13:12,045 [main] DEBUG a.f.a.t.b.SeqModelChecker - Step 5: Transition #64. Is it enabled?
2026-04-27T12:13:12,062 [main] INFO  a.f.a.t.b.SeqModelChecker - Step 5: Transition #64 is disabled
2026-04-27T12:13:12,066 [main] DEBUG a.f.a.t.b.t.TransitionExecutorImpl - Step #5, transition #37
2026-04-27T12:13:12,066 [main] DEBUG a.f.a.t.b.t.TransitionExecutorImpl - Translating to SMT
2026-04-27T12:13:12,230 [main] DEBUG a.f.a.t.b.SeqModelChecker - Step 5: Transition #37. Is it enabled?
2026-04-27T12:13:12,580 [main] INFO  a.f.a.t.b.SeqModelChecker - Step 5: Transition #37 is disabled
2026-04-27T12:13:12,588 [main] DEBUG a.f.a.t.b.t.TransitionExecutorImpl - Step #5, transition #55
2026-04-27T12:13:12,588 [main] DEBUG a.f.a.t.b.t.TransitionExecutorImpl - Translating to SMT
2026-04-27T12:13:12,596 [main] DEBUG a.f.a.t.b.t.TransitionExecutorImpl - Transition 55 produces partial assignment. Disabled.
2026-04-27T12:13:12,597 [main] DEBUG a.f.a.t.b.t.TransitionExecutorImpl - Step #5, transition #12
2026-04-27T12:13:12,597 [main] DEBUG a.f.a.t.b.t.TransitionExecutorImpl - Translating to SMT
2026-04-27T12:13:12,758 [main] DEBUG a.f.a.t.b.SeqModelChecker - Step 5: Transition #12. Is it enabled?
2026-04-27T12:13:13,126 [main] INFO  a.f.a.t.b.SeqModelChecker - Step 5: Transition #12 is disabled
2026-04-27T12:13:13,135 [main] DEBUG a.f.a.t.b.t.TransitionExecutorImpl - Step #5, transition #67
2026-04-27T12:13:13,135 [main] DEBUG a.f.a.t.b.t.TransitionExecutorImpl - Translating to SMT
2026-04-27T12:13:13,200 [main] DEBUG a.f.a.t.b.SeqModelChecker - Step 5: Transition #67. Is it enabled?
2026-04-27T12:13:13,211 [main] INFO  a.f.a.t.b.SeqModelChecker - Step 5: Transition #67 is disabled
2026-04-27T12:13:13,214 [main] DEBUG a.f.a.t.b.t.TransitionExecutorImpl - Step #5, transition #51
2026-04-27T12:13:13,214 [main] DEBUG a.f.a.t.b.t.TransitionExecutorImpl - Translating to SMT
2026-04-27T12:13:13,356 [main] DEBUG a.f.a.t.b.SeqModelChecker - Step 5: Transition #51. Is it enabled?
2026-04-27T12:13:13,617 [main] INFO  a.f.a.t.b.SeqModelChecker - Step 5: Transition #51 is disabled
2026-04-27T12:13:13,623 [main] DEBUG a.f.a.t.b.t.TransitionExecutorImpl - Step #5, transition #61
2026-04-27T12:13:13,623 [main] DEBUG a.f.a.t.b.t.TransitionExecutorImpl - Translating to SMT
2026-04-27T12:13:13,631 [main] DEBUG a.f.a.t.b.t.TransitionExecutorImpl - Transition 61 produces partial assignment. Disabled.
2026-04-27T12:13:13,632 [main] DEBUG a.f.a.t.b.t.TransitionExecutorImpl - Step #5, transition #60
2026-04-27T12:13:13,632 [main] DEBUG a.f.a.t.b.t.TransitionExecutorImpl - Translating to SMT
2026-04-27T12:13:13,706 [main] DEBUG a.f.a.t.b.SeqModelChecker - Step 5: Transition #60. Is it enabled?
2026-04-27T12:13:13,712 [main] INFO  a.f.a.t.b.SeqModelChecker - Step 5: Transition #60 is disabled
2026-04-27T12:13:13,714 [main] DEBUG a.f.a.t.b.t.TransitionExecutorImpl - Step #5, transition #40
2026-04-27T12:13:13,714 [main] DEBUG a.f.a.t.b.t.TransitionExecutorImpl - Translating to SMT
2026-04-27T12:13:13,752 [main] DEBUG a.f.a.t.b.t.TransitionExecutorImpl - Transition 40 produces partial assignment. Disabled.
2026-04-27T12:13:13,756 [main] DEBUG a.f.a.t.b.t.TransitionExecutorImpl - Step #5, transition #21
2026-04-27T12:13:13,757 [main] DEBUG a.f.a.t.b.t.TransitionExecutorImpl - Translating to SMT
2026-04-27T12:13:13,867 [main] DEBUG a.f.a.t.b.SeqModelChecker - Step 5: Transition #21. Is it enabled?
2026-04-27T12:13:14,048 [main] INFO  a.f.a.t.b.SeqModelChecker - Step 5: Transition #21 is disabled
2026-04-27T12:13:14,054 [main] DEBUG a.f.a.t.b.t.TransitionExecutorImpl - Step #5, transition #54
2026-04-27T12:13:14,054 [main] DEBUG a.f.a.t.b.t.TransitionExecutorImpl - Translating to SMT
2026-04-27T12:13:14,114 [main] DEBUG a.f.a.t.b.SeqModelChecker - Step 5: Transition #54. Is it enabled?
2026-04-27T12:13:14,125 [main] INFO  a.f.a.t.b.SeqModelChecker - Step 5: Transition #54 is disabled
2026-04-27T12:13:14,128 [main] DEBUG a.f.a.t.b.t.TransitionExecutorImpl - Step #5, transition #36
2026-04-27T12:13:14,128 [main] DEBUG a.f.a.t.b.t.TransitionExecutorImpl - Translating to SMT
2026-04-27T12:13:14,166 [main] DEBUG a.f.a.t.b.t.TransitionExecutorImpl - Transition 36 produces partial assignment. Disabled.
2026-04-27T12:13:14,170 [main] DEBUG a.f.a.t.b.t.TransitionExecutorImpl - Step #5, transition #69
2026-04-27T12:13:14,170 [main] DEBUG a.f.a.t.b.t.TransitionExecutorImpl - Translating to SMT
2026-04-27T12:13:14,314 [main] DEBUG a.f.a.t.b.SeqModelChecker - Step 5: Transition #69. Is it enabled?
2026-04-27T12:13:14,334 [main] INFO  a.f.a.t.b.SeqModelChecker - Step 5: Transition #69 is disabled
2026-04-27T12:13:14,338 [main] DEBUG a.f.a.t.b.t.TransitionExecutorImpl - Step #5, transition #66
2026-04-27T12:13:14,338 [main] DEBUG a.f.a.t.b.t.TransitionExecutorImpl - Translating to SMT
2026-04-27T12:13:14,421 [main] DEBUG a.f.a.t.b.SeqModelChecker - Step 5: Transition #66. Is it enabled?
2026-04-27T12:13:14,441 [main] INFO  a.f.a.t.b.SeqModelChecker - Step 5: Transition #66 is disabled
2026-04-27T12:13:14,444 [main] DEBUG a.f.a.t.b.t.TransitionExecutorImpl - Step #5, transition #15
2026-04-27T12:13:14,444 [main] DEBUG a.f.a.t.b.t.TransitionExecutorImpl - Translating to SMT
2026-04-27T12:13:14,601 [main] DEBUG a.f.a.t.b.SeqModelChecker - Step 5: Transition #15. Is it enabled?
2026-04-27T12:13:17,823 [main] DEBUG a.f.a.t.b.SeqModelChecker - Step 5: Transition #15 is enabled
2026-04-27T12:13:17,823 [main] INFO  a.f.a.t.b.SeqModelChecker - State 5: Checking 2 state invariants
2026-04-27T12:13:17,823 [main] DEBUG a.f.a.t.b.SeqModelChecker - State 5: Checking state invariant 0
2026-04-27T12:13:17,988 [main] INFO  a.f.a.t.b.SeqModelChecker - State 5: state invariant 0 holds.
2026-04-27T12:13:17,992 [main] DEBUG a.f.a.t.b.SeqModelChecker - State 5: Checking state invariant 1
2026-04-27T12:13:18,207 [main] INFO  a.f.a.t.b.SeqModelChecker - State 5: state invariant 1 holds.
2026-04-27T12:13:18,214 [main] INFO  a.f.a.t.b.SeqModelChecker - Step 5: randomly picked transition #15
2026-04-27T12:13:18,215 [main] INFO  a.f.a.t.b.t.TransitionExecutorImpl - Step 5: picking a transition out of 1 transition(s)
2026-04-27T12:13:18,216 [main] DEBUG a.f.a.t.b.t.TransitionExecutorImpl - Step #6, transition #61
2026-04-27T12:13:18,216 [main] DEBUG a.f.a.t.b.t.TransitionExecutorImpl - Translating to SMT
2026-04-27T12:13:18,222 [main] DEBUG a.f.a.t.b.t.TransitionExecutorImpl - Transition 61 produces partial assignment. Disabled.
2026-04-27T12:13:18,223 [main] DEBUG a.f.a.t.b.t.TransitionExecutorImpl - Step #6, transition #50
2026-04-27T12:13:18,223 [main] DEBUG a.f.a.t.b.t.TransitionExecutorImpl - Translating to SMT
2026-04-27T12:13:18,457 [main] DEBUG a.f.a.t.b.SeqModelChecker - Step 6: Transition #50. Is it enabled?
2026-04-27T12:13:18,895 [main] INFO  a.f.a.t.b.SeqModelChecker - Step 6: Transition #50 is disabled
2026-04-27T12:13:18,904 [main] DEBUG a.f.a.t.b.t.TransitionExecutorImpl - Step #6, transition #53
2026-04-27T12:13:18,904 [main] DEBUG a.f.a.t.b.t.TransitionExecutorImpl - Translating to SMT
2026-04-27T12:13:18,983 [main] DEBUG a.f.a.t.b.SeqModelChecker - Step 6: Transition #53. Is it enabled?
2026-04-27T12:13:19,001 [main] INFO  a.f.a.t.b.SeqModelChecker - Step 6: Transition #53 is disabled
2026-04-27T12:13:19,006 [main] DEBUG a.f.a.t.b.t.TransitionExecutorImpl - Step #6, transition #18
2026-04-27T12:13:19,006 [main] DEBUG a.f.a.t.b.t.TransitionExecutorImpl - Translating to SMT
2026-04-27T12:13:19,042 [main] DEBUG a.f.a.t.b.t.TransitionExecutorImpl - Transition 18 produces partial assignment. Disabled.
2026-04-27T12:13:19,048 [main] DEBUG a.f.a.t.b.t.TransitionExecutorImpl - Step #6, transition #42
2026-04-27T12:13:19,048 [main] DEBUG a.f.a.t.b.t.TransitionExecutorImpl - Translating to SMT
2026-04-27T12:13:19,092 [main] DEBUG a.f.a.t.b.t.TransitionExecutorImpl - Transition 42 produces partial assignment. Disabled.
2026-04-27T12:13:19,099 [main] DEBUG a.f.a.t.b.t.TransitionExecutorImpl - Step #6, transition #69
2026-04-27T12:13:19,099 [main] DEBUG a.f.a.t.b.t.TransitionExecutorImpl - Translating to SMT
2026-04-27T12:13:19,190 [main] DEBUG a.f.a.t.b.SeqModelChecker - Step 6: Transition #69. Is it enabled?
2026-04-27T12:13:19,207 [main] INFO  a.f.a.t.b.SeqModelChecker - Step 6: Transition #69 is disabled
2026-04-27T12:13:19,212 [main] DEBUG a.f.a.t.b.t.TransitionExecutorImpl - Step #6, transition #48
2026-04-27T12:13:19,212 [main] DEBUG a.f.a.t.b.t.TransitionExecutorImpl - Translating to SMT
2026-04-27T12:13:19,441 [main] DEBUG a.f.a.t.b.SeqModelChecker - Step 6: Transition #48. Is it enabled?
2026-04-27T12:13:19,686 [main] INFO  a.f.a.t.b.SeqModelChecker - Step 6: Transition #48 is disabled
2026-04-27T12:13:19,696 [main] DEBUG a.f.a.t.b.t.TransitionExecutorImpl - Step #6, transition #14
2026-04-27T12:13:19,697 [main] DEBUG a.f.a.t.b.t.TransitionExecutorImpl - Translating to SMT
2026-04-27T12:13:19,858 [main] DEBUG a.f.a.t.b.SeqModelChecker - Step 6: Transition #14. Is it enabled?
2026-04-27T12:13:19,968 [main] INFO  a.f.a.t.b.SeqModelChecker - Step 6: Transition #14 is disabled
2026-04-27T12:13:19,978 [main] DEBUG a.f.a.t.b.t.TransitionExecutorImpl - Step #6, transition #43
2026-04-27T12:13:19,978 [main] DEBUG a.f.a.t.b.t.TransitionExecutorImpl - Translating to SMT
2026-04-27T12:13:20,166 [main] DEBUG a.f.a.t.b.SeqModelChecker - Step 6: Transition #43. Is it enabled?
2026-04-27T12:13:21,062 [main] INFO  a.f.a.t.b.SeqModelChecker - Step 6: Transition #43 is disabled
2026-04-27T12:13:21,072 [main] DEBUG a.f.a.t.b.t.TransitionExecutorImpl - Step #6, transition #56
2026-04-27T12:13:21,073 [main] DEBUG a.f.a.t.b.t.TransitionExecutorImpl - Translating to SMT
2026-04-27T12:13:21,130 [main] DEBUG a.f.a.t.b.SeqModelChecker - Step 6: Transition #56. Is it enabled?
2026-04-27T12:13:21,140 [main] INFO  a.f.a.t.b.SeqModelChecker - Step 6: Transition #56 is disabled
2026-04-27T12:13:21,144 [main] DEBUG a.f.a.t.b.t.TransitionExecutorImpl - Step #6, transition #38
2026-04-27T12:13:21,144 [main] DEBUG a.f.a.t.b.t.TransitionExecutorImpl - Translating to SMT
2026-04-27T12:13:21,184 [main] DEBUG a.f.a.t.b.t.TransitionExecutorImpl - Transition 38 produces partial assignment. Disabled.
2026-04-27T12:13:21,194 [main] DEBUG a.f.a.t.b.t.TransitionExecutorImpl - Step #6, transition #20
2026-04-27T12:13:21,195 [main] DEBUG a.f.a.t.b.t.TransitionExecutorImpl - Translating to SMT
2026-04-27T12:13:21,220 [main] DEBUG a.f.a.t.b.t.TransitionExecutorImpl - Transition 20 produces partial assignment. Disabled.
2026-04-27T12:13:21,224 [main] DEBUG a.f.a.t.b.t.TransitionExecutorImpl - Step #6, transition #8
2026-04-27T12:13:21,224 [main] DEBUG a.f.a.t.b.t.TransitionExecutorImpl - Translating to SMT
2026-04-27T12:13:21,233 [main] DEBUG a.f.a.t.b.t.TransitionExecutorImpl - Transition 8 produces partial assignment. Disabled.
2026-04-27T12:13:21,234 [main] DEBUG a.f.a.t.b.t.TransitionExecutorImpl - Step #6, transition #67
2026-04-27T12:13:21,234 [main] DEBUG a.f.a.t.b.t.TransitionExecutorImpl - Translating to SMT
2026-04-27T12:13:21,304 [main] DEBUG a.f.a.t.b.SeqModelChecker - Step 6: Transition #67. Is it enabled?
2026-04-27T12:13:21,317 [main] INFO  a.f.a.t.b.SeqModelChecker - Step 6: Transition #67 is disabled
2026-04-27T12:13:21,323 [main] DEBUG a.f.a.t.b.t.TransitionExecutorImpl - Step #6, transition #31
2026-04-27T12:13:21,323 [main] DEBUG a.f.a.t.b.t.TransitionExecutorImpl - Translating to SMT
2026-04-27T12:13:21,463 [main] DEBUG a.f.a.t.b.SeqModelChecker - Step 6: Transition #31. Is it enabled?
2026-04-27T12:13:21,894 [main] INFO  a.f.a.t.b.SeqModelChecker - Step 6: Transition #31 is disabled
2026-04-27T12:13:21,905 [main] DEBUG a.f.a.t.b.t.TransitionExecutorImpl - Step #6, transition #52
2026-04-27T12:13:21,905 [main] DEBUG a.f.a.t.b.t.TransitionExecutorImpl - Translating to SMT
2026-04-27T12:13:22,094 [main] DEBUG a.f.a.t.b.SeqModelChecker - Step 6: Transition #52. Is it enabled?
2026-04-27T12:13:23,268 [main] INFO  a.f.a.t.b.SeqModelChecker - Step 6: Transition #52 is disabled
2026-04-27T12:13:23,300 [main] DEBUG a.f.a.t.b.t.TransitionExecutorImpl - Step #6, transition #1
2026-04-27T12:13:23,300 [main] DEBUG a.f.a.t.b.t.TransitionExecutorImpl - Translating to SMT
2026-04-27T12:13:23,456 [main] DEBUG a.f.a.t.b.SeqModelChecker - Step 6: Transition #1. Is it enabled?
2026-04-27T12:13:23,475 [main] INFO  a.f.a.t.b.SeqModelChecker - Step 6: Transition #1 is disabled
2026-04-27T12:13:23,482 [main] DEBUG a.f.a.t.b.t.TransitionExecutorImpl - Step #6, transition #0
2026-04-27T12:13:23,482 [main] DEBUG a.f.a.t.b.t.TransitionExecutorImpl - Translating to SMT
2026-04-27T12:13:23,611 [main] DEBUG a.f.a.t.b.SeqModelChecker - Step 6: Transition #0. Is it enabled?
2026-04-27T12:13:24,016 [main] INFO  a.f.a.t.b.SeqModelChecker - Step 6: Transition #0 is disabled
2026-04-27T12:13:24,026 [main] DEBUG a.f.a.t.b.t.TransitionExecutorImpl - Step #6, transition #63
2026-04-27T12:13:24,026 [main] DEBUG a.f.a.t.b.t.TransitionExecutorImpl - Translating to SMT
2026-04-27T12:13:24,081 [main] DEBUG a.f.a.t.b.SeqModelChecker - Step 6: Transition #63. Is it enabled?
2026-04-27T12:13:24,103 [main] INFO  a.f.a.t.b.SeqModelChecker - Step 6: Transition #63 is disabled
2026-04-27T12:13:24,108 [main] DEBUG a.f.a.t.b.t.TransitionExecutorImpl - Step #6, transition #58
2026-04-27T12:13:24,108 [main] DEBUG a.f.a.t.b.t.TransitionExecutorImpl - Translating to SMT
2026-04-27T12:13:24,262 [main] DEBUG a.f.a.t.b.SeqModelChecker - Step 6: Transition #58. Is it enabled?
2026-04-27T12:13:24,279 [main] INFO  a.f.a.t.b.SeqModelChecker - Step 6: Transition #58 is disabled
2026-04-27T12:13:24,283 [main] DEBUG a.f.a.t.b.t.TransitionExecutorImpl - Step #6, transition #41
2026-04-27T12:13:24,284 [main] DEBUG a.f.a.t.b.t.TransitionExecutorImpl - Translating to SMT
2026-04-27T12:13:24,379 [main] DEBUG a.f.a.t.b.SeqModelChecker - Step 6: Transition #41. Is it enabled?
2026-04-27T12:13:24,730 [main] INFO  a.f.a.t.b.SeqModelChecker - Step 6: Transition #41 is disabled
2026-04-27T12:13:24,735 [main] DEBUG a.f.a.t.b.t.TransitionExecutorImpl - Step #6, transition #29
2026-04-27T12:13:24,735 [main] DEBUG a.f.a.t.b.t.TransitionExecutorImpl - Translating to SMT
2026-04-27T12:13:24,905 [main] DEBUG a.f.a.t.b.SeqModelChecker - Step 6: Transition #29. Is it enabled?
2026-04-27T12:13:25,811 [main] INFO  a.f.a.t.b.SeqModelChecker - Step 6: Transition #29 is disabled
2026-04-27T12:13:25,835 [main] DEBUG a.f.a.t.b.t.TransitionExecutorImpl - Step #6, transition #4
2026-04-27T12:13:25,835 [main] DEBUG a.f.a.t.b.t.TransitionExecutorImpl - Translating to SMT
2026-04-27T12:13:25,848 [main] DEBUG a.f.a.t.b.t.TransitionExecutorImpl - Transition 4 produces partial assignment. Disabled.
2026-04-27T12:13:25,850 [main] DEBUG a.f.a.t.b.t.TransitionExecutorImpl - Step #6, transition #47
2026-04-27T12:13:25,850 [main] DEBUG a.f.a.t.b.t.TransitionExecutorImpl - Translating to SMT
2026-04-27T12:13:26,035 [main] DEBUG a.f.a.t.b.SeqModelChecker - Step 6: Transition #47. Is it enabled?
2026-04-27T12:13:31,233 [main] DEBUG a.f.a.t.b.SeqModelChecker - Step 6: Transition #47 is enabled
2026-04-27T12:13:31,233 [main] INFO  a.f.a.t.b.SeqModelChecker - State 6: Checking 2 state invariants
2026-04-27T12:13:31,234 [main] DEBUG a.f.a.t.b.SeqModelChecker - State 6: Checking state invariant 0
2026-04-27T12:13:32,371 [main] INFO  a.f.a.t.b.SeqModelChecker - State 6: state invariant 0 holds.
2026-04-27T12:13:32,375 [main] DEBUG a.f.a.t.b.SeqModelChecker - State 6: Checking state invariant 1
2026-04-27T12:13:33,038 [main] INFO  a.f.a.t.b.SeqModelChecker - State 6: state invariant 1 holds.
2026-04-27T12:13:33,047 [main] INFO  a.f.a.t.b.SeqModelChecker - Step 6: randomly picked transition #47
2026-04-27T12:13:33,048 [main] INFO  a.f.a.t.b.t.TransitionExecutorImpl - Step 6: picking a transition out of 1 transition(s)
2026-04-27T12:13:33,049 [main] DEBUG a.f.a.t.b.t.TransitionExecutorImpl - Step #7, transition #36
2026-04-27T12:13:33,049 [main] DEBUG a.f.a.t.b.t.TransitionExecutorImpl - Translating to SMT
2026-04-27T12:13:33,182 [main] DEBUG a.f.a.t.b.t.TransitionExecutorImpl - Transition 36 produces partial assignment. Disabled.
2026-04-27T12:13:33,203 [main] DEBUG a.f.a.t.b.t.TransitionExecutorImpl - Step #7, transition #34
2026-04-27T12:13:33,203 [main] DEBUG a.f.a.t.b.t.TransitionExecutorImpl - Translating to SMT
2026-04-27T12:13:33,356 [main] DEBUG a.f.a.t.b.SeqModelChecker - Step 7: Transition #34. Is it enabled?
2026-04-27T12:13:35,137 [main] INFO  a.f.a.t.b.SeqModelChecker - Step 7: Transition #34 is disabled
2026-04-27T12:13:35,155 [main] DEBUG a.f.a.t.b.t.TransitionExecutorImpl - Step #7, transition #68
2026-04-27T12:13:35,155 [main] DEBUG a.f.a.t.b.t.TransitionExecutorImpl - Translating to SMT
2026-04-27T12:13:35,250 [main] DEBUG a.f.a.t.b.SeqModelChecker - Step 7: Transition #68. Is it enabled?
2026-04-27T12:13:35,270 [main] INFO  a.f.a.t.b.SeqModelChecker - Step 7: Transition #68 is disabled
2026-04-27T12:13:35,275 [main] DEBUG a.f.a.t.b.t.TransitionExecutorImpl - Step #7, transition #56
2026-04-27T12:13:35,275 [main] DEBUG a.f.a.t.b.t.TransitionExecutorImpl - Translating to SMT
2026-04-27T12:13:35,331 [main] DEBUG a.f.a.t.b.SeqModelChecker - Step 7: Transition #56. Is it enabled?
2026-04-27T12:13:35,345 [main] INFO  a.f.a.t.b.SeqModelChecker - Step 7: Transition #56 is disabled
2026-04-27T12:13:35,350 [main] DEBUG a.f.a.t.b.t.TransitionExecutorImpl - Step #7, transition #6
2026-04-27T12:13:35,350 [main] DEBUG a.f.a.t.b.t.TransitionExecutorImpl - Translating to SMT
2026-04-27T12:13:35,420 [main] DEBUG a.f.a.t.b.SeqModelChecker - Step 7: Transition #6. Is it enabled?
2026-04-27T12:13:35,436 [main] INFO  a.f.a.t.b.SeqModelChecker - Step 7: Transition #6 is disabled
2026-04-27T12:13:35,440 [main] DEBUG a.f.a.t.b.t.TransitionExecutorImpl - Step #7, transition #41
2026-04-27T12:13:35,440 [main] DEBUG a.f.a.t.b.t.TransitionExecutorImpl - Translating to SMT
2026-04-27T12:13:35,608 [main] DEBUG a.f.a.t.b.SeqModelChecker - Step 7: Transition #41. Is it enabled?
2026-04-27T12:13:35,771 [main] INFO  a.f.a.t.b.SeqModelChecker - Step 7: Transition #41 is disabled
2026-04-27T12:13:35,779 [main] DEBUG a.f.a.t.b.t.TransitionExecutorImpl - Step #7, transition #38
2026-04-27T12:13:35,779 [main] DEBUG a.f.a.t.b.t.TransitionExecutorImpl - Translating to SMT
2026-04-27T12:13:35,846 [main] DEBUG a.f.a.t.b.t.TransitionExecutorImpl - Transition 38 produces partial assignment. Disabled.
2026-04-27T12:13:35,858 [main] DEBUG a.f.a.t.b.t.TransitionExecutorImpl - Step #7, transition #59
2026-04-27T12:13:35,859 [main] DEBUG a.f.a.t.b.t.TransitionExecutorImpl - Translating to SMT
2026-04-27T12:13:35,864 [main] DEBUG a.f.a.t.b.t.TransitionExecutorImpl - Transition 59 produces partial assignment. Disabled.
2026-04-27T12:13:35,865 [main] DEBUG a.f.a.t.b.t.TransitionExecutorImpl - Step #7, transition #55
2026-04-27T12:13:35,865 [main] DEBUG a.f.a.t.b.t.TransitionExecutorImpl - Translating to SMT
2026-04-27T12:13:35,870 [main] DEBUG a.f.a.t.b.t.TransitionExecutorImpl - Transition 55 produces partial assignment. Disabled.
2026-04-27T12:13:35,872 [main] DEBUG a.f.a.t.b.t.TransitionExecutorImpl - Step #7, transition #49
2026-04-27T12:13:35,872 [main] DEBUG a.f.a.t.b.t.TransitionExecutorImpl - Translating to SMT
2026-04-27T12:13:36,140 [main] DEBUG a.f.a.t.b.SeqModelChecker - Step 7: Transition #49. Is it enabled?
2026-04-27T12:13:36,333 [main] INFO  a.f.a.t.b.SeqModelChecker - Step 7: Transition #49 is disabled
2026-04-27T12:13:36,345 [main] DEBUG a.f.a.t.b.t.TransitionExecutorImpl - Step #7, transition #17
2026-04-27T12:13:36,345 [main] DEBUG a.f.a.t.b.t.TransitionExecutorImpl - Translating to SMT
2026-04-27T12:13:36,445 [main] DEBUG a.f.a.t.b.SeqModelChecker - Step 7: Transition #17. Is it enabled?
2026-04-27T12:13:37,671 [main] INFO  a.f.a.t.b.SeqModelChecker - Step 7: Transition #17 is disabled
2026-04-27T12:13:37,682 [main] DEBUG a.f.a.t.b.t.TransitionExecutorImpl - Step #7, transition #50
2026-04-27T12:13:37,683 [main] DEBUG a.f.a.t.b.t.TransitionExecutorImpl - Translating to SMT
2026-04-27T12:13:37,903 [main] DEBUG a.f.a.t.b.SeqModelChecker - Step 7: Transition #50. Is it enabled?
2026-04-27T12:13:38,680 [main] INFO  a.f.a.t.b.SeqModelChecker - Step 7: Transition #50 is disabled
2026-04-27T12:13:38,694 [main] DEBUG a.f.a.t.b.t.TransitionExecutorImpl - Step #7, transition #42
2026-04-27T12:13:38,694 [main] DEBUG a.f.a.t.b.t.TransitionExecutorImpl - Translating to SMT
2026-04-27T12:13:38,763 [main] DEBUG a.f.a.t.b.t.TransitionExecutorImpl - Transition 42 produces partial assignment. Disabled.
2026-04-27T12:13:38,774 [main] DEBUG a.f.a.t.b.t.TransitionExecutorImpl - Step #7, transition #16
2026-04-27T12:13:38,774 [main] DEBUG a.f.a.t.b.t.TransitionExecutorImpl - Translating to SMT
2026-04-27T12:13:38,823 [main] DEBUG a.f.a.t.b.SeqModelChecker - Step 7: Transition #16. Is it enabled?
2026-04-27T12:13:40,285 [main] DEBUG a.f.a.t.b.SeqModelChecker - Step 7: Transition #16 is enabled
2026-04-27T12:13:40,286 [main] INFO  a.f.a.t.b.SeqModelChecker - State 7: Checking 2 state invariants
2026-04-27T12:13:40,286 [main] DEBUG a.f.a.t.b.SeqModelChecker - State 7: Checking state invariant 0
2026-04-27T12:13:43,206 [main] INFO  a.f.a.t.b.SeqModelChecker - State 7: state invariant 0 holds.
2026-04-27T12:13:43,214 [main] DEBUG a.f.a.t.b.SeqModelChecker - State 7: Checking state invariant 1
2026-04-27T12:13:44,493 [main] INFO  a.f.a.t.b.SeqModelChecker - State 7: state invariant 1 holds.
2026-04-27T12:13:44,514 [main] INFO  a.f.a.t.b.SeqModelChecker - Step 7: randomly picked transition #16
2026-04-27T12:13:44,515 [main] INFO  a.f.a.t.b.t.TransitionExecutorImpl - Step 7: picking a transition out of 1 transition(s)
2026-04-27T12:13:44,517 [main] DEBUG a.f.a.t.b.t.TransitionExecutorImpl - Step #8, transition #6
2026-04-27T12:13:44,517 [main] DEBUG a.f.a.t.b.t.TransitionExecutorImpl - Translating to SMT
2026-04-27T12:13:44,722 [main] DEBUG a.f.a.t.b.SeqModelChecker - Step 8: Transition #6. Is it enabled?
2026-04-27T12:13:44,736 [main] INFO  a.f.a.t.b.SeqModelChecker - Step 8: Transition #6 is disabled
2026-04-27T12:13:44,742 [main] DEBUG a.f.a.t.b.t.TransitionExecutorImpl - Step #8, transition #28
2026-04-27T12:13:44,742 [main] DEBUG a.f.a.t.b.t.TransitionExecutorImpl - Translating to SMT
2026-04-27T12:13:44,930 [main] DEBUG a.f.a.t.b.SeqModelChecker - Step 8: Transition #28. Is it enabled?
2026-04-27T12:13:48,912 [main] INFO  a.f.a.t.b.SeqModelChecker - Step 8: Transition #28 is disabled
2026-04-27T12:13:48,935 [main] DEBUG a.f.a.t.b.t.TransitionExecutorImpl - Step #8, transition #35
2026-04-27T12:13:48,936 [main] DEBUG a.f.a.t.b.t.TransitionExecutorImpl - Translating to SMT
2026-04-27T12:13:49,108 [main] DEBUG a.f.a.t.b.SeqModelChecker - Step 8: Transition #35. Is it enabled?
2026-04-27T12:13:56,258 [main] DEBUG a.f.a.t.b.SeqModelChecker - Step 8: Transition #35 is enabled
2026-04-27T12:13:56,259 [main] INFO  a.f.a.t.b.SeqModelChecker - State 8: Checking 2 state invariants
2026-04-27T12:13:56,259 [main] DEBUG a.f.a.t.b.SeqModelChecker - State 8: Checking state invariant 0
2026-04-27T12:13:57,449 [main] INFO  a.f.a.t.b.SeqModelChecker - State 8: state invariant 0 holds.
2026-04-27T12:13:57,456 [main] DEBUG a.f.a.t.b.SeqModelChecker - State 8: Checking state invariant 1
2026-04-27T12:13:59,459 [main] INFO  a.f.a.t.b.SeqModelChecker - State 8: state invariant 1 holds.
2026-04-27T12:13:59,474 [main] INFO  a.f.a.t.b.SeqModelChecker - Step 8: randomly picked transition #35
2026-04-27T12:13:59,475 [main] INFO  a.f.a.t.b.t.TransitionExecutorImpl - Step 8: picking a transition out of 1 transition(s)
2026-04-27T12:13:59,477 [main] DEBUG a.f.a.t.b.t.TransitionExecutorImpl - Step #9, transition #60
2026-04-27T12:13:59,477 [main] DEBUG a.f.a.t.b.t.TransitionExecutorImpl - Translating to SMT
2026-04-27T12:13:59,532 [main] DEBUG a.f.a.t.b.SeqModelChecker - Step 9: Transition #60. Is it enabled?
2026-04-27T12:13:59,539 [main] INFO  a.f.a.t.b.SeqModelChecker - Step 9: Transition #60 is disabled
2026-04-27T12:13:59,544 [main] DEBUG a.f.a.t.b.t.TransitionExecutorImpl - Step #9, transition #51
2026-04-27T12:13:59,544 [main] DEBUG a.f.a.t.b.t.TransitionExecutorImpl - Translating to SMT
2026-04-27T12:14:00,130 [main] DEBUG a.f.a.t.b.SeqModelChecker - Step 9: Transition #51. Is it enabled?
2026-04-27T12:14:01,529 [main] INFO  a.f.a.t.b.SeqModelChecker - Step 9: Transition #51 is disabled
2026-04-27T12:14:01,555 [main] DEBUG a.f.a.t.b.t.TransitionExecutorImpl - Step #9, transition #7
2026-04-27T12:14:01,556 [main] DEBUG a.f.a.t.b.t.TransitionExecutorImpl - Translating to SMT
2026-04-27T12:14:01,580 [main] DEBUG a.f.a.t.b.t.TransitionExecutorImpl - Transition 7 produces partial assignment. Disabled.
2026-04-27T12:14:01,583 [main] DEBUG a.f.a.t.b.t.TransitionExecutorImpl - Step #9, transition #31
2026-04-27T12:14:01,583 [main] DEBUG a.f.a.t.b.t.TransitionExecutorImpl - Translating to SMT
2026-04-27T12:14:01,757 [main] DEBUG a.f.a.t.b.SeqModelChecker - Step 9: Transition #31. Is it enabled?
2026-04-27T12:14:03,390 [main] INFO  a.f.a.t.b.SeqModelChecker - Step 9: Transition #31 is disabled
2026-04-27T12:14:03,406 [main] DEBUG a.f.a.t.b.t.TransitionExecutorImpl - Step #9, transition #66
2026-04-27T12:14:03,406 [main] DEBUG a.f.a.t.b.t.TransitionExecutorImpl - Translating to SMT
2026-04-27T12:14:03,488 [main] DEBUG a.f.a.t.b.SeqModelChecker - Step 9: Transition #66. Is it enabled?
2026-04-27T12:14:03,504 [main] INFO  a.f.a.t.b.SeqModelChecker - Step 9: Transition #66 is disabled
2026-04-27T12:14:03,511 [main] DEBUG a.f.a.t.b.t.TransitionExecutorImpl - Step #9, transition #53
2026-04-27T12:14:03,511 [main] DEBUG a.f.a.t.b.t.TransitionExecutorImpl - Translating to SMT
2026-04-27T12:14:03,597 [main] DEBUG a.f.a.t.b.SeqModelChecker - Step 9: Transition #53. Is it enabled?
2026-04-27T12:14:03,617 [main] INFO  a.f.a.t.b.SeqModelChecker - Step 9: Transition #53 is disabled
2026-04-27T12:14:03,624 [main] DEBUG a.f.a.t.b.t.TransitionExecutorImpl - Step #9, transition #67
2026-04-27T12:14:03,624 [main] DEBUG a.f.a.t.b.t.TransitionExecutorImpl - Translating to SMT
2026-04-27T12:14:03,697 [main] DEBUG a.f.a.t.b.SeqModelChecker - Step 9: Transition #67. Is it enabled?
2026-04-27T12:14:03,714 [main] INFO  a.f.a.t.b.SeqModelChecker - Step 9: Transition #67 is disabled
2026-04-27T12:14:03,721 [main] DEBUG a.f.a.t.b.t.TransitionExecutorImpl - Step #9, transition #48
2026-04-27T12:14:03,721 [main] DEBUG a.f.a.t.b.t.TransitionExecutorImpl - Translating to SMT
2026-04-27T12:14:04,372 [main] DEBUG a.f.a.t.b.SeqModelChecker - Step 9: Transition #48. Is it enabled?
2026-04-27T12:14:04,949 [main] INFO  a.f.a.t.b.SeqModelChecker - Step 9: Transition #48 is disabled
2026-04-27T12:14:04,973 [main] DEBUG a.f.a.t.b.t.TransitionExecutorImpl - Step #9, transition #39
2026-04-27T12:14:04,973 [main] DEBUG a.f.a.t.b.t.TransitionExecutorImpl - Translating to SMT
2026-04-27T12:14:05,521 [main] DEBUG a.f.a.t.b.SeqModelChecker - Step 9: Transition #39. Is it enabled?
2026-04-27T12:14:05,884 [main] INFO  a.f.a.t.b.SeqModelChecker - Step 9: Transition #39 is disabled
2026-04-27T12:14:05,904 [main] DEBUG a.f.a.t.b.t.TransitionExecutorImpl - Step #9, transition #0
2026-04-27T12:14:05,905 [main] DEBUG a.f.a.t.b.t.TransitionExecutorImpl - Translating to SMT
2026-04-27T12:14:06,057 [main] DEBUG a.f.a.t.b.SeqModelChecker - Step 9: Transition #0. Is it enabled?
2026-04-27T12:14:17,987 [main] DEBUG a.f.a.t.b.SeqModelChecker - Step 9: Transition #0 is enabled
2026-04-27T12:14:17,987 [main] INFO  a.f.a.t.b.SeqModelChecker - State 9: Checking 2 state invariants
2026-04-27T12:14:17,987 [main] DEBUG a.f.a.t.b.SeqModelChecker - State 9: Checking state invariant 0
2026-04-27T12:14:22,680 [main] INFO  a.f.a.t.b.SeqModelChecker - State 9: state invariant 0 holds.
2026-04-27T12:14:22,691 [main] DEBUG a.f.a.t.b.SeqModelChecker - State 9: Checking state invariant 1
2026-04-27T12:14:26,246 [main] INFO  a.f.a.t.b.SeqModelChecker - State 9: state invariant 1 holds.
2026-04-27T12:14:26,266 [main] INFO  a.f.a.t.b.SeqModelChecker - Step 9: randomly picked transition #0
2026-04-27T12:14:26,266 [main] INFO  a.f.a.t.b.t.TransitionExecutorImpl - Step 9: picking a transition out of 1 transition(s)
2026-04-27T12:14:26,268 [main] DEBUG a.f.a.t.b.t.TransitionExecutorImpl - Step #10, transition #0
2026-04-27T12:14:26,268 [main] DEBUG a.f.a.t.b.t.TransitionExecutorImpl - Translating to SMT
2026-04-27T12:14:26,386 [main] DEBUG a.f.a.t.b.SeqModelChecker - Step 10: Transition #0. Is it enabled?
2026-04-27T12:14:30,779 [main] DEBUG a.f.a.t.b.SeqModelChecker - Step 10: Transition #0 is enabled
2026-04-27T12:14:30,779 [main] INFO  a.f.a.t.b.SeqModelChecker - State 10: Checking 2 state invariants
2026-04-27T12:14:30,780 [main] DEBUG a.f.a.t.b.SeqModelChecker - State 10: Checking state invariant 0
2026-04-27T12:14:33,813 [main] INFO  a.f.a.t.b.SeqModelChecker - State 10: state invariant 0 holds.
2026-04-27T12:14:33,823 [main] DEBUG a.f.a.t.b.SeqModelChecker - State 10: Checking state invariant 1
2026-04-27T12:14:37,606 [main] INFO  a.f.a.t.b.SeqModelChecker - State 10: state invariant 1 holds.
2026-04-27T12:14:37,629 [main] INFO  a.f.a.t.b.SeqModelChecker - Step 10: randomly picked transition #0
2026-04-27T12:14:37,630 [main] INFO  a.f.a.t.b.t.TransitionExecutorImpl - Step 10: picking a transition out of 1 transition(s)
2026-04-27T12:14:37,632 [main] DEBUG a.f.a.t.b.t.TransitionExecutorImpl - Step #11, transition #45
2026-04-27T12:14:37,632 [main] DEBUG a.f.a.t.b.t.TransitionExecutorImpl - Translating to SMT
2026-04-27T12:14:38,206 [main] DEBUG a.f.a.t.b.SeqModelChecker - Step 11: Transition #45. Is it enabled?
2026-04-27T12:14:40,538 [main] INFO  a.f.a.t.b.SeqModelChecker - Step 11: Transition #45 is disabled
2026-04-27T12:14:40,565 [main] DEBUG a.f.a.t.b.t.TransitionExecutorImpl - Step #11, transition #34
2026-04-27T12:14:40,565 [main] DEBUG a.f.a.t.b.t.TransitionExecutorImpl - Translating to SMT
2026-04-27T12:14:40,749 [main] DEBUG a.f.a.t.b.SeqModelChecker - Step 11: Transition #34. Is it enabled?
2026-04-27T12:14:42,845 [main] INFO  a.f.a.t.b.SeqModelChecker - Step 11: Transition #34 is disabled
2026-04-27T12:14:42,864 [main] DEBUG a.f.a.t.b.t.TransitionExecutorImpl - Step #11, transition #7
2026-04-27T12:14:42,864 [main] DEBUG a.f.a.t.b.t.TransitionExecutorImpl - Translating to SMT
2026-04-27T12:14:42,889 [main] DEBUG a.f.a.t.b.t.TransitionExecutorImpl - Transition 7 produces partial assignment. Disabled.
2026-04-27T12:14:42,893 [main] DEBUG a.f.a.t.b.t.TransitionExecutorImpl - Step #11, transition #40
2026-04-27T12:14:42,894 [main] DEBUG a.f.a.t.b.t.TransitionExecutorImpl - Translating to SMT
2026-04-27T12:14:43,319 [main] DEBUG a.f.a.t.b.t.TransitionExecutorImpl - Transition 40 produces partial assignment. Disabled.
2026-04-27T12:14:43,367 [main] DEBUG a.f.a.t.b.t.TransitionExecutorImpl - Step #11, transition #43
2026-04-27T12:14:43,367 [main] DEBUG a.f.a.t.b.t.TransitionExecutorImpl - Translating to SMT
2026-04-27T12:14:43,685 [main] DEBUG a.f.a.t.b.SeqModelChecker - Step 11: Transition #43. Is it enabled?
2026-04-27T12:14:44,281 [main] INFO  a.f.a.t.b.SeqModelChecker - Step 11: Transition #43 is disabled
2026-04-27T12:14:44,296 [main] DEBUG a.f.a.t.b.t.TransitionExecutorImpl - Step #11, transition #13
2026-04-27T12:14:44,296 [main] DEBUG a.f.a.t.b.t.TransitionExecutorImpl - Translating to SMT
2026-04-27T12:14:44,528 [main] DEBUG a.f.a.t.b.SeqModelChecker - Step 11: Transition #13. Is it enabled?
2026-04-27T12:14:54,737 [main] DEBUG a.f.a.t.b.SeqModelChecker - Step 11: Transition #13 is enabled
2026-04-27T12:14:54,774 [main] INFO  a.f.a.t.b.SeqModelChecker - Step 11: randomly picked transition #13
2026-04-27T12:14:54,774 [main] INFO  a.f.a.t.b.t.TransitionExecutorImpl - Step 11: picking a transition out of 1 transition(s)
2026-04-27T12:14:54,777 [main] DEBUG a.f.a.t.b.t.TransitionExecutorImpl - Step #12, transition #66
2026-04-27T12:14:54,777 [main] DEBUG a.f.a.t.b.t.TransitionExecutorImpl - Translating to SMT
2026-04-27T12:14:54,872 [main] DEBUG a.f.a.t.b.SeqModelChecker - Step 12: Transition #66. Is it enabled?
2026-04-27T12:14:54,892 [main] INFO  a.f.a.t.b.SeqModelChecker - Step 12: Transition #66 is disabled
2026-04-27T12:14:54,901 [main] DEBUG a.f.a.t.b.t.TransitionExecutorImpl - Step #12, transition #68
2026-04-27T12:14:54,901 [main] DEBUG a.f.a.t.b.t.TransitionExecutorImpl - Translating to SMT
2026-04-27T12:14:55,068 [main] DEBUG a.f.a.t.b.SeqModelChecker - Step 12: Transition #68. Is it enabled?
2026-04-27T12:14:55,083 [main] INFO  a.f.a.t.b.SeqModelChecker - Step 12: Transition #68 is disabled
2026-04-27T12:14:55,091 [main] DEBUG a.f.a.t.b.t.TransitionExecutorImpl - Step #12, transition #44
2026-04-27T12:14:55,091 [main] DEBUG a.f.a.t.b.t.TransitionExecutorImpl - Translating to SMT
2026-04-27T12:14:55,525 [main] DEBUG a.f.a.t.b.SeqModelChecker - Step 12: Transition #44. Is it enabled?
2026-04-27T12:15:00,163 [main] INFO  a.f.a.t.b.SeqModelChecker - Step 12: Transition #44 is disabled
2026-04-27T12:15:00,190 [main] DEBUG a.f.a.t.b.t.TransitionExecutorImpl - Step #12, transition #28
2026-04-27T12:15:00,190 [main] DEBUG a.f.a.t.b.t.TransitionExecutorImpl - Translating to SMT
2026-04-27T12:15:00,418 [main] DEBUG a.f.a.t.b.SeqModelChecker - Step 12: Transition #28. Is it enabled?
2026-04-27T12:15:28,625 [main] INFO  a.f.a.t.b.SeqModelChecker - Step 12: Transition #28 is disabled
2026-04-27T12:15:28,665 [main] DEBUG a.f.a.t.b.t.TransitionExecutorImpl - Step #12, transition #55
2026-04-27T12:15:28,665 [main] DEBUG a.f.a.t.b.t.TransitionExecutorImpl - Translating to SMT
2026-04-27T12:15:28,675 [main] DEBUG a.f.a.t.b.t.TransitionExecutorImpl - Transition 55 produces partial assignment. Disabled.
2026-04-27T12:15:28,677 [main] DEBUG a.f.a.t.b.t.TransitionExecutorImpl - Step #12, transition #19
2026-04-27T12:15:28,677 [main] DEBUG a.f.a.t.b.t.TransitionExecutorImpl - Translating to SMT
2026-04-27T12:15:28,765 [main] DEBUG a.f.a.t.b.t.TransitionExecutorImpl - Transition 19 produces partial assignment. Disabled.
2026-04-27T12:15:28,790 [main] DEBUG a.f.a.t.b.t.TransitionExecutorImpl - Step #12, transition #20
2026-04-27T12:15:28,790 [main] DEBUG a.f.a.t.b.t.TransitionExecutorImpl - Translating to SMT
2026-04-27T12:15:28,838 [main] DEBUG a.f.a.t.b.t.TransitionExecutorImpl - Transition 20 produces partial assignment. Disabled.
2026-04-27T12:15:28,847 [main] DEBUG a.f.a.t.b.t.TransitionExecutorImpl - Step #12, transition #4
2026-04-27T12:15:28,848 [main] DEBUG a.f.a.t.b.t.TransitionExecutorImpl - Translating to SMT
2026-04-27T12:15:28,869 [main] DEBUG a.f.a.t.b.t.TransitionExecutorImpl - Transition 4 produces partial assignment. Disabled.
2026-04-27T12:15:28,873 [main] DEBUG a.f.a.t.b.t.TransitionExecutorImpl - Step #12, transition #14
2026-04-27T12:15:28,873 [main] DEBUG a.f.a.t.b.t.TransitionExecutorImpl - Translating to SMT
2026-04-27T12:15:29,148 [main] DEBUG a.f.a.t.b.SeqModelChecker - Step 12: Transition #14. Is it enabled?
2026-04-27T12:15:48,748 [main] INFO  a.f.a.t.b.SeqModelChecker - Step 12: Transition #14 is disabled
2026-04-27T12:15:48,783 [main] DEBUG a.f.a.t.b.t.TransitionExecutorImpl - Step #12, transition #38
2026-04-27T12:15:48,783 [main] DEBUG a.f.a.t.b.t.TransitionExecutorImpl - Translating to SMT
2026-04-27T12:15:48,919 [main] DEBUG a.f.a.t.b.t.TransitionExecutorImpl - Transition 38 produces partial assignment. Disabled.
2026-04-27T12:15:48,953 [main] DEBUG a.f.a.t.b.t.TransitionExecutorImpl - Step #12, transition #29
2026-04-27T12:15:48,953 [main] DEBUG a.f.a.t.b.t.TransitionExecutorImpl - Translating to SMT
2026-04-27T12:15:49,121 [main] DEBUG a.f.a.t.b.SeqModelChecker - Step 12: Transition #29. Is it enabled?
2026-04-27T12:15:53,407 [main] INFO  a.f.a.t.b.SeqModelChecker - Step 12: Transition #29 is disabled
2026-04-27T12:15:53,436 [main] DEBUG a.f.a.t.b.t.TransitionExecutorImpl - Step #12, transition #43
2026-04-27T12:15:53,437 [main] DEBUG a.f.a.t.b.t.TransitionExecutorImpl - Translating to SMT
2026-04-27T12:15:53,812 [main] DEBUG a.f.a.t.b.SeqModelChecker - Step 12: Transition #43. Is it enabled?
2026-04-27T12:16:12,985 [main] INFO  a.f.a.t.b.SeqModelChecker - Step 12: Transition #43 is disabled
2026-04-27T12:16:13,025 [main] DEBUG a.f.a.t.b.t.TransitionExecutorImpl - Step #12, transition #0
2026-04-27T12:16:13,025 [main] DEBUG a.f.a.t.b.t.TransitionExecutorImpl - Translating to SMT
2026-04-27T12:16:13,179 [main] DEBUG a.f.a.t.b.SeqModelChecker - Step 12: Transition #0. Is it enabled?
2026-04-27T12:16:23,488 [main] INFO  a.f.a.t.b.SeqModelChecker - Step 12: Transition #0 is disabled
2026-04-27T12:16:23,514 [main] DEBUG a.f.a.t.b.t.TransitionExecutorImpl - Step #12, transition #45
2026-04-27T12:16:23,514 [main] DEBUG a.f.a.t.b.t.TransitionExecutorImpl - Translating to SMT
2026-04-27T12:16:23,832 [main] DEBUG a.f.a.t.b.SeqModelChecker - Step 12: Transition #45. Is it enabled?
2026-04-27T12:16:32,453 [main] DEBUG a.f.a.t.b.SeqModelChecker - Step 12: Transition #45 is enabled
2026-04-27T12:16:32,454 [main] INFO  a.f.a.t.b.SeqModelChecker - State 12: Checking 2 state invariants
2026-04-27T12:16:32,454 [main] DEBUG a.f.a.t.b.SeqModelChecker - State 12: Checking state invariant 0
2026-04-27T12:16:36,163 [main] INFO  a.f.a.t.b.SeqModelChecker - State 12: state invariant 0 holds.
2026-04-27T12:16:36,173 [main] DEBUG a.f.a.t.b.SeqModelChecker - State 12: Checking state invariant 1
2026-04-27T12:16:40,707 [main] INFO  a.f.a.t.b.SeqModelChecker - State 12: state invariant 1 holds.
2026-04-27T12:16:40,734 [main] INFO  a.f.a.t.b.SeqModelChecker - Step 12: randomly picked transition #45
2026-04-27T12:16:40,735 [main] INFO  a.f.a.t.b.t.TransitionExecutorImpl - Step 12: picking a transition out of 1 transition(s)
2026-04-27T12:16:40,737 [main] DEBUG a.f.a.t.b.t.TransitionExecutorImpl - Step #13, transition #44
2026-04-27T12:16:40,737 [main] DEBUG a.f.a.t.b.t.TransitionExecutorImpl - Translating to SMT
2026-04-27T12:16:41,318 [main] DEBUG a.f.a.t.b.SeqModelChecker - Step 13: Transition #44. Is it enabled?
2026-04-27T12:16:42,653 [main] INFO  a.f.a.t.b.SeqModelChecker - Step 13: Transition #44 is disabled
2026-04-27T12:16:42,705 [main] DEBUG a.f.a.t.b.t.TransitionExecutorImpl - Step #13, transition #38
2026-04-27T12:16:42,705 [main] DEBUG a.f.a.t.b.t.TransitionExecutorImpl - Translating to SMT
2026-04-27T12:16:43,008 [main] DEBUG a.f.a.t.b.t.TransitionExecutorImpl - Transition 38 produces partial assignment. Disabled.
2026-04-27T12:16:43,060 [main] DEBUG a.f.a.t.b.t.TransitionExecutorImpl - Step #13, transition #46
2026-04-27T12:16:43,060 [main] DEBUG a.f.a.t.b.t.TransitionExecutorImpl - Translating to SMT
2026-04-27T12:16:43,483 [main] DEBUG a.f.a.t.b.SeqModelChecker - Step 13: Transition #46. Is it enabled?
2026-04-27T12:16:43,970 [main] INFO  a.f.a.t.b.SeqModelChecker - Step 13: Transition #46 is disabled
2026-04-27T12:16:43,993 [main] DEBUG a.f.a.t.b.t.TransitionExecutorImpl - Step #13, transition #43
2026-04-27T12:16:43,993 [main] DEBUG a.f.a.t.b.t.TransitionExecutorImpl - Translating to SMT
2026-04-27T12:16:44,451 [main] DEBUG a.f.a.t.b.SeqModelChecker - Step 13: Transition #43. Is it enabled?
2026-04-27T12:16:44,824 [main] INFO  a.f.a.t.b.SeqModelChecker - Step 13: Transition #43 is disabled
2026-04-27T12:16:44,855 [main] DEBUG a.f.a.t.b.t.TransitionExecutorImpl - Step #13, transition #18
2026-04-27T12:16:44,855 [main] DEBUG a.f.a.t.b.t.TransitionExecutorImpl - Translating to SMT
2026-04-27T12:16:44,922 [main] DEBUG a.f.a.t.b.t.TransitionExecutorImpl - Transition 18 produces partial assignment. Disabled.
2026-04-27T12:16:44,938 [main] DEBUG a.f.a.t.b.t.TransitionExecutorImpl - Step #13, transition #41
2026-04-27T12:16:44,938 [main] DEBUG a.f.a.t.b.t.TransitionExecutorImpl - Translating to SMT
2026-04-27T12:16:45,569 [main] DEBUG a.f.a.t.b.SeqModelChecker - Step 13: Transition #41. Is it enabled?
2026-04-27T12:16:46,021 [main] INFO  a.f.a.t.b.SeqModelChecker - Step 13: Transition #41 is disabled
2026-04-27T12:16:46,052 [main] DEBUG a.f.a.t.b.t.TransitionExecutorImpl - Step #13, transition #3
2026-04-27T12:16:46,052 [main] DEBUG a.f.a.t.b.t.TransitionExecutorImpl - Translating to SMT
2026-04-27T12:16:46,085 [main] DEBUG a.f.a.t.b.t.TransitionExecutorImpl - Transition 3 produces partial assignment. Disabled.
2026-04-27T12:16:46,092 [main] DEBUG a.f.a.t.b.t.TransitionExecutorImpl - Step #13, transition #65
2026-04-27T12:16:46,092 [main] DEBUG a.f.a.t.b.t.TransitionExecutorImpl - Translating to SMT
2026-04-27T12:16:46,120 [main] DEBUG a.f.a.t.b.SeqModelChecker - Step 13: Transition #65. Is it enabled?
2026-04-27T12:16:46,128 [main] INFO  a.f.a.t.b.SeqModelChecker - Step 13: Transition #65 is disabled
2026-04-27T12:16:46,135 [main] DEBUG a.f.a.t.b.t.TransitionExecutorImpl - Step #13, transition #17
2026-04-27T12:16:46,135 [main] DEBUG a.f.a.t.b.t.TransitionExecutorImpl - Translating to SMT
2026-04-27T12:16:46,457 [main] DEBUG a.f.a.t.b.SeqModelChecker - Step 13: Transition #17. Is it enabled?
2026-04-27T12:16:51,990 [main] DEBUG a.f.a.t.b.SeqModelChecker - Step 13: Transition #17 is enabled
2026-04-27T12:16:51,990 [main] INFO  a.f.a.t.b.SeqModelChecker - State 13: Checking 2 state invariants
2026-04-27T12:16:51,990 [main] DEBUG a.f.a.t.b.SeqModelChecker - State 13: Checking state invariant 0
2026-04-27T12:17:24,519 [main] INFO  a.f.a.t.b.SeqModelChecker - State 13: state invariant 0 holds.
2026-04-27T12:17:24,554 [main] DEBUG a.f.a.t.b.SeqModelChecker - State 13: Checking state invariant 1
2026-04-27T12:17:52,463 [main] INFO  a.f.a.t.b.SeqModelChecker - State 13: state invariant 1 holds.
2026-04-27T12:17:52,524 [main] INFO  a.f.a.t.b.SeqModelChecker - Step 13: randomly picked transition #17
2026-04-27T12:17:52,525 [main] INFO  a.f.a.t.b.t.TransitionExecutorImpl - Step 13: picking a transition out of 1 transition(s)
2026-04-27T12:17:52,529 [main] DEBUG a.f.a.t.b.t.TransitionExecutorImpl - Step #14, transition #38
2026-04-27T12:17:52,529 [main] DEBUG a.f.a.t.b.t.TransitionExecutorImpl - Translating to SMT
2026-04-27T12:17:53,162 [main] DEBUG a.f.a.t.b.t.TransitionExecutorImpl - Transition 38 produces partial assignment. Disabled.
2026-04-27T12:17:53,232 [main] DEBUG a.f.a.t.b.t.TransitionExecutorImpl - Step #14, transition #49
2026-04-27T12:17:53,232 [main] DEBUG a.f.a.t.b.t.TransitionExecutorImpl - Translating to SMT
2026-04-27T12:17:54,069 [main] DEBUG a.f.a.t.b.SeqModelChecker - Step 14: Transition #49. Is it enabled?
2026-04-27T12:17:55,516 [main] INFO  a.f.a.t.b.SeqModelChecker - Step 14: Transition #49 is disabled
2026-04-27T12:17:55,558 [main] DEBUG a.f.a.t.b.t.TransitionExecutorImpl - Step #14, transition #29
2026-04-27T12:17:55,558 [main] DEBUG a.f.a.t.b.t.TransitionExecutorImpl - Translating to SMT
2026-04-27T12:17:55,731 [main] DEBUG a.f.a.t.b.SeqModelChecker - Step 14: Transition #29. Is it enabled?
2026-04-27T12:18:00,052 [main] INFO  a.f.a.t.b.SeqModelChecker - Step 14: Transition #29 is disabled
2026-04-27T12:18:00,083 [main] DEBUG a.f.a.t.b.t.TransitionExecutorImpl - Step #14, transition #8
2026-04-27T12:18:00,083 [main] DEBUG a.f.a.t.b.t.TransitionExecutorImpl - Translating to SMT
2026-04-27T12:18:00,162 [main] DEBUG a.f.a.t.b.t.TransitionExecutorImpl - Transition 8 produces partial assignment. Disabled.
2026-04-27T12:18:00,169 [main] DEBUG a.f.a.t.b.t.TransitionExecutorImpl - Step #14, transition #23
2026-04-27T12:18:00,169 [main] DEBUG a.f.a.t.b.t.TransitionExecutorImpl - Translating to SMT
2026-04-27T12:18:00,232 [main] DEBUG a.f.a.t.b.t.TransitionExecutorImpl - Transition 23 produces partial assignment. Disabled.
2026-04-27T12:18:00,247 [main] DEBUG a.f.a.t.b.t.TransitionExecutorImpl - Step #14, transition #25
2026-04-27T12:18:00,248 [main] DEBUG a.f.a.t.b.t.TransitionExecutorImpl - Translating to SMT
2026-04-27T12:18:00,344 [main] DEBUG a.f.a.t.b.t.TransitionExecutorImpl - Transition 25 produces partial assignment. Disabled.
2026-04-27T12:18:00,368 [main] DEBUG a.f.a.t.b.t.TransitionExecutorImpl - Step #14, transition #0
2026-04-27T12:18:00,369 [main] DEBUG a.f.a.t.b.t.TransitionExecutorImpl - Translating to SMT
2026-04-27T12:18:00,600 [main] DEBUG a.f.a.t.b.SeqModelChecker - Step 14: Transition #0. Is it enabled?
2026-04-27T12:18:19,419 [main] INFO  a.f.a.t.b.SeqModelChecker - Step 14: Transition #0 is disabled
2026-04-27T12:18:19,457 [main] DEBUG a.f.a.t.b.t.TransitionExecutorImpl - Step #14, transition #39
2026-04-27T12:18:19,457 [main] DEBUG a.f.a.t.b.t.TransitionExecutorImpl - Translating to SMT
2026-04-27T12:18:20,064 [main] DEBUG a.f.a.t.b.SeqModelChecker - Step 14: Transition #39. Is it enabled?
2026-04-27T12:18:23,571 [main] INFO  a.f.a.t.b.SeqModelChecker - Step 14: Transition #39 is disabled
2026-04-27T12:18:23,596 [main] DEBUG a.f.a.t.b.t.TransitionExecutorImpl - Step #14, transition #56
2026-04-27T12:18:23,596 [main] DEBUG a.f.a.t.b.t.TransitionExecutorImpl - Translating to SMT
2026-04-27T12:18:23,670 [main] DEBUG a.f.a.t.b.SeqModelChecker - Step 14: Transition #56. Is it enabled?
2026-04-27T12:18:23,687 [main] INFO  a.f.a.t.b.SeqModelChecker - Step 14: Transition #56 is disabled
2026-04-27T12:18:23,698 [main] DEBUG a.f.a.t.b.t.TransitionExecutorImpl - Step #14, transition #41
2026-04-27T12:18:23,698 [main] DEBUG a.f.a.t.b.t.TransitionExecutorImpl - Translating to SMT
2026-04-27T12:18:24,198 [main] DEBUG a.f.a.t.b.SeqModelChecker - Step 14: Transition #41. Is it enabled?
2026-04-27T12:18:24,359 [main] INFO  a.f.a.t.b.SeqModelChecker - Step 14: Transition #41 is disabled
2026-04-27T12:18:24,385 [main] DEBUG a.f.a.t.b.t.TransitionExecutorImpl - Step #14, transition #22
2026-04-27T12:18:24,386 [main] DEBUG a.f.a.t.b.t.TransitionExecutorImpl - Translating to SMT
2026-04-27T12:18:25,066 [main] DEBUG a.f.a.t.b.t.TransitionExecutorImpl - Transition 22 produces partial assignment. Disabled.
2026-04-27T12:18:25,266 [main] DEBUG a.f.a.t.b.t.TransitionExecutorImpl - Step #14, transition #20
2026-04-27T12:18:25,267 [main] DEBUG a.f.a.t.b.t.TransitionExecutorImpl - Translating to SMT
2026-04-27T12:18:25,352 [main] DEBUG a.f.a.t.b.t.TransitionExecutorImpl - Transition 20 produces partial assignment. Disabled.
2026-04-27T12:18:25,368 [main] DEBUG a.f.a.t.b.t.TransitionExecutorImpl - Step #14, transition #34
2026-04-27T12:18:25,368 [main] DEBUG a.f.a.t.b.t.TransitionExecutorImpl - Translating to SMT
2026-04-27T12:18:25,546 [main] DEBUG a.f.a.t.b.SeqModelChecker - Step 14: Transition #34. Is it enabled?
2026-04-27T12:18:46,714 [main] INFO  a.f.a.t.b.SeqModelChecker - Step 14: Transition #34 is disabled
2026-04-27T12:18:46,792 [main] DEBUG a.f.a.t.b.t.TransitionExecutorImpl - Step #14, transition #57
2026-04-27T12:18:46,792 [main] DEBUG a.f.a.t.b.t.TransitionExecutorImpl - Translating to SMT
2026-04-27T12:18:46,820 [main] DEBUG a.f.a.t.b.t.TransitionExecutorImpl - Transition 57 produces partial assignment. Disabled.
2026-04-27T12:18:46,821 [main] DEBUG a.f.a.t.b.t.TransitionExecutorImpl - Step #14, transition #62
2026-04-27T12:18:46,822 [main] DEBUG a.f.a.t.b.t.TransitionExecutorImpl - Translating to SMT
2026-04-27T12:18:46,969 [main] DEBUG a.f.a.t.b.SeqModelChecker - Step 14: Transition #62. Is it enabled?
2026-04-27T12:18:46,982 [main] INFO  a.f.a.t.b.SeqModelChecker - Step 14: Transition #62 is disabled
2026-04-27T12:18:46,994 [main] DEBUG a.f.a.t.b.t.TransitionExecutorImpl - Step #14, transition #7
2026-04-27T12:18:46,994 [main] DEBUG a.f.a.t.b.t.TransitionExecutorImpl - Translating to SMT
2026-04-27T12:18:47,028 [main] DEBUG a.f.a.t.b.t.TransitionExecutorImpl - Transition 7 produces partial assignment. Disabled.
2026-04-27T12:18:47,035 [main] DEBUG a.f.a.t.b.t.TransitionExecutorImpl - Step #14, transition #61
2026-04-27T12:18:47,035 [main] DEBUG a.f.a.t.b.t.TransitionExecutorImpl - Translating to SMT
2026-04-27T12:18:47,042 [main] DEBUG a.f.a.t.b.t.TransitionExecutorImpl - Transition 61 produces partial assignment. Disabled.
2026-04-27T12:18:47,043 [main] DEBUG a.f.a.t.b.t.TransitionExecutorImpl - Step #14, transition #66
2026-04-27T12:18:47,043 [main] DEBUG a.f.a.t.b.t.TransitionExecutorImpl - Translating to SMT
2026-04-27T12:18:47,219 [main] DEBUG a.f.a.t.b.SeqModelChecker - Step 14: Transition #66. Is it enabled?
2026-04-27T12:18:47,242 [main] INFO  a.f.a.t.b.SeqModelChecker - Step 14: Transition #66 is disabled
2026-04-27T12:18:47,253 [main] DEBUG a.f.a.t.b.t.TransitionExecutorImpl - Step #14, transition #40
2026-04-27T12:18:47,253 [main] DEBUG a.f.a.t.b.t.TransitionExecutorImpl - Translating to SMT
2026-04-27T12:18:47,493 [main] DEBUG a.f.a.t.b.t.TransitionExecutorImpl - Transition 40 produces partial assignment. Disabled.
2026-04-27T12:18:47,570 [main] DEBUG a.f.a.t.b.t.TransitionExecutorImpl - Step #14, transition #33
2026-04-27T12:18:47,571 [main] DEBUG a.f.a.t.b.t.TransitionExecutorImpl - Translating to SMT
2026-04-27T12:18:47,753 [main] DEBUG a.f.a.t.b.SeqModelChecker - Step 14: Transition #33. Is it enabled?
2026-04-27T12:19:22,040 [main] INFO  a.f.a.t.b.SeqModelChecker - Step 14: Transition #33 is disabled
2026-04-27T12:19:22,091 [main] DEBUG a.f.a.t.b.t.TransitionExecutorImpl - Step #14, transition #6
2026-04-27T12:19:22,091 [main] DEBUG a.f.a.t.b.t.TransitionExecutorImpl - Translating to SMT
2026-04-27T12:19:22,238 [main] DEBUG a.f.a.t.b.SeqModelChecker - Step 14: Transition #6. Is it enabled?
2026-04-27T12:19:36,306 [main] DEBUG a.f.a.t.b.SeqModelChecker - Step 14: Transition #6 is enabled
2026-04-27T12:19:36,307 [main] INFO  a.f.a.t.b.SeqModelChecker - State 14: Checking 2 state invariants
2026-04-27T12:19:36,307 [main] DEBUG a.f.a.t.b.SeqModelChecker - State 14: Checking state invariant 0
2026-04-27T12:20:29,184 [main] INFO  a.f.a.t.b.SeqModelChecker - State 14: state invariant 0 holds.
2026-04-27T12:20:29,240 [main] DEBUG a.f.a.t.b.SeqModelChecker - State 14: Checking state invariant 1
2026-04-27T12:21:09,730 [main] INFO  a.f.a.t.b.SeqModelChecker - State 14: state invariant 1 holds.
2026-04-27T12:21:09,805 [main] INFO  a.f.a.t.b.SeqModelChecker - Step 14: randomly picked transition #6
2026-04-27T12:21:09,806 [main] INFO  a.f.a.t.b.t.TransitionExecutorImpl - Step 14: picking a transition out of 1 transition(s)
2026-04-27T12:21:09,814 [main] DEBUG a.f.a.t.b.t.TransitionExecutorImpl - Step #15, transition #45
2026-04-27T12:21:09,814 [main] DEBUG a.f.a.t.b.t.TransitionExecutorImpl - Translating to SMT
2026-04-27T12:21:10,382 [main] DEBUG a.f.a.t.b.SeqModelChecker - Step 15: Transition #45. Is it enabled?
2026-04-27T12:21:17,446 [main] INFO  a.f.a.t.b.SeqModelChecker - Step 15: Transition #45 is disabled
2026-04-27T12:21:17,494 [main] DEBUG a.f.a.t.b.t.TransitionExecutorImpl - Step #15, transition #60
2026-04-27T12:21:17,494 [main] DEBUG a.f.a.t.b.t.TransitionExecutorImpl - Translating to SMT
2026-04-27T12:21:17,563 [main] DEBUG a.f.a.t.b.SeqModelChecker - Step 15: Transition #60. Is it enabled?
2026-04-27T12:21:17,575 [main] INFO  a.f.a.t.b.SeqModelChecker - Step 15: Transition #60 is disabled
2026-04-27T12:21:17,587 [main] DEBUG a.f.a.t.b.t.TransitionExecutorImpl - Step #15, transition #35
2026-04-27T12:21:17,587 [main] DEBUG a.f.a.t.b.t.TransitionExecutorImpl - Translating to SMT
2026-04-27T12:21:17,738 [main] DEBUG a.f.a.t.b.SeqModelChecker - Step 15: Transition #35. Is it enabled?
2026-04-27T12:21:50,098 [main] INFO  a.f.a.t.b.SeqModelChecker - Step 15: Transition #35 is disabled
2026-04-27T12:21:50,149 [main] DEBUG a.f.a.t.b.t.TransitionExecutorImpl - Step #15, transition #44
2026-04-27T12:21:50,149 [main] DEBUG a.f.a.t.b.t.TransitionExecutorImpl - Translating to SMT
2026-04-27T12:21:50,890 [main] DEBUG a.f.a.t.b.SeqModelChecker - Step 15: Transition #44. Is it enabled?
2026-04-27T12:21:52,391 [main] INFO  a.f.a.t.b.SeqModelChecker - Step 15: Transition #44 is disabled
2026-04-27T12:21:52,463 [main] DEBUG a.f.a.t.b.t.TransitionExecutorImpl - Step #15, transition #3
2026-04-27T12:21:52,463 [main] DEBUG a.f.a.t.b.t.TransitionExecutorImpl - Translating to SMT
2026-04-27T12:21:52,613 [main] DEBUG a.f.a.t.b.t.TransitionExecutorImpl - Transition 3 produces partial assignment. Disabled.
2026-04-27T12:21:52,624 [main] DEBUG a.f.a.t.b.t.TransitionExecutorImpl - Step #15, transition #27
2026-04-27T12:21:52,624 [main] DEBUG a.f.a.t.b.t.TransitionExecutorImpl - Translating to SMT
2026-04-27T12:21:53,305 [main] DEBUG a.f.a.t.b.SeqModelChecker - Step 15: Transition #27. Is it enabled?
2026-04-27T12:21:53,367 [main] INFO  a.f.a.t.b.SeqModelChecker - Step 15: Transition #27 is disabled
2026-04-27T12:21:53,381 [main] DEBUG a.f.a.t.b.t.TransitionExecutorImpl - Step #15, transition #43
2026-04-27T12:21:53,381 [main] DEBUG a.f.a.t.b.t.TransitionExecutorImpl - Translating to SMT
2026-04-27T12:21:54,342 [main] DEBUG a.f.a.t.b.SeqModelChecker - Step 15: Transition #43. Is it enabled?
2026-04-27T12:21:56,651 [main] INFO  a.f.a.t.b.SeqModelChecker - Step 15: Transition #43 is disabled
2026-04-27T12:21:57,267 [main] DEBUG a.f.a.t.b.t.TransitionExecutorImpl - Step #15, transition #4
2026-04-27T12:21:57,384 [main] DEBUG a.f.a.t.b.t.TransitionExecutorImpl - Translating to SMT
2026-04-27T12:22:01,724 [main] DEBUG a.f.a.t.b.t.TransitionExecutorImpl - Transition 4 produces partial assignment. Disabled.
2026-04-27T12:22:02,555 [main] DEBUG a.f.a.t.b.t.TransitionExecutorImpl - Step #15, transition #61
2026-04-27T12:22:02,556 [main] DEBUG a.f.a.t.b.t.TransitionExecutorImpl - Translating to SMT
2026-04-27T12:22:03,380 [main] DEBUG a.f.a.t.b.t.TransitionExecutorImpl - Transition 61 produces partial assignment. Disabled.
2026-04-27T12:22:03,663 [main] DEBUG a.f.a.t.b.t.TransitionExecutorImpl - Step #15, transition #53
2026-04-27T12:22:03,663 [main] DEBUG a.f.a.t.b.t.TransitionExecutorImpl - Translating to SMT
2026-04-27T12:22:05,012 [main] DEBUG a.f.a.t.b.SeqModelChecker - Step 15: Transition #53. Is it enabled?
2026-04-27T12:22:07,597 [main] INFO  a.f.a.t.b.SeqModelChecker - Step 15: Transition #53 is disabled
2026-04-27T12:22:12,283 [main] DEBUG a.f.a.t.b.t.TransitionExecutorImpl - Step #15, transition #37
2026-04-27T12:22:12,358 [main] DEBUG a.f.a.t.b.t.TransitionExecutorImpl - Translating to SMT
2026-04-27T12:22:29,558 [main] DEBUG a.f.a.t.b.SeqModelChecker - Step 15: Transition #37. Is it enabled?
2026-04-27T12:22:30,559 [main] INFO  a.f.a.t.b.SeqModelChecker - Step 15: Transition #37 is disabled
2026-04-27T12:22:30,589 [main] DEBUG a.f.a.t.b.t.TransitionExecutorImpl - Step #15, transition #7
2026-04-27T12:22:30,589 [main] DEBUG a.f.a.t.b.t.TransitionExecutorImpl - Translating to SMT
2026-04-27T12:22:30,626 [main] DEBUG a.f.a.t.b.t.TransitionExecutorImpl - Transition 7 produces partial assignment. Disabled.
2026-04-27T12:22:30,633 [main] DEBUG a.f.a.t.b.t.TransitionExecutorImpl - Step #15, transition #6
2026-04-27T12:22:30,634 [main] DEBUG a.f.a.t.b.t.TransitionExecutorImpl - Translating to SMT
2026-04-27T12:22:30,766 [main] DEBUG a.f.a.t.b.SeqModelChecker - Step 15: Transition #6. Is it enabled?
2026-04-27T12:22:42,191 [main] DEBUG a.f.a.t.b.SeqModelChecker - Step 15: Transition #6 is enabled
2026-04-27T12:22:42,191 [main] INFO  a.f.a.t.b.SeqModelChecker - State 15: Checking 2 state invariants
2026-04-27T12:22:42,191 [main] DEBUG a.f.a.t.b.SeqModelChecker - State 15: Checking state invariant 0
2026-04-27T12:23:28,907 [main] INFO  a.f.a.t.b.SeqModelChecker - State 15: state invariant 0 holds.
2026-04-27T12:23:29,025 [main] DEBUG a.f.a.t.b.SeqModelChecker - State 15: Checking state invariant 1
2026-04-27T12:24:11,963 [main] INFO  a.f.a.t.b.SeqModelChecker - State 15: state invariant 1 holds.
2026-04-27T12:24:12,009 [main] INFO  a.f.a.t.b.SeqModelChecker - Step 15: randomly picked transition #6
2026-04-27T12:24:12,009 [main] INFO  a.f.a.t.b.t.TransitionExecutorImpl - Step 15: picking a transition out of 1 transition(s)
2026-04-27T12:24:12,013 [main] DEBUG a.f.a.t.b.t.TransitionExecutorImpl - Step #16, transition #20
2026-04-27T12:24:12,013 [main] DEBUG a.f.a.t.b.t.TransitionExecutorImpl - Translating to SMT
2026-04-27T12:24:12,209 [main] DEBUG a.f.a.t.b.t.TransitionExecutorImpl - Transition 20 produces partial assignment. Disabled.
2026-04-27T12:24:12,244 [main] DEBUG a.f.a.t.b.t.TransitionExecutorImpl - Step #16, transition #60
2026-04-27T12:24:12,244 [main] DEBUG a.f.a.t.b.t.TransitionExecutorImpl - Translating to SMT
2026-04-27T12:24:12,447 [main] DEBUG a.f.a.t.b.SeqModelChecker - Step 16: Transition #60. Is it enabled?
2026-04-27T12:24:12,467 [main] INFO  a.f.a.t.b.SeqModelChecker - Step 16: Transition #60 is disabled
2026-04-27T12:24:12,490 [main] DEBUG a.f.a.t.b.t.TransitionExecutorImpl - Step #16, transition #12
2026-04-27T12:24:12,490 [main] DEBUG a.f.a.t.b.t.TransitionExecutorImpl - Translating to SMT
2026-04-27T12:24:13,214 [main] DEBUG a.f.a.t.b.SeqModelChecker - Step 16: Transition #12. Is it enabled?
2026-04-27T12:24:53,018 [main] INFO  a.f.a.t.b.SeqModelChecker - Step 16: Transition #12 is disabled
2026-04-27T12:24:53,078 [main] DEBUG a.f.a.t.b.t.TransitionExecutorImpl - Step #16, transition #44
2026-04-27T12:24:53,078 [main] DEBUG a.f.a.t.b.t.TransitionExecutorImpl - Translating to SMT
2026-04-27T12:24:53,697 [main] DEBUG a.f.a.t.b.SeqModelChecker - Step 16: Transition #44. Is it enabled?
2026-04-27T12:24:56,024 [main] INFO  a.f.a.t.b.SeqModelChecker - Step 16: Transition #44 is disabled
2026-04-27T12:24:56,066 [main] DEBUG a.f.a.t.b.t.TransitionExecutorImpl - Step #16, transition #26
2026-04-27T12:24:56,066 [main] DEBUG a.f.a.t.b.t.TransitionExecutorImpl - Translating to SMT
2026-04-27T12:24:56,412 [main] DEBUG a.f.a.t.b.SeqModelChecker - Step 16: Transition #26. Is it enabled?
2026-04-27T12:24:59,905 [main] INFO  a.f.a.t.b.SeqModelChecker - Step 16: Transition #26 is disabled
2026-04-27T12:24:59,953 [main] DEBUG a.f.a.t.b.t.TransitionExecutorImpl - Step #16, transition #22
2026-04-27T12:24:59,954 [main] DEBUG a.f.a.t.b.t.TransitionExecutorImpl - Translating to SMT
2026-04-27T12:25:00,588 [main] DEBUG a.f.a.t.b.t.TransitionExecutorImpl - Transition 22 produces partial assignment. Disabled.
2026-04-27T12:25:00,758 [main] DEBUG a.f.a.t.b.t.TransitionExecutorImpl - Step #16, transition #24
2026-04-27T12:25:00,758 [main] DEBUG a.f.a.t.b.t.TransitionExecutorImpl - Translating to SMT
2026-04-27T12:25:01,133 [main] DEBUG a.f.a.t.b.SeqModelChecker - Step 16: Transition #24. Is it enabled?
2026-04-27T12:25:04,407 [main] INFO  a.f.a.t.b.SeqModelChecker - Step 16: Transition #24 is disabled
2026-04-27T12:25:04,454 [main] DEBUG a.f.a.t.b.t.TransitionExecutorImpl - Step #16, transition #52
2026-04-27T12:25:04,454 [main] DEBUG a.f.a.t.b.t.TransitionExecutorImpl - Translating to SMT
2026-04-27T12:25:05,009 [main] DEBUG a.f.a.t.b.SeqModelChecker - Step 16: Transition #52. Is it enabled?
2026-04-27T12:25:05,550 [main] INFO  a.f.a.t.b.SeqModelChecker - Step 16: Transition #52 is disabled
2026-04-27T12:25:05,590 [main] DEBUG a.f.a.t.b.t.TransitionExecutorImpl - Step #16, transition #49
2026-04-27T12:25:05,590 [main] DEBUG a.f.a.t.b.t.TransitionExecutorImpl - Translating to SMT
2026-04-27T12:25:06,234 [main] DEBUG a.f.a.t.b.SeqModelChecker - Step 16: Transition #49. Is it enabled?
2026-04-27T12:25:06,657 [main] INFO  a.f.a.t.b.SeqModelChecker - Step 16: Transition #49 is disabled
2026-04-27T12:25:06,697 [main] DEBUG a.f.a.t.b.t.TransitionExecutorImpl - Step #16, transition #21
2026-04-27T12:25:06,697 [main] DEBUG a.f.a.t.b.t.TransitionExecutorImpl - Translating to SMT
2026-04-27T12:25:07,561 [main] DEBUG a.f.a.t.b.SeqModelChecker - Step 16: Transition #21. Is it enabled?
2026-04-27T12:25:27,974 [main] INFO  a.f.a.t.b.SeqModelChecker - Step 16: Transition #21 is disabled
2026-04-27T12:25:28,062 [main] DEBUG a.f.a.t.b.t.TransitionExecutorImpl - Step #16, transition #40
2026-04-27T12:25:28,062 [main] DEBUG a.f.a.t.b.t.TransitionExecutorImpl - Translating to SMT
2026-04-27T12:25:28,262 [main] DEBUG a.f.a.t.b.t.TransitionExecutorImpl - Transition 40 produces partial assignment. Disabled.
2026-04-27T12:25:28,328 [main] DEBUG a.f.a.t.b.t.TransitionExecutorImpl - Step #16, transition #51
2026-04-27T12:25:28,328 [main] DEBUG a.f.a.t.b.t.TransitionExecutorImpl - Translating to SMT
2026-04-27T12:25:28,904 [main] DEBUG a.f.a.t.b.SeqModelChecker - Step 16: Transition #51. Is it enabled?
2026-04-27T12:25:30,157 [main] INFO  a.f.a.t.b.SeqModelChecker - Step 16: Transition #51 is disabled
2026-04-27T12:25:30,197 [main] DEBUG a.f.a.t.b.t.TransitionExecutorImpl - Step #16, transition #28
2026-04-27T12:25:30,197 [main] DEBUG a.f.a.t.b.t.TransitionExecutorImpl - Translating to SMT
2026-04-27T12:25:30,358 [main] DEBUG a.f.a.t.b.SeqModelChecker - Step 16: Transition #28. Is it enabled?
2026-04-27T12:26:21,631 [main] INFO  a.f.a.t.b.SeqModelChecker - Step 16: Transition #28 is disabled
2026-04-27T12:26:21,705 [main] DEBUG a.f.a.t.b.t.TransitionExecutorImpl - Step #16, transition #45
2026-04-27T12:26:21,705 [main] DEBUG a.f.a.t.b.t.TransitionExecutorImpl - Translating to SMT
2026-04-27T12:26:22,262 [main] DEBUG a.f.a.t.b.SeqModelChecker - Step 16: Transition #45. Is it enabled?
2026-04-27T12:26:34,196 [main] INFO  a.f.a.t.b.SeqModelChecker - Step 16: Transition #45 is disabled
2026-04-27T12:26:34,251 [main] DEBUG a.f.a.t.b.t.TransitionExecutorImpl - Step #16, transition #6
2026-04-27T12:26:34,251 [main] DEBUG a.f.a.t.b.t.TransitionExecutorImpl - Translating to SMT
2026-04-27T12:26:34,388 [main] DEBUG a.f.a.t.b.SeqModelChecker - Step 16: Transition #6. Is it enabled?
2026-04-27T12:27:00,904 [main] INFO  a.f.a.t.b.SeqModelChecker - Step 16: Transition #6 is disabled
2026-04-27T12:27:00,971 [main] DEBUG a.f.a.t.b.t.TransitionExecutorImpl - Step #16, transition #34
2026-04-27T12:27:00,972 [main] DEBUG a.f.a.t.b.t.TransitionExecutorImpl - Translating to SMT
2026-04-27T12:27:01,162 [main] DEBUG a.f.a.t.b.SeqModelChecker - Step 16: Transition #34. Is it enabled?
2026-04-27T12:27:21,231 [main] DEBUG a.f.a.i.p.PassChainExecutor - Adapted exception intercepted: 
at.forsyte.apalache.tla.bmcmt.SmtEncodingException: SMT 0: z3 reports UNKNOWN. Maybe, your specification is outside the supported logic.
	at at.forsyte.apalache.tla.bmcmt.smt.Z3SolverContext.sat(Z3SolverContext.scala:557)
	at at.forsyte.apalache.tla.bmcmt.smt.Z3SolverContext.satOrTimeout(Z3SolverContext.scala:564)
	at at.forsyte.apalache.tla.bmcmt.smt.RecordingSolverContext.satOrTimeout(RecordingSolverContext.scala:205)
	at at.forsyte.apalache.tla.bmcmt.trex.TransitionExecutorImpl.sat(TransitionExecutorImpl.scala:349)
	at at.forsyte.apalache.tla.bmcmt.trex.FilteredTransitionExecutor.sat(FilteredTransitionExecutor.scala:181)
	at at.forsyte.apalache.tla.bmcmt.trex.ConstrainedTransitionExecutor.sat(ConstrainedTransitionExecutor.scala:127)
	at at.forsyte.apalache.tla.bmcmt.SeqModelChecker.$anonfun$prepareTransitionsAndCheckInvariants$5(SeqModelChecker.scala:232)
	at scala.runtime.java8.JFunction1$mcVI$sp.apply(JFunction1$mcVI$sp.scala:18)
	at scala.collection.immutable.List.foreach(List.scala:323)
	at at.forsyte.apalache.tla.bmcmt.SeqModelChecker.prepareTransitionsAndCheckInvariants(SeqModelChecker.scala:213)
	at at.forsyte.apalache.tla.bmcmt.SeqModelChecker.makeStep(SeqModelChecker.scala:125)
	at at.forsyte.apalache.tla.bmcmt.SeqModelChecker.run(SeqModelChecker.scala:67)
	at at.forsyte.apalache.tla.bmcmt.passes.BoundedCheckerPassImpl.runIncrementalChecker(BoundedCheckerPassImpl.scala:164)
	at at.forsyte.apalache.tla.bmcmt.passes.BoundedCheckerPassImpl.execute(BoundedCheckerPassImpl.scala:116)
	at at.forsyte.apalache.infra.passes.PassChainExecutor.exec(PassChainExecutor.scala:71)
	at at.forsyte.apalache.infra.passes.PassChainExecutor.$anonfun$runPassOnModule$3(PassChainExecutor.scala:60)
	at scala.util.Either.flatMap(Either.scala:360)
	at at.forsyte.apalache.infra.passes.PassChainExecutor.$anonfun$runPassOnModule$1(PassChainExecutor.scala:58)
	at scala.collection.LinearSeqOps.foldLeft(LinearSeq.scala:183)
	at scala.collection.LinearSeqOps.foldLeft$(LinearSeq.scala:179)
	at scala.collection.immutable.List.foldLeft(List.scala:79)
	at at.forsyte.apalache.infra.passes.PassChainExecutor.runOnPasses(PassChainExecutor.scala:51)
	at at.forsyte.apalache.infra.passes.PassChainExecutor.run(PassChainExecutor.scala:42)
	at at.forsyte.apalache.tla.tooling.opt.CheckCmd.run(CheckCmd.scala:137)
	at at.forsyte.apalache.tla.Tool$.runCommand(Tool.scala:139)
	at at.forsyte.apalache.tla.Tool$.run(Tool.scala:119)
	at at.forsyte.apalache.tla.Tool$.main(Tool.scala:40)
	at at.forsyte.apalache.tla.Tool.main(Tool.scala)
2026-04-27T12:27:21,264 [main] ERROR a.f.a.t.Tool$ - <unknown>: error when rewriting to SMT: SMT 0: z3 reports UNKNOWN. Maybe, your specification is outside the supported logic.
at.forsyte.apalache.infra.AdaptedException: <unknown>: error when rewriting to SMT: SMT 0: z3 reports UNKNOWN. Maybe, your specification is outside the supported logic.
	at at.forsyte.apalache.infra.passes.PassChainExecutor.run(PassChainExecutor.scala:47)
	at at.forsyte.apalache.tla.tooling.opt.CheckCmd.run(CheckCmd.scala:137)
	at at.forsyte.apalache.tla.Tool$.runCommand(Tool.scala:139)
	at at.forsyte.apalache.tla.Tool$.run(Tool.scala:119)
	at at.forsyte.apalache.tla.Tool$.main(Tool.scala:40)
	at at.forsyte.apalache.tla.Tool.main(Tool.scala)
2026-04-27T12:27:21,281 [main] INFO  a.f.a.t.Tool$ - It took me 0 days  0 hours 14 min 36 sec
2026-04-27T12:27:21,281 [main] INFO  a.f.a.t.Tool$ - Total time: 876.744 sec
