2026-04-27T11:58:00,705 [main] INFO  a.f.a.t.Tool$ - # APALACHE version: 0.56.1 | build: 70cdaf4
2026-04-27T11:58:00,725 [main] INFO  a.f.a.i.p.o.OptionGroup$ -   > AccordSpec.cfg: Loading TLC configuration
2026-04-27T11:58:00,772 [main] WARN  a.f.a.i.t.TlcConfigParserApalache$ - TLC config option CHECK_DEADLOCK true will be ignored
2026-04-27T11:58:00,779 [main] INFO  a.f.a.i.p.o.OptionGroup$ -   > Using inv predicate(s) Agreement, Ordering from the TLC config
2026-04-27T11:58:00,781 [main] INFO  a.f.a.t.t.o.CheckCmd - Tuning: search.outputTraces=false
2026-04-27T11:58:00,964 [main] INFO  a.f.a.i.p.PassChainExecutor - PASS #0: SanyParser
2026-04-27T11:58:01,555 [main] DEBUG a.f.a.i.p.PassChainExecutor - PASS #0: SanyParser [OK]
2026-04-27T11:58:01,556 [main] INFO  a.f.a.i.p.PassChainExecutor - PASS #1: TypeCheckerSnowcat
2026-04-27T11:58:01,556 [main] INFO  a.f.a.t.p.t.EtcTypeCheckerPassImpl -  > Running Snowcat .::.
2026-04-27T11:58:10,193 [main] INFO  a.f.a.t.p.t.EtcTypeCheckerPassImpl -  > Your types are purrfect!
2026-04-27T11:58:10,194 [main] INFO  a.f.a.t.p.t.EtcTypeCheckerPassImpl -  > All expressions are typed
2026-04-27T11:58:10,194 [main] DEBUG a.f.a.i.p.PassChainExecutor - PASS #1: TypeCheckerSnowcat [OK]
2026-04-27T11:58:10,195 [main] INFO  a.f.a.i.p.PassChainExecutor - PASS #2: ConfigurationPass
2026-04-27T11:58:10,373 [main] INFO  a.f.a.t.p.p.ConfigurationPassImpl -   > AccordSpec.cfg: Using SPECIFICATION Spec
2026-04-27T11:58:10,375 [main] INFO  a.f.a.t.p.p.ConfigurationPassImpl -   > AccordSpec.cfg: found INVARIANTS: Agreement, Ordering
2026-04-27T11:58:10,377 [main] INFO  a.f.a.t.p.p.ConfigurationPassImpl -   > Set the initialization predicate to Init
2026-04-27T11:58:10,378 [main] INFO  a.f.a.t.p.p.ConfigurationPassImpl -   > Set the transition predicate to Next
2026-04-27T11:58:10,378 [main] INFO  a.f.a.t.p.p.ConfigurationPassImpl -   > Set the constant initialization predicate to CInit
2026-04-27T11:58:10,378 [main] INFO  a.f.a.t.p.p.ConfigurationPassImpl -   > Set an invariant to Agreement
2026-04-27T11:58:10,378 [main] INFO  a.f.a.t.p.p.ConfigurationPassImpl -   > Set an invariant to Ordering
2026-04-27T11:58:10,383 [main] DEBUG a.f.a.i.p.PassChainExecutor - PASS #2: ConfigurationPass [OK]
2026-04-27T11:58:10,384 [main] INFO  a.f.a.i.p.PassChainExecutor - PASS #3: DesugarerPass
2026-04-27T11:58:10,384 [main] INFO  a.f.a.t.p.p.DesugarerPassImpl -   > Desugaring...
2026-04-27T11:58:10,407 [main] DEBUG a.f.a.i.p.PassChainExecutor - PASS #3: DesugarerPass [OK]
2026-04-27T11:58:10,407 [main] INFO  a.f.a.i.p.PassChainExecutor - PASS #4: InlinePass
2026-04-27T11:58:10,407 [main] INFO  a.f.a.t.p.p.InlinePassImpl - Leaving only relevant operators: Agreement, CInit, CInitPrimed, Init, InitPrimed, Next, Ordering
2026-04-27T11:58:10,630 [main] DEBUG a.f.a.i.p.PassChainExecutor - PASS #4: InlinePass [OK]
2026-04-27T11:58:10,630 [main] INFO  a.f.a.i.p.PassChainExecutor - PASS #5: TemporalPass
2026-04-27T11:58:10,630 [main] INFO  a.f.a.t.p.p.TemporalPassImpl -   > Rewriting temporal operators...
2026-04-27T11:58:10,630 [main] INFO  a.f.a.t.p.p.TemporalPassImpl -   > No temporal property specified, nothing to encode
2026-04-27T11:58:10,630 [main] DEBUG a.f.a.i.p.PassChainExecutor - PASS #5: TemporalPass [OK]
2026-04-27T11:58:10,630 [main] INFO  a.f.a.i.p.PassChainExecutor - PASS #6: InlinePass
2026-04-27T11:58:10,631 [main] INFO  a.f.a.t.p.p.InlinePassImpl - Leaving only relevant operators: Agreement, CInit, CInitPrimed, Init, InitPrimed, Next, Ordering
2026-04-27T11:58:10,694 [main] DEBUG a.f.a.i.p.PassChainExecutor - PASS #6: InlinePass [OK]
2026-04-27T11:58:10,695 [main] INFO  a.f.a.i.p.PassChainExecutor - PASS #7: PrimingPass
2026-04-27T11:58:10,696 [main] INFO  a.f.a.t.p.a.PrimingPassImpl -   > Introducing CInitPrimed for CInit'
2026-04-27T11:58:10,697 [main] INFO  a.f.a.t.p.a.PrimingPassImpl -   > Introducing InitPrimed for Init'
2026-04-27T11:58:10,698 [main] DEBUG a.f.a.i.p.PassChainExecutor - PASS #7: PrimingPass [OK]
2026-04-27T11:58:10,698 [main] INFO  a.f.a.i.p.PassChainExecutor - PASS #8: VCGen
2026-04-27T11:58:10,698 [main] INFO  a.f.a.t.b.p.VCGenPassImpl -   > Producing verification conditions from the invariant Agreement
2026-04-27T11:58:10,701 [main] INFO  a.f.a.t.b.VCGenerator -   > VCGen produced 1 verification condition(s)
2026-04-27T11:58:10,702 [main] INFO  a.f.a.t.b.p.VCGenPassImpl -   > Producing verification conditions from the invariant Ordering
2026-04-27T11:58:10,703 [main] INFO  a.f.a.t.b.VCGenerator -   > VCGen produced 1 verification condition(s)
2026-04-27T11:58:10,703 [main] DEBUG a.f.a.i.p.PassChainExecutor - PASS #8: VCGen [OK]
2026-04-27T11:58:10,703 [main] INFO  a.f.a.i.p.PassChainExecutor - PASS #9: PreprocessingPass
2026-04-27T11:58:10,703 [main] INFO  a.f.a.t.p.p.PreproPassImpl -   > Before preprocessing: unique renaming
2026-04-27T11:58:10,708 [main] INFO  a.f.a.t.p.p.PreproPassImpl -  > Applying standard transformations:
2026-04-27T11:58:10,708 [main] INFO  a.f.a.t.p.p.PreproPassImpl -   > PrimePropagation
2026-04-27T11:58:10,716 [main] INFO  a.f.a.t.p.p.PreproPassImpl -   > Desugarer
2026-04-27T11:58:10,727 [main] INFO  a.f.a.t.p.p.PreproPassImpl -   > UniqueRenamer
2026-04-27T11:58:10,770 [main] INFO  a.f.a.t.p.p.PreproPassImpl -   > Normalizer
2026-04-27T11:58:10,794 [main] INFO  a.f.a.t.p.p.PreproPassImpl -   > Keramelizer
2026-04-27T11:58:10,836 [main] INFO  a.f.a.t.p.p.PreproPassImpl -   > After preprocessing: UniqueRenamer
2026-04-27T11:58:10,881 [main] DEBUG a.f.a.i.p.PassChainExecutor - PASS #9: PreprocessingPass [OK]
2026-04-27T11:58:10,881 [main] INFO  a.f.a.i.p.PassChainExecutor - PASS #10: TransitionFinderPass
2026-04-27T11:58:10,945 [main] INFO  a.f.a.t.p.a.TransitionPassImpl -   > Found 1 initializing transitions
2026-04-27T11:58:11,065 [main] INFO  a.f.a.t.p.a.TransitionPassImpl -   > Found 70 transitions
2026-04-27T11:58:11,066 [main] INFO  a.f.a.t.p.a.TransitionPassImpl -   > Found constant initializer CInit
2026-04-27T11:58:11,070 [main] INFO  a.f.a.t.p.a.TransitionPassImpl -   > Applying unique renaming
2026-04-27T11:58:11,221 [main] DEBUG a.f.a.i.p.PassChainExecutor - PASS #10: TransitionFinderPass [OK]
2026-04-27T11:58:11,221 [main] INFO  a.f.a.i.p.PassChainExecutor - PASS #11: OptimizationPass
2026-04-27T11:58:11,226 [main] INFO  a.f.a.t.p.p.OptPassImpl -  > Applying optimizations:
2026-04-27T11:58:11,226 [main] INFO  a.f.a.t.p.p.OptPassImpl -   > ConstSimplifier
2026-04-27T11:58:11,347 [main] INFO  a.f.a.t.p.p.OptPassImpl -   > ExprOptimizer
2026-04-27T11:58:11,407 [main] INFO  a.f.a.t.p.p.OptPassImpl -   > SetMembershipSimplifier
2026-04-27T11:58:11,421 [main] INFO  a.f.a.t.p.p.OptPassImpl -   > ConstSimplifier
2026-04-27T11:58:11,514 [main] DEBUG a.f.a.i.p.PassChainExecutor - PASS #11: OptimizationPass [OK]
2026-04-27T11:58:11,514 [main] INFO  a.f.a.i.p.PassChainExecutor - PASS #12: AnalysisPass
2026-04-27T11:58:11,517 [main] INFO  a.f.a.t.b.p.AnalysisPassImpl -  > Marking skolemizable existentials and sets to be expanded...
2026-04-27T11:58:11,517 [main] INFO  a.f.a.t.b.p.AnalysisPassImpl -   > Skolemization
2026-04-27T11:58:11,526 [main] INFO  a.f.a.t.b.p.AnalysisPassImpl -   > Expansion
2026-04-27T11:58:11,559 [main] INFO  a.f.a.t.b.p.AnalysisPassImpl -   > Remove unused let-in defs
2026-04-27T11:58:11,578 [main] INFO  a.f.a.t.b.p.AnalysisPassImpl -  > Running analyzers...
2026-04-27T11:58:11,583 [main] INFO  a.f.a.t.b.p.AnalysisPassImpl -   > Introduced expression grades
2026-04-27T11:58:11,584 [main] DEBUG a.f.a.i.p.PassChainExecutor - PASS #12: AnalysisPass [OK]
2026-04-27T11:58:11,584 [main] INFO  a.f.a.i.p.PassChainExecutor - PASS #13: BoundedChecker
2026-04-27T11:58:11,604 [main] DEBUG a.f.a.t.b.s.Z3SolverContext - Creating Z3 solver context 0
2026-04-27T11:58:11,822 [main] DEBUG a.f.a.t.b.t.TransitionExecutorImpl - Initializing CONSTANTS
2026-04-27T11:58:11,859 [main] DEBUG a.f.a.t.b.t.TransitionExecutorImpl - Step #0, transition #0
2026-04-27T11:58:11,859 [main] DEBUG a.f.a.t.b.t.TransitionExecutorImpl - Translating to SMT
2026-04-27T11:58:11,879 [main] DEBUG a.f.a.t.b.SeqModelChecker - Step 0: Transition #0. Is it enabled?
2026-04-27T11:58:11,881 [main] DEBUG a.f.a.t.b.SeqModelChecker - Step 0: Transition #0 is enabled
2026-04-27T11:58:11,881 [main] INFO  a.f.a.t.b.SeqModelChecker - State 0: Checking 2 state invariants
2026-04-27T11:58:11,882 [main] DEBUG a.f.a.t.b.SeqModelChecker - State 0: Checking state invariant 0
2026-04-27T11:58:11,907 [main] INFO  a.f.a.t.b.SeqModelChecker - State 0: state invariant 0 holds.
2026-04-27T11:58:11,909 [main] DEBUG a.f.a.t.b.SeqModelChecker - State 0: Checking state invariant 1
2026-04-27T11:58:11,933 [main] INFO  a.f.a.t.b.SeqModelChecker - State 0: state invariant 1 holds.
2026-04-27T11:58:11,934 [main] INFO  a.f.a.t.b.t.TransitionExecutorImpl - Step 0: picking a transition out of 1 transition(s)
2026-04-27T11:58:11,936 [main] DEBUG a.f.a.t.b.t.TransitionExecutorImpl - Step #1, transition #0
2026-04-27T11:58:11,936 [main] DEBUG a.f.a.t.b.t.TransitionExecutorImpl - Translating to SMT
2026-04-27T11:58:11,940 [main] DEBUG a.f.a.t.b.SeqModelChecker - Step 1: Transition #0. Is it enabled?
2026-04-27T11:58:11,941 [main] INFO  a.f.a.t.b.SeqModelChecker - Step 1: Transition #0 is disabled
2026-04-27T11:58:11,942 [main] DEBUG a.f.a.t.b.t.TransitionExecutorImpl - Step #1, transition #1
2026-04-27T11:58:11,942 [main] DEBUG a.f.a.t.b.t.TransitionExecutorImpl - Translating to SMT
2026-04-27T11:58:11,944 [main] DEBUG a.f.a.t.b.SeqModelChecker - Step 1: Transition #1. Is it enabled?
2026-04-27T11:58:11,945 [main] INFO  a.f.a.t.b.SeqModelChecker - Step 1: Transition #1 is disabled
2026-04-27T11:58:11,945 [main] DEBUG a.f.a.t.b.t.TransitionExecutorImpl - Step #1, transition #2
2026-04-27T11:58:11,945 [main] DEBUG a.f.a.t.b.t.TransitionExecutorImpl - Translating to SMT
2026-04-27T11:58:11,947 [main] DEBUG a.f.a.t.b.SeqModelChecker - Step 1: Transition #2. Is it enabled?
2026-04-27T11:58:11,947 [main] INFO  a.f.a.t.b.SeqModelChecker - Step 1: Transition #2 is disabled
2026-04-27T11:58:11,947 [main] DEBUG a.f.a.t.b.t.TransitionExecutorImpl - Step #1, transition #3
2026-04-27T11:58:11,947 [main] DEBUG a.f.a.t.b.t.TransitionExecutorImpl - Translating to SMT
2026-04-27T11:58:11,947 [main] DEBUG a.f.a.t.b.t.TransitionExecutorImpl - Transition 3 produces partial assignment. Disabled.
2026-04-27T11:58:11,948 [main] DEBUG a.f.a.t.b.t.TransitionExecutorImpl - Step #1, transition #4
2026-04-27T11:58:11,948 [main] DEBUG a.f.a.t.b.t.TransitionExecutorImpl - Translating to SMT
2026-04-27T11:58:11,948 [main] DEBUG a.f.a.t.b.t.TransitionExecutorImpl - Transition 4 produces partial assignment. Disabled.
2026-04-27T11:58:11,948 [main] DEBUG a.f.a.t.b.t.TransitionExecutorImpl - Step #1, transition #5
2026-04-27T11:58:11,948 [main] DEBUG a.f.a.t.b.t.TransitionExecutorImpl - Translating to SMT
2026-04-27T11:58:11,949 [main] DEBUG a.f.a.t.b.SeqModelChecker - Step 1: Transition #5. Is it enabled?
2026-04-27T11:58:11,950 [main] INFO  a.f.a.t.b.SeqModelChecker - Step 1: Transition #5 is disabled
2026-04-27T11:58:11,950 [main] DEBUG a.f.a.t.b.t.TransitionExecutorImpl - Step #1, transition #6
2026-04-27T11:58:11,950 [main] DEBUG a.f.a.t.b.t.TransitionExecutorImpl - Translating to SMT
2026-04-27T11:58:11,951 [main] DEBUG a.f.a.t.b.SeqModelChecker - Step 1: Transition #6. Is it enabled?
2026-04-27T11:58:11,952 [main] INFO  a.f.a.t.b.SeqModelChecker - Step 1: Transition #6 is disabled
2026-04-27T11:58:11,952 [main] DEBUG a.f.a.t.b.t.TransitionExecutorImpl - Step #1, transition #7
2026-04-27T11:58:11,952 [main] DEBUG a.f.a.t.b.t.TransitionExecutorImpl - Translating to SMT
2026-04-27T11:58:11,952 [main] DEBUG a.f.a.t.b.t.TransitionExecutorImpl - Transition 7 produces partial assignment. Disabled.
2026-04-27T11:58:11,952 [main] DEBUG a.f.a.t.b.t.TransitionExecutorImpl - Step #1, transition #8
2026-04-27T11:58:11,952 [main] DEBUG a.f.a.t.b.t.TransitionExecutorImpl - Translating to SMT
2026-04-27T11:58:11,953 [main] DEBUG a.f.a.t.b.t.TransitionExecutorImpl - Transition 8 produces partial assignment. Disabled.
2026-04-27T11:58:11,953 [main] DEBUG a.f.a.t.b.t.TransitionExecutorImpl - Step #1, transition #9
2026-04-27T11:58:11,953 [main] DEBUG a.f.a.t.b.t.TransitionExecutorImpl - Translating to SMT
2026-04-27T11:58:11,954 [main] DEBUG a.f.a.t.b.SeqModelChecker - Step 1: Transition #9. Is it enabled?
2026-04-27T11:58:11,954 [main] INFO  a.f.a.t.b.SeqModelChecker - Step 1: Transition #9 is disabled
2026-04-27T11:58:11,955 [main] DEBUG a.f.a.t.b.t.TransitionExecutorImpl - Step #1, transition #10
2026-04-27T11:58:11,955 [main] DEBUG a.f.a.t.b.t.TransitionExecutorImpl - Translating to SMT
2026-04-27T11:58:11,956 [main] DEBUG a.f.a.t.b.SeqModelChecker - Step 1: Transition #10. Is it enabled?
2026-04-27T11:58:11,957 [main] INFO  a.f.a.t.b.SeqModelChecker - Step 1: Transition #10 is disabled
2026-04-27T11:58:11,957 [main] DEBUG a.f.a.t.b.t.TransitionExecutorImpl - Step #1, transition #11
2026-04-27T11:58:11,957 [main] DEBUG a.f.a.t.b.t.TransitionExecutorImpl - Translating to SMT
2026-04-27T11:58:11,958 [main] DEBUG a.f.a.t.b.SeqModelChecker - Step 1: Transition #11. Is it enabled?
2026-04-27T11:58:11,959 [main] INFO  a.f.a.t.b.SeqModelChecker - Step 1: Transition #11 is disabled
2026-04-27T11:58:11,959 [main] DEBUG a.f.a.t.b.t.TransitionExecutorImpl - Step #1, transition #12
2026-04-27T11:58:11,959 [main] DEBUG a.f.a.t.b.t.TransitionExecutorImpl - Translating to SMT
2026-04-27T11:58:11,961 [main] DEBUG a.f.a.t.b.SeqModelChecker - Step 1: Transition #12. Is it enabled?
2026-04-27T11:58:11,962 [main] INFO  a.f.a.t.b.SeqModelChecker - Step 1: Transition #12 is disabled
2026-04-27T11:58:11,962 [main] DEBUG a.f.a.t.b.t.TransitionExecutorImpl - Step #1, transition #13
2026-04-27T11:58:11,962 [main] DEBUG a.f.a.t.b.t.TransitionExecutorImpl - Translating to SMT
2026-04-27T11:58:11,964 [main] DEBUG a.f.a.t.b.SeqModelChecker - Step 1: Transition #13. Is it enabled?
2026-04-27T11:58:11,965 [main] INFO  a.f.a.t.b.SeqModelChecker - Step 1: Transition #13 is disabled
2026-04-27T11:58:11,965 [main] DEBUG a.f.a.t.b.t.TransitionExecutorImpl - Step #1, transition #14
2026-04-27T11:58:11,965 [main] DEBUG a.f.a.t.b.t.TransitionExecutorImpl - Translating to SMT
2026-04-27T11:58:11,968 [main] DEBUG a.f.a.t.b.SeqModelChecker - Step 1: Transition #14. Is it enabled?
2026-04-27T11:58:11,968 [main] INFO  a.f.a.t.b.SeqModelChecker - Step 1: Transition #14 is disabled
2026-04-27T11:58:11,968 [main] DEBUG a.f.a.t.b.t.TransitionExecutorImpl - Step #1, transition #15
2026-04-27T11:58:11,968 [main] DEBUG a.f.a.t.b.t.TransitionExecutorImpl - Translating to SMT
2026-04-27T11:58:11,970 [main] DEBUG a.f.a.t.b.SeqModelChecker - Step 1: Transition #15. Is it enabled?
2026-04-27T11:58:11,971 [main] INFO  a.f.a.t.b.SeqModelChecker - Step 1: Transition #15 is disabled
2026-04-27T11:58:11,972 [main] DEBUG a.f.a.t.b.t.TransitionExecutorImpl - Step #1, transition #16
2026-04-27T11:58:11,972 [main] DEBUG a.f.a.t.b.t.TransitionExecutorImpl - Translating to SMT
2026-04-27T11:58:12,054 [main] DEBUG a.f.a.t.b.SeqModelChecker - Step 1: Transition #16. Is it enabled?
2026-04-27T11:58:12,055 [main] DEBUG a.f.a.t.b.SeqModelChecker - Step 1: Transition #16 is enabled
2026-04-27T11:58:12,056 [main] INFO  a.f.a.t.b.SeqModelChecker - State 1: Checking 2 state invariants
2026-04-27T11:58:12,056 [main] DEBUG a.f.a.t.b.SeqModelChecker - State 1: Checking state invariant 0
2026-04-27T11:58:12,062 [main] INFO  a.f.a.t.b.SeqModelChecker - State 1: state invariant 0 holds.
2026-04-27T11:58:12,063 [main] DEBUG a.f.a.t.b.SeqModelChecker - State 1: Checking state invariant 1
2026-04-27T11:58:12,073 [main] INFO  a.f.a.t.b.SeqModelChecker - State 1: state invariant 1 holds.
2026-04-27T11:58:12,074 [main] DEBUG a.f.a.t.b.t.TransitionExecutorImpl - Step #1, transition #17
2026-04-27T11:58:12,074 [main] DEBUG a.f.a.t.b.t.TransitionExecutorImpl - Translating to SMT
2026-04-27T11:58:12,089 [main] DEBUG a.f.a.t.b.SeqModelChecker - Step 1: Transition #17. Is it enabled?
2026-04-27T11:58:12,090 [main] INFO  a.f.a.t.b.SeqModelChecker - Step 1: Transition #17 is disabled
2026-04-27T11:58:12,090 [main] DEBUG a.f.a.t.b.t.TransitionExecutorImpl - Step #1, transition #18
2026-04-27T11:58:12,090 [main] DEBUG a.f.a.t.b.t.TransitionExecutorImpl - Translating to SMT
2026-04-27T11:58:12,094 [main] DEBUG a.f.a.t.b.t.TransitionExecutorImpl - Transition 18 produces partial assignment. Disabled.
2026-04-27T11:58:12,094 [main] DEBUG a.f.a.t.b.t.TransitionExecutorImpl - Step #1, transition #19
2026-04-27T11:58:12,094 [main] DEBUG a.f.a.t.b.t.TransitionExecutorImpl - Translating to SMT
2026-04-27T11:58:12,097 [main] DEBUG a.f.a.t.b.t.TransitionExecutorImpl - Transition 19 produces partial assignment. Disabled.
2026-04-27T11:58:12,097 [main] DEBUG a.f.a.t.b.t.TransitionExecutorImpl - Step #1, transition #20
2026-04-27T11:58:12,097 [main] DEBUG a.f.a.t.b.t.TransitionExecutorImpl - Translating to SMT
2026-04-27T11:58:12,100 [main] DEBUG a.f.a.t.b.t.TransitionExecutorImpl - Transition 20 produces partial assignment. Disabled.
2026-04-27T11:58:12,100 [main] DEBUG a.f.a.t.b.t.TransitionExecutorImpl - Step #1, transition #21
2026-04-27T11:58:12,101 [main] DEBUG a.f.a.t.b.t.TransitionExecutorImpl - Translating to SMT
2026-04-27T11:58:12,115 [main] DEBUG a.f.a.t.b.SeqModelChecker - Step 1: Transition #21. Is it enabled?
2026-04-27T11:58:12,116 [main] INFO  a.f.a.t.b.SeqModelChecker - Step 1: Transition #21 is disabled
2026-04-27T11:58:12,117 [main] DEBUG a.f.a.t.b.t.TransitionExecutorImpl - Step #1, transition #22
2026-04-27T11:58:12,117 [main] DEBUG a.f.a.t.b.t.TransitionExecutorImpl - Translating to SMT
2026-04-27T11:58:12,120 [main] DEBUG a.f.a.t.b.t.TransitionExecutorImpl - Transition 22 produces partial assignment. Disabled.
2026-04-27T11:58:12,120 [main] DEBUG a.f.a.t.b.t.TransitionExecutorImpl - Step #1, transition #23
2026-04-27T11:58:12,120 [main] DEBUG a.f.a.t.b.t.TransitionExecutorImpl - Translating to SMT
2026-04-27T11:58:12,122 [main] DEBUG a.f.a.t.b.t.TransitionExecutorImpl - Transition 23 produces partial assignment. Disabled.
2026-04-27T11:58:12,122 [main] DEBUG a.f.a.t.b.t.TransitionExecutorImpl - Step #1, transition #24
2026-04-27T11:58:12,122 [main] DEBUG a.f.a.t.b.t.TransitionExecutorImpl - Translating to SMT
2026-04-27T11:58:12,136 [main] DEBUG a.f.a.t.b.SeqModelChecker - Step 1: Transition #24. Is it enabled?
2026-04-27T11:58:12,137 [main] INFO  a.f.a.t.b.SeqModelChecker - Step 1: Transition #24 is disabled
2026-04-27T11:58:12,137 [main] DEBUG a.f.a.t.b.t.TransitionExecutorImpl - Step #1, transition #25
2026-04-27T11:58:12,137 [main] DEBUG a.f.a.t.b.t.TransitionExecutorImpl - Translating to SMT
2026-04-27T11:58:12,139 [main] DEBUG a.f.a.t.b.t.TransitionExecutorImpl - Transition 25 produces partial assignment. Disabled.
2026-04-27T11:58:12,140 [main] DEBUG a.f.a.t.b.t.TransitionExecutorImpl - Step #1, transition #26
2026-04-27T11:58:12,140 [main] DEBUG a.f.a.t.b.t.TransitionExecutorImpl - Translating to SMT
2026-04-27T11:58:12,152 [main] DEBUG a.f.a.t.b.SeqModelChecker - Step 1: Transition #26. Is it enabled?
2026-04-27T11:58:12,153 [main] INFO  a.f.a.t.b.SeqModelChecker - Step 1: Transition #26 is disabled
2026-04-27T11:58:12,154 [main] DEBUG a.f.a.t.b.t.TransitionExecutorImpl - Step #1, transition #27
2026-04-27T11:58:12,154 [main] DEBUG a.f.a.t.b.t.TransitionExecutorImpl - Translating to SMT
2026-04-27T11:58:12,160 [main] DEBUG a.f.a.t.b.SeqModelChecker - Step 1: Transition #27. Is it enabled?
2026-04-27T11:58:12,160 [main] INFO  a.f.a.t.b.SeqModelChecker - Step 1: Transition #27 is disabled
2026-04-27T11:58:12,161 [main] DEBUG a.f.a.t.b.t.TransitionExecutorImpl - Step #1, transition #28
2026-04-27T11:58:12,161 [main] DEBUG a.f.a.t.b.t.TransitionExecutorImpl - Translating to SMT
2026-04-27T11:58:12,199 [main] DEBUG a.f.a.t.b.SeqModelChecker - Step 1: Transition #28. Is it enabled?
2026-04-27T11:58:12,200 [main] INFO  a.f.a.t.b.SeqModelChecker - Step 1: Transition #28 is disabled
2026-04-27T11:58:12,201 [main] DEBUG a.f.a.t.b.t.TransitionExecutorImpl - Step #1, transition #29
2026-04-27T11:58:12,201 [main] DEBUG a.f.a.t.b.t.TransitionExecutorImpl - Translating to SMT
2026-04-27T11:58:12,233 [main] DEBUG a.f.a.t.b.SeqModelChecker - Step 1: Transition #29. Is it enabled?
2026-04-27T11:58:12,235 [main] INFO  a.f.a.t.b.SeqModelChecker - Step 1: Transition #29 is disabled
2026-04-27T11:58:12,236 [main] DEBUG a.f.a.t.b.t.TransitionExecutorImpl - Step #1, transition #30
2026-04-27T11:58:12,236 [main] DEBUG a.f.a.t.b.t.TransitionExecutorImpl - Translating to SMT
2026-04-27T11:58:12,267 [main] DEBUG a.f.a.t.b.SeqModelChecker - Step 1: Transition #30. Is it enabled?
2026-04-27T11:58:12,268 [main] INFO  a.f.a.t.b.SeqModelChecker - Step 1: Transition #30 is disabled
2026-04-27T11:58:12,269 [main] DEBUG a.f.a.t.b.t.TransitionExecutorImpl - Step #1, transition #31
2026-04-27T11:58:12,269 [main] DEBUG a.f.a.t.b.t.TransitionExecutorImpl - Translating to SMT
2026-04-27T11:58:12,316 [main] DEBUG a.f.a.t.b.SeqModelChecker - Step 1: Transition #31. Is it enabled?
2026-04-27T11:58:12,318 [main] INFO  a.f.a.t.b.SeqModelChecker - Step 1: Transition #31 is disabled
2026-04-27T11:58:12,320 [main] DEBUG a.f.a.t.b.t.TransitionExecutorImpl - Step #1, transition #32
2026-04-27T11:58:12,320 [main] DEBUG a.f.a.t.b.t.TransitionExecutorImpl - Translating to SMT
2026-04-27T11:58:12,391 [main] DEBUG a.f.a.t.b.SeqModelChecker - Step 1: Transition #32. Is it enabled?
2026-04-27T11:58:12,393 [main] INFO  a.f.a.t.b.SeqModelChecker - Step 1: Transition #32 is disabled
2026-04-27T11:58:12,394 [main] DEBUG a.f.a.t.b.t.TransitionExecutorImpl - Step #1, transition #33
2026-04-27T11:58:12,395 [main] DEBUG a.f.a.t.b.t.TransitionExecutorImpl - Translating to SMT
2026-04-27T11:58:12,477 [main] DEBUG a.f.a.t.b.SeqModelChecker - Step 1: Transition #33. Is it enabled?
2026-04-27T11:58:12,478 [main] INFO  a.f.a.t.b.SeqModelChecker - Step 1: Transition #33 is disabled
2026-04-27T11:58:12,479 [main] DEBUG a.f.a.t.b.t.TransitionExecutorImpl - Step #1, transition #34
2026-04-27T11:58:12,479 [main] DEBUG a.f.a.t.b.t.TransitionExecutorImpl - Translating to SMT
2026-04-27T11:58:12,517 [main] DEBUG a.f.a.t.b.SeqModelChecker - Step 1: Transition #34. Is it enabled?
2026-04-27T11:58:12,518 [main] INFO  a.f.a.t.b.SeqModelChecker - Step 1: Transition #34 is disabled
2026-04-27T11:58:12,519 [main] DEBUG a.f.a.t.b.t.TransitionExecutorImpl - Step #1, transition #35
2026-04-27T11:58:12,519 [main] DEBUG a.f.a.t.b.t.TransitionExecutorImpl - Translating to SMT
2026-04-27T11:58:12,548 [main] DEBUG a.f.a.t.b.SeqModelChecker - Step 1: Transition #35. Is it enabled?
2026-04-27T11:58:12,550 [main] INFO  a.f.a.t.b.SeqModelChecker - Step 1: Transition #35 is disabled
2026-04-27T11:58:12,551 [main] DEBUG a.f.a.t.b.t.TransitionExecutorImpl - Step #1, transition #36
2026-04-27T11:58:12,551 [main] DEBUG a.f.a.t.b.t.TransitionExecutorImpl - Translating to SMT
2026-04-27T11:58:12,553 [main] DEBUG a.f.a.t.b.t.TransitionExecutorImpl - Transition 36 produces partial assignment. Disabled.
2026-04-27T11:58:12,553 [main] DEBUG a.f.a.t.b.t.TransitionExecutorImpl - Step #1, transition #37
2026-04-27T11:58:12,553 [main] DEBUG a.f.a.t.b.t.TransitionExecutorImpl - Translating to SMT
2026-04-27T11:58:12,566 [main] DEBUG a.f.a.t.b.SeqModelChecker - Step 1: Transition #37. Is it enabled?
2026-04-27T11:58:12,567 [main] INFO  a.f.a.t.b.SeqModelChecker - Step 1: Transition #37 is disabled
2026-04-27T11:58:12,568 [main] DEBUG a.f.a.t.b.t.TransitionExecutorImpl - Step #1, transition #38
2026-04-27T11:58:12,568 [main] DEBUG a.f.a.t.b.t.TransitionExecutorImpl - Translating to SMT
2026-04-27T11:58:12,569 [main] DEBUG a.f.a.t.b.t.TransitionExecutorImpl - Transition 38 produces partial assignment. Disabled.
2026-04-27T11:58:12,569 [main] DEBUG a.f.a.t.b.t.TransitionExecutorImpl - Step #1, transition #39
2026-04-27T11:58:12,570 [main] DEBUG a.f.a.t.b.t.TransitionExecutorImpl - Translating to SMT
2026-04-27T11:58:12,590 [main] DEBUG a.f.a.t.b.SeqModelChecker - Step 1: Transition #39. Is it enabled?
2026-04-27T11:58:12,592 [main] INFO  a.f.a.t.b.SeqModelChecker - Step 1: Transition #39 is disabled
2026-04-27T11:58:12,592 [main] DEBUG a.f.a.t.b.t.TransitionExecutorImpl - Step #1, transition #40
2026-04-27T11:58:12,592 [main] DEBUG a.f.a.t.b.t.TransitionExecutorImpl - Translating to SMT
2026-04-27T11:58:12,595 [main] DEBUG a.f.a.t.b.t.TransitionExecutorImpl - Transition 40 produces partial assignment. Disabled.
2026-04-27T11:58:12,596 [main] DEBUG a.f.a.t.b.t.TransitionExecutorImpl - Step #1, transition #41
2026-04-27T11:58:12,596 [main] DEBUG a.f.a.t.b.t.TransitionExecutorImpl - Translating to SMT
2026-04-27T11:58:12,615 [main] DEBUG a.f.a.t.b.SeqModelChecker - Step 1: Transition #41. Is it enabled?
2026-04-27T11:58:12,616 [main] INFO  a.f.a.t.b.SeqModelChecker - Step 1: Transition #41 is disabled
2026-04-27T11:58:12,617 [main] DEBUG a.f.a.t.b.t.TransitionExecutorImpl - Step #1, transition #42
2026-04-27T11:58:12,617 [main] DEBUG a.f.a.t.b.t.TransitionExecutorImpl - Translating to SMT
2026-04-27T11:58:12,621 [main] DEBUG a.f.a.t.b.t.TransitionExecutorImpl - Transition 42 produces partial assignment. Disabled.
2026-04-27T11:58:12,621 [main] DEBUG a.f.a.t.b.t.TransitionExecutorImpl - Step #1, transition #43
2026-04-27T11:58:12,621 [main] DEBUG a.f.a.t.b.t.TransitionExecutorImpl - Translating to SMT
2026-04-27T11:58:12,642 [main] DEBUG a.f.a.t.b.SeqModelChecker - Step 1: Transition #43. Is it enabled?
2026-04-27T11:58:12,643 [main] INFO  a.f.a.t.b.SeqModelChecker - Step 1: Transition #43 is disabled
2026-04-27T11:58:12,644 [main] DEBUG a.f.a.t.b.t.TransitionExecutorImpl - Step #1, transition #44
2026-04-27T11:58:12,644 [main] DEBUG a.f.a.t.b.t.TransitionExecutorImpl - Translating to SMT
2026-04-27T11:58:12,671 [main] DEBUG a.f.a.t.b.SeqModelChecker - Step 1: Transition #44. Is it enabled?
2026-04-27T11:58:12,672 [main] INFO  a.f.a.t.b.SeqModelChecker - Step 1: Transition #44 is disabled
2026-04-27T11:58:12,673 [main] DEBUG a.f.a.t.b.t.TransitionExecutorImpl - Step #1, transition #45
2026-04-27T11:58:12,673 [main] DEBUG a.f.a.t.b.t.TransitionExecutorImpl - Translating to SMT
2026-04-27T11:58:12,693 [main] DEBUG a.f.a.t.b.SeqModelChecker - Step 1: Transition #45. Is it enabled?
2026-04-27T11:58:12,694 [main] INFO  a.f.a.t.b.SeqModelChecker - Step 1: Transition #45 is disabled
2026-04-27T11:58:12,695 [main] DEBUG a.f.a.t.b.t.TransitionExecutorImpl - Step #1, transition #46
2026-04-27T11:58:12,695 [main] DEBUG a.f.a.t.b.t.TransitionExecutorImpl - Translating to SMT
2026-04-27T11:58:12,725 [main] DEBUG a.f.a.t.b.SeqModelChecker - Step 1: Transition #46. Is it enabled?
2026-04-27T11:58:12,726 [main] INFO  a.f.a.t.b.SeqModelChecker - Step 1: Transition #46 is disabled
2026-04-27T11:58:12,726 [main] DEBUG a.f.a.t.b.t.TransitionExecutorImpl - Step #1, transition #47
2026-04-27T11:58:12,726 [main] DEBUG a.f.a.t.b.t.TransitionExecutorImpl - Translating to SMT
2026-04-27T11:58:12,739 [main] DEBUG a.f.a.t.b.SeqModelChecker - Step 1: Transition #47. Is it enabled?
2026-04-27T11:58:12,740 [main] INFO  a.f.a.t.b.SeqModelChecker - Step 1: Transition #47 is disabled
2026-04-27T11:58:12,741 [main] DEBUG a.f.a.t.b.t.TransitionExecutorImpl - Step #1, transition #48
2026-04-27T11:58:12,741 [main] DEBUG a.f.a.t.b.t.TransitionExecutorImpl - Translating to SMT
2026-04-27T11:58:12,768 [main] DEBUG a.f.a.t.b.SeqModelChecker - Step 1: Transition #48. Is it enabled?
2026-04-27T11:58:12,769 [main] INFO  a.f.a.t.b.SeqModelChecker - Step 1: Transition #48 is disabled
2026-04-27T11:58:12,770 [main] DEBUG a.f.a.t.b.t.TransitionExecutorImpl - Step #1, transition #49
2026-04-27T11:58:12,770 [main] DEBUG a.f.a.t.b.t.TransitionExecutorImpl - Translating to SMT
2026-04-27T11:58:12,796 [main] DEBUG a.f.a.t.b.SeqModelChecker - Step 1: Transition #49. Is it enabled?
2026-04-27T11:58:12,797 [main] INFO  a.f.a.t.b.SeqModelChecker - Step 1: Transition #49 is disabled
2026-04-27T11:58:12,798 [main] DEBUG a.f.a.t.b.t.TransitionExecutorImpl - Step #1, transition #50
2026-04-27T11:58:12,798 [main] DEBUG a.f.a.t.b.t.TransitionExecutorImpl - Translating to SMT
2026-04-27T11:58:12,803 [main] DEBUG a.f.a.t.b.SeqModelChecker - Step 1: Transition #50. Is it enabled?
2026-04-27T11:58:12,804 [main] INFO  a.f.a.t.b.SeqModelChecker - Step 1: Transition #50 is disabled
2026-04-27T11:58:12,805 [main] DEBUG a.f.a.t.b.t.TransitionExecutorImpl - Step #1, transition #51
2026-04-27T11:58:12,805 [main] DEBUG a.f.a.t.b.t.TransitionExecutorImpl - Translating to SMT
2026-04-27T11:58:12,819 [main] DEBUG a.f.a.t.b.SeqModelChecker - Step 1: Transition #51. Is it enabled?
2026-04-27T11:58:12,820 [main] INFO  a.f.a.t.b.SeqModelChecker - Step 1: Transition #51 is disabled
2026-04-27T11:58:12,820 [main] DEBUG a.f.a.t.b.t.TransitionExecutorImpl - Step #1, transition #52
2026-04-27T11:58:12,820 [main] DEBUG a.f.a.t.b.t.TransitionExecutorImpl - Translating to SMT
2026-04-27T11:58:12,834 [main] DEBUG a.f.a.t.b.SeqModelChecker - Step 1: Transition #52. Is it enabled?
2026-04-27T11:58:12,835 [main] INFO  a.f.a.t.b.SeqModelChecker - Step 1: Transition #52 is disabled
2026-04-27T11:58:12,835 [main] DEBUG a.f.a.t.b.t.TransitionExecutorImpl - Step #1, transition #53
2026-04-27T11:58:12,835 [main] DEBUG a.f.a.t.b.t.TransitionExecutorImpl - Translating to SMT
2026-04-27T11:58:12,850 [main] DEBUG a.f.a.t.b.SeqModelChecker - Step 1: Transition #53. Is it enabled?
2026-04-27T11:58:12,851 [main] INFO  a.f.a.t.b.SeqModelChecker - Step 1: Transition #53 is disabled
2026-04-27T11:58:12,851 [main] DEBUG a.f.a.t.b.t.TransitionExecutorImpl - Step #1, transition #54
2026-04-27T11:58:12,851 [main] DEBUG a.f.a.t.b.t.TransitionExecutorImpl - Translating to SMT
2026-04-27T11:58:12,872 [main] DEBUG a.f.a.t.b.SeqModelChecker - Step 1: Transition #54. Is it enabled?
2026-04-27T11:58:12,873 [main] INFO  a.f.a.t.b.SeqModelChecker - Step 1: Transition #54 is disabled
2026-04-27T11:58:12,874 [main] DEBUG a.f.a.t.b.t.TransitionExecutorImpl - Step #1, transition #55
2026-04-27T11:58:12,874 [main] DEBUG a.f.a.t.b.t.TransitionExecutorImpl - Translating to SMT
2026-04-27T11:58:12,879 [main] DEBUG a.f.a.t.b.t.TransitionExecutorImpl - Transition 55 produces partial assignment. Disabled.
2026-04-27T11:58:12,879 [main] DEBUG a.f.a.t.b.t.TransitionExecutorImpl - Step #1, transition #56
2026-04-27T11:58:12,879 [main] DEBUG a.f.a.t.b.t.TransitionExecutorImpl - Translating to SMT
2026-04-27T11:58:12,887 [main] DEBUG a.f.a.t.b.SeqModelChecker - Step 1: Transition #56. Is it enabled?
2026-04-27T11:58:12,887 [main] INFO  a.f.a.t.b.SeqModelChecker - Step 1: Transition #56 is disabled
2026-04-27T11:58:12,888 [main] DEBUG a.f.a.t.b.t.TransitionExecutorImpl - Step #1, transition #57
2026-04-27T11:58:12,888 [main] DEBUG a.f.a.t.b.t.TransitionExecutorImpl - Translating to SMT
2026-04-27T11:58:12,893 [main] DEBUG a.f.a.t.b.t.TransitionExecutorImpl - Transition 57 produces partial assignment. Disabled.
2026-04-27T11:58:12,894 [main] DEBUG a.f.a.t.b.t.TransitionExecutorImpl - Step #1, transition #58
2026-04-27T11:58:12,894 [main] DEBUG a.f.a.t.b.t.TransitionExecutorImpl - Translating to SMT
2026-04-27T11:58:12,901 [main] DEBUG a.f.a.t.b.SeqModelChecker - Step 1: Transition #58. Is it enabled?
2026-04-27T11:58:12,901 [main] INFO  a.f.a.t.b.SeqModelChecker - Step 1: Transition #58 is disabled
2026-04-27T11:58:12,902 [main] DEBUG a.f.a.t.b.t.TransitionExecutorImpl - Step #1, transition #59
2026-04-27T11:58:12,902 [main] DEBUG a.f.a.t.b.t.TransitionExecutorImpl - Translating to SMT
2026-04-27T11:58:12,906 [main] DEBUG a.f.a.t.b.t.TransitionExecutorImpl - Transition 59 produces partial assignment. Disabled.
2026-04-27T11:58:12,907 [main] DEBUG a.f.a.t.b.t.TransitionExecutorImpl - Step #1, transition #60
2026-04-27T11:58:12,907 [main] DEBUG a.f.a.t.b.t.TransitionExecutorImpl - Translating to SMT
2026-04-27T11:58:12,913 [main] DEBUG a.f.a.t.b.SeqModelChecker - Step 1: Transition #60. Is it enabled?
2026-04-27T11:58:12,914 [main] INFO  a.f.a.t.b.SeqModelChecker - Step 1: Transition #60 is disabled
2026-04-27T11:58:12,914 [main] DEBUG a.f.a.t.b.t.TransitionExecutorImpl - Step #1, transition #61
2026-04-27T11:58:12,915 [main] DEBUG a.f.a.t.b.t.TransitionExecutorImpl - Translating to SMT
2026-04-27T11:58:12,919 [main] DEBUG a.f.a.t.b.t.TransitionExecutorImpl - Transition 61 produces partial assignment. Disabled.
2026-04-27T11:58:12,920 [main] DEBUG a.f.a.t.b.t.TransitionExecutorImpl - Step #1, transition #62
2026-04-27T11:58:12,920 [main] DEBUG a.f.a.t.b.t.TransitionExecutorImpl - Translating to SMT
2026-04-27T11:58:12,925 [main] DEBUG a.f.a.t.b.SeqModelChecker - Step 1: Transition #62. Is it enabled?
2026-04-27T11:58:12,926 [main] INFO  a.f.a.t.b.SeqModelChecker - Step 1: Transition #62 is disabled
2026-04-27T11:58:12,926 [main] DEBUG a.f.a.t.b.t.TransitionExecutorImpl - Step #1, transition #63
2026-04-27T11:58:12,927 [main] DEBUG a.f.a.t.b.t.TransitionExecutorImpl - Translating to SMT
2026-04-27T11:58:12,933 [main] DEBUG a.f.a.t.b.SeqModelChecker - Step 1: Transition #63. Is it enabled?
2026-04-27T11:58:12,933 [main] INFO  a.f.a.t.b.SeqModelChecker - Step 1: Transition #63 is disabled
2026-04-27T11:58:12,934 [main] DEBUG a.f.a.t.b.t.TransitionExecutorImpl - Step #1, transition #64
2026-04-27T11:58:12,934 [main] DEBUG a.f.a.t.b.t.TransitionExecutorImpl - Translating to SMT
2026-04-27T11:58:12,939 [main] DEBUG a.f.a.t.b.SeqModelChecker - Step 1: Transition #64. Is it enabled?
2026-04-27T11:58:12,939 [main] INFO  a.f.a.t.b.SeqModelChecker - Step 1: Transition #64 is disabled
2026-04-27T11:58:12,940 [main] DEBUG a.f.a.t.b.t.TransitionExecutorImpl - Step #1, transition #65
2026-04-27T11:58:12,940 [main] DEBUG a.f.a.t.b.t.TransitionExecutorImpl - Translating to SMT
2026-04-27T11:58:12,945 [main] DEBUG a.f.a.t.b.SeqModelChecker - Step 1: Transition #65. Is it enabled?
2026-04-27T11:58:12,946 [main] INFO  a.f.a.t.b.SeqModelChecker - Step 1: Transition #65 is disabled
2026-04-27T11:58:12,946 [main] DEBUG a.f.a.t.b.t.TransitionExecutorImpl - Step #1, transition #66
2026-04-27T11:58:12,946 [main] DEBUG a.f.a.t.b.t.TransitionExecutorImpl - Translating to SMT
2026-04-27T11:58:12,971 [main] DEBUG a.f.a.t.b.SeqModelChecker - Step 1: Transition #66. Is it enabled?
2026-04-27T11:58:12,972 [main] INFO  a.f.a.t.b.SeqModelChecker - Step 1: Transition #66 is disabled
2026-04-27T11:58:12,973 [main] DEBUG a.f.a.t.b.t.TransitionExecutorImpl - Step #1, transition #67
2026-04-27T11:58:12,973 [main] DEBUG a.f.a.t.b.t.TransitionExecutorImpl - Translating to SMT
2026-04-27T11:58:12,993 [main] DEBUG a.f.a.t.b.SeqModelChecker - Step 1: Transition #67. Is it enabled?
2026-04-27T11:58:12,994 [main] INFO  a.f.a.t.b.SeqModelChecker - Step 1: Transition #67 is disabled
2026-04-27T11:58:12,995 [main] DEBUG a.f.a.t.b.t.TransitionExecutorImpl - Step #1, transition #68
2026-04-27T11:58:12,995 [main] DEBUG a.f.a.t.b.t.TransitionExecutorImpl - Translating to SMT
2026-04-27T11:58:13,001 [main] DEBUG a.f.a.t.b.SeqModelChecker - Step 1: Transition #68. Is it enabled?
2026-04-27T11:58:13,002 [main] INFO  a.f.a.t.b.SeqModelChecker - Step 1: Transition #68 is disabled
2026-04-27T11:58:13,002 [main] DEBUG a.f.a.t.b.t.TransitionExecutorImpl - Step #1, transition #69
2026-04-27T11:58:13,002 [main] DEBUG a.f.a.t.b.t.TransitionExecutorImpl - Translating to SMT
2026-04-27T11:58:13,007 [main] DEBUG a.f.a.t.b.SeqModelChecker - Step 1: Transition #69. Is it enabled?
2026-04-27T11:58:13,008 [main] INFO  a.f.a.t.b.SeqModelChecker - Step 1: Transition #69 is disabled
2026-04-27T11:58:13,008 [main] INFO  a.f.a.t.b.t.TransitionExecutorImpl - Step 1: picking a transition out of 1 transition(s)
2026-04-27T11:58:13,009 [main] DEBUG a.f.a.t.b.t.TransitionExecutorImpl - Step #2, transition #0
2026-04-27T11:58:13,009 [main] DEBUG a.f.a.t.b.t.TransitionExecutorImpl - Translating to SMT
2026-04-27T11:58:13,064 [main] DEBUG a.f.a.t.b.SeqModelChecker - Step 2: Transition #0. Is it enabled?
2026-04-27T11:58:13,070 [main] INFO  a.f.a.t.b.SeqModelChecker - Step 2: Transition #0 is disabled
2026-04-27T11:58:13,071 [main] DEBUG a.f.a.t.b.t.TransitionExecutorImpl - Step #2, transition #1
2026-04-27T11:58:13,072 [main] DEBUG a.f.a.t.b.t.TransitionExecutorImpl - Translating to SMT
2026-04-27T11:58:13,093 [main] DEBUG a.f.a.t.b.SeqModelChecker - Step 2: Transition #1. Is it enabled?
2026-04-27T11:58:13,095 [main] INFO  a.f.a.t.b.SeqModelChecker - Step 2: Transition #1 is disabled
2026-04-27T11:58:13,096 [main] DEBUG a.f.a.t.b.t.TransitionExecutorImpl - Step #2, transition #2
2026-04-27T11:58:13,096 [main] DEBUG a.f.a.t.b.t.TransitionExecutorImpl - Translating to SMT
2026-04-27T11:58:13,113 [main] DEBUG a.f.a.t.b.SeqModelChecker - Step 2: Transition #2. Is it enabled?
2026-04-27T11:58:13,115 [main] INFO  a.f.a.t.b.SeqModelChecker - Step 2: Transition #2 is disabled
2026-04-27T11:58:13,115 [main] DEBUG a.f.a.t.b.t.TransitionExecutorImpl - Step #2, transition #3
2026-04-27T11:58:13,115 [main] DEBUG a.f.a.t.b.t.TransitionExecutorImpl - Translating to SMT
2026-04-27T11:58:13,118 [main] DEBUG a.f.a.t.b.t.TransitionExecutorImpl - Transition 3 produces partial assignment. Disabled.
2026-04-27T11:58:13,119 [main] DEBUG a.f.a.t.b.t.TransitionExecutorImpl - Step #2, transition #4
2026-04-27T11:58:13,119 [main] DEBUG a.f.a.t.b.t.TransitionExecutorImpl - Translating to SMT
2026-04-27T11:58:13,121 [main] DEBUG a.f.a.t.b.t.TransitionExecutorImpl - Transition 4 produces partial assignment. Disabled.
2026-04-27T11:58:13,121 [main] DEBUG a.f.a.t.b.t.TransitionExecutorImpl - Step #2, transition #5
2026-04-27T11:58:13,121 [main] DEBUG a.f.a.t.b.t.TransitionExecutorImpl - Translating to SMT
2026-04-27T11:58:13,158 [main] DEBUG a.f.a.t.b.SeqModelChecker - Step 2: Transition #5. Is it enabled?
2026-04-27T11:58:13,160 [main] INFO  a.f.a.t.b.SeqModelChecker - Step 2: Transition #5 is disabled
2026-04-27T11:58:13,160 [main] DEBUG a.f.a.t.b.t.TransitionExecutorImpl - Step #2, transition #6
2026-04-27T11:58:13,160 [main] DEBUG a.f.a.t.b.t.TransitionExecutorImpl - Translating to SMT
2026-04-27T11:58:13,174 [main] DEBUG a.f.a.t.b.SeqModelChecker - Step 2: Transition #6. Is it enabled?
2026-04-27T11:58:13,175 [main] INFO  a.f.a.t.b.SeqModelChecker - Step 2: Transition #6 is disabled
2026-04-27T11:58:13,176 [main] DEBUG a.f.a.t.b.t.TransitionExecutorImpl - Step #2, transition #7
2026-04-27T11:58:13,176 [main] DEBUG a.f.a.t.b.t.TransitionExecutorImpl - Translating to SMT
2026-04-27T11:58:13,178 [main] DEBUG a.f.a.t.b.t.TransitionExecutorImpl - Transition 7 produces partial assignment. Disabled.
2026-04-27T11:58:13,179 [main] DEBUG a.f.a.t.b.t.TransitionExecutorImpl - Step #2, transition #8
2026-04-27T11:58:13,179 [main] DEBUG a.f.a.t.b.t.TransitionExecutorImpl - Translating to SMT
2026-04-27T11:58:13,180 [main] DEBUG a.f.a.t.b.t.TransitionExecutorImpl - Transition 8 produces partial assignment. Disabled.
2026-04-27T11:58:13,180 [main] DEBUG a.f.a.t.b.t.TransitionExecutorImpl - Step #2, transition #9
2026-04-27T11:58:13,180 [main] DEBUG a.f.a.t.b.t.TransitionExecutorImpl - Translating to SMT
2026-04-27T11:58:13,194 [main] DEBUG a.f.a.t.b.SeqModelChecker - Step 2: Transition #9. Is it enabled?
2026-04-27T11:58:13,195 [main] INFO  a.f.a.t.b.SeqModelChecker - Step 2: Transition #9 is disabled
2026-04-27T11:58:13,196 [main] DEBUG a.f.a.t.b.t.TransitionExecutorImpl - Step #2, transition #10
2026-04-27T11:58:13,196 [main] DEBUG a.f.a.t.b.t.TransitionExecutorImpl - Translating to SMT
2026-04-27T11:58:13,209 [main] DEBUG a.f.a.t.b.SeqModelChecker - Step 2: Transition #10. Is it enabled?
2026-04-27T11:58:13,211 [main] INFO  a.f.a.t.b.SeqModelChecker - Step 2: Transition #10 is disabled
2026-04-27T11:58:13,211 [main] DEBUG a.f.a.t.b.t.TransitionExecutorImpl - Step #2, transition #11
2026-04-27T11:58:13,211 [main] DEBUG a.f.a.t.b.t.TransitionExecutorImpl - Translating to SMT
2026-04-27T11:58:13,220 [main] DEBUG a.f.a.t.b.SeqModelChecker - Step 2: Transition #11. Is it enabled?
2026-04-27T11:58:13,221 [main] INFO  a.f.a.t.b.SeqModelChecker - Step 2: Transition #11 is disabled
2026-04-27T11:58:13,221 [main] DEBUG a.f.a.t.b.t.TransitionExecutorImpl - Step #2, transition #12
2026-04-27T11:58:13,221 [main] DEBUG a.f.a.t.b.t.TransitionExecutorImpl - Translating to SMT
2026-04-27T11:58:13,247 [main] DEBUG a.f.a.t.b.SeqModelChecker - Step 2: Transition #12. Is it enabled?
2026-04-27T11:58:13,249 [main] INFO  a.f.a.t.b.SeqModelChecker - Step 2: Transition #12 is disabled
2026-04-27T11:58:13,249 [main] DEBUG a.f.a.t.b.t.TransitionExecutorImpl - Step #2, transition #13
2026-04-27T11:58:13,249 [main] DEBUG a.f.a.t.b.t.TransitionExecutorImpl - Translating to SMT
2026-04-27T11:58:13,274 [main] DEBUG a.f.a.t.b.SeqModelChecker - Step 2: Transition #13. Is it enabled?
2026-04-27T11:58:13,276 [main] INFO  a.f.a.t.b.SeqModelChecker - Step 2: Transition #13 is disabled
2026-04-27T11:58:13,276 [main] DEBUG a.f.a.t.b.t.TransitionExecutorImpl - Step #2, transition #14
2026-04-27T11:58:13,276 [main] DEBUG a.f.a.t.b.t.TransitionExecutorImpl - Translating to SMT
2026-04-27T11:58:13,300 [main] DEBUG a.f.a.t.b.SeqModelChecker - Step 2: Transition #14. Is it enabled?
2026-04-27T11:58:13,302 [main] INFO  a.f.a.t.b.SeqModelChecker - Step 2: Transition #14 is disabled
2026-04-27T11:58:13,303 [main] DEBUG a.f.a.t.b.t.TransitionExecutorImpl - Step #2, transition #15
2026-04-27T11:58:13,303 [main] DEBUG a.f.a.t.b.t.TransitionExecutorImpl - Translating to SMT
2026-04-27T11:58:13,330 [main] DEBUG a.f.a.t.b.SeqModelChecker - Step 2: Transition #15. Is it enabled?
2026-04-27T11:58:13,332 [main] INFO  a.f.a.t.b.SeqModelChecker - Step 2: Transition #15 is disabled
2026-04-27T11:58:13,333 [main] DEBUG a.f.a.t.b.t.TransitionExecutorImpl - Step #2, transition #16
2026-04-27T11:58:13,333 [main] DEBUG a.f.a.t.b.t.TransitionExecutorImpl - Translating to SMT
2026-04-27T11:58:13,345 [main] DEBUG a.f.a.t.b.SeqModelChecker - Step 2: Transition #16. Is it enabled?
2026-04-27T11:58:13,347 [main] INFO  a.f.a.t.b.SeqModelChecker - Step 2: Transition #16 is disabled
2026-04-27T11:58:13,347 [main] DEBUG a.f.a.t.b.t.TransitionExecutorImpl - Step #2, transition #17
2026-04-27T11:58:13,347 [main] DEBUG a.f.a.t.b.t.TransitionExecutorImpl - Translating to SMT
2026-04-27T11:58:13,361 [main] DEBUG a.f.a.t.b.SeqModelChecker - Step 2: Transition #17. Is it enabled?
2026-04-27T11:58:13,362 [main] DEBUG a.f.a.t.b.SeqModelChecker - Step 2: Transition #17 is enabled
2026-04-27T11:58:13,362 [main] INFO  a.f.a.t.b.SeqModelChecker - State 2: Checking 2 state invariants
2026-04-27T11:58:13,362 [main] DEBUG a.f.a.t.b.SeqModelChecker - State 2: Checking state invariant 0
2026-04-27T11:58:13,365 [main] INFO  a.f.a.t.b.SeqModelChecker - State 2: state invariant 0 holds.
2026-04-27T11:58:13,365 [main] DEBUG a.f.a.t.b.SeqModelChecker - State 2: Checking state invariant 1
2026-04-27T11:58:13,369 [main] INFO  a.f.a.t.b.SeqModelChecker - State 2: state invariant 1 holds.
2026-04-27T11:58:13,370 [main] DEBUG a.f.a.t.b.t.TransitionExecutorImpl - Step #2, transition #18
2026-04-27T11:58:13,370 [main] DEBUG a.f.a.t.b.t.TransitionExecutorImpl - Translating to SMT
2026-04-27T11:58:13,373 [main] DEBUG a.f.a.t.b.t.TransitionExecutorImpl - Transition 18 produces partial assignment. Disabled.
2026-04-27T11:58:13,373 [main] DEBUG a.f.a.t.b.t.TransitionExecutorImpl - Step #2, transition #19
2026-04-27T11:58:13,373 [main] DEBUG a.f.a.t.b.t.TransitionExecutorImpl - Translating to SMT
2026-04-27T11:58:13,377 [main] DEBUG a.f.a.t.b.t.TransitionExecutorImpl - Transition 19 produces partial assignment. Disabled.
2026-04-27T11:58:13,377 [main] DEBUG a.f.a.t.b.t.TransitionExecutorImpl - Step #2, transition #20
2026-04-27T11:58:13,377 [main] DEBUG a.f.a.t.b.t.TransitionExecutorImpl - Translating to SMT
2026-04-27T11:58:13,380 [main] DEBUG a.f.a.t.b.t.TransitionExecutorImpl - Transition 20 produces partial assignment. Disabled.
2026-04-27T11:58:13,381 [main] DEBUG a.f.a.t.b.t.TransitionExecutorImpl - Step #2, transition #21
2026-04-27T11:58:13,381 [main] DEBUG a.f.a.t.b.t.TransitionExecutorImpl - Translating to SMT
2026-04-27T11:58:13,395 [main] DEBUG a.f.a.t.b.SeqModelChecker - Step 2: Transition #21. Is it enabled?
2026-04-27T11:58:13,396 [main] INFO  a.f.a.t.b.SeqModelChecker - Step 2: Transition #21 is disabled
2026-04-27T11:58:13,397 [main] DEBUG a.f.a.t.b.t.TransitionExecutorImpl - Step #2, transition #22
2026-04-27T11:58:13,397 [main] DEBUG a.f.a.t.b.t.TransitionExecutorImpl - Translating to SMT
2026-04-27T11:58:13,405 [main] DEBUG a.f.a.t.b.t.TransitionExecutorImpl - Transition 22 produces partial assignment. Disabled.
2026-04-27T11:58:13,406 [main] DEBUG a.f.a.t.b.t.TransitionExecutorImpl - Step #2, transition #23
2026-04-27T11:58:13,406 [main] DEBUG a.f.a.t.b.t.TransitionExecutorImpl - Translating to SMT
2026-04-27T11:58:13,409 [main] DEBUG a.f.a.t.b.t.TransitionExecutorImpl - Transition 23 produces partial assignment. Disabled.
2026-04-27T11:58:13,409 [main] DEBUG a.f.a.t.b.t.TransitionExecutorImpl - Step #2, transition #24
2026-04-27T11:58:13,409 [main] DEBUG a.f.a.t.b.t.TransitionExecutorImpl - Translating to SMT
2026-04-27T11:58:13,437 [main] DEBUG a.f.a.t.b.SeqModelChecker - Step 2: Transition #24. Is it enabled?
2026-04-27T11:58:13,438 [main] INFO  a.f.a.t.b.SeqModelChecker - Step 2: Transition #24 is disabled
2026-04-27T11:58:13,439 [main] DEBUG a.f.a.t.b.t.TransitionExecutorImpl - Step #2, transition #25
2026-04-27T11:58:13,439 [main] DEBUG a.f.a.t.b.t.TransitionExecutorImpl - Translating to SMT
2026-04-27T11:58:13,443 [main] DEBUG a.f.a.t.b.t.TransitionExecutorImpl - Transition 25 produces partial assignment. Disabled.
2026-04-27T11:58:13,443 [main] DEBUG a.f.a.t.b.t.TransitionExecutorImpl - Step #2, transition #26
2026-04-27T11:58:13,443 [main] DEBUG a.f.a.t.b.t.TransitionExecutorImpl - Translating to SMT
2026-04-27T11:58:13,457 [main] DEBUG a.f.a.t.b.SeqModelChecker - Step 2: Transition #26. Is it enabled?
2026-04-27T11:58:13,458 [main] INFO  a.f.a.t.b.SeqModelChecker - Step 2: Transition #26 is disabled
2026-04-27T11:58:13,458 [main] DEBUG a.f.a.t.b.t.TransitionExecutorImpl - Step #2, transition #27
2026-04-27T11:58:13,458 [main] DEBUG a.f.a.t.b.t.TransitionExecutorImpl - Translating to SMT
2026-04-27T11:58:13,465 [main] DEBUG a.f.a.t.b.SeqModelChecker - Step 2: Transition #27. Is it enabled?
2026-04-27T11:58:13,466 [main] INFO  a.f.a.t.b.SeqModelChecker - Step 2: Transition #27 is disabled
2026-04-27T11:58:13,466 [main] DEBUG a.f.a.t.b.t.TransitionExecutorImpl - Step #2, transition #28
2026-04-27T11:58:13,466 [main] DEBUG a.f.a.t.b.t.TransitionExecutorImpl - Translating to SMT
2026-04-27T11:58:13,493 [main] DEBUG a.f.a.t.b.SeqModelChecker - Step 2: Transition #28. Is it enabled?
2026-04-27T11:58:13,494 [main] INFO  a.f.a.t.b.SeqModelChecker - Step 2: Transition #28 is disabled
2026-04-27T11:58:13,495 [main] DEBUG a.f.a.t.b.t.TransitionExecutorImpl - Step #2, transition #29
2026-04-27T11:58:13,495 [main] DEBUG a.f.a.t.b.t.TransitionExecutorImpl - Translating to SMT
2026-04-27T11:58:13,520 [main] DEBUG a.f.a.t.b.SeqModelChecker - Step 2: Transition #29. Is it enabled?
2026-04-27T11:58:13,521 [main] INFO  a.f.a.t.b.SeqModelChecker - Step 2: Transition #29 is disabled
2026-04-27T11:58:13,522 [main] DEBUG a.f.a.t.b.t.TransitionExecutorImpl - Step #2, transition #30
2026-04-27T11:58:13,522 [main] DEBUG a.f.a.t.b.t.TransitionExecutorImpl - Translating to SMT
2026-04-27T11:58:13,546 [main] DEBUG a.f.a.t.b.SeqModelChecker - Step 2: Transition #30. Is it enabled?
2026-04-27T11:58:13,547 [main] DEBUG a.f.a.t.b.SeqModelChecker - Step 2: Transition #30 is enabled
2026-04-27T11:58:13,548 [main] DEBUG a.f.a.t.b.t.TransitionExecutorImpl - Step #2, transition #31
2026-04-27T11:58:13,548 [main] DEBUG a.f.a.t.b.t.TransitionExecutorImpl - Translating to SMT
2026-04-27T11:58:13,573 [main] DEBUG a.f.a.t.b.SeqModelChecker - Step 2: Transition #31. Is it enabled?
2026-04-27T11:58:13,575 [main] INFO  a.f.a.t.b.SeqModelChecker - Step 2: Transition #31 is disabled
2026-04-27T11:58:13,576 [main] DEBUG a.f.a.t.b.t.TransitionExecutorImpl - Step #2, transition #32
2026-04-27T11:58:13,576 [main] DEBUG a.f.a.t.b.t.TransitionExecutorImpl - Translating to SMT
2026-04-27T11:58:13,601 [main] DEBUG a.f.a.t.b.SeqModelChecker - Step 2: Transition #32. Is it enabled?
2026-04-27T11:58:13,603 [main] INFO  a.f.a.t.b.SeqModelChecker - Step 2: Transition #32 is disabled
2026-04-27T11:58:13,604 [main] DEBUG a.f.a.t.b.t.TransitionExecutorImpl - Step #2, transition #33
2026-04-27T11:58:13,604 [main] DEBUG a.f.a.t.b.t.TransitionExecutorImpl - Translating to SMT
2026-04-27T11:58:13,628 [main] DEBUG a.f.a.t.b.SeqModelChecker - Step 2: Transition #33. Is it enabled?
2026-04-27T11:58:13,630 [main] INFO  a.f.a.t.b.SeqModelChecker - Step 2: Transition #33 is disabled
2026-04-27T11:58:13,630 [main] DEBUG a.f.a.t.b.t.TransitionExecutorImpl - Step #2, transition #34
2026-04-27T11:58:13,630 [main] DEBUG a.f.a.t.b.t.TransitionExecutorImpl - Translating to SMT
2026-04-27T11:58:13,657 [main] DEBUG a.f.a.t.b.SeqModelChecker - Step 2: Transition #34. Is it enabled?
2026-04-27T11:58:13,658 [main] INFO  a.f.a.t.b.SeqModelChecker - Step 2: Transition #34 is disabled
2026-04-27T11:58:13,658 [main] DEBUG a.f.a.t.b.t.TransitionExecutorImpl - Step #2, transition #35
2026-04-27T11:58:13,658 [main] DEBUG a.f.a.t.b.t.TransitionExecutorImpl - Translating to SMT
2026-04-27T11:58:13,683 [main] DEBUG a.f.a.t.b.SeqModelChecker - Step 2: Transition #35. Is it enabled?
2026-04-27T11:58:13,685 [main] INFO  a.f.a.t.b.SeqModelChecker - Step 2: Transition #35 is disabled
2026-04-27T11:58:13,685 [main] DEBUG a.f.a.t.b.t.TransitionExecutorImpl - Step #2, transition #36
2026-04-27T11:58:13,685 [main] DEBUG a.f.a.t.b.t.TransitionExecutorImpl - Translating to SMT
2026-04-27T11:58:13,693 [main] DEBUG a.f.a.t.b.t.TransitionExecutorImpl - Transition 36 produces partial assignment. Disabled.
2026-04-27T11:58:13,693 [main] DEBUG a.f.a.t.b.t.TransitionExecutorImpl - Step #2, transition #37
2026-04-27T11:58:13,693 [main] DEBUG a.f.a.t.b.t.TransitionExecutorImpl - Translating to SMT
2026-04-27T11:58:13,708 [main] DEBUG a.f.a.t.b.SeqModelChecker - Step 2: Transition #37. Is it enabled?
2026-04-27T11:58:13,708 [main] INFO  a.f.a.t.b.SeqModelChecker - Step 2: Transition #37 is disabled
2026-04-27T11:58:13,709 [main] DEBUG a.f.a.t.b.t.TransitionExecutorImpl - Step #2, transition #38
2026-04-27T11:58:13,709 [main] DEBUG a.f.a.t.b.t.TransitionExecutorImpl - Translating to SMT
2026-04-27T11:58:13,713 [main] DEBUG a.f.a.t.b.t.TransitionExecutorImpl - Transition 38 produces partial assignment. Disabled.
2026-04-27T11:58:13,714 [main] DEBUG a.f.a.t.b.t.TransitionExecutorImpl - Step #2, transition #39
2026-04-27T11:58:13,714 [main] DEBUG a.f.a.t.b.t.TransitionExecutorImpl - Translating to SMT
2026-04-27T11:58:13,729 [main] DEBUG a.f.a.t.b.SeqModelChecker - Step 2: Transition #39. Is it enabled?
2026-04-27T11:58:13,730 [main] INFO  a.f.a.t.b.SeqModelChecker - Step 2: Transition #39 is disabled
2026-04-27T11:58:13,731 [main] DEBUG a.f.a.t.b.t.TransitionExecutorImpl - Step #2, transition #40
2026-04-27T11:58:13,731 [main] DEBUG a.f.a.t.b.t.TransitionExecutorImpl - Translating to SMT
2026-04-27T11:58:13,736 [main] DEBUG a.f.a.t.b.t.TransitionExecutorImpl - Transition 40 produces partial assignment. Disabled.
2026-04-27T11:58:13,736 [main] DEBUG a.f.a.t.b.t.TransitionExecutorImpl - Step #2, transition #41
2026-04-27T11:58:13,736 [main] DEBUG a.f.a.t.b.t.TransitionExecutorImpl - Translating to SMT
2026-04-27T11:58:13,763 [main] DEBUG a.f.a.t.b.SeqModelChecker - Step 2: Transition #41. Is it enabled?
2026-04-27T11:58:13,764 [main] INFO  a.f.a.t.b.SeqModelChecker - Step 2: Transition #41 is disabled
2026-04-27T11:58:13,764 [main] DEBUG a.f.a.t.b.t.TransitionExecutorImpl - Step #2, transition #42
2026-04-27T11:58:13,764 [main] DEBUG a.f.a.t.b.t.TransitionExecutorImpl - Translating to SMT
2026-04-27T11:58:13,769 [main] DEBUG a.f.a.t.b.t.TransitionExecutorImpl - Transition 42 produces partial assignment. Disabled.
2026-04-27T11:58:13,770 [main] DEBUG a.f.a.t.b.t.TransitionExecutorImpl - Step #2, transition #43
2026-04-27T11:58:13,770 [main] DEBUG a.f.a.t.b.t.TransitionExecutorImpl - Translating to SMT
2026-04-27T11:58:13,785 [main] DEBUG a.f.a.t.b.SeqModelChecker - Step 2: Transition #43. Is it enabled?
2026-04-27T11:58:13,786 [main] INFO  a.f.a.t.b.SeqModelChecker - Step 2: Transition #43 is disabled
2026-04-27T11:58:13,786 [main] DEBUG a.f.a.t.b.t.TransitionExecutorImpl - Step #2, transition #44
2026-04-27T11:58:13,786 [main] DEBUG a.f.a.t.b.t.TransitionExecutorImpl - Translating to SMT
2026-04-27T11:58:13,801 [main] DEBUG a.f.a.t.b.SeqModelChecker - Step 2: Transition #44. Is it enabled?
2026-04-27T11:58:13,802 [main] INFO  a.f.a.t.b.SeqModelChecker - Step 2: Transition #44 is disabled
2026-04-27T11:58:13,802 [main] DEBUG a.f.a.t.b.t.TransitionExecutorImpl - Step #2, transition #45
2026-04-27T11:58:13,802 [main] DEBUG a.f.a.t.b.t.TransitionExecutorImpl - Translating to SMT
2026-04-27T11:58:13,817 [main] DEBUG a.f.a.t.b.SeqModelChecker - Step 2: Transition #45. Is it enabled?
2026-04-27T11:58:13,818 [main] INFO  a.f.a.t.b.SeqModelChecker - Step 2: Transition #45 is disabled
2026-04-27T11:58:13,818 [main] DEBUG a.f.a.t.b.t.TransitionExecutorImpl - Step #2, transition #46
2026-04-27T11:58:13,818 [main] DEBUG a.f.a.t.b.t.TransitionExecutorImpl - Translating to SMT
2026-04-27T11:58:13,835 [main] DEBUG a.f.a.t.b.SeqModelChecker - Step 2: Transition #46. Is it enabled?
2026-04-27T11:58:13,836 [main] INFO  a.f.a.t.b.SeqModelChecker - Step 2: Transition #46 is disabled
2026-04-27T11:58:13,836 [main] DEBUG a.f.a.t.b.t.TransitionExecutorImpl - Step #2, transition #47
2026-04-27T11:58:13,836 [main] DEBUG a.f.a.t.b.t.TransitionExecutorImpl - Translating to SMT
2026-04-27T11:58:13,853 [main] DEBUG a.f.a.t.b.SeqModelChecker - Step 2: Transition #47. Is it enabled?
2026-04-27T11:58:13,854 [main] INFO  a.f.a.t.b.SeqModelChecker - Step 2: Transition #47 is disabled
2026-04-27T11:58:13,855 [main] DEBUG a.f.a.t.b.t.TransitionExecutorImpl - Step #2, transition #48
2026-04-27T11:58:13,855 [main] DEBUG a.f.a.t.b.t.TransitionExecutorImpl - Translating to SMT
2026-04-27T11:58:13,873 [main] DEBUG a.f.a.t.b.SeqModelChecker - Step 2: Transition #48. Is it enabled?
2026-04-27T11:58:13,874 [main] INFO  a.f.a.t.b.SeqModelChecker - Step 2: Transition #48 is disabled
2026-04-27T11:58:13,875 [main] DEBUG a.f.a.t.b.t.TransitionExecutorImpl - Step #2, transition #49
2026-04-27T11:58:13,875 [main] DEBUG a.f.a.t.b.t.TransitionExecutorImpl - Translating to SMT
2026-04-27T11:58:13,895 [main] DEBUG a.f.a.t.b.SeqModelChecker - Step 2: Transition #49. Is it enabled?
2026-04-27T11:58:13,897 [main] INFO  a.f.a.t.b.SeqModelChecker - Step 2: Transition #49 is disabled
2026-04-27T11:58:13,897 [main] DEBUG a.f.a.t.b.t.TransitionExecutorImpl - Step #2, transition #50
2026-04-27T11:58:13,897 [main] DEBUG a.f.a.t.b.t.TransitionExecutorImpl - Translating to SMT
2026-04-27T11:58:13,911 [main] DEBUG a.f.a.t.b.SeqModelChecker - Step 2: Transition #50. Is it enabled?
2026-04-27T11:58:13,912 [main] INFO  a.f.a.t.b.SeqModelChecker - Step 2: Transition #50 is disabled
2026-04-27T11:58:13,912 [main] DEBUG a.f.a.t.b.t.TransitionExecutorImpl - Step #2, transition #51
2026-04-27T11:58:13,912 [main] DEBUG a.f.a.t.b.t.TransitionExecutorImpl - Translating to SMT
2026-04-27T11:58:13,930 [main] DEBUG a.f.a.t.b.SeqModelChecker - Step 2: Transition #51. Is it enabled?
2026-04-27T11:58:13,931 [main] INFO  a.f.a.t.b.SeqModelChecker - Step 2: Transition #51 is disabled
2026-04-27T11:58:13,931 [main] DEBUG a.f.a.t.b.t.TransitionExecutorImpl - Step #2, transition #52
2026-04-27T11:58:13,931 [main] DEBUG a.f.a.t.b.t.TransitionExecutorImpl - Translating to SMT
2026-04-27T11:58:13,959 [main] DEBUG a.f.a.t.b.SeqModelChecker - Step 2: Transition #52. Is it enabled?
2026-04-27T11:58:13,960 [main] INFO  a.f.a.t.b.SeqModelChecker - Step 2: Transition #52 is disabled
2026-04-27T11:58:13,961 [main] DEBUG a.f.a.t.b.t.TransitionExecutorImpl - Step #2, transition #53
2026-04-27T11:58:13,961 [main] DEBUG a.f.a.t.b.t.TransitionExecutorImpl - Translating to SMT
2026-04-27T11:58:13,972 [main] DEBUG a.f.a.t.b.SeqModelChecker - Step 2: Transition #53. Is it enabled?
2026-04-27T11:58:13,972 [main] INFO  a.f.a.t.b.SeqModelChecker - Step 2: Transition #53 is disabled
2026-04-27T11:58:13,973 [main] DEBUG a.f.a.t.b.t.TransitionExecutorImpl - Step #2, transition #54
2026-04-27T11:58:13,973 [main] DEBUG a.f.a.t.b.t.TransitionExecutorImpl - Translating to SMT
2026-04-27T11:58:13,983 [main] DEBUG a.f.a.t.b.SeqModelChecker - Step 2: Transition #54. Is it enabled?
2026-04-27T11:58:13,984 [main] INFO  a.f.a.t.b.SeqModelChecker - Step 2: Transition #54 is disabled
2026-04-27T11:58:13,984 [main] DEBUG a.f.a.t.b.t.TransitionExecutorImpl - Step #2, transition #55
2026-04-27T11:58:13,984 [main] DEBUG a.f.a.t.b.t.TransitionExecutorImpl - Translating to SMT
2026-04-27T11:58:13,986 [main] DEBUG a.f.a.t.b.t.TransitionExecutorImpl - Transition 55 produces partial assignment. Disabled.
2026-04-27T11:58:13,986 [main] DEBUG a.f.a.t.b.t.TransitionExecutorImpl - Step #2, transition #56
2026-04-27T11:58:13,986 [main] DEBUG a.f.a.t.b.t.TransitionExecutorImpl - Translating to SMT
2026-04-27T11:58:13,996 [main] DEBUG a.f.a.t.b.SeqModelChecker - Step 2: Transition #56. Is it enabled?
2026-04-27T11:58:13,996 [main] INFO  a.f.a.t.b.SeqModelChecker - Step 2: Transition #56 is disabled
2026-04-27T11:58:13,997 [main] DEBUG a.f.a.t.b.t.TransitionExecutorImpl - Step #2, transition #57
2026-04-27T11:58:13,997 [main] DEBUG a.f.a.t.b.t.TransitionExecutorImpl - Translating to SMT
2026-04-27T11:58:13,998 [main] DEBUG a.f.a.t.b.t.TransitionExecutorImpl - Transition 57 produces partial assignment. Disabled.
2026-04-27T11:58:13,998 [main] DEBUG a.f.a.t.b.t.TransitionExecutorImpl - Step #2, transition #58
2026-04-27T11:58:13,998 [main] DEBUG a.f.a.t.b.t.TransitionExecutorImpl - Translating to SMT
2026-04-27T11:58:14,008 [main] DEBUG a.f.a.t.b.SeqModelChecker - Step 2: Transition #58. Is it enabled?
2026-04-27T11:58:14,008 [main] INFO  a.f.a.t.b.SeqModelChecker - Step 2: Transition #58 is disabled
2026-04-27T11:58:14,009 [main] DEBUG a.f.a.t.b.t.TransitionExecutorImpl - Step #2, transition #59
2026-04-27T11:58:14,009 [main] DEBUG a.f.a.t.b.t.TransitionExecutorImpl - Translating to SMT
2026-04-27T11:58:14,010 [main] DEBUG a.f.a.t.b.t.TransitionExecutorImpl - Transition 59 produces partial assignment. Disabled.
2026-04-27T11:58:14,011 [main] DEBUG a.f.a.t.b.t.TransitionExecutorImpl - Step #2, transition #60
2026-04-27T11:58:14,011 [main] DEBUG a.f.a.t.b.t.TransitionExecutorImpl - Translating to SMT
2026-04-27T11:58:14,019 [main] DEBUG a.f.a.t.b.SeqModelChecker - Step 2: Transition #60. Is it enabled?
2026-04-27T11:58:14,019 [main] INFO  a.f.a.t.b.SeqModelChecker - Step 2: Transition #60 is disabled
2026-04-27T11:58:14,019 [main] DEBUG a.f.a.t.b.t.TransitionExecutorImpl - Step #2, transition #61
2026-04-27T11:58:14,019 [main] DEBUG a.f.a.t.b.t.TransitionExecutorImpl - Translating to SMT
2026-04-27T11:58:14,021 [main] DEBUG a.f.a.t.b.t.TransitionExecutorImpl - Transition 61 produces partial assignment. Disabled.
2026-04-27T11:58:14,021 [main] DEBUG a.f.a.t.b.t.TransitionExecutorImpl - Step #2, transition #62
2026-04-27T11:58:14,021 [main] DEBUG a.f.a.t.b.t.TransitionExecutorImpl - Translating to SMT
2026-04-27T11:58:14,029 [main] DEBUG a.f.a.t.b.SeqModelChecker - Step 2: Transition #62. Is it enabled?
2026-04-27T11:58:14,030 [main] INFO  a.f.a.t.b.SeqModelChecker - Step 2: Transition #62 is disabled
2026-04-27T11:58:14,030 [main] DEBUG a.f.a.t.b.t.TransitionExecutorImpl - Step #2, transition #63
2026-04-27T11:58:14,030 [main] DEBUG a.f.a.t.b.t.TransitionExecutorImpl - Translating to SMT
2026-04-27T11:58:14,043 [main] DEBUG a.f.a.t.b.SeqModelChecker - Step 2: Transition #63. Is it enabled?
2026-04-27T11:58:14,044 [main] INFO  a.f.a.t.b.SeqModelChecker - Step 2: Transition #63 is disabled
2026-04-27T11:58:14,044 [main] DEBUG a.f.a.t.b.t.TransitionExecutorImpl - Step #2, transition #64
2026-04-27T11:58:14,044 [main] DEBUG a.f.a.t.b.t.TransitionExecutorImpl - Translating to SMT
2026-04-27T11:58:14,072 [main] DEBUG a.f.a.t.b.SeqModelChecker - Step 2: Transition #64. Is it enabled?
2026-04-27T11:58:14,073 [main] INFO  a.f.a.t.b.SeqModelChecker - Step 2: Transition #64 is disabled
2026-04-27T11:58:14,074 [main] DEBUG a.f.a.t.b.t.TransitionExecutorImpl - Step #2, transition #65
2026-04-27T11:58:14,074 [main] DEBUG a.f.a.t.b.t.TransitionExecutorImpl - Translating to SMT
2026-04-27T11:58:14,081 [main] DEBUG a.f.a.t.b.SeqModelChecker - Step 2: Transition #65. Is it enabled?
2026-04-27T11:58:14,082 [main] INFO  a.f.a.t.b.SeqModelChecker - Step 2: Transition #65 is disabled
2026-04-27T11:58:14,083 [main] DEBUG a.f.a.t.b.t.TransitionExecutorImpl - Step #2, transition #66
2026-04-27T11:58:14,083 [main] DEBUG a.f.a.t.b.t.TransitionExecutorImpl - Translating to SMT
2026-04-27T11:58:14,108 [main] DEBUG a.f.a.t.b.SeqModelChecker - Step 2: Transition #66. Is it enabled?
2026-04-27T11:58:14,110 [main] INFO  a.f.a.t.b.SeqModelChecker - Step 2: Transition #66 is disabled
2026-04-27T11:58:14,111 [main] DEBUG a.f.a.t.b.t.TransitionExecutorImpl - Step #2, transition #67
2026-04-27T11:58:14,111 [main] DEBUG a.f.a.t.b.t.TransitionExecutorImpl - Translating to SMT
2026-04-27T11:58:14,134 [main] DEBUG a.f.a.t.b.SeqModelChecker - Step 2: Transition #67. Is it enabled?
2026-04-27T11:58:14,135 [main] INFO  a.f.a.t.b.SeqModelChecker - Step 2: Transition #67 is disabled
2026-04-27T11:58:14,136 [main] DEBUG a.f.a.t.b.t.TransitionExecutorImpl - Step #2, transition #68
2026-04-27T11:58:14,136 [main] DEBUG a.f.a.t.b.t.TransitionExecutorImpl - Translating to SMT
2026-04-27T11:58:14,157 [main] DEBUG a.f.a.t.b.SeqModelChecker - Step 2: Transition #68. Is it enabled?
2026-04-27T11:58:14,158 [main] INFO  a.f.a.t.b.SeqModelChecker - Step 2: Transition #68 is disabled
2026-04-27T11:58:14,158 [main] DEBUG a.f.a.t.b.t.TransitionExecutorImpl - Step #2, transition #69
2026-04-27T11:58:14,158 [main] DEBUG a.f.a.t.b.t.TransitionExecutorImpl - Translating to SMT
2026-04-27T11:58:14,188 [main] DEBUG a.f.a.t.b.SeqModelChecker - Step 2: Transition #69. Is it enabled?
2026-04-27T11:58:14,189 [main] INFO  a.f.a.t.b.SeqModelChecker - Step 2: Transition #69 is disabled
2026-04-27T11:58:14,190 [main] INFO  a.f.a.t.b.t.TransitionExecutorImpl - Step 2: picking a transition out of 2 transition(s)
2026-04-27T11:58:14,210 [main] DEBUG a.f.a.t.b.t.TransitionExecutorImpl - Step #3, transition #0
2026-04-27T11:58:14,210 [main] DEBUG a.f.a.t.b.t.TransitionExecutorImpl - Translating to SMT
2026-04-27T11:58:14,275 [main] DEBUG a.f.a.t.b.SeqModelChecker - Step 3: Transition #0. Is it enabled?
2026-04-27T11:58:14,280 [main] INFO  a.f.a.t.b.SeqModelChecker - Step 3: Transition #0 is disabled
2026-04-27T11:58:14,282 [main] DEBUG a.f.a.t.b.t.TransitionExecutorImpl - Step #3, transition #1
2026-04-27T11:58:14,282 [main] DEBUG a.f.a.t.b.t.TransitionExecutorImpl - Translating to SMT
2026-04-27T11:58:14,331 [main] DEBUG a.f.a.t.b.SeqModelChecker - Step 3: Transition #1. Is it enabled?
2026-04-27T11:58:14,341 [main] INFO  a.f.a.t.b.SeqModelChecker - Step 3: Transition #1 is disabled
2026-04-27T11:58:14,343 [main] DEBUG a.f.a.t.b.t.TransitionExecutorImpl - Step #3, transition #2
2026-04-27T11:58:14,343 [main] DEBUG a.f.a.t.b.t.TransitionExecutorImpl - Translating to SMT
2026-04-27T11:58:14,376 [main] DEBUG a.f.a.t.b.SeqModelChecker - Step 3: Transition #2. Is it enabled?
2026-04-27T11:58:14,379 [main] INFO  a.f.a.t.b.SeqModelChecker - Step 3: Transition #2 is disabled
2026-04-27T11:58:14,380 [main] DEBUG a.f.a.t.b.t.TransitionExecutorImpl - Step #3, transition #3
2026-04-27T11:58:14,380 [main] DEBUG a.f.a.t.b.t.TransitionExecutorImpl - Translating to SMT
2026-04-27T11:58:14,388 [main] DEBUG a.f.a.t.b.t.TransitionExecutorImpl - Transition 3 produces partial assignment. Disabled.
2026-04-27T11:58:14,389 [main] DEBUG a.f.a.t.b.t.TransitionExecutorImpl - Step #3, transition #4
2026-04-27T11:58:14,389 [main] DEBUG a.f.a.t.b.t.TransitionExecutorImpl - Translating to SMT
2026-04-27T11:58:14,395 [main] DEBUG a.f.a.t.b.t.TransitionExecutorImpl - Transition 4 produces partial assignment. Disabled.
2026-04-27T11:58:14,396 [main] DEBUG a.f.a.t.b.t.TransitionExecutorImpl - Step #3, transition #5
2026-04-27T11:58:14,396 [main] DEBUG a.f.a.t.b.t.TransitionExecutorImpl - Translating to SMT
2026-04-27T11:58:14,423 [main] DEBUG a.f.a.t.b.SeqModelChecker - Step 3: Transition #5. Is it enabled?
2026-04-27T11:58:14,426 [main] INFO  a.f.a.t.b.SeqModelChecker - Step 3: Transition #5 is disabled
2026-04-27T11:58:14,427 [main] DEBUG a.f.a.t.b.t.TransitionExecutorImpl - Step #3, transition #6
2026-04-27T11:58:14,427 [main] DEBUG a.f.a.t.b.t.TransitionExecutorImpl - Translating to SMT
2026-04-27T11:58:14,451 [main] DEBUG a.f.a.t.b.SeqModelChecker - Step 3: Transition #6. Is it enabled?
2026-04-27T11:58:14,454 [main] INFO  a.f.a.t.b.SeqModelChecker - Step 3: Transition #6 is disabled
2026-04-27T11:58:14,455 [main] DEBUG a.f.a.t.b.t.TransitionExecutorImpl - Step #3, transition #7
2026-04-27T11:58:14,455 [main] DEBUG a.f.a.t.b.t.TransitionExecutorImpl - Translating to SMT
2026-04-27T11:58:14,462 [main] DEBUG a.f.a.t.b.t.TransitionExecutorImpl - Transition 7 produces partial assignment. Disabled.
2026-04-27T11:58:14,463 [main] DEBUG a.f.a.t.b.t.TransitionExecutorImpl - Step #3, transition #8
2026-04-27T11:58:14,463 [main] DEBUG a.f.a.t.b.t.TransitionExecutorImpl - Translating to SMT
2026-04-27T11:58:14,469 [main] DEBUG a.f.a.t.b.t.TransitionExecutorImpl - Transition 8 produces partial assignment. Disabled.
2026-04-27T11:58:14,470 [main] DEBUG a.f.a.t.b.t.TransitionExecutorImpl - Step #3, transition #9
2026-04-27T11:58:14,470 [main] DEBUG a.f.a.t.b.t.TransitionExecutorImpl - Translating to SMT
2026-04-27T11:58:14,493 [main] DEBUG a.f.a.t.b.SeqModelChecker - Step 3: Transition #9. Is it enabled?
2026-04-27T11:58:14,496 [main] INFO  a.f.a.t.b.SeqModelChecker - Step 3: Transition #9 is disabled
2026-04-27T11:58:14,497 [main] DEBUG a.f.a.t.b.t.TransitionExecutorImpl - Step #3, transition #10
2026-04-27T11:58:14,497 [main] DEBUG a.f.a.t.b.t.TransitionExecutorImpl - Translating to SMT
2026-04-27T11:58:14,518 [main] DEBUG a.f.a.t.b.SeqModelChecker - Step 3: Transition #10. Is it enabled?
2026-04-27T11:58:14,520 [main] INFO  a.f.a.t.b.SeqModelChecker - Step 3: Transition #10 is disabled
2026-04-27T11:58:14,521 [main] DEBUG a.f.a.t.b.t.TransitionExecutorImpl - Step #3, transition #11
2026-04-27T11:58:14,521 [main] DEBUG a.f.a.t.b.t.TransitionExecutorImpl - Translating to SMT
2026-04-27T11:58:14,536 [main] DEBUG a.f.a.t.b.SeqModelChecker - Step 3: Transition #11. Is it enabled?
2026-04-27T11:58:14,539 [main] INFO  a.f.a.t.b.SeqModelChecker - Step 3: Transition #11 is disabled
2026-04-27T11:58:14,540 [main] DEBUG a.f.a.t.b.t.TransitionExecutorImpl - Step #3, transition #12
2026-04-27T11:58:14,540 [main] DEBUG a.f.a.t.b.t.TransitionExecutorImpl - Translating to SMT
2026-04-27T11:58:14,577 [main] DEBUG a.f.a.t.b.SeqModelChecker - Step 3: Transition #12. Is it enabled?
2026-04-27T11:58:14,582 [main] INFO  a.f.a.t.b.SeqModelChecker - Step 3: Transition #12 is disabled
2026-04-27T11:58:14,583 [main] DEBUG a.f.a.t.b.t.TransitionExecutorImpl - Step #3, transition #13
2026-04-27T11:58:14,583 [main] DEBUG a.f.a.t.b.t.TransitionExecutorImpl - Translating to SMT
2026-04-27T11:58:14,622 [main] DEBUG a.f.a.t.b.SeqModelChecker - Step 3: Transition #13. Is it enabled?
2026-04-27T11:58:14,630 [main] INFO  a.f.a.t.b.SeqModelChecker - Step 3: Transition #13 is disabled
2026-04-27T11:58:14,631 [main] DEBUG a.f.a.t.b.t.TransitionExecutorImpl - Step #3, transition #14
2026-04-27T11:58:14,631 [main] DEBUG a.f.a.t.b.t.TransitionExecutorImpl - Translating to SMT
2026-04-27T11:58:14,670 [main] DEBUG a.f.a.t.b.SeqModelChecker - Step 3: Transition #14. Is it enabled?
2026-04-27T11:58:14,675 [main] INFO  a.f.a.t.b.SeqModelChecker - Step 3: Transition #14 is disabled
2026-04-27T11:58:14,676 [main] DEBUG a.f.a.t.b.t.TransitionExecutorImpl - Step #3, transition #15
2026-04-27T11:58:14,676 [main] DEBUG a.f.a.t.b.t.TransitionExecutorImpl - Translating to SMT
2026-04-27T11:58:14,723 [main] DEBUG a.f.a.t.b.SeqModelChecker - Step 3: Transition #15. Is it enabled?
2026-04-27T11:58:14,729 [main] INFO  a.f.a.t.b.SeqModelChecker - Step 3: Transition #15 is disabled
2026-04-27T11:58:14,730 [main] DEBUG a.f.a.t.b.t.TransitionExecutorImpl - Step #3, transition #16
2026-04-27T11:58:14,730 [main] DEBUG a.f.a.t.b.t.TransitionExecutorImpl - Translating to SMT
2026-04-27T11:58:14,765 [main] DEBUG a.f.a.t.b.SeqModelChecker - Step 3: Transition #16. Is it enabled?
2026-04-27T11:58:14,767 [main] INFO  a.f.a.t.b.SeqModelChecker - Step 3: Transition #16 is disabled
2026-04-27T11:58:14,767 [main] DEBUG a.f.a.t.b.t.TransitionExecutorImpl - Step #3, transition #17
2026-04-27T11:58:14,767 [main] DEBUG a.f.a.t.b.t.TransitionExecutorImpl - Translating to SMT
2026-04-27T11:58:14,791 [main] DEBUG a.f.a.t.b.SeqModelChecker - Step 3: Transition #17. Is it enabled?
2026-04-27T11:58:14,794 [main] INFO  a.f.a.t.b.SeqModelChecker - Step 3: Transition #17 is disabled
2026-04-27T11:58:14,794 [main] DEBUG a.f.a.t.b.t.TransitionExecutorImpl - Step #3, transition #18
2026-04-27T11:58:14,794 [main] DEBUG a.f.a.t.b.t.TransitionExecutorImpl - Translating to SMT
2026-04-27T11:58:14,809 [main] DEBUG a.f.a.t.b.t.TransitionExecutorImpl - Transition 18 produces partial assignment. Disabled.
2026-04-27T11:58:14,810 [main] DEBUG a.f.a.t.b.t.TransitionExecutorImpl - Step #3, transition #19
2026-04-27T11:58:14,810 [main] DEBUG a.f.a.t.b.t.TransitionExecutorImpl - Translating to SMT
2026-04-27T11:58:14,816 [main] DEBUG a.f.a.t.b.t.TransitionExecutorImpl - Transition 19 produces partial assignment. Disabled.
2026-04-27T11:58:14,816 [main] DEBUG a.f.a.t.b.t.TransitionExecutorImpl - Step #3, transition #20
2026-04-27T11:58:14,816 [main] DEBUG a.f.a.t.b.t.TransitionExecutorImpl - Translating to SMT
2026-04-27T11:58:14,821 [main] DEBUG a.f.a.t.b.t.TransitionExecutorImpl - Transition 20 produces partial assignment. Disabled.
2026-04-27T11:58:14,822 [main] DEBUG a.f.a.t.b.t.TransitionExecutorImpl - Step #3, transition #21
2026-04-27T11:58:14,822 [main] DEBUG a.f.a.t.b.t.TransitionExecutorImpl - Translating to SMT
2026-04-27T11:58:14,849 [main] DEBUG a.f.a.t.b.SeqModelChecker - Step 3: Transition #21. Is it enabled?
2026-04-27T11:58:14,851 [main] INFO  a.f.a.t.b.SeqModelChecker - Step 3: Transition #21 is disabled
2026-04-27T11:58:14,852 [main] DEBUG a.f.a.t.b.t.TransitionExecutorImpl - Step #3, transition #22
2026-04-27T11:58:14,852 [main] DEBUG a.f.a.t.b.t.TransitionExecutorImpl - Translating to SMT
2026-04-27T11:58:14,870 [main] DEBUG a.f.a.t.b.t.TransitionExecutorImpl - Transition 22 produces partial assignment. Disabled.
2026-04-27T11:58:14,871 [main] DEBUG a.f.a.t.b.t.TransitionExecutorImpl - Step #3, transition #23
2026-04-27T11:58:14,872 [main] DEBUG a.f.a.t.b.t.TransitionExecutorImpl - Translating to SMT
2026-04-27T11:58:14,875 [main] DEBUG a.f.a.t.b.t.TransitionExecutorImpl - Transition 23 produces partial assignment. Disabled.
2026-04-27T11:58:14,876 [main] DEBUG a.f.a.t.b.t.TransitionExecutorImpl - Step #3, transition #24
2026-04-27T11:58:14,876 [main] DEBUG a.f.a.t.b.t.TransitionExecutorImpl - Translating to SMT
2026-04-27T11:58:14,892 [main] DEBUG a.f.a.t.b.SeqModelChecker - Step 3: Transition #24. Is it enabled?
2026-04-27T11:58:14,893 [main] INFO  a.f.a.t.b.SeqModelChecker - Step 3: Transition #24 is disabled
2026-04-27T11:58:14,894 [main] DEBUG a.f.a.t.b.t.TransitionExecutorImpl - Step #3, transition #25
2026-04-27T11:58:14,894 [main] DEBUG a.f.a.t.b.t.TransitionExecutorImpl - Translating to SMT
2026-04-27T11:58:14,897 [main] DEBUG a.f.a.t.b.t.TransitionExecutorImpl - Transition 25 produces partial assignment. Disabled.
2026-04-27T11:58:14,898 [main] DEBUG a.f.a.t.b.t.TransitionExecutorImpl - Step #3, transition #26
2026-04-27T11:58:14,898 [main] DEBUG a.f.a.t.b.t.TransitionExecutorImpl - Translating to SMT
2026-04-27T11:58:14,915 [main] DEBUG a.f.a.t.b.SeqModelChecker - Step 3: Transition #26. Is it enabled?
2026-04-27T11:58:14,916 [main] INFO  a.f.a.t.b.SeqModelChecker - Step 3: Transition #26 is disabled
2026-04-27T11:58:14,916 [main] DEBUG a.f.a.t.b.t.TransitionExecutorImpl - Step #3, transition #27
2026-04-27T11:58:14,916 [main] DEBUG a.f.a.t.b.t.TransitionExecutorImpl - Translating to SMT
2026-04-27T11:58:14,926 [main] DEBUG a.f.a.t.b.SeqModelChecker - Step 3: Transition #27. Is it enabled?
2026-04-27T11:58:14,927 [main] INFO  a.f.a.t.b.SeqModelChecker - Step 3: Transition #27 is disabled
2026-04-27T11:58:14,927 [main] DEBUG a.f.a.t.b.t.TransitionExecutorImpl - Step #3, transition #28
2026-04-27T11:58:14,928 [main] DEBUG a.f.a.t.b.t.TransitionExecutorImpl - Translating to SMT
2026-04-27T11:58:14,962 [main] DEBUG a.f.a.t.b.SeqModelChecker - Step 3: Transition #28. Is it enabled?
2026-04-27T11:58:14,964 [main] INFO  a.f.a.t.b.SeqModelChecker - Step 3: Transition #28 is disabled
2026-04-27T11:58:14,964 [main] DEBUG a.f.a.t.b.t.TransitionExecutorImpl - Step #3, transition #29
2026-04-27T11:58:14,964 [main] DEBUG a.f.a.t.b.t.TransitionExecutorImpl - Translating to SMT
2026-04-27T11:58:14,990 [main] DEBUG a.f.a.t.b.SeqModelChecker - Step 3: Transition #29. Is it enabled?
2026-04-27T11:58:14,992 [main] INFO  a.f.a.t.b.SeqModelChecker - Step 3: Transition #29 is disabled
2026-04-27T11:58:14,992 [main] DEBUG a.f.a.t.b.t.TransitionExecutorImpl - Step #3, transition #30
2026-04-27T11:58:14,992 [main] DEBUG a.f.a.t.b.t.TransitionExecutorImpl - Translating to SMT
2026-04-27T11:58:15,016 [main] DEBUG a.f.a.t.b.SeqModelChecker - Step 3: Transition #30. Is it enabled?
2026-04-27T11:58:15,018 [main] DEBUG a.f.a.t.b.SeqModelChecker - Step 3: Transition #30 is enabled
2026-04-27T11:58:15,019 [main] DEBUG a.f.a.t.b.t.TransitionExecutorImpl - Step #3, transition #31
2026-04-27T11:58:15,019 [main] DEBUG a.f.a.t.b.t.TransitionExecutorImpl - Translating to SMT
2026-04-27T11:58:15,044 [main] DEBUG a.f.a.t.b.SeqModelChecker - Step 3: Transition #31. Is it enabled?
2026-04-27T11:58:15,047 [main] INFO  a.f.a.t.b.SeqModelChecker - Step 3: Transition #31 is disabled
2026-04-27T11:58:15,048 [main] DEBUG a.f.a.t.b.t.TransitionExecutorImpl - Step #3, transition #32
2026-04-27T11:58:15,048 [main] DEBUG a.f.a.t.b.t.TransitionExecutorImpl - Translating to SMT
2026-04-27T11:58:15,070 [main] DEBUG a.f.a.t.b.SeqModelChecker - Step 3: Transition #32. Is it enabled?
2026-04-27T11:58:15,072 [main] INFO  a.f.a.t.b.SeqModelChecker - Step 3: Transition #32 is disabled
2026-04-27T11:58:15,072 [main] DEBUG a.f.a.t.b.t.TransitionExecutorImpl - Step #3, transition #33
2026-04-27T11:58:15,072 [main] DEBUG a.f.a.t.b.t.TransitionExecutorImpl - Translating to SMT
2026-04-27T11:58:15,093 [main] DEBUG a.f.a.t.b.SeqModelChecker - Step 3: Transition #33. Is it enabled?
2026-04-27T11:58:15,095 [main] INFO  a.f.a.t.b.SeqModelChecker - Step 3: Transition #33 is disabled
2026-04-27T11:58:15,095 [main] DEBUG a.f.a.t.b.t.TransitionExecutorImpl - Step #3, transition #34
2026-04-27T11:58:15,095 [main] DEBUG a.f.a.t.b.t.TransitionExecutorImpl - Translating to SMT
2026-04-27T11:58:15,116 [main] DEBUG a.f.a.t.b.SeqModelChecker - Step 3: Transition #34. Is it enabled?
2026-04-27T11:58:15,119 [main] INFO  a.f.a.t.b.SeqModelChecker - Step 3: Transition #34 is disabled
2026-04-27T11:58:15,119 [main] DEBUG a.f.a.t.b.t.TransitionExecutorImpl - Step #3, transition #35
2026-04-27T11:58:15,119 [main] DEBUG a.f.a.t.b.t.TransitionExecutorImpl - Translating to SMT
2026-04-27T11:58:15,139 [main] DEBUG a.f.a.t.b.SeqModelChecker - Step 3: Transition #35. Is it enabled?
2026-04-27T11:58:15,143 [main] INFO  a.f.a.t.b.SeqModelChecker - Step 3: Transition #35 is disabled
2026-04-27T11:58:15,143 [main] DEBUG a.f.a.t.b.t.TransitionExecutorImpl - Step #3, transition #36
2026-04-27T11:58:15,143 [main] DEBUG a.f.a.t.b.t.TransitionExecutorImpl - Translating to SMT
2026-04-27T11:58:15,152 [main] DEBUG a.f.a.t.b.t.TransitionExecutorImpl - Transition 36 produces partial assignment. Disabled.
2026-04-27T11:58:15,153 [main] DEBUG a.f.a.t.b.t.TransitionExecutorImpl - Step #3, transition #37
2026-04-27T11:58:15,153 [main] DEBUG a.f.a.t.b.t.TransitionExecutorImpl - Translating to SMT
2026-04-27T11:58:15,176 [main] DEBUG a.f.a.t.b.SeqModelChecker - Step 3: Transition #37. Is it enabled?
2026-04-27T11:58:15,178 [main] INFO  a.f.a.t.b.SeqModelChecker - Step 3: Transition #37 is disabled
2026-04-27T11:58:15,178 [main] DEBUG a.f.a.t.b.t.TransitionExecutorImpl - Step #3, transition #38
2026-04-27T11:58:15,178 [main] DEBUG a.f.a.t.b.t.TransitionExecutorImpl - Translating to SMT
2026-04-27T11:58:15,186 [main] DEBUG a.f.a.t.b.t.TransitionExecutorImpl - Transition 38 produces partial assignment. Disabled.
2026-04-27T11:58:15,187 [main] DEBUG a.f.a.t.b.t.TransitionExecutorImpl - Step #3, transition #39
2026-04-27T11:58:15,187 [main] DEBUG a.f.a.t.b.t.TransitionExecutorImpl - Translating to SMT
2026-04-27T11:58:15,210 [main] DEBUG a.f.a.t.b.SeqModelChecker - Step 3: Transition #39. Is it enabled?
2026-04-27T11:58:15,211 [main] INFO  a.f.a.t.b.SeqModelChecker - Step 3: Transition #39 is disabled
2026-04-27T11:58:15,212 [main] DEBUG a.f.a.t.b.t.TransitionExecutorImpl - Step #3, transition #40
2026-04-27T11:58:15,212 [main] DEBUG a.f.a.t.b.t.TransitionExecutorImpl - Translating to SMT
2026-04-27T11:58:15,220 [main] DEBUG a.f.a.t.b.t.TransitionExecutorImpl - Transition 40 produces partial assignment. Disabled.
2026-04-27T11:58:15,221 [main] DEBUG a.f.a.t.b.t.TransitionExecutorImpl - Step #3, transition #41
2026-04-27T11:58:15,221 [main] DEBUG a.f.a.t.b.t.TransitionExecutorImpl - Translating to SMT
2026-04-27T11:58:15,257 [main] DEBUG a.f.a.t.b.SeqModelChecker - Step 3: Transition #41. Is it enabled?
2026-04-27T11:58:15,260 [main] INFO  a.f.a.t.b.SeqModelChecker - Step 3: Transition #41 is disabled
2026-04-27T11:58:15,261 [main] DEBUG a.f.a.t.b.t.TransitionExecutorImpl - Step #3, transition #42
2026-04-27T11:58:15,261 [main] DEBUG a.f.a.t.b.t.TransitionExecutorImpl - Translating to SMT
2026-04-27T11:58:15,270 [main] DEBUG a.f.a.t.b.t.TransitionExecutorImpl - Transition 42 produces partial assignment. Disabled.
2026-04-27T11:58:15,271 [main] DEBUG a.f.a.t.b.t.TransitionExecutorImpl - Step #3, transition #43
2026-04-27T11:58:15,271 [main] DEBUG a.f.a.t.b.t.TransitionExecutorImpl - Translating to SMT
2026-04-27T11:58:15,291 [main] DEBUG a.f.a.t.b.SeqModelChecker - Step 3: Transition #43. Is it enabled?
2026-04-27T11:58:15,293 [main] INFO  a.f.a.t.b.SeqModelChecker - Step 3: Transition #43 is disabled
2026-04-27T11:58:15,294 [main] DEBUG a.f.a.t.b.t.TransitionExecutorImpl - Step #3, transition #44
2026-04-27T11:58:15,294 [main] DEBUG a.f.a.t.b.t.TransitionExecutorImpl - Translating to SMT
2026-04-27T11:58:15,318 [main] DEBUG a.f.a.t.b.SeqModelChecker - Step 3: Transition #44. Is it enabled?
2026-04-27T11:58:15,321 [main] INFO  a.f.a.t.b.SeqModelChecker - Step 3: Transition #44 is disabled
2026-04-27T11:58:15,321 [main] DEBUG a.f.a.t.b.t.TransitionExecutorImpl - Step #3, transition #45
2026-04-27T11:58:15,321 [main] DEBUG a.f.a.t.b.t.TransitionExecutorImpl - Translating to SMT
2026-04-27T11:58:15,347 [main] DEBUG a.f.a.t.b.SeqModelChecker - Step 3: Transition #45. Is it enabled?
2026-04-27T11:58:15,349 [main] INFO  a.f.a.t.b.SeqModelChecker - Step 3: Transition #45 is disabled
2026-04-27T11:58:15,350 [main] DEBUG a.f.a.t.b.t.TransitionExecutorImpl - Step #3, transition #46
2026-04-27T11:58:15,350 [main] DEBUG a.f.a.t.b.t.TransitionExecutorImpl - Translating to SMT
2026-04-27T11:58:15,373 [main] DEBUG a.f.a.t.b.SeqModelChecker - Step 3: Transition #46. Is it enabled?
2026-04-27T11:58:15,376 [main] INFO  a.f.a.t.b.SeqModelChecker - Step 3: Transition #46 is disabled
2026-04-27T11:58:15,376 [main] DEBUG a.f.a.t.b.t.TransitionExecutorImpl - Step #3, transition #47
2026-04-27T11:58:15,376 [main] DEBUG a.f.a.t.b.t.TransitionExecutorImpl - Translating to SMT
2026-04-27T11:58:15,397 [main] DEBUG a.f.a.t.b.SeqModelChecker - Step 3: Transition #47. Is it enabled?
2026-04-27T11:58:15,400 [main] DEBUG a.f.a.t.b.SeqModelChecker - Step 3: Transition #47 is enabled
2026-04-27T11:58:15,400 [main] INFO  a.f.a.t.b.SeqModelChecker - State 3: Checking 2 state invariants
2026-04-27T11:58:15,400 [main] DEBUG a.f.a.t.b.SeqModelChecker - State 3: Checking state invariant 0
2026-04-27T11:58:15,403 [main] INFO  a.f.a.t.b.SeqModelChecker - State 3: state invariant 0 holds.
2026-04-27T11:58:15,403 [main] DEBUG a.f.a.t.b.SeqModelChecker - State 3: Checking state invariant 1
2026-04-27T11:58:15,407 [main] INFO  a.f.a.t.b.SeqModelChecker - State 3: state invariant 1 holds.
2026-04-27T11:58:15,408 [main] DEBUG a.f.a.t.b.t.TransitionExecutorImpl - Step #3, transition #48
2026-04-27T11:58:15,408 [main] DEBUG a.f.a.t.b.t.TransitionExecutorImpl - Translating to SMT
2026-04-27T11:58:15,444 [main] DEBUG a.f.a.t.b.SeqModelChecker - Step 3: Transition #48. Is it enabled?
2026-04-27T11:58:15,447 [main] INFO  a.f.a.t.b.SeqModelChecker - Step 3: Transition #48 is disabled
2026-04-27T11:58:15,447 [main] DEBUG a.f.a.t.b.t.TransitionExecutorImpl - Step #3, transition #49
2026-04-27T11:58:15,447 [main] DEBUG a.f.a.t.b.t.TransitionExecutorImpl - Translating to SMT
2026-04-27T11:58:15,533 [main] DEBUG a.f.a.t.b.SeqModelChecker - Step 3: Transition #49. Is it enabled?
2026-04-27T11:58:15,536 [main] INFO  a.f.a.t.b.SeqModelChecker - Step 3: Transition #49 is disabled
2026-04-27T11:58:15,537 [main] DEBUG a.f.a.t.b.t.TransitionExecutorImpl - Step #3, transition #50
2026-04-27T11:58:15,537 [main] DEBUG a.f.a.t.b.t.TransitionExecutorImpl - Translating to SMT
2026-04-27T11:58:15,572 [main] DEBUG a.f.a.t.b.SeqModelChecker - Step 3: Transition #50. Is it enabled?
2026-04-27T11:58:15,575 [main] INFO  a.f.a.t.b.SeqModelChecker - Step 3: Transition #50 is disabled
2026-04-27T11:58:15,576 [main] DEBUG a.f.a.t.b.t.TransitionExecutorImpl - Step #3, transition #51
2026-04-27T11:58:15,576 [main] DEBUG a.f.a.t.b.t.TransitionExecutorImpl - Translating to SMT
2026-04-27T11:58:15,616 [main] DEBUG a.f.a.t.b.SeqModelChecker - Step 3: Transition #51. Is it enabled?
2026-04-27T11:58:15,621 [main] INFO  a.f.a.t.b.SeqModelChecker - Step 3: Transition #51 is disabled
2026-04-27T11:58:15,623 [main] DEBUG a.f.a.t.b.t.TransitionExecutorImpl - Step #3, transition #52
2026-04-27T11:58:15,623 [main] DEBUG a.f.a.t.b.t.TransitionExecutorImpl - Translating to SMT
2026-04-27T11:58:15,673 [main] DEBUG a.f.a.t.b.SeqModelChecker - Step 3: Transition #52. Is it enabled?
2026-04-27T11:58:15,677 [main] INFO  a.f.a.t.b.SeqModelChecker - Step 3: Transition #52 is disabled
2026-04-27T11:58:15,677 [main] DEBUG a.f.a.t.b.t.TransitionExecutorImpl - Step #3, transition #53
2026-04-27T11:58:15,677 [main] DEBUG a.f.a.t.b.t.TransitionExecutorImpl - Translating to SMT
2026-04-27T11:58:15,689 [main] DEBUG a.f.a.t.b.SeqModelChecker - Step 3: Transition #53. Is it enabled?
2026-04-27T11:58:15,691 [main] INFO  a.f.a.t.b.SeqModelChecker - Step 3: Transition #53 is disabled
2026-04-27T11:58:15,691 [main] DEBUG a.f.a.t.b.t.TransitionExecutorImpl - Step #3, transition #54
2026-04-27T11:58:15,691 [main] DEBUG a.f.a.t.b.t.TransitionExecutorImpl - Translating to SMT
2026-04-27T11:58:15,704 [main] DEBUG a.f.a.t.b.SeqModelChecker - Step 3: Transition #54. Is it enabled?
2026-04-27T11:58:15,712 [main] INFO  a.f.a.t.b.SeqModelChecker - Step 3: Transition #54 is disabled
2026-04-27T11:58:15,714 [main] DEBUG a.f.a.t.b.t.TransitionExecutorImpl - Step #3, transition #55
2026-04-27T11:58:15,714 [main] DEBUG a.f.a.t.b.t.TransitionExecutorImpl - Translating to SMT
2026-04-27T11:58:15,723 [main] DEBUG a.f.a.t.b.t.TransitionExecutorImpl - Transition 55 produces partial assignment. Disabled.
2026-04-27T11:58:15,724 [main] DEBUG a.f.a.t.b.t.TransitionExecutorImpl - Step #3, transition #56
2026-04-27T11:58:15,724 [main] DEBUG a.f.a.t.b.t.TransitionExecutorImpl - Translating to SMT
2026-04-27T11:58:15,740 [main] DEBUG a.f.a.t.b.SeqModelChecker - Step 3: Transition #56. Is it enabled?
2026-04-27T11:58:15,741 [main] INFO  a.f.a.t.b.SeqModelChecker - Step 3: Transition #56 is disabled
2026-04-27T11:58:15,742 [main] DEBUG a.f.a.t.b.t.TransitionExecutorImpl - Step #3, transition #57
2026-04-27T11:58:15,742 [main] DEBUG a.f.a.t.b.t.TransitionExecutorImpl - Translating to SMT
2026-04-27T11:58:15,743 [main] DEBUG a.f.a.t.b.t.TransitionExecutorImpl - Transition 57 produces partial assignment. Disabled.
2026-04-27T11:58:15,744 [main] DEBUG a.f.a.t.b.t.TransitionExecutorImpl - Step #3, transition #58
2026-04-27T11:58:15,744 [main] DEBUG a.f.a.t.b.t.TransitionExecutorImpl - Translating to SMT
2026-04-27T11:58:15,777 [main] DEBUG a.f.a.t.b.SeqModelChecker - Step 3: Transition #58. Is it enabled?
2026-04-27T11:58:15,779 [main] INFO  a.f.a.t.b.SeqModelChecker - Step 3: Transition #58 is disabled
2026-04-27T11:58:15,780 [main] DEBUG a.f.a.t.b.t.TransitionExecutorImpl - Step #3, transition #59
2026-04-27T11:58:15,780 [main] DEBUG a.f.a.t.b.t.TransitionExecutorImpl - Translating to SMT
2026-04-27T11:58:15,782 [main] DEBUG a.f.a.t.b.t.TransitionExecutorImpl - Transition 59 produces partial assignment. Disabled.
2026-04-27T11:58:15,782 [main] DEBUG a.f.a.t.b.t.TransitionExecutorImpl - Step #3, transition #60
2026-04-27T11:58:15,782 [main] DEBUG a.f.a.t.b.t.TransitionExecutorImpl - Translating to SMT
2026-04-27T11:58:15,793 [main] DEBUG a.f.a.t.b.SeqModelChecker - Step 3: Transition #60. Is it enabled?
2026-04-27T11:58:15,794 [main] INFO  a.f.a.t.b.SeqModelChecker - Step 3: Transition #60 is disabled
2026-04-27T11:58:15,794 [main] DEBUG a.f.a.t.b.t.TransitionExecutorImpl - Step #3, transition #61
2026-04-27T11:58:15,794 [main] DEBUG a.f.a.t.b.t.TransitionExecutorImpl - Translating to SMT
2026-04-27T11:58:15,796 [main] DEBUG a.f.a.t.b.t.TransitionExecutorImpl - Transition 61 produces partial assignment. Disabled.
2026-04-27T11:58:15,796 [main] DEBUG a.f.a.t.b.t.TransitionExecutorImpl - Step #3, transition #62
2026-04-27T11:58:15,796 [main] DEBUG a.f.a.t.b.t.TransitionExecutorImpl - Translating to SMT
2026-04-27T11:58:15,807 [main] DEBUG a.f.a.t.b.SeqModelChecker - Step 3: Transition #62. Is it enabled?
2026-04-27T11:58:15,809 [main] INFO  a.f.a.t.b.SeqModelChecker - Step 3: Transition #62 is disabled
2026-04-27T11:58:15,809 [main] DEBUG a.f.a.t.b.t.TransitionExecutorImpl - Step #3, transition #63
2026-04-27T11:58:15,809 [main] DEBUG a.f.a.t.b.t.TransitionExecutorImpl - Translating to SMT
2026-04-27T11:58:15,821 [main] DEBUG a.f.a.t.b.SeqModelChecker - Step 3: Transition #63. Is it enabled?
2026-04-27T11:58:15,823 [main] INFO  a.f.a.t.b.SeqModelChecker - Step 3: Transition #63 is disabled
2026-04-27T11:58:15,823 [main] DEBUG a.f.a.t.b.t.TransitionExecutorImpl - Step #3, transition #64
2026-04-27T11:58:15,823 [main] DEBUG a.f.a.t.b.t.TransitionExecutorImpl - Translating to SMT
2026-04-27T11:58:15,838 [main] DEBUG a.f.a.t.b.SeqModelChecker - Step 3: Transition #64. Is it enabled?
2026-04-27T11:58:15,840 [main] INFO  a.f.a.t.b.SeqModelChecker - Step 3: Transition #64 is disabled
2026-04-27T11:58:15,840 [main] DEBUG a.f.a.t.b.t.TransitionExecutorImpl - Step #3, transition #65
2026-04-27T11:58:15,840 [main] DEBUG a.f.a.t.b.t.TransitionExecutorImpl - Translating to SMT
2026-04-27T11:58:15,844 [main] DEBUG a.f.a.t.b.SeqModelChecker - Step 3: Transition #65. Is it enabled?
2026-04-27T11:58:15,845 [main] INFO  a.f.a.t.b.SeqModelChecker - Step 3: Transition #65 is disabled
2026-04-27T11:58:15,845 [main] DEBUG a.f.a.t.b.t.TransitionExecutorImpl - Step #3, transition #66
2026-04-27T11:58:15,845 [main] DEBUG a.f.a.t.b.t.TransitionExecutorImpl - Translating to SMT
2026-04-27T11:58:15,857 [main] DEBUG a.f.a.t.b.SeqModelChecker - Step 3: Transition #66. Is it enabled?
2026-04-27T11:58:15,858 [main] INFO  a.f.a.t.b.SeqModelChecker - Step 3: Transition #66 is disabled
2026-04-27T11:58:15,859 [main] DEBUG a.f.a.t.b.t.TransitionExecutorImpl - Step #3, transition #67
2026-04-27T11:58:15,859 [main] DEBUG a.f.a.t.b.t.TransitionExecutorImpl - Translating to SMT
2026-04-27T11:58:15,869 [main] DEBUG a.f.a.t.b.SeqModelChecker - Step 3: Transition #67. Is it enabled?
2026-04-27T11:58:15,870 [main] INFO  a.f.a.t.b.SeqModelChecker - Step 3: Transition #67 is disabled
2026-04-27T11:58:15,870 [main] DEBUG a.f.a.t.b.t.TransitionExecutorImpl - Step #3, transition #68
2026-04-27T11:58:15,870 [main] DEBUG a.f.a.t.b.t.TransitionExecutorImpl - Translating to SMT
2026-04-27T11:58:15,897 [main] DEBUG a.f.a.t.b.SeqModelChecker - Step 3: Transition #68. Is it enabled?
2026-04-27T11:58:15,898 [main] INFO  a.f.a.t.b.SeqModelChecker - Step 3: Transition #68 is disabled
2026-04-27T11:58:15,899 [main] DEBUG a.f.a.t.b.t.TransitionExecutorImpl - Step #3, transition #69
2026-04-27T11:58:15,899 [main] DEBUG a.f.a.t.b.t.TransitionExecutorImpl - Translating to SMT
2026-04-27T11:58:15,914 [main] DEBUG a.f.a.t.b.SeqModelChecker - Step 3: Transition #69. Is it enabled?
2026-04-27T11:58:15,915 [main] INFO  a.f.a.t.b.SeqModelChecker - Step 3: Transition #69 is disabled
2026-04-27T11:58:15,916 [main] INFO  a.f.a.t.b.t.TransitionExecutorImpl - Step 3: picking a transition out of 2 transition(s)
2026-04-27T11:58:15,927 [main] DEBUG a.f.a.t.b.t.TransitionExecutorImpl - Step #4, transition #0
2026-04-27T11:58:15,927 [main] DEBUG a.f.a.t.b.t.TransitionExecutorImpl - Translating to SMT
2026-04-27T11:58:15,959 [main] DEBUG a.f.a.t.b.SeqModelChecker - Step 4: Transition #0. Is it enabled?
2026-04-27T11:58:15,966 [main] INFO  a.f.a.t.b.SeqModelChecker - Step 4: Transition #0 is disabled
2026-04-27T11:58:15,967 [main] DEBUG a.f.a.t.b.t.TransitionExecutorImpl - Step #4, transition #1
2026-04-27T11:58:15,967 [main] DEBUG a.f.a.t.b.t.TransitionExecutorImpl - Translating to SMT
2026-04-27T11:58:15,997 [main] DEBUG a.f.a.t.b.SeqModelChecker - Step 4: Transition #1. Is it enabled?
2026-04-27T11:58:16,003 [main] INFO  a.f.a.t.b.SeqModelChecker - Step 4: Transition #1 is disabled
2026-04-27T11:58:16,004 [main] DEBUG a.f.a.t.b.t.TransitionExecutorImpl - Step #4, transition #2
2026-04-27T11:58:16,004 [main] DEBUG a.f.a.t.b.t.TransitionExecutorImpl - Translating to SMT
2026-04-27T11:58:16,036 [main] DEBUG a.f.a.t.b.SeqModelChecker - Step 4: Transition #2. Is it enabled?
2026-04-27T11:58:16,041 [main] INFO  a.f.a.t.b.SeqModelChecker - Step 4: Transition #2 is disabled
2026-04-27T11:58:16,042 [main] DEBUG a.f.a.t.b.t.TransitionExecutorImpl - Step #4, transition #3
2026-04-27T11:58:16,042 [main] DEBUG a.f.a.t.b.t.TransitionExecutorImpl - Translating to SMT
2026-04-27T11:58:16,049 [main] DEBUG a.f.a.t.b.t.TransitionExecutorImpl - Transition 3 produces partial assignment. Disabled.
2026-04-27T11:58:16,050 [main] DEBUG a.f.a.t.b.t.TransitionExecutorImpl - Step #4, transition #4
2026-04-27T11:58:16,050 [main] DEBUG a.f.a.t.b.t.TransitionExecutorImpl - Translating to SMT
2026-04-27T11:58:16,057 [main] DEBUG a.f.a.t.b.t.TransitionExecutorImpl - Transition 4 produces partial assignment. Disabled.
2026-04-27T11:58:16,058 [main] DEBUG a.f.a.t.b.t.TransitionExecutorImpl - Step #4, transition #5
2026-04-27T11:58:16,058 [main] DEBUG a.f.a.t.b.t.TransitionExecutorImpl - Translating to SMT
2026-04-27T11:58:16,084 [main] DEBUG a.f.a.t.b.SeqModelChecker - Step 4: Transition #5. Is it enabled?
2026-04-27T11:58:16,091 [main] INFO  a.f.a.t.b.SeqModelChecker - Step 4: Transition #5 is disabled
2026-04-27T11:58:16,092 [main] DEBUG a.f.a.t.b.t.TransitionExecutorImpl - Step #4, transition #6
2026-04-27T11:58:16,092 [main] DEBUG a.f.a.t.b.t.TransitionExecutorImpl - Translating to SMT
2026-04-27T11:58:16,120 [main] DEBUG a.f.a.t.b.SeqModelChecker - Step 4: Transition #6. Is it enabled?
2026-04-27T11:58:16,126 [main] INFO  a.f.a.t.b.SeqModelChecker - Step 4: Transition #6 is disabled
2026-04-27T11:58:16,127 [main] DEBUG a.f.a.t.b.t.TransitionExecutorImpl - Step #4, transition #7
2026-04-27T11:58:16,128 [main] DEBUG a.f.a.t.b.t.TransitionExecutorImpl - Translating to SMT
2026-04-27T11:58:16,135 [main] DEBUG a.f.a.t.b.t.TransitionExecutorImpl - Transition 7 produces partial assignment. Disabled.
2026-04-27T11:58:16,136 [main] DEBUG a.f.a.t.b.t.TransitionExecutorImpl - Step #4, transition #8
2026-04-27T11:58:16,136 [main] DEBUG a.f.a.t.b.t.TransitionExecutorImpl - Translating to SMT
2026-04-27T11:58:16,143 [main] DEBUG a.f.a.t.b.t.TransitionExecutorImpl - Transition 8 produces partial assignment. Disabled.
2026-04-27T11:58:16,144 [main] DEBUG a.f.a.t.b.t.TransitionExecutorImpl - Step #4, transition #9
2026-04-27T11:58:16,144 [main] DEBUG a.f.a.t.b.t.TransitionExecutorImpl - Translating to SMT
2026-04-27T11:58:16,172 [main] DEBUG a.f.a.t.b.SeqModelChecker - Step 4: Transition #9. Is it enabled?
2026-04-27T11:58:16,177 [main] INFO  a.f.a.t.b.SeqModelChecker - Step 4: Transition #9 is disabled
2026-04-27T11:58:16,178 [main] DEBUG a.f.a.t.b.t.TransitionExecutorImpl - Step #4, transition #10
2026-04-27T11:58:16,178 [main] DEBUG a.f.a.t.b.t.TransitionExecutorImpl - Translating to SMT
2026-04-27T11:58:16,206 [main] DEBUG a.f.a.t.b.SeqModelChecker - Step 4: Transition #10. Is it enabled?
2026-04-27T11:58:16,210 [main] INFO  a.f.a.t.b.SeqModelChecker - Step 4: Transition #10 is disabled
2026-04-27T11:58:16,211 [main] DEBUG a.f.a.t.b.t.TransitionExecutorImpl - Step #4, transition #11
2026-04-27T11:58:16,211 [main] DEBUG a.f.a.t.b.t.TransitionExecutorImpl - Translating to SMT
2026-04-27T11:58:16,236 [main] DEBUG a.f.a.t.b.SeqModelChecker - Step 4: Transition #11. Is it enabled?
2026-04-27T11:58:16,241 [main] INFO  a.f.a.t.b.SeqModelChecker - Step 4: Transition #11 is disabled
2026-04-27T11:58:16,243 [main] DEBUG a.f.a.t.b.t.TransitionExecutorImpl - Step #4, transition #12
2026-04-27T11:58:16,243 [main] DEBUG a.f.a.t.b.t.TransitionExecutorImpl - Translating to SMT
2026-04-27T11:58:16,312 [main] DEBUG a.f.a.t.b.SeqModelChecker - Step 4: Transition #12. Is it enabled?
2026-04-27T11:58:16,320 [main] INFO  a.f.a.t.b.SeqModelChecker - Step 4: Transition #12 is disabled
2026-04-27T11:58:16,322 [main] DEBUG a.f.a.t.b.t.TransitionExecutorImpl - Step #4, transition #13
2026-04-27T11:58:16,322 [main] DEBUG a.f.a.t.b.t.TransitionExecutorImpl - Translating to SMT
2026-04-27T11:58:16,367 [main] DEBUG a.f.a.t.b.SeqModelChecker - Step 4: Transition #13. Is it enabled?
2026-04-27T11:58:16,378 [main] INFO  a.f.a.t.b.SeqModelChecker - Step 4: Transition #13 is disabled
2026-04-27T11:58:16,380 [main] DEBUG a.f.a.t.b.t.TransitionExecutorImpl - Step #4, transition #14
2026-04-27T11:58:16,380 [main] DEBUG a.f.a.t.b.t.TransitionExecutorImpl - Translating to SMT
2026-04-27T11:58:16,428 [main] DEBUG a.f.a.t.b.SeqModelChecker - Step 4: Transition #14. Is it enabled?
2026-04-27T11:58:16,436 [main] INFO  a.f.a.t.b.SeqModelChecker - Step 4: Transition #14 is disabled
2026-04-27T11:58:16,438 [main] DEBUG a.f.a.t.b.t.TransitionExecutorImpl - Step #4, transition #15
2026-04-27T11:58:16,438 [main] DEBUG a.f.a.t.b.t.TransitionExecutorImpl - Translating to SMT
2026-04-27T11:58:16,487 [main] DEBUG a.f.a.t.b.SeqModelChecker - Step 4: Transition #15. Is it enabled?
2026-04-27T11:58:16,498 [main] INFO  a.f.a.t.b.SeqModelChecker - Step 4: Transition #15 is disabled
2026-04-27T11:58:16,500 [main] DEBUG a.f.a.t.b.t.TransitionExecutorImpl - Step #4, transition #16
2026-04-27T11:58:16,500 [main] DEBUG a.f.a.t.b.t.TransitionExecutorImpl - Translating to SMT
2026-04-27T11:58:16,514 [main] DEBUG a.f.a.t.b.SeqModelChecker - Step 4: Transition #16. Is it enabled?
2026-04-27T11:58:16,515 [main] INFO  a.f.a.t.b.SeqModelChecker - Step 4: Transition #16 is disabled
2026-04-27T11:58:16,515 [main] DEBUG a.f.a.t.b.t.TransitionExecutorImpl - Step #4, transition #17
2026-04-27T11:58:16,515 [main] DEBUG a.f.a.t.b.t.TransitionExecutorImpl - Translating to SMT
2026-04-27T11:58:16,554 [main] DEBUG a.f.a.t.b.SeqModelChecker - Step 4: Transition #17. Is it enabled?
2026-04-27T11:58:16,559 [main] INFO  a.f.a.t.b.SeqModelChecker - Step 4: Transition #17 is disabled
2026-04-27T11:58:16,560 [main] DEBUG a.f.a.t.b.t.TransitionExecutorImpl - Step #4, transition #18
2026-04-27T11:58:16,560 [main] DEBUG a.f.a.t.b.t.TransitionExecutorImpl - Translating to SMT
2026-04-27T11:58:16,587 [main] DEBUG a.f.a.t.b.t.TransitionExecutorImpl - Transition 18 produces partial assignment. Disabled.
2026-04-27T11:58:16,590 [main] DEBUG a.f.a.t.b.t.TransitionExecutorImpl - Step #4, transition #19
2026-04-27T11:58:16,590 [main] DEBUG a.f.a.t.b.t.TransitionExecutorImpl - Translating to SMT
2026-04-27T11:58:16,597 [main] DEBUG a.f.a.t.b.t.TransitionExecutorImpl - Transition 19 produces partial assignment. Disabled.
2026-04-27T11:58:16,598 [main] DEBUG a.f.a.t.b.t.TransitionExecutorImpl - Step #4, transition #20
2026-04-27T11:58:16,598 [main] DEBUG a.f.a.t.b.t.TransitionExecutorImpl - Translating to SMT
2026-04-27T11:58:16,605 [main] DEBUG a.f.a.t.b.t.TransitionExecutorImpl - Transition 20 produces partial assignment. Disabled.
2026-04-27T11:58:16,606 [main] DEBUG a.f.a.t.b.t.TransitionExecutorImpl - Step #4, transition #21
2026-04-27T11:58:16,606 [main] DEBUG a.f.a.t.b.t.TransitionExecutorImpl - Translating to SMT
2026-04-27T11:58:16,666 [main] DEBUG a.f.a.t.b.SeqModelChecker - Step 4: Transition #21. Is it enabled?
2026-04-27T11:58:16,671 [main] INFO  a.f.a.t.b.SeqModelChecker - Step 4: Transition #21 is disabled
2026-04-27T11:58:16,673 [main] DEBUG a.f.a.t.b.t.TransitionExecutorImpl - Step #4, transition #22
2026-04-27T11:58:16,673 [main] DEBUG a.f.a.t.b.t.TransitionExecutorImpl - Translating to SMT
2026-04-27T11:58:16,699 [main] DEBUG a.f.a.t.b.t.TransitionExecutorImpl - Transition 22 produces partial assignment. Disabled.
2026-04-27T11:58:16,701 [main] DEBUG a.f.a.t.b.t.TransitionExecutorImpl - Step #4, transition #23
2026-04-27T11:58:16,701 [main] DEBUG a.f.a.t.b.t.TransitionExecutorImpl - Translating to SMT
2026-04-27T11:58:16,706 [main] DEBUG a.f.a.t.b.t.TransitionExecutorImpl - Transition 23 produces partial assignment. Disabled.
2026-04-27T11:58:16,706 [main] DEBUG a.f.a.t.b.t.TransitionExecutorImpl - Step #4, transition #24
2026-04-27T11:58:16,706 [main] DEBUG a.f.a.t.b.t.TransitionExecutorImpl - Translating to SMT
2026-04-27T11:58:16,729 [main] DEBUG a.f.a.t.b.SeqModelChecker - Step 4: Transition #24. Is it enabled?
2026-04-27T11:58:16,733 [main] INFO  a.f.a.t.b.SeqModelChecker - Step 4: Transition #24 is disabled
2026-04-27T11:58:16,734 [main] DEBUG a.f.a.t.b.t.TransitionExecutorImpl - Step #4, transition #25
2026-04-27T11:58:16,734 [main] DEBUG a.f.a.t.b.t.TransitionExecutorImpl - Translating to SMT
2026-04-27T11:58:16,739 [main] DEBUG a.f.a.t.b.t.TransitionExecutorImpl - Transition 25 produces partial assignment. Disabled.
2026-04-27T11:58:16,740 [main] DEBUG a.f.a.t.b.t.TransitionExecutorImpl - Step #4, transition #26
2026-04-27T11:58:16,740 [main] DEBUG a.f.a.t.b.t.TransitionExecutorImpl - Translating to SMT
2026-04-27T11:58:16,761 [main] DEBUG a.f.a.t.b.SeqModelChecker - Step 4: Transition #26. Is it enabled?
2026-04-27T11:58:16,766 [main] DEBUG a.f.a.t.b.SeqModelChecker - Step 4: Transition #26 is enabled
2026-04-27T11:58:16,766 [main] INFO  a.f.a.t.b.SeqModelChecker - State 4: Checking 2 state invariants
2026-04-27T11:58:16,767 [main] DEBUG a.f.a.t.b.SeqModelChecker - State 4: Checking state invariant 0
2026-04-27T11:58:16,769 [main] INFO  a.f.a.t.b.SeqModelChecker - State 4: state invariant 0 holds.
2026-04-27T11:58:16,770 [main] DEBUG a.f.a.t.b.SeqModelChecker - State 4: Checking state invariant 1
2026-04-27T11:58:16,775 [main] INFO  a.f.a.t.b.SeqModelChecker - State 4: state invariant 1 holds.
2026-04-27T11:58:16,776 [main] DEBUG a.f.a.t.b.t.TransitionExecutorImpl - Step #4, transition #27
2026-04-27T11:58:16,776 [main] DEBUG a.f.a.t.b.t.TransitionExecutorImpl - Translating to SMT
2026-04-27T11:58:16,791 [main] DEBUG a.f.a.t.b.SeqModelChecker - Step 4: Transition #27. Is it enabled?
2026-04-27T11:58:16,792 [main] INFO  a.f.a.t.b.SeqModelChecker - Step 4: Transition #27 is disabled
2026-04-27T11:58:16,793 [main] DEBUG a.f.a.t.b.t.TransitionExecutorImpl - Step #4, transition #28
2026-04-27T11:58:16,793 [main] DEBUG a.f.a.t.b.t.TransitionExecutorImpl - Translating to SMT
2026-04-27T11:58:16,815 [main] DEBUG a.f.a.t.b.SeqModelChecker - Step 4: Transition #28. Is it enabled?
2026-04-27T11:58:16,817 [main] INFO  a.f.a.t.b.SeqModelChecker - Step 4: Transition #28 is disabled
2026-04-27T11:58:16,818 [main] DEBUG a.f.a.t.b.t.TransitionExecutorImpl - Step #4, transition #29
2026-04-27T11:58:16,818 [main] DEBUG a.f.a.t.b.t.TransitionExecutorImpl - Translating to SMT
2026-04-27T11:58:16,838 [main] DEBUG a.f.a.t.b.SeqModelChecker - Step 4: Transition #29. Is it enabled?
2026-04-27T11:58:16,841 [main] INFO  a.f.a.t.b.SeqModelChecker - Step 4: Transition #29 is disabled
2026-04-27T11:58:16,842 [main] DEBUG a.f.a.t.b.t.TransitionExecutorImpl - Step #4, transition #30
2026-04-27T11:58:16,842 [main] DEBUG a.f.a.t.b.t.TransitionExecutorImpl - Translating to SMT
2026-04-27T11:58:16,861 [main] DEBUG a.f.a.t.b.SeqModelChecker - Step 4: Transition #30. Is it enabled?
2026-04-27T11:58:16,868 [main] INFO  a.f.a.t.b.SeqModelChecker - Step 4: Transition #30 is disabled
2026-04-27T11:58:16,869 [main] DEBUG a.f.a.t.b.t.TransitionExecutorImpl - Step #4, transition #31
2026-04-27T11:58:16,869 [main] DEBUG a.f.a.t.b.t.TransitionExecutorImpl - Translating to SMT
2026-04-27T11:58:16,889 [main] DEBUG a.f.a.t.b.SeqModelChecker - Step 4: Transition #31. Is it enabled?
2026-04-27T11:58:16,892 [main] INFO  a.f.a.t.b.SeqModelChecker - Step 4: Transition #31 is disabled
2026-04-27T11:58:16,892 [main] DEBUG a.f.a.t.b.t.TransitionExecutorImpl - Step #4, transition #32
2026-04-27T11:58:16,892 [main] DEBUG a.f.a.t.b.t.TransitionExecutorImpl - Translating to SMT
2026-04-27T11:58:16,912 [main] DEBUG a.f.a.t.b.SeqModelChecker - Step 4: Transition #32. Is it enabled?
2026-04-27T11:58:16,914 [main] INFO  a.f.a.t.b.SeqModelChecker - Step 4: Transition #32 is disabled
2026-04-27T11:58:16,915 [main] DEBUG a.f.a.t.b.t.TransitionExecutorImpl - Step #4, transition #33
2026-04-27T11:58:16,915 [main] DEBUG a.f.a.t.b.t.TransitionExecutorImpl - Translating to SMT
2026-04-27T11:58:16,935 [main] DEBUG a.f.a.t.b.SeqModelChecker - Step 4: Transition #33. Is it enabled?
2026-04-27T11:58:16,937 [main] INFO  a.f.a.t.b.SeqModelChecker - Step 4: Transition #33 is disabled
2026-04-27T11:58:16,938 [main] DEBUG a.f.a.t.b.t.TransitionExecutorImpl - Step #4, transition #34
2026-04-27T11:58:16,938 [main] DEBUG a.f.a.t.b.t.TransitionExecutorImpl - Translating to SMT
2026-04-27T11:58:16,978 [main] DEBUG a.f.a.t.b.SeqModelChecker - Step 4: Transition #34. Is it enabled?
2026-04-27T11:58:16,981 [main] INFO  a.f.a.t.b.SeqModelChecker - Step 4: Transition #34 is disabled
2026-04-27T11:58:16,982 [main] DEBUG a.f.a.t.b.t.TransitionExecutorImpl - Step #4, transition #35
2026-04-27T11:58:16,982 [main] DEBUG a.f.a.t.b.t.TransitionExecutorImpl - Translating to SMT
2026-04-27T11:58:17,008 [main] DEBUG a.f.a.t.b.SeqModelChecker - Step 4: Transition #35. Is it enabled?
2026-04-27T11:58:17,012 [main] INFO  a.f.a.t.b.SeqModelChecker - Step 4: Transition #35 is disabled
2026-04-27T11:58:17,013 [main] DEBUG a.f.a.t.b.t.TransitionExecutorImpl - Step #4, transition #36
2026-04-27T11:58:17,013 [main] DEBUG a.f.a.t.b.t.TransitionExecutorImpl - Translating to SMT
2026-04-27T11:58:17,030 [main] DEBUG a.f.a.t.b.t.TransitionExecutorImpl - Transition 36 produces partial assignment. Disabled.
2026-04-27T11:58:17,031 [main] DEBUG a.f.a.t.b.t.TransitionExecutorImpl - Step #4, transition #37
2026-04-27T11:58:17,031 [main] DEBUG a.f.a.t.b.t.TransitionExecutorImpl - Translating to SMT
2026-04-27T11:58:17,075 [main] DEBUG a.f.a.t.b.SeqModelChecker - Step 4: Transition #37. Is it enabled?
2026-04-27T11:58:17,079 [main] INFO  a.f.a.t.b.SeqModelChecker - Step 4: Transition #37 is disabled
2026-04-27T11:58:17,080 [main] DEBUG a.f.a.t.b.t.TransitionExecutorImpl - Step #4, transition #38
2026-04-27T11:58:17,080 [main] DEBUG a.f.a.t.b.t.TransitionExecutorImpl - Translating to SMT
2026-04-27T11:58:17,095 [main] DEBUG a.f.a.t.b.t.TransitionExecutorImpl - Transition 38 produces partial assignment. Disabled.
2026-04-27T11:58:17,096 [main] DEBUG a.f.a.t.b.t.TransitionExecutorImpl - Step #4, transition #39
2026-04-27T11:58:17,097 [main] DEBUG a.f.a.t.b.t.TransitionExecutorImpl - Translating to SMT
2026-04-27T11:58:17,135 [main] DEBUG a.f.a.t.b.SeqModelChecker - Step 4: Transition #39. Is it enabled?
2026-04-27T11:58:17,139 [main] INFO  a.f.a.t.b.SeqModelChecker - Step 4: Transition #39 is disabled
2026-04-27T11:58:17,140 [main] DEBUG a.f.a.t.b.t.TransitionExecutorImpl - Step #4, transition #40
2026-04-27T11:58:17,140 [main] DEBUG a.f.a.t.b.t.TransitionExecutorImpl - Translating to SMT
2026-04-27T11:58:17,153 [main] DEBUG a.f.a.t.b.t.TransitionExecutorImpl - Transition 40 produces partial assignment. Disabled.
2026-04-27T11:58:17,154 [main] DEBUG a.f.a.t.b.t.TransitionExecutorImpl - Step #4, transition #41
2026-04-27T11:58:17,154 [main] DEBUG a.f.a.t.b.t.TransitionExecutorImpl - Translating to SMT
2026-04-27T11:58:17,181 [main] DEBUG a.f.a.t.b.SeqModelChecker - Step 4: Transition #41. Is it enabled?
2026-04-27T11:58:17,188 [main] INFO  a.f.a.t.b.SeqModelChecker - Step 4: Transition #41 is disabled
2026-04-27T11:58:17,189 [main] DEBUG a.f.a.t.b.t.TransitionExecutorImpl - Step #4, transition #42
2026-04-27T11:58:17,189 [main] DEBUG a.f.a.t.b.t.TransitionExecutorImpl - Translating to SMT
2026-04-27T11:58:17,201 [main] DEBUG a.f.a.t.b.t.TransitionExecutorImpl - Transition 42 produces partial assignment. Disabled.
2026-04-27T11:58:17,203 [main] DEBUG a.f.a.t.b.t.TransitionExecutorImpl - Step #4, transition #43
2026-04-27T11:58:17,203 [main] DEBUG a.f.a.t.b.t.TransitionExecutorImpl - Translating to SMT
2026-04-27T11:58:17,231 [main] DEBUG a.f.a.t.b.SeqModelChecker - Step 4: Transition #43. Is it enabled?
2026-04-27T11:58:17,238 [main] INFO  a.f.a.t.b.SeqModelChecker - Step 4: Transition #43 is disabled
2026-04-27T11:58:17,239 [main] DEBUG a.f.a.t.b.t.TransitionExecutorImpl - Step #4, transition #44
2026-04-27T11:58:17,239 [main] DEBUG a.f.a.t.b.t.TransitionExecutorImpl - Translating to SMT
2026-04-27T11:58:17,270 [main] DEBUG a.f.a.t.b.SeqModelChecker - Step 4: Transition #44. Is it enabled?
2026-04-27T11:58:17,275 [main] INFO  a.f.a.t.b.SeqModelChecker - Step 4: Transition #44 is disabled
2026-04-27T11:58:17,276 [main] DEBUG a.f.a.t.b.t.TransitionExecutorImpl - Step #4, transition #45
2026-04-27T11:58:17,276 [main] DEBUG a.f.a.t.b.t.TransitionExecutorImpl - Translating to SMT
2026-04-27T11:58:17,327 [main] DEBUG a.f.a.t.b.SeqModelChecker - Step 4: Transition #45. Is it enabled?
2026-04-27T11:58:17,334 [main] INFO  a.f.a.t.b.SeqModelChecker - Step 4: Transition #45 is disabled
2026-04-27T11:58:17,335 [main] DEBUG a.f.a.t.b.t.TransitionExecutorImpl - Step #4, transition #46
2026-04-27T11:58:17,335 [main] DEBUG a.f.a.t.b.t.TransitionExecutorImpl - Translating to SMT
2026-04-27T11:58:17,364 [main] DEBUG a.f.a.t.b.SeqModelChecker - Step 4: Transition #46. Is it enabled?
2026-04-27T11:58:17,371 [main] INFO  a.f.a.t.b.SeqModelChecker - Step 4: Transition #46 is disabled
2026-04-27T11:58:17,372 [main] DEBUG a.f.a.t.b.t.TransitionExecutorImpl - Step #4, transition #47
2026-04-27T11:58:17,372 [main] DEBUG a.f.a.t.b.t.TransitionExecutorImpl - Translating to SMT
2026-04-27T11:58:17,403 [main] DEBUG a.f.a.t.b.SeqModelChecker - Step 4: Transition #47. Is it enabled?
2026-04-27T11:58:17,409 [main] INFO  a.f.a.t.b.SeqModelChecker - Step 4: Transition #47 is disabled
2026-04-27T11:58:17,411 [main] DEBUG a.f.a.t.b.t.TransitionExecutorImpl - Step #4, transition #48
2026-04-27T11:58:17,411 [main] DEBUG a.f.a.t.b.t.TransitionExecutorImpl - Translating to SMT
2026-04-27T11:58:17,447 [main] DEBUG a.f.a.t.b.SeqModelChecker - Step 4: Transition #48. Is it enabled?
2026-04-27T11:58:17,452 [main] INFO  a.f.a.t.b.SeqModelChecker - Step 4: Transition #48 is disabled
2026-04-27T11:58:17,453 [main] DEBUG a.f.a.t.b.t.TransitionExecutorImpl - Step #4, transition #49
2026-04-27T11:58:17,453 [main] DEBUG a.f.a.t.b.t.TransitionExecutorImpl - Translating to SMT
2026-04-27T11:58:17,492 [main] DEBUG a.f.a.t.b.SeqModelChecker - Step 4: Transition #49. Is it enabled?
2026-04-27T11:58:17,497 [main] INFO  a.f.a.t.b.SeqModelChecker - Step 4: Transition #49 is disabled
2026-04-27T11:58:17,498 [main] DEBUG a.f.a.t.b.t.TransitionExecutorImpl - Step #4, transition #50
2026-04-27T11:58:17,498 [main] DEBUG a.f.a.t.b.t.TransitionExecutorImpl - Translating to SMT
2026-04-27T11:58:17,533 [main] DEBUG a.f.a.t.b.SeqModelChecker - Step 4: Transition #50. Is it enabled?
2026-04-27T11:58:17,543 [main] INFO  a.f.a.t.b.SeqModelChecker - Step 4: Transition #50 is disabled
2026-04-27T11:58:17,545 [main] DEBUG a.f.a.t.b.t.TransitionExecutorImpl - Step #4, transition #51
2026-04-27T11:58:17,545 [main] DEBUG a.f.a.t.b.t.TransitionExecutorImpl - Translating to SMT
2026-04-27T11:58:17,578 [main] DEBUG a.f.a.t.b.SeqModelChecker - Step 4: Transition #51. Is it enabled?
2026-04-27T11:58:17,587 [main] INFO  a.f.a.t.b.SeqModelChecker - Step 4: Transition #51 is disabled
2026-04-27T11:58:17,588 [main] DEBUG a.f.a.t.b.t.TransitionExecutorImpl - Step #4, transition #52
2026-04-27T11:58:17,588 [main] DEBUG a.f.a.t.b.t.TransitionExecutorImpl - Translating to SMT
2026-04-27T11:58:17,641 [main] DEBUG a.f.a.t.b.SeqModelChecker - Step 4: Transition #52. Is it enabled?
2026-04-27T11:58:17,648 [main] INFO  a.f.a.t.b.SeqModelChecker - Step 4: Transition #52 is disabled
2026-04-27T11:58:17,649 [main] DEBUG a.f.a.t.b.t.TransitionExecutorImpl - Step #4, transition #53
2026-04-27T11:58:17,649 [main] DEBUG a.f.a.t.b.t.TransitionExecutorImpl - Translating to SMT
2026-04-27T11:58:17,661 [main] DEBUG a.f.a.t.b.SeqModelChecker - Step 4: Transition #53. Is it enabled?
2026-04-27T11:58:17,663 [main] INFO  a.f.a.t.b.SeqModelChecker - Step 4: Transition #53 is disabled
2026-04-27T11:58:17,663 [main] DEBUG a.f.a.t.b.t.TransitionExecutorImpl - Step #4, transition #54
2026-04-27T11:58:17,663 [main] DEBUG a.f.a.t.b.t.TransitionExecutorImpl - Translating to SMT
2026-04-27T11:58:17,674 [main] DEBUG a.f.a.t.b.SeqModelChecker - Step 4: Transition #54. Is it enabled?
2026-04-27T11:58:17,675 [main] INFO  a.f.a.t.b.SeqModelChecker - Step 4: Transition #54 is disabled
2026-04-27T11:58:17,675 [main] DEBUG a.f.a.t.b.t.TransitionExecutorImpl - Step #4, transition #55
2026-04-27T11:58:17,675 [main] DEBUG a.f.a.t.b.t.TransitionExecutorImpl - Translating to SMT
2026-04-27T11:58:17,677 [main] DEBUG a.f.a.t.b.t.TransitionExecutorImpl - Transition 55 produces partial assignment. Disabled.
2026-04-27T11:58:17,677 [main] DEBUG a.f.a.t.b.t.TransitionExecutorImpl - Step #4, transition #56
2026-04-27T11:58:17,677 [main] DEBUG a.f.a.t.b.t.TransitionExecutorImpl - Translating to SMT
2026-04-27T11:58:17,689 [main] DEBUG a.f.a.t.b.SeqModelChecker - Step 4: Transition #56. Is it enabled?
2026-04-27T11:58:17,691 [main] INFO  a.f.a.t.b.SeqModelChecker - Step 4: Transition #56 is disabled
2026-04-27T11:58:17,691 [main] DEBUG a.f.a.t.b.t.TransitionExecutorImpl - Step #4, transition #57
2026-04-27T11:58:17,691 [main] DEBUG a.f.a.t.b.t.TransitionExecutorImpl - Translating to SMT
2026-04-27T11:58:17,693 [main] DEBUG a.f.a.t.b.t.TransitionExecutorImpl - Transition 57 produces partial assignment. Disabled.
2026-04-27T11:58:17,693 [main] DEBUG a.f.a.t.b.t.TransitionExecutorImpl - Step #4, transition #58
2026-04-27T11:58:17,693 [main] DEBUG a.f.a.t.b.t.TransitionExecutorImpl - Translating to SMT
2026-04-27T11:58:17,705 [main] DEBUG a.f.a.t.b.SeqModelChecker - Step 4: Transition #58. Is it enabled?
2026-04-27T11:58:17,706 [main] INFO  a.f.a.t.b.SeqModelChecker - Step 4: Transition #58 is disabled
2026-04-27T11:58:17,707 [main] DEBUG a.f.a.t.b.t.TransitionExecutorImpl - Step #4, transition #59
2026-04-27T11:58:17,707 [main] DEBUG a.f.a.t.b.t.TransitionExecutorImpl - Translating to SMT
2026-04-27T11:58:17,709 [main] DEBUG a.f.a.t.b.t.TransitionExecutorImpl - Transition 59 produces partial assignment. Disabled.
2026-04-27T11:58:17,709 [main] DEBUG a.f.a.t.b.t.TransitionExecutorImpl - Step #4, transition #60
2026-04-27T11:58:17,709 [main] DEBUG a.f.a.t.b.t.TransitionExecutorImpl - Translating to SMT
2026-04-27T11:58:17,720 [main] DEBUG a.f.a.t.b.SeqModelChecker - Step 4: Transition #60. Is it enabled?
2026-04-27T11:58:17,721 [main] INFO  a.f.a.t.b.SeqModelChecker - Step 4: Transition #60 is disabled
2026-04-27T11:58:17,722 [main] DEBUG a.f.a.t.b.t.TransitionExecutorImpl - Step #4, transition #61
2026-04-27T11:58:17,722 [main] DEBUG a.f.a.t.b.t.TransitionExecutorImpl - Translating to SMT
2026-04-27T11:58:17,724 [main] DEBUG a.f.a.t.b.t.TransitionExecutorImpl - Transition 61 produces partial assignment. Disabled.
2026-04-27T11:58:17,724 [main] DEBUG a.f.a.t.b.t.TransitionExecutorImpl - Step #4, transition #62
2026-04-27T11:58:17,724 [main] DEBUG a.f.a.t.b.t.TransitionExecutorImpl - Translating to SMT
2026-04-27T11:58:17,734 [main] DEBUG a.f.a.t.b.SeqModelChecker - Step 4: Transition #62. Is it enabled?
2026-04-27T11:58:17,736 [main] INFO  a.f.a.t.b.SeqModelChecker - Step 4: Transition #62 is disabled
2026-04-27T11:58:17,736 [main] DEBUG a.f.a.t.b.t.TransitionExecutorImpl - Step #4, transition #63
2026-04-27T11:58:17,736 [main] DEBUG a.f.a.t.b.t.TransitionExecutorImpl - Translating to SMT
2026-04-27T11:58:17,749 [main] DEBUG a.f.a.t.b.SeqModelChecker - Step 4: Transition #63. Is it enabled?
2026-04-27T11:58:17,750 [main] INFO  a.f.a.t.b.SeqModelChecker - Step 4: Transition #63 is disabled
2026-04-27T11:58:17,751 [main] DEBUG a.f.a.t.b.t.TransitionExecutorImpl - Step #4, transition #64
2026-04-27T11:58:17,751 [main] DEBUG a.f.a.t.b.t.TransitionExecutorImpl - Translating to SMT
2026-04-27T11:58:17,767 [main] DEBUG a.f.a.t.b.SeqModelChecker - Step 4: Transition #64. Is it enabled?
2026-04-27T11:58:17,769 [main] INFO  a.f.a.t.b.SeqModelChecker - Step 4: Transition #64 is disabled
2026-04-27T11:58:17,770 [main] DEBUG a.f.a.t.b.t.TransitionExecutorImpl - Step #4, transition #65
2026-04-27T11:58:17,770 [main] DEBUG a.f.a.t.b.t.TransitionExecutorImpl - Translating to SMT
2026-04-27T11:58:17,787 [main] DEBUG a.f.a.t.b.SeqModelChecker - Step 4: Transition #65. Is it enabled?
2026-04-27T11:58:17,789 [main] INFO  a.f.a.t.b.SeqModelChecker - Step 4: Transition #65 is disabled
2026-04-27T11:58:17,791 [main] DEBUG a.f.a.t.b.t.TransitionExecutorImpl - Step #4, transition #66
2026-04-27T11:58:17,791 [main] DEBUG a.f.a.t.b.t.TransitionExecutorImpl - Translating to SMT
2026-04-27T11:58:17,824 [main] DEBUG a.f.a.t.b.SeqModelChecker - Step 4: Transition #66. Is it enabled?
2026-04-27T11:58:17,826 [main] INFO  a.f.a.t.b.SeqModelChecker - Step 4: Transition #66 is disabled
2026-04-27T11:58:17,827 [main] DEBUG a.f.a.t.b.t.TransitionExecutorImpl - Step #4, transition #67
2026-04-27T11:58:17,827 [main] DEBUG a.f.a.t.b.t.TransitionExecutorImpl - Translating to SMT
2026-04-27T11:58:17,838 [main] DEBUG a.f.a.t.b.SeqModelChecker - Step 4: Transition #67. Is it enabled?
2026-04-27T11:58:17,839 [main] INFO  a.f.a.t.b.SeqModelChecker - Step 4: Transition #67 is disabled
2026-04-27T11:58:17,840 [main] DEBUG a.f.a.t.b.t.TransitionExecutorImpl - Step #4, transition #68
2026-04-27T11:58:17,840 [main] DEBUG a.f.a.t.b.t.TransitionExecutorImpl - Translating to SMT
2026-04-27T11:58:17,871 [main] DEBUG a.f.a.t.b.SeqModelChecker - Step 4: Transition #68. Is it enabled?
2026-04-27T11:58:17,873 [main] INFO  a.f.a.t.b.SeqModelChecker - Step 4: Transition #68 is disabled
2026-04-27T11:58:17,874 [main] DEBUG a.f.a.t.b.t.TransitionExecutorImpl - Step #4, transition #69
2026-04-27T11:58:17,874 [main] DEBUG a.f.a.t.b.t.TransitionExecutorImpl - Translating to SMT
2026-04-27T11:58:17,895 [main] DEBUG a.f.a.t.b.SeqModelChecker - Step 4: Transition #69. Is it enabled?
2026-04-27T11:58:17,897 [main] INFO  a.f.a.t.b.SeqModelChecker - Step 4: Transition #69 is disabled
2026-04-27T11:58:17,898 [main] INFO  a.f.a.t.b.t.TransitionExecutorImpl - Step 4: picking a transition out of 1 transition(s)
2026-04-27T11:58:17,898 [main] DEBUG a.f.a.t.b.t.TransitionExecutorImpl - Step #5, transition #0
2026-04-27T11:58:17,898 [main] DEBUG a.f.a.t.b.t.TransitionExecutorImpl - Translating to SMT
2026-04-27T11:58:17,938 [main] DEBUG a.f.a.t.b.SeqModelChecker - Step 5: Transition #0. Is it enabled?
2026-04-27T11:58:17,945 [main] INFO  a.f.a.t.b.SeqModelChecker - Step 5: Transition #0 is disabled
2026-04-27T11:58:17,946 [main] DEBUG a.f.a.t.b.t.TransitionExecutorImpl - Step #5, transition #1
2026-04-27T11:58:17,946 [main] DEBUG a.f.a.t.b.t.TransitionExecutorImpl - Translating to SMT
2026-04-27T11:58:17,983 [main] DEBUG a.f.a.t.b.SeqModelChecker - Step 5: Transition #1. Is it enabled?
2026-04-27T11:58:17,990 [main] INFO  a.f.a.t.b.SeqModelChecker - Step 5: Transition #1 is disabled
2026-04-27T11:58:17,991 [main] DEBUG a.f.a.t.b.t.TransitionExecutorImpl - Step #5, transition #2
2026-04-27T11:58:17,991 [main] DEBUG a.f.a.t.b.t.TransitionExecutorImpl - Translating to SMT
2026-04-27T11:58:18,057 [main] DEBUG a.f.a.t.b.SeqModelChecker - Step 5: Transition #2. Is it enabled?
2026-04-27T11:58:18,070 [main] INFO  a.f.a.t.b.SeqModelChecker - Step 5: Transition #2 is disabled
2026-04-27T11:58:18,072 [main] DEBUG a.f.a.t.b.t.TransitionExecutorImpl - Step #5, transition #3
2026-04-27T11:58:18,072 [main] DEBUG a.f.a.t.b.t.TransitionExecutorImpl - Translating to SMT
2026-04-27T11:58:18,084 [main] DEBUG a.f.a.t.b.t.TransitionExecutorImpl - Transition 3 produces partial assignment. Disabled.
2026-04-27T11:58:18,085 [main] DEBUG a.f.a.t.b.t.TransitionExecutorImpl - Step #5, transition #4
2026-04-27T11:58:18,085 [main] DEBUG a.f.a.t.b.t.TransitionExecutorImpl - Translating to SMT
2026-04-27T11:58:18,093 [main] DEBUG a.f.a.t.b.t.TransitionExecutorImpl - Transition 4 produces partial assignment. Disabled.
2026-04-27T11:58:18,095 [main] DEBUG a.f.a.t.b.t.TransitionExecutorImpl - Step #5, transition #5
2026-04-27T11:58:18,095 [main] DEBUG a.f.a.t.b.t.TransitionExecutorImpl - Translating to SMT
2026-04-27T11:58:18,129 [main] DEBUG a.f.a.t.b.SeqModelChecker - Step 5: Transition #5. Is it enabled?
2026-04-27T11:58:18,135 [main] INFO  a.f.a.t.b.SeqModelChecker - Step 5: Transition #5 is disabled
2026-04-27T11:58:18,137 [main] DEBUG a.f.a.t.b.t.TransitionExecutorImpl - Step #5, transition #6
2026-04-27T11:58:18,137 [main] DEBUG a.f.a.t.b.t.TransitionExecutorImpl - Translating to SMT
2026-04-27T11:58:18,169 [main] DEBUG a.f.a.t.b.SeqModelChecker - Step 5: Transition #6. Is it enabled?
2026-04-27T11:58:18,175 [main] INFO  a.f.a.t.b.SeqModelChecker - Step 5: Transition #6 is disabled
2026-04-27T11:58:18,176 [main] DEBUG a.f.a.t.b.t.TransitionExecutorImpl - Step #5, transition #7
2026-04-27T11:58:18,176 [main] DEBUG a.f.a.t.b.t.TransitionExecutorImpl - Translating to SMT
2026-04-27T11:58:18,186 [main] DEBUG a.f.a.t.b.t.TransitionExecutorImpl - Transition 7 produces partial assignment. Disabled.
2026-04-27T11:58:18,187 [main] DEBUG a.f.a.t.b.t.TransitionExecutorImpl - Step #5, transition #8
2026-04-27T11:58:18,187 [main] DEBUG a.f.a.t.b.t.TransitionExecutorImpl - Translating to SMT
2026-04-27T11:58:18,195 [main] DEBUG a.f.a.t.b.t.TransitionExecutorImpl - Transition 8 produces partial assignment. Disabled.
2026-04-27T11:58:18,197 [main] DEBUG a.f.a.t.b.t.TransitionExecutorImpl - Step #5, transition #9
2026-04-27T11:58:18,197 [main] DEBUG a.f.a.t.b.t.TransitionExecutorImpl - Translating to SMT
2026-04-27T11:58:18,230 [main] DEBUG a.f.a.t.b.SeqModelChecker - Step 5: Transition #9. Is it enabled?
2026-04-27T11:58:18,236 [main] INFO  a.f.a.t.b.SeqModelChecker - Step 5: Transition #9 is disabled
2026-04-27T11:58:18,238 [main] DEBUG a.f.a.t.b.t.TransitionExecutorImpl - Step #5, transition #10
2026-04-27T11:58:18,238 [main] DEBUG a.f.a.t.b.t.TransitionExecutorImpl - Translating to SMT
2026-04-27T11:58:18,273 [main] DEBUG a.f.a.t.b.SeqModelChecker - Step 5: Transition #10. Is it enabled?
2026-04-27T11:58:18,279 [main] INFO  a.f.a.t.b.SeqModelChecker - Step 5: Transition #10 is disabled
2026-04-27T11:58:18,281 [main] DEBUG a.f.a.t.b.t.TransitionExecutorImpl - Step #5, transition #11
2026-04-27T11:58:18,281 [main] DEBUG a.f.a.t.b.t.TransitionExecutorImpl - Translating to SMT
2026-04-27T11:58:18,310 [main] DEBUG a.f.a.t.b.SeqModelChecker - Step 5: Transition #11. Is it enabled?
2026-04-27T11:58:18,315 [main] INFO  a.f.a.t.b.SeqModelChecker - Step 5: Transition #11 is disabled
2026-04-27T11:58:18,317 [main] DEBUG a.f.a.t.b.t.TransitionExecutorImpl - Step #5, transition #12
2026-04-27T11:58:18,317 [main] DEBUG a.f.a.t.b.t.TransitionExecutorImpl - Translating to SMT
2026-04-27T11:58:18,367 [main] DEBUG a.f.a.t.b.SeqModelChecker - Step 5: Transition #12. Is it enabled?
2026-04-27T11:58:18,377 [main] INFO  a.f.a.t.b.SeqModelChecker - Step 5: Transition #12 is disabled
2026-04-27T11:58:18,379 [main] DEBUG a.f.a.t.b.t.TransitionExecutorImpl - Step #5, transition #13
2026-04-27T11:58:18,379 [main] DEBUG a.f.a.t.b.t.TransitionExecutorImpl - Translating to SMT
2026-04-27T11:58:18,469 [main] DEBUG a.f.a.t.b.SeqModelChecker - Step 5: Transition #13. Is it enabled?
2026-04-27T11:58:18,479 [main] INFO  a.f.a.t.b.SeqModelChecker - Step 5: Transition #13 is disabled
2026-04-27T11:58:18,481 [main] DEBUG a.f.a.t.b.t.TransitionExecutorImpl - Step #5, transition #14
2026-04-27T11:58:18,481 [main] DEBUG a.f.a.t.b.t.TransitionExecutorImpl - Translating to SMT
2026-04-27T11:58:18,560 [main] DEBUG a.f.a.t.b.SeqModelChecker - Step 5: Transition #14. Is it enabled?
2026-04-27T11:58:18,568 [main] INFO  a.f.a.t.b.SeqModelChecker - Step 5: Transition #14 is disabled
2026-04-27T11:58:18,570 [main] DEBUG a.f.a.t.b.t.TransitionExecutorImpl - Step #5, transition #15
2026-04-27T11:58:18,570 [main] DEBUG a.f.a.t.b.t.TransitionExecutorImpl - Translating to SMT
2026-04-27T11:58:18,617 [main] DEBUG a.f.a.t.b.SeqModelChecker - Step 5: Transition #15. Is it enabled?
2026-04-27T11:58:18,625 [main] INFO  a.f.a.t.b.SeqModelChecker - Step 5: Transition #15 is disabled
2026-04-27T11:58:18,627 [main] DEBUG a.f.a.t.b.t.TransitionExecutorImpl - Step #5, transition #16
2026-04-27T11:58:18,627 [main] DEBUG a.f.a.t.b.t.TransitionExecutorImpl - Translating to SMT
2026-04-27T11:58:18,639 [main] DEBUG a.f.a.t.b.SeqModelChecker - Step 5: Transition #16. Is it enabled?
2026-04-27T11:58:18,640 [main] INFO  a.f.a.t.b.SeqModelChecker - Step 5: Transition #16 is disabled
2026-04-27T11:58:18,641 [main] DEBUG a.f.a.t.b.t.TransitionExecutorImpl - Step #5, transition #17
2026-04-27T11:58:18,641 [main] DEBUG a.f.a.t.b.t.TransitionExecutorImpl - Translating to SMT
2026-04-27T11:58:18,738 [main] DEBUG a.f.a.t.b.SeqModelChecker - Step 5: Transition #17. Is it enabled?
2026-04-27T11:58:18,741 [main] INFO  a.f.a.t.b.SeqModelChecker - Step 5: Transition #17 is disabled
2026-04-27T11:58:18,743 [main] DEBUG a.f.a.t.b.t.TransitionExecutorImpl - Step #5, transition #18
2026-04-27T11:58:18,743 [main] DEBUG a.f.a.t.b.t.TransitionExecutorImpl - Translating to SMT
2026-04-27T11:58:18,779 [main] DEBUG a.f.a.t.b.t.TransitionExecutorImpl - Transition 18 produces partial assignment. Disabled.
2026-04-27T11:58:18,781 [main] DEBUG a.f.a.t.b.t.TransitionExecutorImpl - Step #5, transition #19
2026-04-27T11:58:18,781 [main] DEBUG a.f.a.t.b.t.TransitionExecutorImpl - Translating to SMT
2026-04-27T11:58:18,795 [main] DEBUG a.f.a.t.b.t.TransitionExecutorImpl - Transition 19 produces partial assignment. Disabled.
2026-04-27T11:58:18,796 [main] DEBUG a.f.a.t.b.t.TransitionExecutorImpl - Step #5, transition #20
2026-04-27T11:58:18,796 [main] DEBUG a.f.a.t.b.t.TransitionExecutorImpl - Translating to SMT
2026-04-27T11:58:18,805 [main] DEBUG a.f.a.t.b.t.TransitionExecutorImpl - Transition 20 produces partial assignment. Disabled.
2026-04-27T11:58:18,805 [main] DEBUG a.f.a.t.b.t.TransitionExecutorImpl - Step #5, transition #21
2026-04-27T11:58:18,806 [main] DEBUG a.f.a.t.b.t.TransitionExecutorImpl - Translating to SMT
2026-04-27T11:58:18,859 [main] DEBUG a.f.a.t.b.SeqModelChecker - Step 5: Transition #21. Is it enabled?
2026-04-27T11:58:18,865 [main] INFO  a.f.a.t.b.SeqModelChecker - Step 5: Transition #21 is disabled
2026-04-27T11:58:18,867 [main] DEBUG a.f.a.t.b.t.TransitionExecutorImpl - Step #5, transition #22
2026-04-27T11:58:18,867 [main] DEBUG a.f.a.t.b.t.TransitionExecutorImpl - Translating to SMT
2026-04-27T11:58:18,905 [main] DEBUG a.f.a.t.b.t.TransitionExecutorImpl - Transition 22 produces partial assignment. Disabled.
2026-04-27T11:58:18,908 [main] DEBUG a.f.a.t.b.t.TransitionExecutorImpl - Step #5, transition #23
2026-04-27T11:58:18,908 [main] DEBUG a.f.a.t.b.t.TransitionExecutorImpl - Translating to SMT
2026-04-27T11:58:18,913 [main] DEBUG a.f.a.t.b.t.TransitionExecutorImpl - Transition 23 produces partial assignment. Disabled.
2026-04-27T11:58:18,914 [main] DEBUG a.f.a.t.b.t.TransitionExecutorImpl - Step #5, transition #24
2026-04-27T11:58:18,914 [main] DEBUG a.f.a.t.b.t.TransitionExecutorImpl - Translating to SMT
2026-04-27T11:58:18,940 [main] DEBUG a.f.a.t.b.SeqModelChecker - Step 5: Transition #24. Is it enabled?
2026-04-27T11:58:18,942 [main] INFO  a.f.a.t.b.SeqModelChecker - Step 5: Transition #24 is disabled
2026-04-27T11:58:18,943 [main] DEBUG a.f.a.t.b.t.TransitionExecutorImpl - Step #5, transition #25
2026-04-27T11:58:18,943 [main] DEBUG a.f.a.t.b.t.TransitionExecutorImpl - Translating to SMT
2026-04-27T11:58:18,949 [main] DEBUG a.f.a.t.b.t.TransitionExecutorImpl - Transition 25 produces partial assignment. Disabled.
2026-04-27T11:58:18,950 [main] DEBUG a.f.a.t.b.t.TransitionExecutorImpl - Step #5, transition #26
2026-04-27T11:58:18,950 [main] DEBUG a.f.a.t.b.t.TransitionExecutorImpl - Translating to SMT
2026-04-27T11:58:18,976 [main] DEBUG a.f.a.t.b.SeqModelChecker - Step 5: Transition #26. Is it enabled?
2026-04-27T11:58:18,977 [main] INFO  a.f.a.t.b.SeqModelChecker - Step 5: Transition #26 is disabled
2026-04-27T11:58:18,978 [main] DEBUG a.f.a.t.b.t.TransitionExecutorImpl - Step #5, transition #27
2026-04-27T11:58:18,978 [main] DEBUG a.f.a.t.b.t.TransitionExecutorImpl - Translating to SMT
2026-04-27T11:58:19,012 [main] DEBUG a.f.a.t.b.SeqModelChecker - Step 5: Transition #27. Is it enabled?
2026-04-27T11:58:19,022 [main] DEBUG a.f.a.t.b.SeqModelChecker - Step 5: Transition #27 is enabled
2026-04-27T11:58:19,022 [main] INFO  a.f.a.t.b.SeqModelChecker - State 5: Checking 2 state invariants
2026-04-27T11:58:19,022 [main] DEBUG a.f.a.t.b.SeqModelChecker - State 5: Checking state invariant 0
2026-04-27T11:58:19,025 [main] INFO  a.f.a.t.b.SeqModelChecker - State 5: state invariant 0 holds.
2026-04-27T11:58:19,025 [main] DEBUG a.f.a.t.b.SeqModelChecker - State 5: Checking state invariant 1
2026-04-27T11:58:19,030 [main] INFO  a.f.a.t.b.SeqModelChecker - State 5: state invariant 1 holds.
2026-04-27T11:58:19,032 [main] DEBUG a.f.a.t.b.t.TransitionExecutorImpl - Step #5, transition #28
2026-04-27T11:58:19,032 [main] DEBUG a.f.a.t.b.t.TransitionExecutorImpl - Translating to SMT
2026-04-27T11:58:19,065 [main] DEBUG a.f.a.t.b.SeqModelChecker - Step 5: Transition #28. Is it enabled?
2026-04-27T11:58:19,069 [main] INFO  a.f.a.t.b.SeqModelChecker - Step 5: Transition #28 is disabled
2026-04-27T11:58:19,070 [main] DEBUG a.f.a.t.b.t.TransitionExecutorImpl - Step #5, transition #29
2026-04-27T11:58:19,070 [main] DEBUG a.f.a.t.b.t.TransitionExecutorImpl - Translating to SMT
2026-04-27T11:58:19,113 [main] DEBUG a.f.a.t.b.SeqModelChecker - Step 5: Transition #29. Is it enabled?
2026-04-27T11:58:19,116 [main] INFO  a.f.a.t.b.SeqModelChecker - Step 5: Transition #29 is disabled
2026-04-27T11:58:19,118 [main] DEBUG a.f.a.t.b.t.TransitionExecutorImpl - Step #5, transition #30
2026-04-27T11:58:19,118 [main] DEBUG a.f.a.t.b.t.TransitionExecutorImpl - Translating to SMT
2026-04-27T11:58:19,143 [main] DEBUG a.f.a.t.b.SeqModelChecker - Step 5: Transition #30. Is it enabled?
2026-04-27T11:58:19,150 [main] INFO  a.f.a.t.b.SeqModelChecker - Step 5: Transition #30 is disabled
2026-04-27T11:58:19,152 [main] DEBUG a.f.a.t.b.t.TransitionExecutorImpl - Step #5, transition #31
2026-04-27T11:58:19,152 [main] DEBUG a.f.a.t.b.t.TransitionExecutorImpl - Translating to SMT
2026-04-27T11:58:19,172 [main] DEBUG a.f.a.t.b.SeqModelChecker - Step 5: Transition #31. Is it enabled?
2026-04-27T11:58:19,174 [main] INFO  a.f.a.t.b.SeqModelChecker - Step 5: Transition #31 is disabled
2026-04-27T11:58:19,175 [main] DEBUG a.f.a.t.b.t.TransitionExecutorImpl - Step #5, transition #32
2026-04-27T11:58:19,175 [main] DEBUG a.f.a.t.b.t.TransitionExecutorImpl - Translating to SMT
2026-04-27T11:58:19,195 [main] DEBUG a.f.a.t.b.SeqModelChecker - Step 5: Transition #32. Is it enabled?
2026-04-27T11:58:19,197 [main] INFO  a.f.a.t.b.SeqModelChecker - Step 5: Transition #32 is disabled
2026-04-27T11:58:19,199 [main] DEBUG a.f.a.t.b.t.TransitionExecutorImpl - Step #5, transition #33
2026-04-27T11:58:19,199 [main] DEBUG a.f.a.t.b.t.TransitionExecutorImpl - Translating to SMT
2026-04-27T11:58:19,220 [main] DEBUG a.f.a.t.b.SeqModelChecker - Step 5: Transition #33. Is it enabled?
2026-04-27T11:58:19,222 [main] INFO  a.f.a.t.b.SeqModelChecker - Step 5: Transition #33 is disabled
2026-04-27T11:58:19,223 [main] DEBUG a.f.a.t.b.t.TransitionExecutorImpl - Step #5, transition #34
2026-04-27T11:58:19,223 [main] DEBUG a.f.a.t.b.t.TransitionExecutorImpl - Translating to SMT
2026-04-27T11:58:19,244 [main] DEBUG a.f.a.t.b.SeqModelChecker - Step 5: Transition #34. Is it enabled?
2026-04-27T11:58:19,247 [main] INFO  a.f.a.t.b.SeqModelChecker - Step 5: Transition #34 is disabled
2026-04-27T11:58:19,248 [main] DEBUG a.f.a.t.b.t.TransitionExecutorImpl - Step #5, transition #35
2026-04-27T11:58:19,248 [main] DEBUG a.f.a.t.b.t.TransitionExecutorImpl - Translating to SMT
2026-04-27T11:58:19,270 [main] DEBUG a.f.a.t.b.SeqModelChecker - Step 5: Transition #35. Is it enabled?
2026-04-27T11:58:19,273 [main] INFO  a.f.a.t.b.SeqModelChecker - Step 5: Transition #35 is disabled
2026-04-27T11:58:19,274 [main] DEBUG a.f.a.t.b.t.TransitionExecutorImpl - Step #5, transition #36
2026-04-27T11:58:19,274 [main] DEBUG a.f.a.t.b.t.TransitionExecutorImpl - Translating to SMT
2026-04-27T11:58:19,289 [main] DEBUG a.f.a.t.b.t.TransitionExecutorImpl - Transition 36 produces partial assignment. Disabled.
2026-04-27T11:58:19,291 [main] DEBUG a.f.a.t.b.t.TransitionExecutorImpl - Step #5, transition #37
2026-04-27T11:58:19,291 [main] DEBUG a.f.a.t.b.t.TransitionExecutorImpl - Translating to SMT
2026-04-27T11:58:19,340 [main] DEBUG a.f.a.t.b.SeqModelChecker - Step 5: Transition #37. Is it enabled?
2026-04-27T11:58:19,343 [main] INFO  a.f.a.t.b.SeqModelChecker - Step 5: Transition #37 is disabled
2026-04-27T11:58:19,344 [main] DEBUG a.f.a.t.b.t.TransitionExecutorImpl - Step #5, transition #38
2026-04-27T11:58:19,344 [main] DEBUG a.f.a.t.b.t.TransitionExecutorImpl - Translating to SMT
2026-04-27T11:58:19,360 [main] DEBUG a.f.a.t.b.t.TransitionExecutorImpl - Transition 38 produces partial assignment. Disabled.
2026-04-27T11:58:19,361 [main] DEBUG a.f.a.t.b.t.TransitionExecutorImpl - Step #5, transition #39
2026-04-27T11:58:19,361 [main] DEBUG a.f.a.t.b.t.TransitionExecutorImpl - Translating to SMT
2026-04-27T11:58:19,425 [main] DEBUG a.f.a.t.b.SeqModelChecker - Step 5: Transition #39. Is it enabled?
2026-04-27T11:58:19,429 [main] INFO  a.f.a.t.b.SeqModelChecker - Step 5: Transition #39 is disabled
2026-04-27T11:58:19,431 [main] DEBUG a.f.a.t.b.t.TransitionExecutorImpl - Step #5, transition #40
2026-04-27T11:58:19,431 [main] DEBUG a.f.a.t.b.t.TransitionExecutorImpl - Translating to SMT
2026-04-27T11:58:19,447 [main] DEBUG a.f.a.t.b.t.TransitionExecutorImpl - Transition 40 produces partial assignment. Disabled.
2026-04-27T11:58:19,449 [main] DEBUG a.f.a.t.b.t.TransitionExecutorImpl - Step #5, transition #41
2026-04-27T11:58:19,449 [main] DEBUG a.f.a.t.b.t.TransitionExecutorImpl - Translating to SMT
2026-04-27T11:58:19,517 [main] DEBUG a.f.a.t.b.SeqModelChecker - Step 5: Transition #41. Is it enabled?
2026-04-27T11:58:19,520 [main] INFO  a.f.a.t.b.SeqModelChecker - Step 5: Transition #41 is disabled
2026-04-27T11:58:19,521 [main] DEBUG a.f.a.t.b.t.TransitionExecutorImpl - Step #5, transition #42
2026-04-27T11:58:19,521 [main] DEBUG a.f.a.t.b.t.TransitionExecutorImpl - Translating to SMT
2026-04-27T11:58:19,537 [main] DEBUG a.f.a.t.b.t.TransitionExecutorImpl - Transition 42 produces partial assignment. Disabled.
2026-04-27T11:58:19,539 [main] DEBUG a.f.a.t.b.t.TransitionExecutorImpl - Step #5, transition #43
2026-04-27T11:58:19,539 [main] DEBUG a.f.a.t.b.t.TransitionExecutorImpl - Translating to SMT
2026-04-27T11:58:19,577 [main] DEBUG a.f.a.t.b.SeqModelChecker - Step 5: Transition #43. Is it enabled?
2026-04-27T11:58:19,581 [main] INFO  a.f.a.t.b.SeqModelChecker - Step 5: Transition #43 is disabled
2026-04-27T11:58:19,583 [main] DEBUG a.f.a.t.b.t.TransitionExecutorImpl - Step #5, transition #44
2026-04-27T11:58:19,583 [main] DEBUG a.f.a.t.b.t.TransitionExecutorImpl - Translating to SMT
2026-04-27T11:58:19,624 [main] DEBUG a.f.a.t.b.SeqModelChecker - Step 5: Transition #44. Is it enabled?
2026-04-27T11:58:19,628 [main] INFO  a.f.a.t.b.SeqModelChecker - Step 5: Transition #44 is disabled
2026-04-27T11:58:19,629 [main] DEBUG a.f.a.t.b.t.TransitionExecutorImpl - Step #5, transition #45
2026-04-27T11:58:19,629 [main] DEBUG a.f.a.t.b.t.TransitionExecutorImpl - Translating to SMT
2026-04-27T11:58:19,668 [main] DEBUG a.f.a.t.b.SeqModelChecker - Step 5: Transition #45. Is it enabled?
2026-04-27T11:58:19,673 [main] INFO  a.f.a.t.b.SeqModelChecker - Step 5: Transition #45 is disabled
2026-04-27T11:58:19,674 [main] DEBUG a.f.a.t.b.t.TransitionExecutorImpl - Step #5, transition #46
2026-04-27T11:58:19,674 [main] DEBUG a.f.a.t.b.t.TransitionExecutorImpl - Translating to SMT
2026-04-27T11:58:19,712 [main] DEBUG a.f.a.t.b.SeqModelChecker - Step 5: Transition #46. Is it enabled?
2026-04-27T11:58:19,715 [main] INFO  a.f.a.t.b.SeqModelChecker - Step 5: Transition #46 is disabled
2026-04-27T11:58:19,716 [main] DEBUG a.f.a.t.b.t.TransitionExecutorImpl - Step #5, transition #47
2026-04-27T11:58:19,716 [main] DEBUG a.f.a.t.b.t.TransitionExecutorImpl - Translating to SMT
2026-04-27T11:58:19,768 [main] DEBUG a.f.a.t.b.SeqModelChecker - Step 5: Transition #47. Is it enabled?
2026-04-27T11:58:19,772 [main] INFO  a.f.a.t.b.SeqModelChecker - Step 5: Transition #47 is disabled
2026-04-27T11:58:19,774 [main] DEBUG a.f.a.t.b.t.TransitionExecutorImpl - Step #5, transition #48
2026-04-27T11:58:19,774 [main] DEBUG a.f.a.t.b.t.TransitionExecutorImpl - Translating to SMT
2026-04-27T11:58:19,822 [main] DEBUG a.f.a.t.b.SeqModelChecker - Step 5: Transition #48. Is it enabled?
2026-04-27T11:58:19,826 [main] INFO  a.f.a.t.b.SeqModelChecker - Step 5: Transition #48 is disabled
2026-04-27T11:58:19,828 [main] DEBUG a.f.a.t.b.t.TransitionExecutorImpl - Step #5, transition #49
2026-04-27T11:58:19,828 [main] DEBUG a.f.a.t.b.t.TransitionExecutorImpl - Translating to SMT
2026-04-27T11:58:19,886 [main] DEBUG a.f.a.t.b.SeqModelChecker - Step 5: Transition #49. Is it enabled?
2026-04-27T11:58:19,893 [main] INFO  a.f.a.t.b.SeqModelChecker - Step 5: Transition #49 is disabled
2026-04-27T11:58:19,894 [main] DEBUG a.f.a.t.b.t.TransitionExecutorImpl - Step #5, transition #50
2026-04-27T11:58:19,894 [main] DEBUG a.f.a.t.b.t.TransitionExecutorImpl - Translating to SMT
2026-04-27T11:58:19,947 [main] DEBUG a.f.a.t.b.SeqModelChecker - Step 5: Transition #50. Is it enabled?
2026-04-27T11:58:19,966 [main] INFO  a.f.a.t.b.SeqModelChecker - Step 5: Transition #50 is disabled
2026-04-27T11:58:19,970 [main] DEBUG a.f.a.t.b.t.TransitionExecutorImpl - Step #5, transition #51
2026-04-27T11:58:19,970 [main] DEBUG a.f.a.t.b.t.TransitionExecutorImpl - Translating to SMT
2026-04-27T11:58:20,044 [main] DEBUG a.f.a.t.b.SeqModelChecker - Step 5: Transition #51. Is it enabled?
2026-04-27T11:58:20,048 [main] INFO  a.f.a.t.b.SeqModelChecker - Step 5: Transition #51 is disabled
2026-04-27T11:58:20,049 [main] DEBUG a.f.a.t.b.t.TransitionExecutorImpl - Step #5, transition #52
2026-04-27T11:58:20,049 [main] DEBUG a.f.a.t.b.t.TransitionExecutorImpl - Translating to SMT
2026-04-27T11:58:20,134 [main] DEBUG a.f.a.t.b.SeqModelChecker - Step 5: Transition #52. Is it enabled?
2026-04-27T11:58:20,150 [main] INFO  a.f.a.t.b.SeqModelChecker - Step 5: Transition #52 is disabled
2026-04-27T11:58:20,153 [main] DEBUG a.f.a.t.b.t.TransitionExecutorImpl - Step #5, transition #53
2026-04-27T11:58:20,153 [main] DEBUG a.f.a.t.b.t.TransitionExecutorImpl - Translating to SMT
2026-04-27T11:58:20,193 [main] DEBUG a.f.a.t.b.SeqModelChecker - Step 5: Transition #53. Is it enabled?
2026-04-27T11:58:20,194 [main] INFO  a.f.a.t.b.SeqModelChecker - Step 5: Transition #53 is disabled
2026-04-27T11:58:20,196 [main] DEBUG a.f.a.t.b.t.TransitionExecutorImpl - Step #5, transition #54
2026-04-27T11:58:20,196 [main] DEBUG a.f.a.t.b.t.TransitionExecutorImpl - Translating to SMT
2026-04-27T11:58:20,208 [main] DEBUG a.f.a.t.b.SeqModelChecker - Step 5: Transition #54. Is it enabled?
2026-04-27T11:58:20,209 [main] INFO  a.f.a.t.b.SeqModelChecker - Step 5: Transition #54 is disabled
2026-04-27T11:58:20,209 [main] DEBUG a.f.a.t.b.t.TransitionExecutorImpl - Step #5, transition #55
2026-04-27T11:58:20,209 [main] DEBUG a.f.a.t.b.t.TransitionExecutorImpl - Translating to SMT
2026-04-27T11:58:20,211 [main] DEBUG a.f.a.t.b.t.TransitionExecutorImpl - Transition 55 produces partial assignment. Disabled.
2026-04-27T11:58:20,211 [main] DEBUG a.f.a.t.b.t.TransitionExecutorImpl - Step #5, transition #56
2026-04-27T11:58:20,211 [main] DEBUG a.f.a.t.b.t.TransitionExecutorImpl - Translating to SMT
2026-04-27T11:58:20,225 [main] DEBUG a.f.a.t.b.SeqModelChecker - Step 5: Transition #56. Is it enabled?
2026-04-27T11:58:20,227 [main] INFO  a.f.a.t.b.SeqModelChecker - Step 5: Transition #56 is disabled
2026-04-27T11:58:20,228 [main] DEBUG a.f.a.t.b.t.TransitionExecutorImpl - Step #5, transition #57
2026-04-27T11:58:20,228 [main] DEBUG a.f.a.t.b.t.TransitionExecutorImpl - Translating to SMT
2026-04-27T11:58:20,230 [main] DEBUG a.f.a.t.b.t.TransitionExecutorImpl - Transition 57 produces partial assignment. Disabled.
2026-04-27T11:58:20,230 [main] DEBUG a.f.a.t.b.t.TransitionExecutorImpl - Step #5, transition #58
2026-04-27T11:58:20,230 [main] DEBUG a.f.a.t.b.t.TransitionExecutorImpl - Translating to SMT
2026-04-27T11:58:20,245 [main] DEBUG a.f.a.t.b.SeqModelChecker - Step 5: Transition #58. Is it enabled?
2026-04-27T11:58:20,246 [main] INFO  a.f.a.t.b.SeqModelChecker - Step 5: Transition #58 is disabled
2026-04-27T11:58:20,247 [main] DEBUG a.f.a.t.b.t.TransitionExecutorImpl - Step #5, transition #59
2026-04-27T11:58:20,247 [main] DEBUG a.f.a.t.b.t.TransitionExecutorImpl - Translating to SMT
2026-04-27T11:58:20,248 [main] DEBUG a.f.a.t.b.t.TransitionExecutorImpl - Transition 59 produces partial assignment. Disabled.
2026-04-27T11:58:20,249 [main] DEBUG a.f.a.t.b.t.TransitionExecutorImpl - Step #5, transition #60
2026-04-27T11:58:20,249 [main] DEBUG a.f.a.t.b.t.TransitionExecutorImpl - Translating to SMT
2026-04-27T11:58:20,261 [main] DEBUG a.f.a.t.b.SeqModelChecker - Step 5: Transition #60. Is it enabled?
2026-04-27T11:58:20,262 [main] INFO  a.f.a.t.b.SeqModelChecker - Step 5: Transition #60 is disabled
2026-04-27T11:58:20,263 [main] DEBUG a.f.a.t.b.t.TransitionExecutorImpl - Step #5, transition #61
2026-04-27T11:58:20,263 [main] DEBUG a.f.a.t.b.t.TransitionExecutorImpl - Translating to SMT
2026-04-27T11:58:20,265 [main] DEBUG a.f.a.t.b.t.TransitionExecutorImpl - Transition 61 produces partial assignment. Disabled.
2026-04-27T11:58:20,265 [main] DEBUG a.f.a.t.b.t.TransitionExecutorImpl - Step #5, transition #62
2026-04-27T11:58:20,265 [main] DEBUG a.f.a.t.b.t.TransitionExecutorImpl - Translating to SMT
2026-04-27T11:58:20,277 [main] DEBUG a.f.a.t.b.SeqModelChecker - Step 5: Transition #62. Is it enabled?
2026-04-27T11:58:20,278 [main] INFO  a.f.a.t.b.SeqModelChecker - Step 5: Transition #62 is disabled
2026-04-27T11:58:20,279 [main] DEBUG a.f.a.t.b.t.TransitionExecutorImpl - Step #5, transition #63
2026-04-27T11:58:20,279 [main] DEBUG a.f.a.t.b.t.TransitionExecutorImpl - Translating to SMT
2026-04-27T11:58:20,293 [main] DEBUG a.f.a.t.b.SeqModelChecker - Step 5: Transition #63. Is it enabled?
2026-04-27T11:58:20,294 [main] INFO  a.f.a.t.b.SeqModelChecker - Step 5: Transition #63 is disabled
2026-04-27T11:58:20,295 [main] DEBUG a.f.a.t.b.t.TransitionExecutorImpl - Step #5, transition #64
2026-04-27T11:58:20,295 [main] DEBUG a.f.a.t.b.t.TransitionExecutorImpl - Translating to SMT
2026-04-27T11:58:20,312 [main] DEBUG a.f.a.t.b.SeqModelChecker - Step 5: Transition #64. Is it enabled?
2026-04-27T11:58:20,314 [main] INFO  a.f.a.t.b.SeqModelChecker - Step 5: Transition #64 is disabled
2026-04-27T11:58:20,315 [main] DEBUG a.f.a.t.b.t.TransitionExecutorImpl - Step #5, transition #65
2026-04-27T11:58:20,316 [main] DEBUG a.f.a.t.b.t.TransitionExecutorImpl - Translating to SMT
2026-04-27T11:58:20,322 [main] DEBUG a.f.a.t.b.SeqModelChecker - Step 5: Transition #65. Is it enabled?
2026-04-27T11:58:20,323 [main] INFO  a.f.a.t.b.SeqModelChecker - Step 5: Transition #65 is disabled
2026-04-27T11:58:20,324 [main] DEBUG a.f.a.t.b.t.TransitionExecutorImpl - Step #5, transition #66
2026-04-27T11:58:20,324 [main] DEBUG a.f.a.t.b.t.TransitionExecutorImpl - Translating to SMT
2026-04-27T11:58:20,337 [main] DEBUG a.f.a.t.b.SeqModelChecker - Step 5: Transition #66. Is it enabled?
2026-04-27T11:58:20,338 [main] INFO  a.f.a.t.b.SeqModelChecker - Step 5: Transition #66 is disabled
2026-04-27T11:58:20,339 [main] DEBUG a.f.a.t.b.t.TransitionExecutorImpl - Step #5, transition #67
2026-04-27T11:58:20,339 [main] DEBUG a.f.a.t.b.t.TransitionExecutorImpl - Translating to SMT
2026-04-27T11:58:20,350 [main] DEBUG a.f.a.t.b.SeqModelChecker - Step 5: Transition #67. Is it enabled?
2026-04-27T11:58:20,351 [main] INFO  a.f.a.t.b.SeqModelChecker - Step 5: Transition #67 is disabled
2026-04-27T11:58:20,352 [main] DEBUG a.f.a.t.b.t.TransitionExecutorImpl - Step #5, transition #68
2026-04-27T11:58:20,352 [main] DEBUG a.f.a.t.b.t.TransitionExecutorImpl - Translating to SMT
2026-04-27T11:58:20,365 [main] DEBUG a.f.a.t.b.SeqModelChecker - Step 5: Transition #68. Is it enabled?
2026-04-27T11:58:20,366 [main] INFO  a.f.a.t.b.SeqModelChecker - Step 5: Transition #68 is disabled
2026-04-27T11:58:20,367 [main] DEBUG a.f.a.t.b.t.TransitionExecutorImpl - Step #5, transition #69
2026-04-27T11:58:20,367 [main] DEBUG a.f.a.t.b.t.TransitionExecutorImpl - Translating to SMT
2026-04-27T11:58:20,384 [main] DEBUG a.f.a.t.b.SeqModelChecker - Step 5: Transition #69. Is it enabled?
2026-04-27T11:58:20,385 [main] INFO  a.f.a.t.b.SeqModelChecker - Step 5: Transition #69 is disabled
2026-04-27T11:58:20,386 [main] INFO  a.f.a.t.b.t.TransitionExecutorImpl - Step 5: picking a transition out of 1 transition(s)
2026-04-27T11:58:20,387 [main] DEBUG a.f.a.t.b.t.TransitionExecutorImpl - Step #6, transition #0
2026-04-27T11:58:20,387 [main] DEBUG a.f.a.t.b.t.TransitionExecutorImpl - Translating to SMT
2026-04-27T11:58:20,429 [main] DEBUG a.f.a.t.b.SeqModelChecker - Step 6: Transition #0. Is it enabled?
2026-04-27T11:58:20,437 [main] INFO  a.f.a.t.b.SeqModelChecker - Step 6: Transition #0 is disabled
2026-04-27T11:58:20,438 [main] DEBUG a.f.a.t.b.t.TransitionExecutorImpl - Step #6, transition #1
2026-04-27T11:58:20,438 [main] DEBUG a.f.a.t.b.t.TransitionExecutorImpl - Translating to SMT
2026-04-27T11:58:20,479 [main] DEBUG a.f.a.t.b.SeqModelChecker - Step 6: Transition #1. Is it enabled?
2026-04-27T11:58:20,486 [main] INFO  a.f.a.t.b.SeqModelChecker - Step 6: Transition #1 is disabled
2026-04-27T11:58:20,488 [main] DEBUG a.f.a.t.b.t.TransitionExecutorImpl - Step #6, transition #2
2026-04-27T11:58:20,488 [main] DEBUG a.f.a.t.b.t.TransitionExecutorImpl - Translating to SMT
2026-04-27T11:58:20,527 [main] DEBUG a.f.a.t.b.SeqModelChecker - Step 6: Transition #2. Is it enabled?
2026-04-27T11:58:20,534 [main] INFO  a.f.a.t.b.SeqModelChecker - Step 6: Transition #2 is disabled
2026-04-27T11:58:20,536 [main] DEBUG a.f.a.t.b.t.TransitionExecutorImpl - Step #6, transition #3
2026-04-27T11:58:20,536 [main] DEBUG a.f.a.t.b.t.TransitionExecutorImpl - Translating to SMT
2026-04-27T11:58:20,547 [main] DEBUG a.f.a.t.b.t.TransitionExecutorImpl - Transition 3 produces partial assignment. Disabled.
2026-04-27T11:58:20,548 [main] DEBUG a.f.a.t.b.t.TransitionExecutorImpl - Step #6, transition #4
2026-04-27T11:58:20,548 [main] DEBUG a.f.a.t.b.t.TransitionExecutorImpl - Translating to SMT
2026-04-27T11:58:20,557 [main] DEBUG a.f.a.t.b.t.TransitionExecutorImpl - Transition 4 produces partial assignment. Disabled.
2026-04-27T11:58:20,558 [main] DEBUG a.f.a.t.b.t.TransitionExecutorImpl - Step #6, transition #5
2026-04-27T11:58:20,558 [main] DEBUG a.f.a.t.b.t.TransitionExecutorImpl - Translating to SMT
2026-04-27T11:58:20,595 [main] DEBUG a.f.a.t.b.SeqModelChecker - Step 6: Transition #5. Is it enabled?
2026-04-27T11:58:20,601 [main] INFO  a.f.a.t.b.SeqModelChecker - Step 6: Transition #5 is disabled
2026-04-27T11:58:20,603 [main] DEBUG a.f.a.t.b.t.TransitionExecutorImpl - Step #6, transition #6
2026-04-27T11:58:20,603 [main] DEBUG a.f.a.t.b.t.TransitionExecutorImpl - Translating to SMT
2026-04-27T11:58:20,663 [main] DEBUG a.f.a.t.b.SeqModelChecker - Step 6: Transition #6. Is it enabled?
2026-04-27T11:58:20,669 [main] INFO  a.f.a.t.b.SeqModelChecker - Step 6: Transition #6 is disabled
2026-04-27T11:58:20,672 [main] DEBUG a.f.a.t.b.t.TransitionExecutorImpl - Step #6, transition #7
2026-04-27T11:58:20,672 [main] DEBUG a.f.a.t.b.t.TransitionExecutorImpl - Translating to SMT
2026-04-27T11:58:20,682 [main] DEBUG a.f.a.t.b.t.TransitionExecutorImpl - Transition 7 produces partial assignment. Disabled.
2026-04-27T11:58:20,683 [main] DEBUG a.f.a.t.b.t.TransitionExecutorImpl - Step #6, transition #8
2026-04-27T11:58:20,683 [main] DEBUG a.f.a.t.b.t.TransitionExecutorImpl - Translating to SMT
2026-04-27T11:58:20,693 [main] DEBUG a.f.a.t.b.t.TransitionExecutorImpl - Transition 8 produces partial assignment. Disabled.
2026-04-27T11:58:20,694 [main] DEBUG a.f.a.t.b.t.TransitionExecutorImpl - Step #6, transition #9
2026-04-27T11:58:20,694 [main] DEBUG a.f.a.t.b.t.TransitionExecutorImpl - Translating to SMT
2026-04-27T11:58:20,731 [main] DEBUG a.f.a.t.b.SeqModelChecker - Step 6: Transition #9. Is it enabled?
2026-04-27T11:58:20,738 [main] INFO  a.f.a.t.b.SeqModelChecker - Step 6: Transition #9 is disabled
2026-04-27T11:58:20,740 [main] DEBUG a.f.a.t.b.t.TransitionExecutorImpl - Step #6, transition #10
2026-04-27T11:58:20,740 [main] DEBUG a.f.a.t.b.t.TransitionExecutorImpl - Translating to SMT
2026-04-27T11:58:20,776 [main] DEBUG a.f.a.t.b.SeqModelChecker - Step 6: Transition #10. Is it enabled?
2026-04-27T11:58:20,783 [main] INFO  a.f.a.t.b.SeqModelChecker - Step 6: Transition #10 is disabled
2026-04-27T11:58:20,785 [main] DEBUG a.f.a.t.b.t.TransitionExecutorImpl - Step #6, transition #11
2026-04-27T11:58:20,785 [main] DEBUG a.f.a.t.b.t.TransitionExecutorImpl - Translating to SMT
2026-04-27T11:58:20,818 [main] DEBUG a.f.a.t.b.SeqModelChecker - Step 6: Transition #11. Is it enabled?
2026-04-27T11:58:20,824 [main] INFO  a.f.a.t.b.SeqModelChecker - Step 6: Transition #11 is disabled
2026-04-27T11:58:20,826 [main] DEBUG a.f.a.t.b.t.TransitionExecutorImpl - Step #6, transition #12
2026-04-27T11:58:20,826 [main] DEBUG a.f.a.t.b.t.TransitionExecutorImpl - Translating to SMT
2026-04-27T11:58:20,881 [main] DEBUG a.f.a.t.b.SeqModelChecker - Step 6: Transition #12. Is it enabled?
2026-04-27T11:58:20,894 [main] INFO  a.f.a.t.b.SeqModelChecker - Step 6: Transition #12 is disabled
2026-04-27T11:58:20,896 [main] DEBUG a.f.a.t.b.t.TransitionExecutorImpl - Step #6, transition #13
2026-04-27T11:58:20,896 [main] DEBUG a.f.a.t.b.t.TransitionExecutorImpl - Translating to SMT
2026-04-27T11:58:20,955 [main] DEBUG a.f.a.t.b.SeqModelChecker - Step 6: Transition #13. Is it enabled?
2026-04-27T11:58:20,971 [main] INFO  a.f.a.t.b.SeqModelChecker - Step 6: Transition #13 is disabled
2026-04-27T11:58:20,974 [main] DEBUG a.f.a.t.b.t.TransitionExecutorImpl - Step #6, transition #14
2026-04-27T11:58:20,974 [main] DEBUG a.f.a.t.b.t.TransitionExecutorImpl - Translating to SMT
2026-04-27T11:58:21,029 [main] DEBUG a.f.a.t.b.SeqModelChecker - Step 6: Transition #14. Is it enabled?
2026-04-27T11:58:21,040 [main] INFO  a.f.a.t.b.SeqModelChecker - Step 6: Transition #14 is disabled
2026-04-27T11:58:21,042 [main] DEBUG a.f.a.t.b.t.TransitionExecutorImpl - Step #6, transition #15
2026-04-27T11:58:21,043 [main] DEBUG a.f.a.t.b.t.TransitionExecutorImpl - Translating to SMT
2026-04-27T11:58:21,099 [main] DEBUG a.f.a.t.b.SeqModelChecker - Step 6: Transition #15. Is it enabled?
2026-04-27T11:58:21,110 [main] INFO  a.f.a.t.b.SeqModelChecker - Step 6: Transition #15 is disabled
2026-04-27T11:58:21,113 [main] DEBUG a.f.a.t.b.t.TransitionExecutorImpl - Step #6, transition #16
2026-04-27T11:58:21,113 [main] DEBUG a.f.a.t.b.t.TransitionExecutorImpl - Translating to SMT
2026-04-27T11:58:21,128 [main] DEBUG a.f.a.t.b.SeqModelChecker - Step 6: Transition #16. Is it enabled?
2026-04-27T11:58:21,129 [main] INFO  a.f.a.t.b.SeqModelChecker - Step 6: Transition #16 is disabled
2026-04-27T11:58:21,129 [main] DEBUG a.f.a.t.b.t.TransitionExecutorImpl - Step #6, transition #17
2026-04-27T11:58:21,130 [main] DEBUG a.f.a.t.b.t.TransitionExecutorImpl - Translating to SMT
2026-04-27T11:58:21,172 [main] DEBUG a.f.a.t.b.SeqModelChecker - Step 6: Transition #17. Is it enabled?
2026-04-27T11:58:21,175 [main] INFO  a.f.a.t.b.SeqModelChecker - Step 6: Transition #17 is disabled
2026-04-27T11:58:21,177 [main] DEBUG a.f.a.t.b.t.TransitionExecutorImpl - Step #6, transition #18
2026-04-27T11:58:21,177 [main] DEBUG a.f.a.t.b.t.TransitionExecutorImpl - Translating to SMT
2026-04-27T11:58:21,224 [main] DEBUG a.f.a.t.b.t.TransitionExecutorImpl - Transition 18 produces partial assignment. Disabled.
2026-04-27T11:58:21,226 [main] DEBUG a.f.a.t.b.t.TransitionExecutorImpl - Step #6, transition #19
2026-04-27T11:58:21,226 [main] DEBUG a.f.a.t.b.t.TransitionExecutorImpl - Translating to SMT
2026-04-27T11:58:21,237 [main] DEBUG a.f.a.t.b.t.TransitionExecutorImpl - Transition 19 produces partial assignment. Disabled.
2026-04-27T11:58:21,238 [main] DEBUG a.f.a.t.b.t.TransitionExecutorImpl - Step #6, transition #20
2026-04-27T11:58:21,238 [main] DEBUG a.f.a.t.b.t.TransitionExecutorImpl - Translating to SMT
2026-04-27T11:58:21,248 [main] DEBUG a.f.a.t.b.t.TransitionExecutorImpl - Transition 20 produces partial assignment. Disabled.
2026-04-27T11:58:21,249 [main] DEBUG a.f.a.t.b.t.TransitionExecutorImpl - Step #6, transition #21
2026-04-27T11:58:21,249 [main] DEBUG a.f.a.t.b.t.TransitionExecutorImpl - Translating to SMT
2026-04-27T11:58:21,319 [main] DEBUG a.f.a.t.b.SeqModelChecker - Step 6: Transition #21. Is it enabled?
2026-04-27T11:58:21,325 [main] INFO  a.f.a.t.b.SeqModelChecker - Step 6: Transition #21 is disabled
2026-04-27T11:58:21,327 [main] DEBUG a.f.a.t.b.t.TransitionExecutorImpl - Step #6, transition #22
2026-04-27T11:58:21,327 [main] DEBUG a.f.a.t.b.t.TransitionExecutorImpl - Translating to SMT
2026-04-27T11:58:21,373 [main] DEBUG a.f.a.t.b.t.TransitionExecutorImpl - Transition 22 produces partial assignment. Disabled.
2026-04-27T11:58:21,378 [main] DEBUG a.f.a.t.b.t.TransitionExecutorImpl - Step #6, transition #23
2026-04-27T11:58:21,378 [main] DEBUG a.f.a.t.b.t.TransitionExecutorImpl - Translating to SMT
2026-04-27T11:58:21,385 [main] DEBUG a.f.a.t.b.t.TransitionExecutorImpl - Transition 23 produces partial assignment. Disabled.
2026-04-27T11:58:21,386 [main] DEBUG a.f.a.t.b.t.TransitionExecutorImpl - Step #6, transition #24
2026-04-27T11:58:21,386 [main] DEBUG a.f.a.t.b.t.TransitionExecutorImpl - Translating to SMT
2026-04-27T11:58:21,417 [main] DEBUG a.f.a.t.b.SeqModelChecker - Step 6: Transition #24. Is it enabled?
2026-04-27T11:58:21,419 [main] INFO  a.f.a.t.b.SeqModelChecker - Step 6: Transition #24 is disabled
2026-04-27T11:58:21,421 [main] DEBUG a.f.a.t.b.t.TransitionExecutorImpl - Step #6, transition #25
2026-04-27T11:58:21,421 [main] DEBUG a.f.a.t.b.t.TransitionExecutorImpl - Translating to SMT
2026-04-27T11:58:21,427 [main] DEBUG a.f.a.t.b.t.TransitionExecutorImpl - Transition 25 produces partial assignment. Disabled.
2026-04-27T11:58:21,428 [main] DEBUG a.f.a.t.b.t.TransitionExecutorImpl - Step #6, transition #26
2026-04-27T11:58:21,428 [main] DEBUG a.f.a.t.b.t.TransitionExecutorImpl - Translating to SMT
2026-04-27T11:58:21,458 [main] DEBUG a.f.a.t.b.SeqModelChecker - Step 6: Transition #26. Is it enabled?
2026-04-27T11:58:21,460 [main] INFO  a.f.a.t.b.SeqModelChecker - Step 6: Transition #26 is disabled
2026-04-27T11:58:21,462 [main] DEBUG a.f.a.t.b.t.TransitionExecutorImpl - Step #6, transition #27
2026-04-27T11:58:21,462 [main] DEBUG a.f.a.t.b.t.TransitionExecutorImpl - Translating to SMT
2026-04-27T11:58:21,505 [main] DEBUG a.f.a.t.b.SeqModelChecker - Step 6: Transition #27. Is it enabled?
2026-04-27T11:58:21,507 [main] INFO  a.f.a.t.b.SeqModelChecker - Step 6: Transition #27 is disabled
2026-04-27T11:58:21,509 [main] DEBUG a.f.a.t.b.t.TransitionExecutorImpl - Step #6, transition #28
2026-04-27T11:58:21,509 [main] DEBUG a.f.a.t.b.t.TransitionExecutorImpl - Translating to SMT
2026-04-27T11:58:21,539 [main] DEBUG a.f.a.t.b.SeqModelChecker - Step 6: Transition #28. Is it enabled?
2026-04-27T11:58:21,542 [main] INFO  a.f.a.t.b.SeqModelChecker - Step 6: Transition #28 is disabled
2026-04-27T11:58:21,543 [main] DEBUG a.f.a.t.b.t.TransitionExecutorImpl - Step #6, transition #29
2026-04-27T11:58:21,543 [main] DEBUG a.f.a.t.b.t.TransitionExecutorImpl - Translating to SMT
2026-04-27T11:58:21,565 [main] DEBUG a.f.a.t.b.SeqModelChecker - Step 6: Transition #29. Is it enabled?
2026-04-27T11:58:21,567 [main] INFO  a.f.a.t.b.SeqModelChecker - Step 6: Transition #29 is disabled
2026-04-27T11:58:21,568 [main] DEBUG a.f.a.t.b.t.TransitionExecutorImpl - Step #6, transition #30
2026-04-27T11:58:21,568 [main] DEBUG a.f.a.t.b.t.TransitionExecutorImpl - Translating to SMT
2026-04-27T11:58:21,588 [main] DEBUG a.f.a.t.b.SeqModelChecker - Step 6: Transition #30. Is it enabled?
2026-04-27T11:58:21,596 [main] INFO  a.f.a.t.b.SeqModelChecker - Step 6: Transition #30 is disabled
2026-04-27T11:58:21,598 [main] DEBUG a.f.a.t.b.t.TransitionExecutorImpl - Step #6, transition #31
2026-04-27T11:58:21,598 [main] DEBUG a.f.a.t.b.t.TransitionExecutorImpl - Translating to SMT
2026-04-27T11:58:21,619 [main] DEBUG a.f.a.t.b.SeqModelChecker - Step 6: Transition #31. Is it enabled?
2026-04-27T11:58:21,621 [main] INFO  a.f.a.t.b.SeqModelChecker - Step 6: Transition #31 is disabled
2026-04-27T11:58:21,622 [main] DEBUG a.f.a.t.b.t.TransitionExecutorImpl - Step #6, transition #32
2026-04-27T11:58:21,622 [main] DEBUG a.f.a.t.b.t.TransitionExecutorImpl - Translating to SMT
2026-04-27T11:58:21,644 [main] DEBUG a.f.a.t.b.SeqModelChecker - Step 6: Transition #32. Is it enabled?
2026-04-27T11:58:21,647 [main] INFO  a.f.a.t.b.SeqModelChecker - Step 6: Transition #32 is disabled
2026-04-27T11:58:21,648 [main] DEBUG a.f.a.t.b.t.TransitionExecutorImpl - Step #6, transition #33
2026-04-27T11:58:21,648 [main] DEBUG a.f.a.t.b.t.TransitionExecutorImpl - Translating to SMT
2026-04-27T11:58:21,669 [main] DEBUG a.f.a.t.b.SeqModelChecker - Step 6: Transition #33. Is it enabled?
2026-04-27T11:58:21,671 [main] INFO  a.f.a.t.b.SeqModelChecker - Step 6: Transition #33 is disabled
2026-04-27T11:58:21,672 [main] DEBUG a.f.a.t.b.t.TransitionExecutorImpl - Step #6, transition #34
2026-04-27T11:58:21,673 [main] DEBUG a.f.a.t.b.t.TransitionExecutorImpl - Translating to SMT
2026-04-27T11:58:21,693 [main] DEBUG a.f.a.t.b.SeqModelChecker - Step 6: Transition #34. Is it enabled?
2026-04-27T11:58:21,695 [main] INFO  a.f.a.t.b.SeqModelChecker - Step 6: Transition #34 is disabled
2026-04-27T11:58:21,696 [main] DEBUG a.f.a.t.b.t.TransitionExecutorImpl - Step #6, transition #35
2026-04-27T11:58:21,696 [main] DEBUG a.f.a.t.b.t.TransitionExecutorImpl - Translating to SMT
2026-04-27T11:58:21,718 [main] DEBUG a.f.a.t.b.SeqModelChecker - Step 6: Transition #35. Is it enabled?
2026-04-27T11:58:21,720 [main] INFO  a.f.a.t.b.SeqModelChecker - Step 6: Transition #35 is disabled
2026-04-27T11:58:21,721 [main] DEBUG a.f.a.t.b.t.TransitionExecutorImpl - Step #6, transition #36
2026-04-27T11:58:21,721 [main] DEBUG a.f.a.t.b.t.TransitionExecutorImpl - Translating to SMT
2026-04-27T11:58:21,740 [main] DEBUG a.f.a.t.b.t.TransitionExecutorImpl - Transition 36 produces partial assignment. Disabled.
2026-04-27T11:58:21,741 [main] DEBUG a.f.a.t.b.t.TransitionExecutorImpl - Step #6, transition #37
2026-04-27T11:58:21,741 [main] DEBUG a.f.a.t.b.t.TransitionExecutorImpl - Translating to SMT
2026-04-27T11:58:21,784 [main] DEBUG a.f.a.t.b.SeqModelChecker - Step 6: Transition #37. Is it enabled?
2026-04-27T11:58:21,788 [main] INFO  a.f.a.t.b.SeqModelChecker - Step 6: Transition #37 is disabled
2026-04-27T11:58:21,790 [main] DEBUG a.f.a.t.b.t.TransitionExecutorImpl - Step #6, transition #38
2026-04-27T11:58:21,790 [main] DEBUG a.f.a.t.b.t.TransitionExecutorImpl - Translating to SMT
2026-04-27T11:58:21,808 [main] DEBUG a.f.a.t.b.t.TransitionExecutorImpl - Transition 38 produces partial assignment. Disabled.
2026-04-27T11:58:21,810 [main] DEBUG a.f.a.t.b.t.TransitionExecutorImpl - Step #6, transition #39
2026-04-27T11:58:21,810 [main] DEBUG a.f.a.t.b.t.TransitionExecutorImpl - Translating to SMT
2026-04-27T11:58:21,853 [main] DEBUG a.f.a.t.b.SeqModelChecker - Step 6: Transition #39. Is it enabled?
2026-04-27T11:58:21,857 [main] INFO  a.f.a.t.b.SeqModelChecker - Step 6: Transition #39 is disabled
2026-04-27T11:58:21,859 [main] DEBUG a.f.a.t.b.t.TransitionExecutorImpl - Step #6, transition #40
2026-04-27T11:58:21,859 [main] DEBUG a.f.a.t.b.t.TransitionExecutorImpl - Translating to SMT
2026-04-27T11:58:21,878 [main] DEBUG a.f.a.t.b.t.TransitionExecutorImpl - Transition 40 produces partial assignment. Disabled.
2026-04-27T11:58:21,880 [main] DEBUG a.f.a.t.b.t.TransitionExecutorImpl - Step #6, transition #41
2026-04-27T11:58:21,880 [main] DEBUG a.f.a.t.b.t.TransitionExecutorImpl - Translating to SMT
2026-04-27T11:58:21,966 [main] DEBUG a.f.a.t.b.SeqModelChecker - Step 6: Transition #41. Is it enabled?
2026-04-27T11:58:21,971 [main] INFO  a.f.a.t.b.SeqModelChecker - Step 6: Transition #41 is disabled
2026-04-27T11:58:21,972 [main] DEBUG a.f.a.t.b.t.TransitionExecutorImpl - Step #6, transition #42
2026-04-27T11:58:21,972 [main] DEBUG a.f.a.t.b.t.TransitionExecutorImpl - Translating to SMT
2026-04-27T11:58:22,000 [main] DEBUG a.f.a.t.b.t.TransitionExecutorImpl - Transition 42 produces partial assignment. Disabled.
2026-04-27T11:58:22,002 [main] DEBUG a.f.a.t.b.t.TransitionExecutorImpl - Step #6, transition #43
2026-04-27T11:58:22,002 [main] DEBUG a.f.a.t.b.t.TransitionExecutorImpl - Translating to SMT
2026-04-27T11:58:22,100 [main] DEBUG a.f.a.t.b.SeqModelChecker - Step 6: Transition #43. Is it enabled?
2026-04-27T11:58:22,105 [main] INFO  a.f.a.t.b.SeqModelChecker - Step 6: Transition #43 is disabled
2026-04-27T11:58:22,107 [main] DEBUG a.f.a.t.b.t.TransitionExecutorImpl - Step #6, transition #44
2026-04-27T11:58:22,107 [main] DEBUG a.f.a.t.b.t.TransitionExecutorImpl - Translating to SMT
2026-04-27T11:58:22,164 [main] DEBUG a.f.a.t.b.SeqModelChecker - Step 6: Transition #44. Is it enabled?
2026-04-27T11:58:22,170 [main] INFO  a.f.a.t.b.SeqModelChecker - Step 6: Transition #44 is disabled
2026-04-27T11:58:22,173 [main] DEBUG a.f.a.t.b.t.TransitionExecutorImpl - Step #6, transition #45
2026-04-27T11:58:22,173 [main] DEBUG a.f.a.t.b.t.TransitionExecutorImpl - Translating to SMT
2026-04-27T11:58:22,237 [main] DEBUG a.f.a.t.b.SeqModelChecker - Step 6: Transition #45. Is it enabled?
2026-04-27T11:58:22,243 [main] INFO  a.f.a.t.b.SeqModelChecker - Step 6: Transition #45 is disabled
2026-04-27T11:58:22,245 [main] DEBUG a.f.a.t.b.t.TransitionExecutorImpl - Step #6, transition #46
2026-04-27T11:58:22,245 [main] DEBUG a.f.a.t.b.t.TransitionExecutorImpl - Translating to SMT
2026-04-27T11:58:22,290 [main] DEBUG a.f.a.t.b.SeqModelChecker - Step 6: Transition #46. Is it enabled?
2026-04-27T11:58:22,293 [main] INFO  a.f.a.t.b.SeqModelChecker - Step 6: Transition #46 is disabled
2026-04-27T11:58:22,295 [main] DEBUG a.f.a.t.b.t.TransitionExecutorImpl - Step #6, transition #47
2026-04-27T11:58:22,295 [main] DEBUG a.f.a.t.b.t.TransitionExecutorImpl - Translating to SMT
2026-04-27T11:58:22,360 [main] DEBUG a.f.a.t.b.SeqModelChecker - Step 6: Transition #47. Is it enabled?
2026-04-27T11:58:22,365 [main] INFO  a.f.a.t.b.SeqModelChecker - Step 6: Transition #47 is disabled
2026-04-27T11:58:22,367 [main] DEBUG a.f.a.t.b.t.TransitionExecutorImpl - Step #6, transition #48
2026-04-27T11:58:22,367 [main] DEBUG a.f.a.t.b.t.TransitionExecutorImpl - Translating to SMT
2026-04-27T11:58:22,421 [main] DEBUG a.f.a.t.b.SeqModelChecker - Step 6: Transition #48. Is it enabled?
2026-04-27T11:58:22,426 [main] INFO  a.f.a.t.b.SeqModelChecker - Step 6: Transition #48 is disabled
2026-04-27T11:58:22,428 [main] DEBUG a.f.a.t.b.t.TransitionExecutorImpl - Step #6, transition #49
2026-04-27T11:58:22,428 [main] DEBUG a.f.a.t.b.t.TransitionExecutorImpl - Translating to SMT
2026-04-27T11:58:22,485 [main] DEBUG a.f.a.t.b.SeqModelChecker - Step 6: Transition #49. Is it enabled?
2026-04-27T11:58:22,491 [main] INFO  a.f.a.t.b.SeqModelChecker - Step 6: Transition #49 is disabled
2026-04-27T11:58:22,493 [main] DEBUG a.f.a.t.b.t.TransitionExecutorImpl - Step #6, transition #50
2026-04-27T11:58:22,493 [main] DEBUG a.f.a.t.b.t.TransitionExecutorImpl - Translating to SMT
2026-04-27T11:58:22,545 [main] DEBUG a.f.a.t.b.SeqModelChecker - Step 6: Transition #50. Is it enabled?
2026-04-27T11:58:22,560 [main] INFO  a.f.a.t.b.SeqModelChecker - Step 6: Transition #50 is disabled
2026-04-27T11:58:22,563 [main] DEBUG a.f.a.t.b.t.TransitionExecutorImpl - Step #6, transition #51
2026-04-27T11:58:22,563 [main] DEBUG a.f.a.t.b.t.TransitionExecutorImpl - Translating to SMT
2026-04-27T11:58:22,613 [main] DEBUG a.f.a.t.b.SeqModelChecker - Step 6: Transition #51. Is it enabled?
2026-04-27T11:58:22,618 [main] INFO  a.f.a.t.b.SeqModelChecker - Step 6: Transition #51 is disabled
2026-04-27T11:58:22,619 [main] DEBUG a.f.a.t.b.t.TransitionExecutorImpl - Step #6, transition #52
2026-04-27T11:58:22,619 [main] DEBUG a.f.a.t.b.t.TransitionExecutorImpl - Translating to SMT
2026-04-27T11:58:22,667 [main] DEBUG a.f.a.t.b.SeqModelChecker - Step 6: Transition #52. Is it enabled?
2026-04-27T11:58:22,682 [main] INFO  a.f.a.t.b.SeqModelChecker - Step 6: Transition #52 is disabled
2026-04-27T11:58:22,684 [main] DEBUG a.f.a.t.b.t.TransitionExecutorImpl - Step #6, transition #53
2026-04-27T11:58:22,684 [main] DEBUG a.f.a.t.b.t.TransitionExecutorImpl - Translating to SMT
2026-04-27T11:58:22,699 [main] DEBUG a.f.a.t.b.SeqModelChecker - Step 6: Transition #53. Is it enabled?
2026-04-27T11:58:22,700 [main] INFO  a.f.a.t.b.SeqModelChecker - Step 6: Transition #53 is disabled
2026-04-27T11:58:22,701 [main] DEBUG a.f.a.t.b.t.TransitionExecutorImpl - Step #6, transition #54
2026-04-27T11:58:22,701 [main] DEBUG a.f.a.t.b.t.TransitionExecutorImpl - Translating to SMT
2026-04-27T11:58:22,713 [main] DEBUG a.f.a.t.b.SeqModelChecker - Step 6: Transition #54. Is it enabled?
2026-04-27T11:58:22,713 [main] INFO  a.f.a.t.b.SeqModelChecker - Step 6: Transition #54 is disabled
2026-04-27T11:58:22,714 [main] DEBUG a.f.a.t.b.t.TransitionExecutorImpl - Step #6, transition #55
2026-04-27T11:58:22,714 [main] DEBUG a.f.a.t.b.t.TransitionExecutorImpl - Translating to SMT
2026-04-27T11:58:22,716 [main] DEBUG a.f.a.t.b.t.TransitionExecutorImpl - Transition 55 produces partial assignment. Disabled.
2026-04-27T11:58:22,716 [main] DEBUG a.f.a.t.b.t.TransitionExecutorImpl - Step #6, transition #56
2026-04-27T11:58:22,716 [main] DEBUG a.f.a.t.b.t.TransitionExecutorImpl - Translating to SMT
2026-04-27T11:58:22,750 [main] DEBUG a.f.a.t.b.SeqModelChecker - Step 6: Transition #56. Is it enabled?
2026-04-27T11:58:22,752 [main] INFO  a.f.a.t.b.SeqModelChecker - Step 6: Transition #56 is disabled
2026-04-27T11:58:22,753 [main] DEBUG a.f.a.t.b.t.TransitionExecutorImpl - Step #6, transition #57
2026-04-27T11:58:22,754 [main] DEBUG a.f.a.t.b.t.TransitionExecutorImpl - Translating to SMT
2026-04-27T11:58:22,755 [main] DEBUG a.f.a.t.b.t.TransitionExecutorImpl - Transition 57 produces partial assignment. Disabled.
2026-04-27T11:58:22,756 [main] DEBUG a.f.a.t.b.t.TransitionExecutorImpl - Step #6, transition #58
2026-04-27T11:58:22,756 [main] DEBUG a.f.a.t.b.t.TransitionExecutorImpl - Translating to SMT
2026-04-27T11:58:22,770 [main] DEBUG a.f.a.t.b.SeqModelChecker - Step 6: Transition #58. Is it enabled?
2026-04-27T11:58:22,772 [main] INFO  a.f.a.t.b.SeqModelChecker - Step 6: Transition #58 is disabled
2026-04-27T11:58:22,773 [main] DEBUG a.f.a.t.b.t.TransitionExecutorImpl - Step #6, transition #59
2026-04-27T11:58:22,773 [main] DEBUG a.f.a.t.b.t.TransitionExecutorImpl - Translating to SMT
2026-04-27T11:58:22,775 [main] DEBUG a.f.a.t.b.t.TransitionExecutorImpl - Transition 59 produces partial assignment. Disabled.
2026-04-27T11:58:22,775 [main] DEBUG a.f.a.t.b.t.TransitionExecutorImpl - Step #6, transition #60
2026-04-27T11:58:22,775 [main] DEBUG a.f.a.t.b.t.TransitionExecutorImpl - Translating to SMT
2026-04-27T11:58:22,789 [main] DEBUG a.f.a.t.b.SeqModelChecker - Step 6: Transition #60. Is it enabled?
2026-04-27T11:58:22,790 [main] INFO  a.f.a.t.b.SeqModelChecker - Step 6: Transition #60 is disabled
2026-04-27T11:58:22,792 [main] DEBUG a.f.a.t.b.t.TransitionExecutorImpl - Step #6, transition #61
2026-04-27T11:58:22,792 [main] DEBUG a.f.a.t.b.t.TransitionExecutorImpl - Translating to SMT
2026-04-27T11:58:22,793 [main] DEBUG a.f.a.t.b.t.TransitionExecutorImpl - Transition 61 produces partial assignment. Disabled.
2026-04-27T11:58:22,794 [main] DEBUG a.f.a.t.b.t.TransitionExecutorImpl - Step #6, transition #62
2026-04-27T11:58:22,794 [main] DEBUG a.f.a.t.b.t.TransitionExecutorImpl - Translating to SMT
2026-04-27T11:58:22,806 [main] DEBUG a.f.a.t.b.SeqModelChecker - Step 6: Transition #62. Is it enabled?
2026-04-27T11:58:22,808 [main] INFO  a.f.a.t.b.SeqModelChecker - Step 6: Transition #62 is disabled
2026-04-27T11:58:22,809 [main] DEBUG a.f.a.t.b.t.TransitionExecutorImpl - Step #6, transition #63
2026-04-27T11:58:22,809 [main] DEBUG a.f.a.t.b.t.TransitionExecutorImpl - Translating to SMT
2026-04-27T11:58:22,823 [main] DEBUG a.f.a.t.b.SeqModelChecker - Step 6: Transition #63. Is it enabled?
2026-04-27T11:58:22,825 [main] INFO  a.f.a.t.b.SeqModelChecker - Step 6: Transition #63 is disabled
2026-04-27T11:58:22,826 [main] DEBUG a.f.a.t.b.t.TransitionExecutorImpl - Step #6, transition #64
2026-04-27T11:58:22,826 [main] DEBUG a.f.a.t.b.t.TransitionExecutorImpl - Translating to SMT
2026-04-27T11:58:22,843 [main] DEBUG a.f.a.t.b.SeqModelChecker - Step 6: Transition #64. Is it enabled?
2026-04-27T11:58:22,845 [main] INFO  a.f.a.t.b.SeqModelChecker - Step 6: Transition #64 is disabled
2026-04-27T11:58:22,846 [main] DEBUG a.f.a.t.b.t.TransitionExecutorImpl - Step #6, transition #65
2026-04-27T11:58:22,846 [main] DEBUG a.f.a.t.b.t.TransitionExecutorImpl - Translating to SMT
2026-04-27T11:58:22,853 [main] DEBUG a.f.a.t.b.SeqModelChecker - Step 6: Transition #65. Is it enabled?
2026-04-27T11:58:22,853 [main] INFO  a.f.a.t.b.SeqModelChecker - Step 6: Transition #65 is disabled
2026-04-27T11:58:22,854 [main] DEBUG a.f.a.t.b.t.TransitionExecutorImpl - Step #6, transition #66
2026-04-27T11:58:22,854 [main] DEBUG a.f.a.t.b.t.TransitionExecutorImpl - Translating to SMT
2026-04-27T11:58:22,867 [main] DEBUG a.f.a.t.b.SeqModelChecker - Step 6: Transition #66. Is it enabled?
2026-04-27T11:58:22,868 [main] INFO  a.f.a.t.b.SeqModelChecker - Step 6: Transition #66 is disabled
2026-04-27T11:58:22,869 [main] DEBUG a.f.a.t.b.t.TransitionExecutorImpl - Step #6, transition #67
2026-04-27T11:58:22,869 [main] DEBUG a.f.a.t.b.t.TransitionExecutorImpl - Translating to SMT
2026-04-27T11:58:22,881 [main] DEBUG a.f.a.t.b.SeqModelChecker - Step 6: Transition #67. Is it enabled?
2026-04-27T11:58:22,882 [main] INFO  a.f.a.t.b.SeqModelChecker - Step 6: Transition #67 is disabled
2026-04-27T11:58:22,884 [main] DEBUG a.f.a.t.b.t.TransitionExecutorImpl - Step #6, transition #68
2026-04-27T11:58:22,884 [main] DEBUG a.f.a.t.b.t.TransitionExecutorImpl - Translating to SMT
2026-04-27T11:58:22,898 [main] DEBUG a.f.a.t.b.SeqModelChecker - Step 6: Transition #68. Is it enabled?
2026-04-27T11:58:22,900 [main] INFO  a.f.a.t.b.SeqModelChecker - Step 6: Transition #68 is disabled
2026-04-27T11:58:22,901 [main] DEBUG a.f.a.t.b.t.TransitionExecutorImpl - Step #6, transition #69
2026-04-27T11:58:22,901 [main] DEBUG a.f.a.t.b.t.TransitionExecutorImpl - Translating to SMT
2026-04-27T11:58:22,920 [main] DEBUG a.f.a.t.b.SeqModelChecker - Step 6: Transition #69. Is it enabled?
2026-04-27T11:58:22,922 [main] INFO  a.f.a.t.b.SeqModelChecker - Step 6: Transition #69 is disabled
2026-04-27T11:58:22,924 [main] WARN  a.f.a.t.b.SeqModelChecker - All executions are shorter than the provided bound.
2026-04-27T11:58:22,926 [main] DEBUG a.f.a.t.b.s.Z3SolverContext - Disposing Z3 solver context 0
2026-04-27T11:58:22,972 [main] INFO  a.f.a.t.b.p.BoundedCheckerPassImpl - The outcome is: ExecutionsTooShort
2026-04-27T11:58:22,973 [main] DEBUG a.f.a.i.p.PassChainExecutor - PASS #13: BoundedChecker [OK]
2026-04-27T11:58:22,973 [main] INFO  a.f.a.t.Tool$ - Checker reports no error up to computation length 20
2026-04-27T11:58:22,976 [main] INFO  a.f.a.t.Tool$ - It took me 0 days  0 hours  0 min 22 sec
2026-04-27T11:58:22,976 [main] INFO  a.f.a.t.Tool$ - Total time: 22.267 sec
