TLC2 Version 2.19 of 08 August 2024 (rev: 5a47802)
Warning: Please run the Java VM which executes TLC with a throughput optimized garbage collector by passing the "-XX:+UseParallelGC" property.
(Use the -nowarning option to disable this warning.)
Running Random Simulation with seed 7943432977366435250 with 60 workers on 72 cores with 30208MB heap and 64MB offheap memory [pid: 3452220] (Linux 6.12.69+deb13-cloud-amd64 amd64, Debian 21.0.10 x86_64).
Parsing file /home/alexandre.siret/AccordTLASpec/SpecAccord/RecoveryAndCommitSpec/AccordSpec.tla
Parsing file /tmp/TLC.tla
Parsing file /tmp/Naturals.tla
Parsing file /tmp/Sequences.tla
Parsing file /tmp/FiniteSets.tla
Semantic processing of module Naturals
Semantic processing of module Sequences
Semantic processing of module FiniteSets
Semantic processing of module TLC
Semantic processing of module AccordSpec
Starting... (2026-04-01 11:02:46)
Computed 1 initial states...
Progress: 38064097 states checked.
Progress: 78019696 states checked.
Progress: 117974348 states checked.
Progress: 158164416 states checked.
Progress: 198489992 states checked.
Progress: 238889458 states checked.
Progress: 279304301 states checked.
Progress: 319682185 states checked.
Progress: 360016447 states checked.
Progress: 400301779 states checked.
Progress: 440711501 states checked.
Progress: 481104940 states checked.
Progress: 521487184 states checked.
Progress: 561884584 states checked.
Progress: 602301826 states checked.
Progress: 642759550 states checked.
Progress: 683144370 states checked.
Progress: 723408346 states checked.
Progress: 763748003 states checked.
Progress: 804097412 states checked.
Progress: 844383856 states checked.
Progress: 884676983 states checked.
Progress: 925008742 states checked.
Progress: 965298144 states checked.
Progress: 1005702292 states checked.
Progress: 1046182187 states checked.
Progress: 1086591789 states checked.
Progress: 1127026793 states checked.
Progress: 1167364988 states checked.
Progress: 1207771570 states checked.
Progress: 1248160369 states checked.
Progress: 1288461251 states checked.
Progress: 1328846556 states checked.
Progress: 1369282093 states checked.
Progress: 1409672087 states checked.
Progress: 1450099202 states checked.
Progress: 1490504176 states checked.
Progress: 1530832232 states checked.
Progress: 1571222345 states checked.
Progress: 1611619009 states checked.
Progress: 1651954373 states checked.
Progress: 1692343938 states checked.
Progress: 1732708272 states checked.
Progress: 1773032398 states checked.
Progress: 1813442216 states checked.
Progress: 1853806723 states checked.
Progress: 1894110428 states checked.
Progress: 1934472487 states checked.
Progress: 1974847583 states checked.
Progress: 2015202389 states checked.
Progress: 2055515517 states checked.
Progress: 2095760023 states checked.
Progress: 2136109699 states checked.
Progress: 2176424208 states checked.
Progress: 2216789798 states checked.
Progress: 2257193215 states checked.
Progress: 2297588993 states checked.
Progress: 2338041089 states checked.
Progress: 2378430300 states checked.
Progress: 2418852967 states checked.
Progress: 2459230064 states checked.
Progress: 2499680372 states checked.
Progress: 2540079579 states checked.
Progress: 2580503901 states checked.
Progress: 2620854308 states checked.
Progress: 2661242831 states checked.
Progress: 2701668745 states checked.
Progress: 2742101987 states checked.
Progress: 2782462743 states checked.
Progress: 2822871733 states checked.
Progress: 2863309699 states checked.
Progress: 2903780608 states checked.
Progress: 2944121998 states checked.
Progress: 2984376759 states checked.
Progress: 3024713988 states checked.
Progress: 3065027127 states checked.
Progress: 3105293024 states checked.
Progress: 3145346419 states checked.
Progress: 3185499812 states checked.
Progress: 3225766381 states checked.
Progress: 3264113397 states checked.
Progress: 3298929088 states checked.
Progress: 3336375357 states checked.
Progress: 3375915536 states checked.
Progress: 3416018092 states checked.
Progress: 3455323559 states checked.
Progress: 3494761883 states checked.
Progress: 3534811804 states checked.
Progress: 3574967975 states checked.
Progress: 3615053178 states checked.
Progress: 3654592089 states checked.
Progress: 3693977634 states checked.
Progress: 3734315509 states checked.
Progress: 3774869915 states checked.
Progress: 3815324060 states checked.
Progress: 3855876337 states checked.
Progress: 3896413966 states checked.
Progress: 3936898630 states checked.
Progress: 3977442984 states checked.
Progress: 4017360147 states checked.
Progress: 4052336782 states checked.
Progress: 4088440064 states checked.
Progress: 4125431062 states checked.
Progress: 4164701677 states checked.
Progress: 4203985697 states checked.
Progress: 4243358645 states checked.
Progress: 4282666995 states checked.
Progress: 4321909529 states checked.
Progress: 4361180773 states checked.
Progress: 4400605588 states checked.
Progress: 4439963324 states checked.
Progress: 4479750001 states checked.
Progress: 4520275046 states checked.
Progress: 4560755735 states checked.
Progress: 4601314246 states checked.
Progress: 4641857595 states checked.
Progress: 4682448810 states checked.
Progress: 4723035232 states checked.
Progress: 4763648135 states checked.
Progress: 4804237270 states checked.
Progress: 4844836762 states checked.
Progress: 4885473788 states checked.
Progress: 4926126087 states checked.
Progress: 4966697409 states checked.
Progress: 5007297991 states checked.
Progress: 5047980295 states checked.
Progress: 5088578481 states checked.
Progress: 5129248461 states checked.
Progress: 5169950388 states checked.
Progress: 5210557434 states checked.
Progress: 5251174316 states checked.
Progress: 5291703715 states checked.
Progress: 5332081975 states checked.
Progress: 5372493398 states checked.
Progress: 5412815402 states checked.
Progress: 5453146487 states checked.
Progress: 5493557502 states checked.
Progress: 5534047620 states checked.
Progress: 5574501048 states checked.
Progress: 5614921339 states checked.
Progress: 5655294464 states checked.
Progress: 5695797884 states checked.
Progress: 5736273283 states checked.
Progress: 5776707706 states checked.
Progress: 5817187084 states checked.
Progress: 5857742945 states checked.
Progress: 5898349832 states checked.
Progress: 5938875095 states checked.
Progress: 5979525366 states checked.
Progress: 6020174188 states checked.
Progress: 6060738434 states checked.
Progress: 6101172760 states checked.
Progress: 6141793382 states checked.
Progress: 6182412794 states checked.
Progress: 6223007084 states checked.
Progress: 6263681727 states checked.
Progress: 6304278444 states checked.
Progress: 6344822740 states checked.
Progress: 6385477412 states checked.
Progress: 6426107331 states checked.
Progress: 6466746327 states checked.
Progress: 6507326702 states checked.
Progress: 6547878768 states checked.
Progress: 6588299024 states checked.
Progress: 6628886613 states checked.
Progress: 6669524601 states checked.
Progress: 6710117378 states checked.
Progress: 6750686743 states checked.
Progress: 6791251975 states checked.
Progress: 6831891550 states checked.
Progress: 6872372637 states checked.
Progress: 6912794760 states checked.
Progress: 6953224913 states checked.
Progress: 6993530980 states checked.
Progress: 7033965590 states checked.
Progress: 7074355508 states checked.
Progress: 7114736608 states checked.
Progress: 7155280242 states checked.
Progress: 7195779530 states checked.
Progress: 7236295204 states checked.
Progress: 7276777325 states checked.
Progress: 7317356177 states checked.
Progress: 7357976371 states checked.
Progress: 7398543592 states checked.
Progress: 7439126262 states checked.
Progress: 7479648094 states checked.
Progress: 7520184629 states checked.
Progress: 7560817422 states checked.
Progress: 7601355243 states checked.
Progress: 7641962175 states checked.
Progress: 7682533982 states checked.
Progress: 7723057116 states checked.
Progress: 7763548536 states checked.
Progress: 7803910815 states checked.
Progress: 7844207307 states checked.
Progress: 7884617526 states checked.
Progress: 7925020576 states checked.
Progress: 7965345297 states checked.
Progress: 8005761321 states checked.
Progress: 8046109964 states checked.
Progress: 8086602258 states checked.
Progress: 8127170326 states checked.
Progress: 8167838825 states checked.
Progress: 8208484378 states checked.
Progress: 8248999930 states checked.
Progress: 8289350858 states checked.
Progress: 8329743850 states checked.
Progress: 8370067257 states checked.
Progress: 8410510069 states checked.
Progress: 8450876255 states checked.
Progress: 8491161310 states checked.
Progress: 8531534932 states checked.
Progress: 8571902941 states checked.
Progress: 8612248552 states checked.
Progress: 8652657698 states checked.
Progress: 8693032047 states checked.
Progress: 8733488438 states checked.
Progress: 8773822956 states checked.
Progress: 8814190515 states checked.
Progress: 8854566271 states checked.
Progress: 8894889464 states checked.
Progress: 8935272058 states checked.
Progress: 8975715916 states checked.
Progress: 9016152195 states checked.
Progress: 9056485318 states checked.
Progress: 9096849810 states checked.
Progress: 9137261443 states checked.
Progress: 9177584464 states checked.
Progress: 9217968432 states checked.
Progress: 9258302732 states checked.
Progress: 9298583007 states checked.
Progress: 9338908858 states checked.
Progress: 9379353328 states checked.
Progress: 9419967001 states checked.
Progress: 9460590885 states checked.
Progress: 9501231632 states checked.
Progress: 9541910809 states checked.
Progress: 9582630515 states checked.
Progress: 9623304115 states checked.
Progress: 9663922867 states checked.
Progress: 9704465437 states checked.
Progress: 9745091985 states checked.
Progress: 9785743606 states checked.
Progress: 9826254952 states checked.
Progress: 9866821504 states checked.
Progress: 9907347631 states checked.
Progress: 9947747232 states checked.
Progress: 9988241368 states checked.
Progress: 10028819290 states checked.
Progress: 10069419086 states checked.
Progress: 10110132605 states checked.
Progress: 10150651583 states checked.
Progress: 10191255166 states checked.
Progress: 10231906483 states checked.
Progress: 10272512475 states checked.
Progress: 10313130912 states checked.
Progress: 10353770227 states checked.
Progress: 10394390126 states checked.
Progress: 10435024136 states checked.
Progress: 10475588718 states checked.
Progress: 10516181737 states checked.
Progress: 10556652479 states checked.
Progress: 10597271923 states checked.
Progress: 10637956144 states checked.
Progress: 10678571640 states checked.
Progress: 10719287298 states checked.
Progress: 10759859587 states checked.
Progress: 10800424591 states checked.
Progress: 10841135235 states checked.
Progress: 10881715997 states checked.
Progress: 10922405716 states checked.
Progress: 10962911280 states checked.
Progress: 11003634475 states checked.
Progress: 11044313228 states checked.
Progress: 11084976460 states checked.
Progress: 11125624225 states checked.
Progress: 11166308283 states checked.
Progress: 11207111555 states checked.
Progress: 11247767223 states checked.
Progress: 11288521231 states checked.
Progress: 11329183497 states checked.
Progress: 11369958064 states checked.
Progress: 11410656631 states checked.
Progress: 11451349786 states checked.
Progress: 11492128136 states checked.
Progress: 11532874065 states checked.
Progress: 11573622086 states checked.
Progress: 11614267670 states checked.
Progress: 11655061793 states checked.
Progress: 11695767852 states checked.
Progress: 11736406719 states checked.
Progress: 11777184881 states checked.
Progress: 11817873717 states checked.
Progress: 11858643908 states checked.
Progress: 11899348707 states checked.
Progress: 11940041988 states checked.
Progress: 11980575287 states checked.
Progress: 12021207334 states checked.
Progress: 12061884894 states checked.
Progress: 12102540955 states checked.
Progress: 12143092795 states checked.
Progress: 12183723875 states checked.
Progress: 12224435853 states checked.
Progress: 12265100433 states checked.
Progress: 12305698354 states checked.
Progress: 12346263960 states checked.
Progress: 12386971812 states checked.
Progress: 12427597455 states checked.
Progress: 12468323551 states checked.
Progress: 12509124444 states checked.
Progress: 12549970464 states checked.
Progress: 12590705213 states checked.
Progress: 12631518284 states checked.
Progress: 12672371257 states checked.
Progress: 12713043628 states checked.
Progress: 12753824337 states checked.
Progress: 12794468364 states checked.
Progress: 12835094848 states checked.
Progress: 12875792144 states checked.
Progress: 12916542684 states checked.
Progress: 12957327730 states checked.
Progress: 12998044047 states checked.
Progress: 13038783875 states checked.
Progress: 13079603911 states checked.
Progress: 13120355251 states checked.
Progress: 13161100315 states checked.
Progress: 13201841512 states checked.
Progress: 13242490554 states checked.
Progress: 13283304613 states checked.
Progress: 13323744628 states checked.
Progress: 13364080894 states checked.
Progress: 13404570386 states checked.
Progress: 13445101887 states checked.
Progress: 13485529275 states checked.
Progress: 13526028835 states checked.
Progress: 13566492210 states checked.
Progress: 13607023794 states checked.
Progress: 13647642314 states checked.
Progress: 13688364290 states checked.
Progress: 13729206790 states checked.
Progress: 13769935681 states checked.
Progress: 13810634651 states checked.
Progress: 13851027884 states checked.
Progress: 13891406339 states checked.
Progress: 13931794097 states checked.
Progress: 13972361998 states checked.
Progress: 14012881557 states checked.
Progress: 14053333492 states checked.
Progress: 14093839869 states checked.
Progress: 14134466457 states checked.
Progress: 14175192448 states checked.
Progress: 14215853868 states checked.
Progress: 14256536181 states checked.
Progress: 14297281422 states checked.
Progress: 14338052706 states checked.
Progress: 14378766533 states checked.
Progress: 14419436014 states checked.
Progress: 14460099226 states checked.
Progress: 14500893466 states checked.
Progress: 14541607492 states checked.
Progress: 14582330772 states checked.
Progress: 14623044833 states checked.
Progress: 14663810416 states checked.
Progress: 14704514923 states checked.
Progress: 14745200901 states checked.
Progress: 14785797775 states checked.
Progress: 14826540614 states checked.
Progress: 14867367862 states checked.
Progress: 14908142706 states checked.
Progress: 14948919166 states checked.
Progress: 14989655967 states checked.
Progress: 15030423260 states checked.
Progress: 15071114325 states checked.
Progress: 15110747821 states checked.
Progress: 15151486382 states checked.
Progress: 15192119281 states checked.
Progress: 15232756472 states checked.
Progress: 15273462631 states checked.
Progress: 15299884741 states checked.
Progress: 15308023817 states checked.
Progress: 15340959796 states checked.
Progress: 15380840905 states checked.
Progress: 15421763285 states checked.
Progress: 15462735213 states checked.
Progress: 15503655615 states checked.
Progress: 15543325317 states checked.
Progress: 15584207143 states checked.
Progress: 15625083094 states checked.
Progress: 15666027571 states checked.
Progress: 15706997537 states checked.
Progress: 15747927329 states checked.
Progress: 15788851349 states checked.
Progress: 15829790425 states checked.
Progress: 15870709060 states checked.
Progress: 15911715458 states checked.
Progress: 15952661358 states checked.
Progress: 15993611918 states checked.
Progress: 16034610125 states checked.
Progress: 16075606837 states checked.
Progress: 16116536080 states checked.
Progress: 16157271870 states checked.
Progress: 16198255959 states checked.
Progress: 16239098216 states checked.
Progress: 16280044360 states checked.
Progress: 16321031211 states checked.
Progress: 16357667775 states checked.
Progress: 16396623427 states checked.
Progress: 16433158373 states checked.
Progress: 16474064238 states checked.
Progress: 16513218601 states checked.
Progress: 16554241496 states checked.
Progress: 16595238564 states checked.
Progress: 16636280542 states checked.
Progress: 16677277012 states checked.
Progress: 16718286137 states checked.
Progress: 16759245759 states checked.
Progress: 16800277576 states checked.
Progress: 16841161937 states checked.
Progress: 16882110815 states checked.
Progress: 16923069449 states checked.
Progress: 16964082073 states checked.
Progress: 17005095381 states checked.
Progress: 17046102729 states checked.
Progress: 17087128882 states checked.
Progress: 17128017954 states checked.
Progress: 17168949082 states checked.
Progress: 17209869576 states checked.
Progress: 17250755232 states checked.
Progress: 17291633914 states checked.
Progress: 17332599685 states checked.
Progress: 17373593498 states checked.
Progress: 17414607061 states checked.
Progress: 17455482746 states checked.
Progress: 17496426312 states checked.
Progress: 17537318810 states checked.
Progress: 17578103715 states checked.
Progress: 17618878722 states checked.
Progress: 17659784742 states checked.
Progress: 17700681483 states checked.
Progress: 17741604552 states checked.
Progress: 17782586924 states checked.
Progress: 17823626825 states checked.
Progress: 17864686979 states checked.
Progress: 17905734610 states checked.
Progress: 17946747049 states checked.
Progress: 17987529090 states checked.
Progress: 18028260877 states checked.
Progress: 18069047414 states checked.
Progress: 18109980055 states checked.
Progress: 18150933906 states checked.
Progress: 18191887241 states checked.
Progress: 18232825142 states checked.
Progress: 18273881037 states checked.
Progress: 18314879024 states checked.
Progress: 18355846243 states checked.
Progress: 18396827665 states checked.
Progress: 18437865896 states checked.
Progress: 18478839972 states checked.
Progress: 18519741455 states checked.
Progress: 18560645116 states checked.
Progress: 18601652550 states checked.
Progress: 18642681866 states checked.
Progress: 18683722228 states checked.
Progress: 18724756666 states checked.
Progress: 18765811543 states checked.
Progress: 18806819678 states checked.
Progress: 18847811944 states checked.
Progress: 18888866176 states checked.
Progress: 18929923264 states checked.
Progress: 18970948815 states checked.
Progress: 19011930897 states checked.
Progress: 19052926647 states checked.
Progress: 19093965770 states checked.
Progress: 19134945520 states checked.
Progress: 19175899485 states checked.
Progress: 19216691588 states checked.
Progress: 19257392483 states checked.
Progress: 19298298163 states checked.
Progress: 19339269567 states checked.
Progress: 19380275950 states checked.
Progress: 19421324521 states checked.
Progress: 19462404761 states checked.
Progress: 19503416387 states checked.
Progress: 19544357662 states checked.
Progress: 19585214534 states checked.
Progress: 19626205124 states checked.
Progress: 19667264922 states checked.
Progress: 19708359980 states checked.
Progress: 19749333571 states checked.
Progress: 19790405735 states checked.
Progress: 19831386984 states checked.
Progress: 19872377426 states checked.
Progress: 19913298709 states checked.
Progress: 19954289185 states checked.
Progress: 19995276500 states checked.
Progress: 20036366331 states checked.
Progress: 20077367377 states checked.
Progress: 20118384094 states checked.
Progress: 20159495555 states checked.
Progress: 20200480729 states checked.
Progress: 20241541445 states checked.
Progress: 20282596601 states checked.
Progress: 20323660899 states checked.
Progress: 20364756870 states checked.
Progress: 20405852495 states checked.
Progress: 20446912434 states checked.
Progress: 20487934702 states checked.
Progress: 20529014940 states checked.
Progress: 20570128672 states checked.
Progress: 20611092829 states checked.
Progress: 20652158094 states checked.
Progress: 20693164866 states checked.
Progress: 20734236497 states checked.
Progress: 20775371160 states checked.
Progress: 20816448687 states checked.
Progress: 20857515470 states checked.
Progress: 20898524960 states checked.
Progress: 20939595285 states checked.
Progress: 20980672764 states checked.
Progress: 21021719283 states checked.
Progress: 21062809959 states checked.
Progress: 21103868417 states checked.
Progress: 21144976759 states checked.
Progress: 21185962886 states checked.
Progress: 21226963136 states checked.
Progress: 21268052586 states checked.
Progress: 21309095290 states checked.
Progress: 21350157421 states checked.
Progress: 21391213758 states checked.
Progress: 21432195885 states checked.
Progress: 21473210434 states checked.
Progress: 21514221386 states checked.
Progress: 21555271472 states checked.
Progress: 21596318078 states checked.
Progress: 21637360665 states checked.
Progress: 21678419016 states checked.
Progress: 21719458018 states checked.
Progress: 21760483265 states checked.
Progress: 21801489625 states checked.
Progress: 21842554357 states checked.
Progress: 21883691859 states checked.
Progress: 21924727446 states checked.
Progress: 21965830635 states checked.
Progress: 22006816234 states checked.
Progress: 22047883578 states checked.
Progress: 22088933727 states checked.
Progress: 22129874584 states checked.
Progress: 22170831619 states checked.
Progress: 22211753265 states checked.
Progress: 22252783232 states checked.
Progress: 22293781218 states checked.
Progress: 22334863283 states checked.
Progress: 22375969636 states checked.
Progress: 22416960712 states checked.
Progress: 22458000928 states checked.
Progress: 22499016472 states checked.
Progress: 22540082455 states checked.
Progress: 22581067181 states checked.
Progress: 22622100539 states checked.
Progress: 22663192586 states checked.
Progress: 22704204731 states checked.
Progress: 22745275985 states checked.
Progress: 22786258062 states checked.
Progress: 22827232277 states checked.
Progress: 22868254500 states checked.
Progress: 22909290039 states checked.
Progress: 22950366431 states checked.
Progress: 22991404484 states checked.
Progress: 23032466047 states checked.
Progress: 23073554645 states checked.
Progress: 23114592074 states checked.
Progress: 23155608228 states checked.
Progress: 23196679042 states checked.
Progress: 23237724200 states checked.
Progress: 23278743567 states checked.
Progress: 23319760591 states checked.
Progress: 23360777830 states checked.
Progress: 23401787027 states checked.
Progress: 23442819766 states checked.
Progress: 23483858860 states checked.
Progress: 23524874063 states checked.
Progress: 23565884386 states checked.
Progress: 23606944735 states checked.
Progress: 23647966937 states checked.
Progress: 23689007532 states checked.
Progress: 23730109854 states checked.
Progress: 23771195865 states checked.
Progress: 23812234424 states checked.
Progress: 23853212236 states checked.
Progress: 23894262130 states checked.
Progress: 23935298091 states checked.
Progress: 23976313960 states checked.
Progress: 24017402528 states checked.
Progress: 24058532706 states checked.
Progress: 24099562257 states checked.
Progress: 24140677855 states checked.
Progress: 24181633652 states checked.
Progress: 24222667331 states checked.
Progress: 24263690923 states checked.
Progress: 24304738362 states checked.
Progress: 24345812410 states checked.
Progress: 24386901323 states checked.
Progress: 24427943890 states checked.
Progress: 24468968458 states checked.
Progress: 24509966938 states checked.
Progress: 24550977755 states checked.
Progress: 24592017913 states checked.
Progress: 24632963824 states checked.
Progress: 24674002221 states checked.
Progress: 24715075087 states checked.
Progress: 24756084945 states checked.
Progress: 24797109259 states checked.
Progress: 24838203713 states checked.
Progress: 24879246272 states checked.
Progress: 24920274424 states checked.
Progress: 24961277606 states checked.
Progress: 25002253268 states checked.
Progress: 25043230982 states checked.
Progress: 25084184312 states checked.
Progress: 25125140494 states checked.
Progress: 25165990000 states checked.
Progress: 25206925361 states checked.
Progress: 25247822563 states checked.
Progress: 25288841940 states checked.
Progress: 25329867911 states checked.
Progress: 25370871641 states checked.
Progress: 25411838071 states checked.
Progress: 25452806262 states checked.
Progress: 25493720570 states checked.
Progress: 25534757029 states checked.
Progress: 25575798960 states checked.
Progress: 25616854707 states checked.
Progress: 25657890644 states checked.
Progress: 25698938580 states checked.
Progress: 25739972461 states checked.
Progress: 25780954980 states checked.
Progress: 25822017921 states checked.
Progress: 25863055064 states checked.
Progress: 25904151419 states checked.
Progress: 25945188071 states checked.
Progress: 25986216537 states checked.
Progress: 26027313142 states checked.
Progress: 26068341876 states checked.
Progress: 26109365089 states checked.
Progress: 26150416396 states checked.
Progress: 26191463016 states checked.
Progress: 26232462270 states checked.
Progress: 26273471641 states checked.
Progress: 26314445037 states checked.
Progress: 26355497497 states checked.
Progress: 26396491670 states checked.
Progress: 26437553732 states checked.
Progress: 26478616500 states checked.
Progress: 26519665419 states checked.
Progress: 26560718513 states checked.
Progress: 26601693066 states checked.
Progress: 26642659369 states checked.
Progress: 26683738160 states checked.
Progress: 26724735505 states checked.
Progress: 26765792735 states checked.
Progress: 26806796073 states checked.
Progress: 26847754422 states checked.
Progress: 26888773890 states checked.
Progress: 26929825503 states checked.
Progress: 26970866196 states checked.
Progress: 27011953652 states checked.
Progress: 27053017744 states checked.
Progress: 27094017019 states checked.
Progress: 27135029400 states checked.
Progress: 27176116682 states checked.
Progress: 27217198572 states checked.
Progress: 27258276892 states checked.
Progress: 27299340742 states checked.
Progress: 27340544629 states checked.
Progress: 27381570915 states checked.
Progress: 27422617047 states checked.
Progress: 27463592187 states checked.
Progress: 27504591570 states checked.
Progress: 27545627535 states checked.
Progress: 27586675333 states checked.
Progress: 27627770403 states checked.
Progress: 27668851535 states checked.
Progress: 27710047374 states checked.
Progress: 27751128267 states checked.
Progress: 27792274072 states checked.
Progress: 27833387521 states checked.
Progress: 27874444872 states checked.
Progress: 27915559164 states checked.
Progress: 27956731980 states checked.
Progress: 27997877725 states checked.
Progress: 28038981979 states checked.
Progress: 28080117058 states checked.
Progress: 28121243942 states checked.
Progress: 28162320927 states checked.
Progress: 28203436330 states checked.
Progress: 28244579035 states checked.
Progress: 28285690842 states checked.
Progress: 28326778771 states checked.
Progress: 28367862518 states checked.
Progress: 28408974135 states checked.
Progress: 28450103349 states checked.
Progress: 28491224302 states checked.
Progress: 28532344672 states checked.
Progress: 28573394283 states checked.
Progress: 28614495389 states checked.
Progress: 28655620423 states checked.
Progress: 28696702209 states checked.
Progress: 28737809810 states checked.
Progress: 28778892639 states checked.
Progress: 28820028678 states checked.
Progress: 28861198799 states checked.
Progress: 28902338964 states checked.
Progress: 28943481402 states checked.
Progress: 28984629025 states checked.
Progress: 29025803990 states checked.
Progress: 29066935832 states checked.
Progress: 29108081343 states checked.
Progress: 29149202872 states checked.
Progress: 29190247918 states checked.
Progress: 29231385967 states checked.
Progress: 29272528895 states checked.
Progress: 29313694025 states checked.
Progress: 29354808895 states checked.
Progress: 29395878194 states checked.
Progress: 29436947590 states checked.
Progress: 29477993871 states checked.
Progress: 29518991627 states checked.
Progress: 29560063502 states checked.
Progress: 29601140904 states checked.
Progress: 29642241365 states checked.
Progress: 29683279290 states checked.
Progress: 29724358488 states checked.
Progress: 29765457799 states checked.
Progress: 29806618296 states checked.
Progress: 29847767889 states checked.
Progress: 29888867304 states checked.
Progress: 29929996150 states checked.
Progress: 29971169862 states checked.
Progress: 30012294104 states checked.
Progress: 30053361924 states checked.
Progress: 30094375835 states checked.
Progress: 30135503641 states checked.
Progress: 30176597460 states checked.
Progress: 30217778556 states checked.
Progress: 30258842616 states checked.
Progress: 30299891493 states checked.
Progress: 30340905753 states checked.
Progress: 30382027416 states checked.
Progress: 30423146753 states checked.
Progress: 30464159922 states checked.
Progress: 30505261838 states checked.
Progress: 30546334520 states checked.
Progress: 30587385617 states checked.
Progress: 30628523472 states checked.
Progress: 30669614134 states checked.
Progress: 30710730285 states checked.
Progress: 30751797101 states checked.
Progress: 30793014886 states checked.
Progress: 30834187809 states checked.
Progress: 30875288470 states checked.
Progress: 30916393736 states checked.
Progress: 30957513703 states checked.
Progress: 30998593029 states checked.
Progress: 31039767971 states checked.
Progress: 31080977749 states checked.
Progress: 31122144723 states checked.
Progress: 31163292761 states checked.
Progress: 31204466192 states checked.
Progress: 31245536597 states checked.
Progress: 31286630642 states checked.
Progress: 31327751235 states checked.
Progress: 31368916712 states checked.
Progress: 31410064906 states checked.
Progress: 31451212974 states checked.
Progress: 31492396927 states checked.
Progress: 31533538983 states checked.
Progress: 31574726299 states checked.
Progress: 31615686180 states checked.
Progress: 31656814257 states checked.
Progress: 31697850944 states checked.
Progress: 31738926411 states checked.
Progress: 31780047189 states checked.
Progress: 31821165028 states checked.
Progress: 31862237896 states checked.
Progress: 31903355506 states checked.
Progress: 31944406816 states checked.
Progress: 31985493857 states checked.
Progress: 32026641275 states checked.
Progress: 32067758516 states checked.
Progress: 32108942048 states checked.
Progress: 32150092773 states checked.
Progress: 32191240340 states checked.
Progress: 32232436348 states checked.
Progress: 32273642755 states checked.
Progress: 32314888510 states checked.
Progress: 32356087674 states checked.
Progress: 32397249243 states checked.
Progress: 32438397652 states checked.
Progress: 32479542218 states checked.
Progress: 32520568508 states checked.
Progress: 32561678379 states checked.
Progress: 32602848067 states checked.
Progress: 32644028641 states checked.
Progress: 32685113794 states checked.
Progress: 32726271716 states checked.
Progress: 32767380852 states checked.
Progress: 32808468759 states checked.
Progress: 32849656863 states checked.
Progress: 32890744955 states checked.
Progress: 32931915856 states checked.
Progress: 32973133414 states checked.
Progress: 33014263154 states checked.
Progress: 33055381766 states checked.
Progress: 33096475075 states checked.
Progress: 33137499196 states checked.
Progress: 33178627542 states checked.
Progress: 33219827124 states checked.
Progress: 33260892849 states checked.
Progress: 33302033794 states checked.
Progress: 33343150063 states checked.
Progress: 33384260875 states checked.
Progress: 33425355515 states checked.
Progress: 33466533592 states checked.
Progress: 33507660383 states checked.
Progress: 33548835111 states checked.
Progress: 33589969128 states checked.
Progress: 33631124244 states checked.
Progress: 33672300430 states checked.
Progress: 33713509115 states checked.
Progress: 33754647154 states checked.
Progress: 33795779266 states checked.
Progress: 33836949264 states checked.
Progress: 33878100789 states checked.
Progress: 33919246907 states checked.
Progress: 33960449008 states checked.
Progress: 34001583859 states checked.
Progress: 34042723130 states checked.
Progress: 34083833214 states checked.
Progress: 34124944908 states checked.
Progress: 34166066236 states checked.
Progress: 34207242222 states checked.
Progress: 34248366013 states checked.
Progress: 34289562908 states checked.
Progress: 34330706966 states checked.
Progress: 34371854267 states checked.
Progress: 34412974061 states checked.
Progress: 34454132359 states checked.
Progress: 34495264400 states checked.
Progress: 34536445072 states checked.
Progress: 34577651789 states checked.
Progress: 34618785747 states checked.
Progress: 34659930794 states checked.
Progress: 34701006131 states checked.
Progress: 34742122887 states checked.
Progress: 34783237298 states checked.
Progress: 34824347081 states checked.
Progress: 34865414337 states checked.
Progress: 34906560768 states checked.
Progress: 34947744234 states checked.
Progress: 34988889967 states checked.
Progress: 35030098308 states checked.
Progress: 35071312001 states checked.
Progress: 35112545181 states checked.
Progress: 35153745984 states checked.
Progress: 35194913908 states checked.
Progress: 35236104459 states checked.
Progress: 35277255792 states checked.
Progress: 35318437522 states checked.
Progress: 35359597935 states checked.
Progress: 35400811460 states checked.
Progress: 35442008399 states checked.
Progress: 35483196105 states checked.
Progress: 35524355995 states checked.
Progress: 35565431223 states checked.
Progress: 35606464832 states checked.
Progress: 35647578309 states checked.
Progress: 35688749368 states checked.
Progress: 35729943161 states checked.
Progress: 35771062179 states checked.
Progress: 35812154412 states checked.
Progress: 35853182800 states checked.
Progress: 35894225078 states checked.
Progress: 35935282299 states checked.
Progress: 35976419357 states checked.
Progress: 36017619305 states checked.
Progress: 36058780706 states checked.
Progress: 36100016198 states checked.
Progress: 36141123951 states checked.
Progress: 36182160534 states checked.
Progress: 36223300930 states checked.
Progress: 36264537695 states checked.
Progress: 36305697833 states checked.
Progress: 36346918646 states checked.
Progress: 36388127632 states checked.
Progress: 36429244821 states checked.
Progress: 36470354582 states checked.
Progress: 36511411476 states checked.
Progress: 36552492426 states checked.
Progress: 36593555521 states checked.
Progress: 36634637633 states checked.
Progress: 36675730657 states checked.
Progress: 36716823357 states checked.
Progress: 36757934595 states checked.
Progress: 36799025549 states checked.
Progress: 36840171882 states checked.
Progress: 36881273081 states checked.
Progress: 36922330639 states checked.
Progress: 36963422612 states checked.
Progress: 37004463226 states checked.
Progress: 37045509975 states checked.
Progress: 37086617132 states checked.
Progress: 37127589913 states checked.
Progress: 37168475445 states checked.
Progress: 37209353520 states checked.
Progress: 37250261973 states checked.
Progress: 37291297772 states checked.
Progress: 37332341171 states checked.
Progress: 37373359445 states checked.
Progress: 37414318809 states checked.
Progress: 37455355698 states checked.
Progress: 37496130193 states checked.
Progress: 37537116477 states checked.
Progress: 37578176790 states checked.
Progress: 37619276859 states checked.
Progress: 37660358664 states checked.
Progress: 37701293202 states checked.
Progress: 37742215917 states checked.
Progress: 37783265575 states checked.
Progress: 37824263568 states checked.
Progress: 37865298867 states checked.
Progress: 37906119973 states checked.
Progress: 37946944444 states checked.
Progress: 37987687101 states checked.
Progress: 38028362775 states checked.
Progress: 38069125224 states checked.
Progress: 38110012617 states checked.
Progress: 38151013103 states checked.
Progress: 38192127593 states checked.
Progress: 38233189767 states checked.
Progress: 38274299080 states checked.
Progress: 38315381655 states checked.
Progress: 38356482676 states checked.
Progress: 38397585042 states checked.
Progress: 38438657734 states checked.
Progress: 38479706657 states checked.
Progress: 38520840439 states checked.
Progress: 38561869399 states checked.
Progress: 38603004635 states checked.
Progress: 38644058563 states checked.
Progress: 38685194394 states checked.
Progress: 38726311419 states checked.
Progress: 38767460110 states checked.
Progress: 38808543864 states checked.
Progress: 38849677896 states checked.
Progress: 38890823411 states checked.
Progress: 38931983555 states checked.
Progress: 38973115643 states checked.
Progress: 39014254720 states checked.
Progress: 39055393136 states checked.
Progress: 39096526421 states checked.
Progress: 39137676105 states checked.
Progress: 39178742695 states checked.
Progress: 39219883116 states checked.
Progress: 39260950536 states checked.
Progress: 39301961755 states checked.
Progress: 39343128721 states checked.
Progress: 39384197617 states checked.
Progress: 39425272923 states checked.
Progress: 39466338188 states checked.
Progress: 39507455349 states checked.
Progress: 39548503063 states checked.
Progress: 39589662952 states checked.
Progress: 39630747702 states checked.
Progress: 39671853320 states checked.
Progress: 39712995776 states checked.
Progress: 39754055187 states checked.
Progress: 39795139305 states checked.
Progress: 39836218623 states checked.
Progress: 39877331830 states checked.
Progress: 39918474805 states checked.
Progress: 39959597351 states checked.
Progress: 40000632714 states checked.
Progress: 40041800880 states checked.
Progress: 40082928264 states checked.
Progress: 40124130025 states checked.
Progress: 40165204858 states checked.
Progress: 40206352309 states checked.
Progress: 40247459739 states checked.
Progress: 40288525453 states checked.
Progress: 40329602864 states checked.
Progress: 40370752738 states checked.
Progress: 40411835672 states checked.
Progress: 40452934584 states checked.
Progress: 40494004525 states checked.
Progress: 40535118329 states checked.
Progress: 40576152011 states checked.
Progress: 40617184105 states checked.
Progress: 40658218711 states checked.
Progress: 40699288480 states checked.
Progress: 40740318744 states checked.
Progress: 40781402926 states checked.
Progress: 40822520709 states checked.
Progress: 40863593965 states checked.
Progress: 40904647920 states checked.
Progress: 40945647578 states checked.
Progress: 40986721918 states checked.
Progress: 41027740318 states checked.
Progress: 41068824051 states checked.
Progress: 41109834983 states checked.
Progress: 41150917532 states checked.
Progress: 41191800834 states checked.
Progress: 41232820838 states checked.
Progress: 41273892269 states checked.
Progress: 41315010531 states checked.
Progress: 41356165146 states checked.
Progress: 41397291030 states checked.
Progress: 41438457266 states checked.
Progress: 41479620104 states checked.
Progress: 41520712377 states checked.
Progress: 41561853599 states checked.
Progress: 41602997611 states checked.
Progress: 41644066920 states checked.
Progress: 41685076487 states checked.
Progress: 41726225449 states checked.
Progress: 41767412527 states checked.
Progress: 41808509110 states checked.
Progress: 41849600852 states checked.
Progress: 41890704329 states checked.
Progress: 41931888845 states checked.
Progress: 41973057026 states checked.
Progress: 42014202250 states checked.
Progress: 42055336217 states checked.
Progress: 42096452595 states checked.
Progress: 42137575489 states checked.
Progress: 42178630526 states checked.
Progress: 42219716572 states checked.
Progress: 42260854002 states checked.
Progress: 42301859699 states checked.
Progress: 42342927639 states checked.
Progress: 42384124026 states checked.
Progress: 42425333512 states checked.
Progress: 42466484658 states checked.
Progress: 42507590905 states checked.
Progress: 42548636802 states checked.
Progress: 42589744368 states checked.
Progress: 42630803106 states checked.
Progress: 42671872872 states checked.
Progress: 42712907508 states checked.
Progress: 42754025791 states checked.
Progress: 42795183459 states checked.
Progress: 42836293583 states checked.
Progress: 42877477576 states checked.
Progress: 42918632848 states checked.
Progress: 42959682283 states checked.
Progress: 43000793154 states checked.
Progress: 43041866908 states checked.
Progress: 43082949950 states checked.
Progress: 43124068369 states checked.
Progress: 43165166397 states checked.
Progress: 43206344124 states checked.
Progress: 43247422827 states checked.
Progress: 43288450019 states checked.
Progress: 43329601722 states checked.
Progress: 43370616245 states checked.
Progress: 43411646657 states checked.
Progress: 43452750221 states checked.
Progress: 43493890452 states checked.
Progress: 43535079277 states checked.
Progress: 43576219566 states checked.
Progress: 43617428941 states checked.
Progress: 43658585654 states checked.
Progress: 43699656117 states checked.
Progress: 43740807339 states checked.
Progress: 43781902790 states checked.
Progress: 43823030417 states checked.
Progress: 43864169707 states checked.
Progress: 43905228429 states checked.
Progress: 43946340606 states checked.
Progress: 43987431385 states checked.
Progress: 44028513692 states checked.
Progress: 44069570519 states checked.
Progress: 44110676228 states checked.
Progress: 44151810939 states checked.
Progress: 44192888607 states checked.
Progress: 44234024520 states checked.
Progress: 44275087739 states checked.
Progress: 44316192880 states checked.
Progress: 44357327178 states checked.
Progress: 44398300727 states checked.
Progress: 44439388218 states checked.
Progress: 44480510014 states checked.
Progress: 44521620878 states checked.
Progress: 44562773930 states checked.
Progress: 44603842837 states checked.
Progress: 44644996465 states checked.
Progress: 44686113451 states checked.
Progress: 44727279915 states checked.
Progress: 44768424277 states checked.
Progress: 44809583174 states checked.
Progress: 44850738707 states checked.
Progress: 44891846996 states checked.
Progress: 44932948533 states checked.
Progress: 44974008639 states checked.
Progress: 45015074989 states checked.
Progress: 45056159376 states checked.
Progress: 45097294548 states checked.
Progress: 45138467718 states checked.
Progress: 45179637597 states checked.
Progress: 45220764265 states checked.
Progress: 45261847604 states checked.
Progress: 45302953452 states checked.
Progress: 45344077004 states checked.
Progress: 45385196782 states checked.
Progress: 45426376724 states checked.
Progress: 45467545711 states checked.
Progress: 45508695333 states checked.
Progress: 45549840426 states checked.
Progress: 45591004744 states checked.
Progress: 45632093920 states checked.
Progress: 45673183191 states checked.
Progress: 45714312127 states checked.
Progress: 45755375062 states checked.
Progress: 45796423554 states checked.
Progress: 45837452434 states checked.
Progress: 45878527578 states checked.
Progress: 45919588827 states checked.
Progress: 45960740691 states checked.
Progress: 46001733585 states checked.
Progress: 46042892874 states checked.
Progress: 46084045935 states checked.
Progress: 46125170237 states checked.
Progress: 46166272854 states checked.
Progress: 46207365452 states checked.
Progress: 46248541746 states checked.
Progress: 46289666942 states checked.
Progress: 46330874044 states checked.
Progress: 46371917153 states checked.
Progress: 46412883021 states checked.
Progress: 46453906801 states checked.
Progress: 46495006059 states checked.
Progress: 46536234760 states checked.
Progress: 46577394381 states checked.
Progress: 46618526406 states checked.
Progress: 46659708246 states checked.
Progress: 46700946348 states checked.
Progress: 46742065133 states checked.
Progress: 46783222178 states checked.
Progress: 46824427402 states checked.
Progress: 46865566006 states checked.
Progress: 46906705331 states checked.
Progress: 46947828060 states checked.
Progress: 46989009692 states checked.
Progress: 47030136115 states checked.
Progress: 47071180747 states checked.
Progress: 47112329164 states checked.
Progress: 47153452997 states checked.
Progress: 47194563215 states checked.
Progress: 47235639360 states checked.
Progress: 47276769565 states checked.
Progress: 47317857286 states checked.
Progress: 47359010421 states checked.
Progress: 47400223925 states checked.
Progress: 47441322789 states checked.
Progress: 47482412540 states checked.
Progress: 47523577860 states checked.
Progress: 47564652491 states checked.
Progress: 47605764781 states checked.
Progress: 47646879502 states checked.
Progress: 47688076522 states checked.
Progress: 47729228687 states checked.
Progress: 47770405243 states checked.
Progress: 47811517827 states checked.
Progress: 47852733679 states checked.
Progress: 47893884711 states checked.
Progress: 47935038681 states checked.
Progress: 47976107872 states checked.
Progress: 48017174074 states checked.
Progress: 48058278814 states checked.
Progress: 48099384748 states checked.
Progress: 48140530379 states checked.
Progress: 48181638548 states checked.
Progress: 48222764082 states checked.
Progress: 48263861345 states checked.
Progress: 48304976500 states checked.
Progress: 48346103220 states checked.
Progress: 48387160331 states checked.
Progress: 48428253169 states checked.
Progress: 48469323653 states checked.
Progress: 48510432981 states checked.
Progress: 48551555046 states checked.
Progress: 48592656716 states checked.
Progress: 48633704882 states checked.
Progress: 48674850346 states checked.
Progress: 48715902221 states checked.
Progress: 48756971518 states checked.
Progress: 48798078892 states checked.
Progress: 48839251794 states checked.
Progress: 48880363041 states checked.
Progress: 48921465293 states checked.
Progress: 48962602080 states checked.
Progress: 49003719502 states checked.
Progress: 49044825080 states checked.
Progress: 49085925991 states checked.
Progress: 49127048184 states checked.
Progress: 49168247435 states checked.
Progress: 49209308538 states checked.
Progress: 49250460006 states checked.
Progress: 49291619589 states checked.
Progress: 49332752727 states checked.
Progress: 49373895600 states checked.
Progress: 49415025751 states checked.
Progress: 49456224407 states checked.
Progress: 49497322428 states checked.
Progress: 49538517649 states checked.
Progress: 49579709302 states checked.
Progress: 49620866660 states checked.
Progress: 49662011446 states checked.
Progress: 49703198142 states checked.
Progress: 49744287318 states checked.
Progress: 49785428809 states checked.
Progress: 49826548196 states checked.
Progress: 49867668501 states checked.
Progress: 49908878600 states checked.
Progress: 49950044167 states checked.
Progress: 49991230955 states checked.
Progress: 50032375293 states checked.
Progress: 50073485539 states checked.
Progress: 50114708810 states checked.
Progress: 50155902457 states checked.
Progress: 50196955868 states checked.
Progress: 50238124947 states checked.
Progress: 50279276510 states checked.
Progress: 50320464429 states checked.
Progress: 50361619075 states checked.
Progress: 50402836570 states checked.
Progress: 50444032602 states checked.
Progress: 50485227819 states checked.
Progress: 50526371519 states checked.
Progress: 50567471970 states checked.
Progress: 50608551360 states checked.
Progress: 50649708297 states checked.
Progress: 50690848385 states checked.
Progress: 50732040571 states checked.
Progress: 50773184008 states checked.
Progress: 50814325309 states checked.
Progress: 50855472820 states checked.
Progress: 50896646771 states checked.
Progress: 50937865557 states checked.
Progress: 50979113610 states checked.
Progress: 51020263950 states checked.
Progress: 51061367879 states checked.
Progress: 51102496939 states checked.
Progress: 51143712498 states checked.
Progress: 51184935592 states checked.
Progress: 51226067402 states checked.
Progress: 51267225655 states checked.
Progress: 51308381612 states checked.
Progress: 51349476481 states checked.
Progress: 51390535761 states checked.
Progress: 51431674124 states checked.
Progress: 51472791872 states checked.
Progress: 51513963845 states checked.
Progress: 51555150264 states checked.
Progress: 51596352369 states checked.
Progress: 51637569704 states checked.
Progress: 51678734093 states checked.
Progress: 51719951948 states checked.
Progress: 51761154882 states checked.
Progress: 51802341129 states checked.
Progress: 51843529938 states checked.
Progress: 51884664053 states checked.
Progress: 51925826165 states checked.
Progress: 51966949764 states checked.
Progress: 52008077913 states checked.
Progress: 52049237095 states checked.
Progress: 52090451399 states checked.
Progress: 52131628350 states checked.
Progress: 52172817741 states checked.
Progress: 52214016471 states checked.
Progress: 52255268702 states checked.
Progress: 52296487705 states checked.
Progress: 52337677536 states checked.
Progress: 52378838889 states checked.
Progress: 52419964522 states checked.
Progress: 52461118340 states checked.
Progress: 52502284728 states checked.
Progress: 52543416223 states checked.
Progress: 52584517851 states checked.
Progress: 52625639446 states checked.
Progress: 52666821807 states checked.
Progress: 52707985517 states checked.
Progress: 52749137446 states checked.
Progress: 52790359291 states checked.
Progress: 52831539163 states checked.
Progress: 52872698391 states checked.
Progress: 52913851769 states checked.
Progress: 52955036583 states checked.
Progress: 52996232903 states checked.
Progress: 53037433943 states checked.
Progress: 53078591302 states checked.
Progress: 53119731613 states checked.
Progress: 53160894402 states checked.
Progress: 53202064392 states checked.
Progress: 53243211987 states checked.
Progress: 53284370428 states checked.
Progress: 53325562762 states checked.
Progress: 53366679343 states checked.
Progress: 53407830422 states checked.
Progress: 53448934812 states checked.
Progress: 53490103554 states checked.
Progress: 53531313313 states checked.
Progress: 53572547281 states checked.
Progress: 53613759356 states checked.
Progress: 53654908063 states checked.
Progress: 53696080967 states checked.
Progress: 53737239702 states checked.
Progress: 53778377973 states checked.
Progress: 53819510474 states checked.
Progress: 53860669747 states checked.
Progress: 53901824841 states checked.
Progress: 53942919523 states checked.
Progress: 53984037454 states checked.
Progress: 54025109162 states checked.
Progress: 54066278796 states checked.
Progress: 54107361005 states checked.
Progress: 54148428828 states checked.
Progress: 54189546255 states checked.
Progress: 54230640288 states checked.
Progress: 54271679046 states checked.
Progress: 54312778609 states checked.
Progress: 54353905510 states checked.
Progress: 54395104100 states checked.
Progress: 54436229399 states checked.
Progress: 54477401230 states checked.
Progress: 54518556999 states checked.
Progress: 54559748260 states checked.
Progress: 54600932774 states checked.
Progress: 54642083804 states checked.
Progress: 54683291618 states checked.
Progress: 54724482107 states checked.
Progress: 54765646964 states checked.
Progress: 54806854813 states checked.
Progress: 54848002862 states checked.
Progress: 54889133832 states checked.
Progress: 54930264193 states checked.
Progress: 54971391681 states checked.
Progress: 55012556903 states checked.
Progress: 55053744866 states checked.
Progress: 55094988819 states checked.
Progress: 55136215072 states checked.
Progress: 55177364345 states checked.
Progress: 55218534566 states checked.
Progress: 55259725741 states checked.
Progress: 55300915239 states checked.
Progress: 55342122278 states checked.
Progress: 55383337910 states checked.
Progress: 55424534092 states checked.
Progress: 55465798616 states checked.
Progress: 55506963172 states checked.
Progress: 55548186680 states checked.
Progress: 55589387231 states checked.
Progress: 55630587959 states checked.
Progress: 55671817603 states checked.
Progress: 55712927948 states checked.
Progress: 55754137294 states checked.
Progress: 55795269079 states checked.
Progress: 55836420911 states checked.
Progress: 55877651122 states checked.
Progress: 55918795074 states checked.
Progress: 55960035874 states checked.
Progress: 56001106210 states checked.
Progress: 56042273631 states checked.
Progress: 56083503173 states checked.
Progress: 56124600030 states checked.
Progress: 56165744123 states checked.
Progress: 56206851770 states checked.
Progress: 56247904233 states checked.
Progress: 56289065906 states checked.
Progress: 56330201699 states checked.
Progress: 56371384245 states checked.
Progress: 56412391321 states checked.
Progress: 56453577721 states checked.
Progress: 56494812168 states checked.
Progress: 56535914452 states checked.
Progress: 56577068305 states checked.
Progress: 56618186654 states checked.
Progress: 56659356745 states checked.
Progress: 56700483296 states checked.
Progress: 56741542096 states checked.
Progress: 56782659355 states checked.
Progress: 56823826170 states checked.
Progress: 56864966428 states checked.
Progress: 56906077656 states checked.
Progress: 56947174642 states checked.
Progress: 56988241191 states checked.
Progress: 57029328954 states checked.
Progress: 57070487089 states checked.
Progress: 57111656111 states checked.
Progress: 57152858572 states checked.
Progress: 57193969681 states checked.
Progress: 57235068397 states checked.
Progress: 57276190279 states checked.
Progress: 57317337679 states checked.
Progress: 57358431673 states checked.
Progress: 57399590678 states checked.
Progress: 57440716450 states checked.
Progress: 57481861356 states checked.
Progress: 57523015603 states checked.
Progress: 57564151820 states checked.
Progress: 57605254521 states checked.
Progress: 57646404053 states checked.
Progress: 57687577365 states checked.
Progress: 57728746649 states checked.
Progress: 57769973916 states checked.
Progress: 57811197158 states checked.
Progress: 57852342243 states checked.
Progress: 57893512541 states checked.
Progress: 57934676232 states checked.
Progress: 57975850628 states checked.
Progress: 58017065183 states checked.
Progress: 58058211703 states checked.
Progress: 58099369337 states checked.
Progress: 58140537879 states checked.
Progress: 58181654849 states checked.
Progress: 58222895693 states checked.
Progress: 58264136807 states checked.
Progress: 58305276432 states checked.
Progress: 58346414139 states checked.
Progress: 58387593648 states checked.
Progress: 58428762325 states checked.
Progress: 58469919253 states checked.
Progress: 58511179670 states checked.
Progress: 58552342474 states checked.
Progress: 58593549845 states checked.
Progress: 58634691867 states checked.
Progress: 58675843289 states checked.
Progress: 58716956455 states checked.
Progress: 58758074787 states checked.
Progress: 58799261786 states checked.
Progress: 58840357597 states checked.
Progress: 58881559641 states checked.
Progress: 58922693094 states checked.
Progress: 58963816007 states checked.
Progress: 59005015985 states checked.
Progress: 59046186679 states checked.
Progress: 59087347052 states checked.
Progress: 59128436333 states checked.
Progress: 59169637475 states checked.
Progress: 59210840967 states checked.
Progress: 59251949035 states checked.
Progress: 59293159076 states checked.
Progress: 59334346161 states checked.
Progress: 59375521511 states checked.
Progress: 59416695418 states checked.
Progress: 59457836243 states checked.
Progress: 59498908174 states checked.
Progress: 59540053855 states checked.
Progress: 59581114772 states checked.
Progress: 59622148358 states checked.
Progress: 59663240672 states checked.
Progress: 59704241145 states checked.
Progress: 59745336690 states checked.
Progress: 59786498839 states checked.
Progress: 59827630228 states checked.
Progress: 59868877952 states checked.
Progress: 59910028777 states checked.
Progress: 59951177428 states checked.
Progress: 59992393001 states checked.
Progress: 60033583441 states checked.
Progress: 60074724369 states checked.
Progress: 60115867885 states checked.
Progress: 60156970399 states checked.
Progress: 60198113926 states checked.
Progress: 60239210294 states checked.
Progress: 60280440830 states checked.
Progress: 60321623501 states checked.
Progress: 60362786762 states checked.
Progress: 60403933842 states checked.
Progress: 60444878477 states checked.
Progress: 60485837237 states checked.
Progress: 60526995421 states checked.
Progress: 60568214548 states checked.
Progress: 60609495550 states checked.
Progress: 60650717679 states checked.
Progress: 60691883922 states checked.
Progress: 60733052173 states checked.
Progress: 60774198712 states checked.
Progress: 60815334239 states checked.
Progress: 60856479833 states checked.
Progress: 60897684961 states checked.
Progress: 60938884539 states checked.
Progress: 60980043908 states checked.
Progress: 61021161433 states checked.
Progress: 61062287080 states checked.
Progress: 61103490451 states checked.
Progress: 61144669949 states checked.
Progress: 61185836506 states checked.
Progress: 61226965690 states checked.
Progress: 61268133185 states checked.
Progress: 61309297816 states checked.
Progress: 61350060296 states checked.
Progress: 61390768470 states checked.
Progress: 61431534803 states checked.
Progress: 61472397690 states checked.
Progress: 61513527029 states checked.
Progress: 61554726664 states checked.
Progress: 61595854145 states checked.
Progress: 61637036386 states checked.
Progress: 61678125795 states checked.
Progress: 61719341700 states checked.
Progress: 61760517750 states checked.
Progress: 61801617312 states checked.
Progress: 61842412312 states checked.
Progress: 61883100321 states checked.
Progress: 61923854067 states checked.
Progress: 61964800137 states checked.
Progress: 62005909442 states checked.
Progress: 62047102463 states checked.
Progress: 62088274047 states checked.
Progress: 62129487289 states checked.
Progress: 62170474503 states checked.
Progress: 62211255712 states checked.
Progress: 62252234142 states checked.
Progress: 62293365878 states checked.
Progress: 62334366939 states checked.
Progress: 62375476328 states checked.
Progress: 62416592430 states checked.
Progress: 62457684528 states checked.
Progress: 62498765214 states checked.
Progress: 62539811844 states checked.
Progress: 62580964944 states checked.
Progress: 62622034929 states checked.
Progress: 62663171676 states checked.
Progress: 62704222398 states checked.
Progress: 62745231361 states checked.
Progress: 62785971543 states checked.
Progress: 62826522974 states checked.
Progress: 62867417063 states checked.
Progress: 62908493456 states checked.
Progress: 62949623813 states checked.
Progress: 62990777312 states checked.
Progress: 63031830322 states checked.
Progress: 63072982717 states checked.
Progress: 63108272752 states checked.
Progress: 63149101596 states checked.
Progress: 63189910263 states checked.
Progress: 63230629756 states checked.
Progress: 63271585728 states checked.
Progress: 63312576532 states checked.
Progress: 63353823960 states checked.
Progress: 63394989454 states checked.
Progress: 63436185126 states checked.
Progress: 63477449325 states checked.
Progress: 63518729350 states checked.
Progress: 63559962640 states checked.
Progress: 63601221141 states checked.
Progress: 63642444479 states checked.
Progress: 63683631039 states checked.
Progress: 63724863263 states checked.
Progress: 63766063718 states checked.
Progress: 63807244465 states checked.
Progress: 63848446729 states checked.
Progress: 63889661071 states checked.
Progress: 63930836643 states checked.
Progress: 63971994835 states checked.
Progress: 64013216986 states checked.
Progress: 64054409657 states checked.
Progress: 64095648661 states checked.
Progress: 64136897508 states checked.
Progress: 64178104818 states checked.
Progress: 64219278339 states checked.
Progress: 64260466553 states checked.
Progress: 64301587246 states checked.
Progress: 64342717755 states checked.
Progress: 64383831531 states checked.
Progress: 64424989796 states checked.
Progress: 64466110993 states checked.
Progress: 64507289006 states checked.
Progress: 64548452521 states checked.
Progress: 64589558658 states checked.
Progress: 64630668217 states checked.
Progress: 64671754332 states checked.
Progress: 64712925370 states checked.
Progress: 64754018290 states checked.
Progress: 64795146035 states checked.
Progress: 64836284880 states checked.
Progress: 64877442447 states checked.
Progress: 64918576883 states checked.
Progress: 64959729041 states checked.
Progress: 65000863227 states checked.
Progress: 65041956617 states checked.
Progress: 65083073127 states checked.
Progress: 65124108376 states checked.
Progress: 65165239720 states checked.
Progress: 65206348836 states checked.
Progress: 65247501885 states checked.
Progress: 65288366415 states checked.
Progress: 65329052228 states checked.
Progress: 65369875921 states checked.
Progress: 65410754908 states checked.
Progress: 65451749474 states checked.
Progress: 65492886935 states checked.
Progress: 65534060652 states checked.
Progress: 65575248084 states checked.
Progress: 65616420114 states checked.
Progress: 65657607947 states checked.
Progress: 65698800860 states checked.
Progress: 65739976474 states checked.
Progress: 65781040568 states checked.
Progress: 65822126833 states checked.
Progress: 65863195208 states checked.
Progress: 65904378535 states checked.
Progress: 65945551175 states checked.
Progress: 65986733079 states checked.
Progress: 66027884603 states checked.
Progress: 66069035498 states checked.
Progress: 66110229962 states checked.
Progress: 66151416195 states checked.
Progress: 66192624132 states checked.
Progress: 66233881119 states checked.
Progress: 66275132419 states checked.
Progress: 66316299225 states checked.
Progress: 66357483825 states checked.
Progress: 66398648585 states checked.
Progress: 66439831310 states checked.
Progress: 66480976438 states checked.
Progress: 66522030011 states checked.
Progress: 66563227387 states checked.
Progress: 66604469413 states checked.
Progress: 66645697345 states checked.
Progress: 66686954545 states checked.
Progress: 66728191250 states checked.
Progress: 66769402859 states checked.
Progress: 66810573694 states checked.
Progress: 66851815799 states checked.
Progress: 66893011091 states checked.
Progress: 66934177672 states checked.
Progress: 66975352596 states checked.
Progress: 67016538651 states checked.
Progress: 67057733166 states checked.
Progress: 67098951857 states checked.
Progress: 67140083043 states checked.
Progress: 67181264701 states checked.
Progress: 67222315598 states checked.
Progress: 67263434796 states checked.
Progress: 67304626234 states checked.
Progress: 67345893746 states checked.
Progress: 67387121871 states checked.
Progress: 67428371084 states checked.
Progress: 67469525339 states checked.
Progress: 67510571427 states checked.
Progress: 67551703537 states checked.
Progress: 67592855726 states checked.
Progress: 67634007052 states checked.
Progress: 67675101112 states checked.
Progress: 67716277817 states checked.
Progress: 67757384335 states checked.
Progress: 67798463183 states checked.
Progress: 67839567484 states checked.
Progress: 67880159821 states checked.
Progress: 67920952753 states checked.
Progress: 67961918440 states checked.
Progress: 68002969930 states checked.
Progress: 68044012731 states checked.
Progress: 68084937782 states checked.
Progress: 68125871555 states checked.
Progress: 68166812581 states checked.
Progress: 68207726003 states checked.
Progress: 68248711077 states checked.
Progress: 68289683934 states checked.
Progress: 68330682401 states checked.
Progress: 68371666323 states checked.
Progress: 68412624804 states checked.
Progress: 68453569367 states checked.
Progress: 68494528342 states checked.
Progress: 68535512005 states checked.
Progress: 68576536765 states checked.
Progress: 68617542945 states checked.
Progress: 68658566674 states checked.
Progress: 68699585361 states checked.
Progress: 68740606990 states checked.
Progress: 68781558170 states checked.
Progress: 68822594178 states checked.
Progress: 68863590611 states checked.
Progress: 68904500470 states checked.
Progress: 68945435032 states checked.
Progress: 68986464286 states checked.
Progress: 69027379839 states checked.
Progress: 69068361748 states checked.
Progress: 69109310128 states checked.
Progress: 69150289099 states checked.
Progress: 69191259626 states checked.
Progress: 69232298326 states checked.
Progress: 69273302555 states checked.
Progress: 69314264538 states checked.
Progress: 69355312897 states checked.
Progress: 69396329218 states checked.
Progress: 69437322367 states checked.
Progress: 69478282780 states checked.
Progress: 69519265875 states checked.
Progress: 69560189911 states checked.
Progress: 69601103746 states checked.
Progress: 69642087441 states checked.
Progress: 69683071209 states checked.
Progress: 69724021831 states checked.
Progress: 69764926722 states checked.
Progress: 69805812108 states checked.
Progress: 69846724086 states checked.
Progress: 69887668227 states checked.
Progress: 69928576226 states checked.
Progress: 69969537391 states checked.
Progress: 70010535663 states checked.
Progress: 70051510918 states checked.
Progress: 70092481163 states checked.
Progress: 70133448356 states checked.
Progress: 70174396489 states checked.
Progress: 70215398196 states checked.
Progress: 70256425491 states checked.
Progress: 70297358342 states checked.
Progress: 70338318427 states checked.
Progress: 70379330740 states checked.
Progress: 70420247675 states checked.
Progress: 70461139461 states checked.
Progress: 70502086952 states checked.
Progress: 70543038366 states checked.
Progress: 70583979131 states checked.
Progress: 70624868349 states checked.
Progress: 70665583788 states checked.
Progress: 70706348796 states checked.
Progress: 70747355320 states checked.
Progress: 70788284889 states checked.
Progress: 70829268651 states checked.
Progress: 70870292172 states checked.
Progress: 70911333161 states checked.
Progress: 70952358720 states checked.
Progress: 70993416155 states checked.
Progress: 71034294786 states checked.
Progress: 71075275611 states checked.
Progress: 71116246556 states checked.
Progress: 71157172260 states checked.
Progress: 71198097231 states checked.
Progress: 71239062618 states checked.
Progress: 71280052205 states checked.
Progress: 71321020761 states checked.
Progress: 71361955319 states checked.
Progress: 71402893204 states checked.
Progress: 71443851433 states checked.
Progress: 71484758134 states checked.
Progress: 71525808583 states checked.
Progress: 71566752018 states checked.
Progress: 71607742999 states checked.
Progress: 71648652245 states checked.
Progress: 71689707210 states checked.
Progress: 71730710293 states checked.
Progress: 71771657849 states checked.
Progress: 71812662906 states checked.
Progress: 71853626214 states checked.
Progress: 71894594937 states checked.
Progress: 71935648734 states checked.
Progress: 71976635070 states checked.
Progress: 72017603158 states checked.
Progress: 72058626006 states checked.
Progress: 72099679001 states checked.
Progress: 72140751398 states checked.
Progress: 72181767555 states checked.
Progress: 72222731472 states checked.
Progress: 72263713802 states checked.
Progress: 72304676283 states checked.
Progress: 72345646912 states checked.
Progress: 72386587569 states checked.
Progress: 72427591622 states checked.
Progress: 72468626280 states checked.
Progress: 72509612770 states checked.
Progress: 72550596659 states checked.
Progress: 72591642594 states checked.
Progress: 72632646885 states checked.
Progress: 72673633665 states checked.
Progress: 72714677361 states checked.
Progress: 72755645335 states checked.
Progress: 72796702953 states checked.
Progress: 72837715945 states checked.
Progress: 72878722891 states checked.
Progress: 72919777640 states checked.
Progress: 72960759847 states checked.
Progress: 73001793533 states checked.
Progress: 73042771940 states checked.
Progress: 73083733664 states checked.
Progress: 73124672356 states checked.
Progress: 73165662527 states checked.
Progress: 73206718062 states checked.
Progress: 73247623701 states checked.
Progress: 73288522391 states checked.
Progress: 73329417461 states checked.
Progress: 73370292037 states checked.
Progress: 73411193228 states checked.
Progress: 73452129027 states checked.
Progress: 73493091502 states checked.
Progress: 73534038193 states checked.
Progress: 73574961306 states checked.
Progress: 73615938555 states checked.
Progress: 73656869919 states checked.
Progress: 73697839515 states checked.
Progress: 73738817883 states checked.
Progress: 73779746549 states checked.
Progress: 73820706805 states checked.
Progress: 73861673272 states checked.
Progress: 73902603915 states checked.
Progress: 73943604514 states checked.
Progress: 73984574217 states checked.
Progress: 74025573730 states checked.
Progress: 74066581266 states checked.
Progress: 74107618890 states checked.
Progress: 74148633657 states checked.
Progress: 74189573642 states checked.
Progress: 74230550370 states checked.
Progress: 74271535346 states checked.
Progress: 74312543378 states checked.
Progress: 74353553596 states checked.
Progress: 74394564360 states checked.
Progress: 74435528922 states checked.
Progress: 74476543116 states checked.
Progress: 74517509667 states checked.
Progress: 74558492353 states checked.
Progress: 74599365238 states checked.
Progress: 74640306999 states checked.
Progress: 74681247774 states checked.
Progress: 74722230121 states checked.
Progress: 74763191284 states checked.
Progress: 74804173957 states checked.
Progress: 74845106383 states checked.
Progress: 74886024675 states checked.
Progress: 74927005296 states checked.
Progress: 74967957618 states checked.
Progress: 75008940364 states checked.
Progress: 75049924205 states checked.
Progress: 75090938658 states checked.
Progress: 75131911242 states checked.
Progress: 75172879759 states checked.
Progress: 75213831223 states checked.
Progress: 75254802987 states checked.
Progress: 75295726414 states checked.
Progress: 75336717431 states checked.
Progress: 75377691353 states checked.
Progress: 75418655855 states checked.
Progress: 75459619542 states checked.
Progress: 75500621362 states checked.
Progress: 75541644392 states checked.
Progress: 75582597926 states checked.
Progress: 75623498065 states checked.
Progress: 75664442514 states checked.
Progress: 75705431752 states checked.
Progress: 75746408549 states checked.
Progress: 75787417129 states checked.
Progress: 75828375893 states checked.
Progress: 75869326565 states checked.
Progress: 75910318046 states checked.
Progress: 75951351025 states checked.
Progress: 75992239128 states checked.
Progress: 76033167367 states checked.
Progress: 76074099607 states checked.
Progress: 76114973683 states checked.
Progress: 76155853345 states checked.
Progress: 76196821466 states checked.
Progress: 76237730056 states checked.
Progress: 76278716715 states checked.
Progress: 76319702071 states checked.
Progress: 76360602381 states checked.
Progress: 76401508921 states checked.
Progress: 76442449435 states checked.
Progress: 76483410515 states checked.
Progress: 76524432747 states checked.
Progress: 76565406076 states checked.
Progress: 76606396907 states checked.
Progress: 76647366703 states checked.
Progress: 76688335048 states checked.
Progress: 76729303218 states checked.
Progress: 76770258269 states checked.
Progress: 76811154099 states checked.
Progress: 76852142817 states checked.
Progress: 76893056689 states checked.
Progress: 76934018909 states checked.
Progress: 76974938201 states checked.
Progress: 77015826903 states checked.
Progress: 77056801725 states checked.
Progress: 77097839187 states checked.
Progress: 77138861484 states checked.
Progress: 77179804070 states checked.
Progress: 77220796022 states checked.
Progress: 77261791489 states checked.
Progress: 77302763009 states checked.
Progress: 77343758786 states checked.
Progress: 77384718014 states checked.
Progress: 77425698981 states checked.
Progress: 77466700892 states checked.
Progress: 77507752073 states checked.
Progress: 77548761423 states checked.
Progress: 77589759675 states checked.
Progress: 77630668145 states checked.
Progress: 77671620730 states checked.
Progress: 77712577048 states checked.
Progress: 77753586553 states checked.
Progress: 77794585897 states checked.
Progress: 77835649798 states checked.
Progress: 77876595688 states checked.
Progress: 77917595354 states checked.
Progress: 77958616369 states checked.
Progress: 77999595415 states checked.
Progress: 78040537541 states checked.
Progress: 78081498402 states checked.
Progress: 78122483245 states checked.
Progress: 78163538602 states checked.
Progress: 78204536904 states checked.
Progress: 78245508446 states checked.
Progress: 78286410979 states checked.
Progress: 78327319423 states checked.
Progress: 78368297561 states checked.
Progress: 78409199316 states checked.
Progress: 78450121959 states checked.
Progress: 78491084417 states checked.
Progress: 78532080863 states checked.
Progress: 78573048085 states checked.
Progress: 78614059983 states checked.
Progress: 78655037050 states checked.
Progress: 78695993602 states checked.
Progress: 78736966854 states checked.
Progress: 78777874884 states checked.
Progress: 78818848651 states checked.
Progress: 78859874501 states checked.
Progress: 78900812607 states checked.
Progress: 78941749063 states checked.
Progress: 78982667062 states checked.
Progress: 79023630367 states checked.
Progress: 79064536635 states checked.
Progress: 79105482104 states checked.
Progress: 79146440015 states checked.
Progress: 79187409210 states checked.
Progress: 79228403393 states checked.
Progress: 79269352530 states checked.
Progress: 79310342844 states checked.
Progress: 79351381439 states checked.
Progress: 79392415215 states checked.
Progress: 79433387836 states checked.
Progress: 79474361813 states checked.
Progress: 79515389809 states checked.
Progress: 79556398133 states checked.
Progress: 79597421832 states checked.
Progress: 79638476789 states checked.
Progress: 79679476149 states checked.
Progress: 79720498753 states checked.
Progress: 79761485745 states checked.
Progress: 79802478702 states checked.
Progress: 79843478496 states checked.
Progress: 79884446618 states checked.
Progress: 79925313756 states checked.
Progress: 79966252992 states checked.
Progress: 80007120305 states checked.
Progress: 80048025898 states checked.
Progress: 80088905930 states checked.
Progress: 80129458361 states checked.
Progress: 80170088318 states checked.
Progress: 80210854029 states checked.
Progress: 80251725151 states checked.
Progress: 80292720709 states checked.
Progress: 80333622988 states checked.
Progress: 80374553903 states checked.
Progress: 80415589631 states checked.
Progress: 80456555717 states checked.
Progress: 80497506071 states checked.
Progress: 80538502951 states checked.
Progress: 80579470295 states checked.
Progress: 80620520163 states checked.
Progress: 80661513930 states checked.
Progress: 80702581946 states checked.
Progress: 80743541886 states checked.
Progress: 80784511828 states checked.
Progress: 80825458778 states checked.
Progress: 80866430369 states checked.
Progress: 80907453605 states checked.
Progress: 80948475249 states checked.
Progress: 80989397920 states checked.
Progress: 81030428769 states checked.
Progress: 81071436288 states checked.
Progress: 81112424489 states checked.
Progress: 81153379723 states checked.
Progress: 81194309404 states checked.
Progress: 81235299613 states checked.
Progress: 81276196516 states checked.
Progress: 81317208910 states checked.
Progress: 81358250483 states checked.
Progress: 81399254606 states checked.
Progress: 81440218981 states checked.
Progress: 81481212725 states checked.
Progress: 81522187103 states checked.
Progress: 81563094883 states checked.
Progress: 81604027236 states checked.
Progress: 81644879282 states checked.
Progress: 81685761254 states checked.
Progress: 81726692781 states checked.
Progress: 81767664318 states checked.
Progress: 81808574230 states checked.
Progress: 81849533779 states checked.
Progress: 81890464346 states checked.
Progress: 81931485448 states checked.
Progress: 81972439022 states checked.
Progress: 82013422924 states checked.
Progress: 82054390739 states checked.
Progress: 82095364794 states checked.
Progress: 82136265688 states checked.
Progress: 82177316092 states checked.
Progress: 82218276748 states checked.
Progress: 82259273374 states checked.
Progress: 82300257844 states checked.
Progress: 82341223379 states checked.
Progress: 82382156188 states checked.
Progress: 82423147994 states checked.
Progress: 82464146061 states checked.
Progress: 82505199393 states checked.
Progress: 82546215111 states checked.
Progress: 82587172201 states checked.
Progress: 82628158693 states checked.
Progress: 82669178408 states checked.
Progress: 82710158993 states checked.
Progress: 82751143373 states checked.
Progress: 82792118755 states checked.
Progress: 82833103673 states checked.
Progress: 82874092933 states checked.
Progress: 82915075485 states checked.
Progress: 82956037285 states checked.
Progress: 82997019054 states checked.
Progress: 83037919878 states checked.
Progress: 83078884139 states checked.
Progress: 83119856790 states checked.
Progress: 83160774204 states checked.
Progress: 83201718927 states checked.
Progress: 83242731694 states checked.
Progress: 83283692769 states checked.
Progress: 83324668403 states checked.
Progress: 83365656720 states checked.
Progress: 83406507090 states checked.
Progress: 83447378566 states checked.
Progress: 83488317816 states checked.
Progress: 83529238107 states checked.
Progress: 83570199495 states checked.
Progress: 83611186564 states checked.
Progress: 83652245932 states checked.
Progress: 83693202746 states checked.
Progress: 83734129178 states checked.
Progress: 83775085533 states checked.
Progress: 83815968559 states checked.
Progress: 83856916751 states checked.
Progress: 83897929484 states checked.
Progress: 83938889877 states checked.
Progress: 83979911638 states checked.
Progress: 84020828206 states checked.
Progress: 84061733543 states checked.
Progress: 84102682710 states checked.
Progress: 84143605630 states checked.
Progress: 84184508200 states checked.
Progress: 84225454256 states checked.
Progress: 84266470652 states checked.
Progress: 84307451053 states checked.
Progress: 84348432986 states checked.
Progress: 84389319669 states checked.
Progress: 84430143788 states checked.
Progress: 84471010904 states checked.
Progress: 84511825997 states checked.
Progress: 84552729324 states checked.
Progress: 84593597523 states checked.
Progress: 84634461161 states checked.
Progress: 84675393541 states checked.
Progress: 84716313367 states checked.
Progress: 84757242238 states checked.
Progress: 84798204023 states checked.
Progress: 84839021586 states checked.
Progress: 84879908450 states checked.
Progress: 84920746927 states checked.
Progress: 84961706056 states checked.
Progress: 85002646915 states checked.
Progress: 85043535552 states checked.
Progress: 85084358620 states checked.
Progress: 85125282827 states checked.
Progress: 85166231081 states checked.
Progress: 85207079248 states checked.
Progress: 85247999234 states checked.
Progress: 85288983453 states checked.
Progress: 85329913095 states checked.
Progress: 85370758035 states checked.
Progress: 85411585384 states checked.
Progress: 85452466437 states checked.
Progress: 85493369900 states checked.
Progress: 85534283861 states checked.
Progress: 85575242102 states checked.
Progress: 85616153340 states checked.
Progress: 85657069698 states checked.
Progress: 85697998828 states checked.
Progress: 85738937334 states checked.
Progress: 85779815885 states checked.
Progress: 85820692538 states checked.
Progress: 85861602352 states checked.
Progress: 85902554348 states checked.
Progress: 85943528099 states checked.
Progress: 85984420678 states checked.
Progress: 86025286450 states checked.
Progress: 86066167801 states checked.
Progress: 86107155854 states checked.
Progress: 86148162168 states checked.
Progress: 86189121211 states checked.
Progress: 86230006646 states checked.
Progress: 86270934542 states checked.
Progress: 86311835318 states checked.
Progress: 86352774015 states checked.
Progress: 86393682248 states checked.
Progress: 86434663554 states checked.
Progress: 86475534149 states checked.
Progress: 86516416702 states checked.
Progress: 86557325787 states checked.
Progress: 86598247420 states checked.
Progress: 86639208788 states checked.
Progress: 86680164840 states checked.
Progress: 86721105772 states checked.
Progress: 86762001489 states checked.
Progress: 86802905711 states checked.
Progress: 86843864366 states checked.
Progress: 86884797751 states checked.
Progress: 86925754327 states checked.
Progress: 86966717051 states checked.
Progress: 87007658669 states checked.
Progress: 87048540711 states checked.
Progress: 87089417979 states checked.
Progress: 87130265819 states checked.
Progress: 87171121671 states checked.
Progress: 87211993436 states checked.
Progress: 87252883570 states checked.
Progress: 87293741902 states checked.
Progress: 87334646494 states checked.
Progress: 87375564523 states checked.
Progress: 87416536119 states checked.
Progress: 87457526175 states checked.
Progress: 87498477153 states checked.
Progress: 87539408358 states checked.
Progress: 87580280833 states checked.
Progress: 87621213299 states checked.
Progress: 87662101557 states checked.
Progress: 87703052214 states checked.
Progress: 87743969606 states checked.
Progress: 87784915451 states checked.
Progress: 87825773754 states checked.
Progress: 87866661618 states checked.
Progress: 87907611682 states checked.
Progress: 87948507575 states checked.
Progress: 87989337944 states checked.
Progress: 88030194358 states checked.
Progress: 88071179028 states checked.
Progress: 88112145912 states checked.
Progress: 88153074875 states checked.
Progress: 88194099368 states checked.
Progress: 88235032026 states checked.
Progress: 88275978315 states checked.
Progress: 88316875124 states checked.
Progress: 88357808092 states checked.
Progress: 88398767819 states checked.
Progress: 88439718157 states checked.
Progress: 88480649288 states checked.
Progress: 88521644885 states checked.
Progress: 88562586179 states checked.
Progress: 88603504222 states checked.
Progress: 88644451569 states checked.
Progress: 88685363184 states checked.
Progress: 88726332351 states checked.
Progress: 88767270690 states checked.
Progress: 88808202237 states checked.
Progress: 88849194680 states checked.
Progress: 88890152023 states checked.
Progress: 88931140382 states checked.
Progress: 88972111306 states checked.
Progress: 89013107960 states checked.
Progress: 89054100303 states checked.
Progress: 89095097299 states checked.
Progress: 89136026559 states checked.
Progress: 89176979339 states checked.
Progress: 89217962703 states checked.
Progress: 89259001396 states checked.
Progress: 89300000492 states checked.
Progress: 89340933092 states checked.
Progress: 89381896354 states checked.
Progress: 89422880422 states checked.
Progress: 89463838534 states checked.
Progress: 89504808408 states checked.
Progress: 89545809103 states checked.
Progress: 89586856430 states checked.
Progress: 89627960756 states checked.
Progress: 89669012084 states checked.
Progress: 89710068526 states checked.
Progress: 89751036085 states checked.
Progress: 89792009230 states checked.
Progress: 89833044646 states checked.
Progress: 89874141033 states checked.
Progress: 89915152413 states checked.
Progress: 89956169268 states checked.
Progress: 89997313838 states checked.
Progress: 90038338303 states checked.
Progress: 90079418394 states checked.
Progress: 90120459690 states checked.
Progress: 90161544195 states checked.
Progress: 90202623005 states checked.
Progress: 90243744214 states checked.
Progress: 90284825991 states checked.
Progress: 90325899486 states checked.
Progress: 90366925638 states checked.
Progress: 90407968064 states checked.
Progress: 90449039458 states checked.
Progress: 90490123890 states checked.
Progress: 90531266779 states checked.
Progress: 90572384644 states checked.
Progress: 90613501966 states checked.
Progress: 90654626609 states checked.
Progress: 90695722641 states checked.
Progress: 90736803896 states checked.
Progress: 90777988353 states checked.
Progress: 90819102137 states checked.
Progress: 90860185688 states checked.
Progress: 90901351767 states checked.
Progress: 90942533720 states checked.
Progress: 90983636616 states checked.
Progress: 91024686187 states checked.
Progress: 91065839367 states checked.
Progress: 91106894873 states checked.
Progress: 91148035868 states checked.
Progress: 91189171826 states checked.
Progress: 91230214044 states checked.
Progress: 91271252785 states checked.
Progress: 91311885055 states checked.
Progress: 91352857688 states checked.
Progress: 91393927835 states checked.
Progress: 91435090613 states checked.
Progress: 91476202706 states checked.
Progress: 91517329782 states checked.
Progress: 91558469528 states checked.
Progress: 91599539325 states checked.
Progress: 91640661485 states checked.
Progress: 91681757965 states checked.
Progress: 91722943563 states checked.
Progress: 91764066663 states checked.
Progress: 91805158166 states checked.
Progress: 91846257264 states checked.
Progress: 91887355903 states checked.
Progress: 91928487213 states checked.
Progress: 91969590880 states checked.
Progress: 92010733195 states checked.
Progress: 92051833196 states checked.
Progress: 92092918952 states checked.
Progress: 92133988542 states checked.
Progress: 92175102490 states checked.
Progress: 92216154286 states checked.
Progress: 92257301541 states checked.
Progress: 92298401537 states checked.
Progress: 92339552832 states checked.
Progress: 92380616039 states checked.
Progress: 92421617031 states checked.
Progress: 92462663223 states checked.
Progress: 92503745572 states checked.
Progress: 92544739983 states checked.
Progress: 92585894655 states checked.
Progress: 92627034718 states checked.
Progress: 92668166326 states checked.
Progress: 92709219998 states checked.
Progress: 92750299225 states checked.
Progress: 92791326514 states checked.
Progress: 92832433638 states checked.
Progress: 92873576378 states checked.
Progress: 92914667502 states checked.
Progress: 92955767027 states checked.
Progress: 92996860981 states checked.
Progress: 93037886599 states checked.
Progress: 93078702129 states checked.
Progress: 93119582791 states checked.
Progress: 93160343158 states checked.
Progress: 93201134550 states checked.
Progress: 93242008692 states checked.
Progress: 93282910057 states checked.
Progress: 93323961839 states checked.
Progress: 93365074767 states checked.
Progress: 93406245024 states checked.
Progress: 93447347153 states checked.
Progress: 93488466102 states checked.
Progress: 93529643323 states checked.
Progress: 93570797133 states checked.
Progress: 93611948051 states checked.
Progress: 93653042261 states checked.
Progress: 93694171251 states checked.
Progress: 93735288035 states checked.
Progress: 93776407510 states checked.
Progress: 93817554489 states checked.
Progress: 93858684328 states checked.
Progress: 93899676843 states checked.
Progress: 93940833977 states checked.
Progress: 93981967190 states checked.
Progress: 94023101185 states checked.
Progress: 94064140897 states checked.
Progress: 94105199392 states checked.
Progress: 94146112291 states checked.
Progress: 94186963318 states checked.
Progress: 94227706948 states checked.
Progress: 94268475373 states checked.
Progress: 94309452065 states checked.
Progress: 94350556548 states checked.
Progress: 94391709060 states checked.
Progress: 94432803699 states checked.
Progress: 94473904880 states checked.
Progress: 94514962101 states checked.
Progress: 94556101044 states checked.
Progress: 94597189499 states checked.
Progress: 94638355323 states checked.
Progress: 94679492862 states checked.
Progress: 94720669392 states checked.
Progress: 94761832906 states checked.
Progress: 94802991502 states checked.
Progress: 94844132690 states checked.
Progress: 94885218733 states checked.
Progress: 94926330546 states checked.
Progress: 94967437620 states checked.
Progress: 95008546667 states checked.
Progress: 95049618698 states checked.
Progress: 95090679337 states checked.
Progress: 95131861708 states checked.
Progress: 95172961377 states checked.
Progress: 95214006703 states checked.
Progress: 95255168151 states checked.
Progress: 95296249655 states checked.
Progress: 95337139459 states checked.
Progress: 95377948784 states checked.
Progress: 95418716766 states checked.
Progress: 95459659344 states checked.
Progress: 95500750009 states checked.
Progress: 95541828860 states checked.
Progress: 95582961134 states checked.
Progress: 95624136021 states checked.
Progress: 95665242942 states checked.
Progress: 95706366668 states checked.
Progress: 95747505840 states checked.
Progress: 95788633110 states checked.
Progress: 95829795594 states checked.
Progress: 95870882865 states checked.
Progress: 95911980245 states checked.
Progress: 95953154446 states checked.
Progress: 95994357194 states checked.
Progress: 96035471678 states checked.
Progress: 96076644940 states checked.
Progress: 96117806032 states checked.
Progress: 96158938455 states checked.
Progress: 96200042187 states checked.
Progress: 96240972466 states checked.
Progress: 96282006189 states checked.
Progress: 96323139658 states checked.
Progress: 96364300967 states checked.
Progress: 96405372248 states checked.
Progress: 96446513891 states checked.
Progress: 96487620895 states checked.
Progress: 96528766762 states checked.
Progress: 96569892064 states checked.
Progress: 96611116141 states checked.
Progress: 96652241745 states checked.
Progress: 96693314924 states checked.
Progress: 96734175932 states checked.
Progress: 96775341039 states checked.
Progress: 96816479157 states checked.
Progress: 96857648608 states checked.
Progress: 96898814782 states checked.
Progress: 96939938589 states checked.
Progress: 96981031353 states checked.
Progress: 97022147233 states checked.
Progress: 97063266639 states checked.
Progress: 97104384985 states checked.
Progress: 97145507062 states checked.
Progress: 97186579104 states checked.
Progress: 97227673249 states checked.
Progress: 97268792997 states checked.
Progress: 97309856868 states checked.
Progress: 97350833005 states checked.
Progress: 97391940657 states checked.
Progress: 97433079740 states checked.
Progress: 97474263793 states checked.
Progress: 97515359814 states checked.
Progress: 97556397254 states checked.
Progress: 97597552487 states checked.
Progress: 97638759372 states checked.
Progress: 97679855302 states checked.
Progress: 97720916383 states checked.
Progress: 97761871909 states checked.
Progress: 97802733965 states checked.
Progress: 97843589267 states checked.
Progress: 97884686004 states checked.
Progress: 97925765425 states checked.
Progress: 97966725731 states checked.
Progress: 98007697652 states checked.
Progress: 98048761094 states checked.
Progress: 98089869303 states checked.
Progress: 98130941340 states checked.
Progress: 98172058209 states checked.
Progress: 98213173924 states checked.
Progress: 98254279500 states checked.
Progress: 98295372009 states checked.
Progress: 98336356509 states checked.
Progress: 98377437053 states checked.
Progress: 98418515052 states checked.
Progress: 98459621729 states checked.
Progress: 98500732030 states checked.
Progress: 98541811508 states checked.
Progress: 98582678627 states checked.
Progress: 98623617654 states checked.
Progress: 98664573116 states checked.
Progress: 98705666704 states checked.
Progress: 98746818245 states checked.
Progress: 98787974383 states checked.
Progress: 98829103726 states checked.
Progress: 98870243803 states checked.
Progress: 98911380836 states checked.
Progress: 98952429972 states checked.
Progress: 98993366787 states checked.
Progress: 99034398221 states checked.
Progress: 99075416728 states checked.
Progress: 99116462442 states checked.
Progress: 99157573849 states checked.
Progress: 99198710798 states checked.
Progress: 99239868049 states checked.
Progress: 99280946901 states checked.
Progress: 99322095027 states checked.
Progress: 99363155990 states checked.
Progress: 99404263569 states checked.
Progress: 99445368066 states checked.
Progress: 99486469251 states checked.
Progress: 99527576562 states checked.
Progress: 99568763404 states checked.
Progress: 99609931225 states checked.
Progress: 99651064099 states checked.
Progress: 99692178593 states checked.
Progress: 99733319847 states checked.
Progress: 99774383027 states checked.
Progress: 99815427121 states checked.
Progress: 99856498781 states checked.
Progress: 99897596342 states checked.
Progress: 99938722183 states checked.
Progress: 99979827314 states checked.
Progress: 100020925937 states checked.
Progress: 100062041300 states checked.
Progress: 100103134023 states checked.
Progress: 100144197342 states checked.
Progress: 100185261835 states checked.
Progress: 100226354277 states checked.
Progress: 100267441148 states checked.
Progress: 100308548100 states checked.
Progress: 100349711616 states checked.
Progress: 100390788264 states checked.
Progress: 100431922547 states checked.
Progress: 100473001474 states checked.
Progress: 100514003811 states checked.
Progress: 100555037831 states checked.
Progress: 100596126092 states checked.
Progress: 100637099960 states checked.
Progress: 100678154939 states checked.
Progress: 100719207126 states checked.
Progress: 100760344240 states checked.
Progress: 100801484000 states checked.
Progress: 100842518420 states checked.
Progress: 100883472404 states checked.
Progress: 100924483022 states checked.
Progress: 100965588338 states checked.
Progress: 101006714096 states checked.
Progress: 101047823827 states checked.
Progress: 101088886816 states checked.
Progress: 101129908355 states checked.
Progress: 101170994460 states checked.
Progress: 101212037242 states checked.
Progress: 101253105677 states checked.
Progress: 101294233874 states checked.
Progress: 101335309994 states checked.
Progress: 101376395415 states checked.
Progress: 101417395168 states checked.
Progress: 101458353505 states checked.
Progress: 101499348994 states checked.
Progress: 101540298145 states checked.
Progress: 101581431151 states checked.
Progress: 101622435596 states checked.
Progress: 101663460266 states checked.
Progress: 101704497045 states checked.
Progress: 101745435531 states checked.
Progress: 101786467230 states checked.
Progress: 101827498270 states checked.
Progress: 101868467192 states checked.
Progress: 101909474040 states checked.
Progress: 101950586167 states checked.
Progress: 101991680202 states checked.
Progress: 102032781178 states checked.
Progress: 102073914354 states checked.
Progress: 102114987913 states checked.
Progress: 102156031050 states checked.
Progress: 102197096993 states checked.
Progress: 102238149264 states checked.
Progress: 102279116556 states checked.
Progress: 102320132848 states checked.
Progress: 102361297876 states checked.
Progress: 102402366703 states checked.
Progress: 102443440962 states checked.
Progress: 102484523704 states checked.
Progress: 102525608467 states checked.
Progress: 102566653949 states checked.
Progress: 102607809467 states checked.
Progress: 102648966808 states checked.
Progress: 102690009378 states checked.
Progress: 102730984377 states checked.
Progress: 102771910388 states checked.
Progress: 102812866994 states checked.
Progress: 102853726331 states checked.
Progress: 102894583098 states checked.
Progress: 102935518757 states checked.
Progress: 102976441294 states checked.
Progress: 103017455102 states checked.
Progress: 103058435000 states checked.
Progress: 103099366976 states checked.
Progress: 103140241671 states checked.
Progress: 103181175015 states checked.
Progress: 103222038575 states checked.
Progress: 103262928790 states checked.
Progress: 103303880460 states checked.
Progress: 103344765715 states checked.
Progress: 103385628261 states checked.
Progress: 103426604894 states checked.
Progress: 103467433527 states checked.
Progress: 103508324461 states checked.
Progress: 103549108181 states checked.
Progress: 103589863877 states checked.
Progress: 103630684393 states checked.
Progress: 103671442118 states checked.
Progress: 103712203191 states checked.
Progress: 103753100577 states checked.
Progress: 103793980555 states checked.
Progress: 103834849021 states checked.
Progress: 103875749682 states checked.
Progress: 103916618663 states checked.
Progress: 103957635166 states checked.
Progress: 103998658202 states checked.
Progress: 104039337087 states checked.
Progress: 104079908820 states checked.
Progress: 104120735852 states checked.
Progress: 104161594691 states checked.
Progress: 104202518446 states checked.
Progress: 104243408922 states checked.
Progress: 104284234949 states checked.
Progress: 104325159588 states checked.
Progress: 104366123181 states checked.
Progress: 104407039077 states checked.
Progress: 104448044875 states checked.
Progress: 104489106915 states checked.
Progress: 104530008025 states checked.
Progress: 104570987453 states checked.
Progress: 104611971535 states checked.
Progress: 104652995226 states checked.
Progress: 104693928765 states checked.
Progress: 104734769365 states checked.
Progress: 104775658761 states checked.
Progress: 104816659484 states checked.
Progress: 104857626198 states checked.
Progress: 104898595346 states checked.
Progress: 104939597714 states checked.
Progress: 104980449717 states checked.
Progress: 105021365117 states checked.
Progress: 105062247819 states checked.
Progress: 105103138135 states checked.
Progress: 105144037404 states checked.
Progress: 105184871875 states checked.
Progress: 105225815687 states checked.
Progress: 105266751391 states checked.
Progress: 105307749544 states checked.
Progress: 105348768503 states checked.
Progress: 105389734745 states checked.
Progress: 105430765444 states checked.
Progress: 105471718844 states checked.
Progress: 105512668140 states checked.
Progress: 105553622643 states checked.
Progress: 105594634111 states checked.
Progress: 105635607933 states checked.
Progress: 105676608554 states checked.
Progress: 105717603322 states checked.
Progress: 105758631866 states checked.
Progress: 105799691761 states checked.
Progress: 105840787145 states checked.
Progress: 105881752195 states checked.
Progress: 105922755168 states checked.
Progress: 105963686267 states checked.
Progress: 106004685557 states checked.
Progress: 106045578213 states checked.
Progress: 106086527509 states checked.
Progress: 106127493344 states checked.
Progress: 106168428390 states checked.
Progress: 106209338986 states checked.
Progress: 106250277293 states checked.
Progress: 106291085030 states checked.
Progress: 106331919388 states checked.
Progress: 106372794263 states checked.
Progress: 106413696321 states checked.
Progress: 106454702018 states checked.
Progress: 106495589519 states checked.
Progress: 106536308376 states checked.
Progress: 106577062209 states checked.
Progress: 106617919838 states checked.
Progress: 106658874965 states checked.
Progress: 106699931371 states checked.
Progress: 106740889342 states checked.
Progress: 106781921129 states checked.
Progress: 106822833006 states checked.
Progress: 106863737655 states checked.
Progress: 106904751449 states checked.
Progress: 106945756607 states checked.
Progress: 106986759227 states checked.
Progress: 107027796679 states checked.
Progress: 107068891073 states checked.
Progress: 107109912467 states checked.
Progress: 107150942912 states checked.
Progress: 107191961503 states checked.
Progress: 107232933504 states checked.
Progress: 107273852930 states checked.
Progress: 107314887769 states checked.
Progress: 107355935406 states checked.
Progress: 107396957870 states checked.
Progress: 107437999858 states checked.
Progress: 107479091658 states checked.
Progress: 107520107305 states checked.
Progress: 107561180727 states checked.
Progress: 107602186297 states checked.
Progress: 107643181979 states checked.
Progress: 107684295538 states checked.
Progress: 107725292459 states checked.
Progress: 107766239229 states checked.
Progress: 107807246091 states checked.
Progress: 107848230561 states checked.
Progress: 107889344896 states checked.
Progress: 107930410476 states checked.
Progress: 107971484712 states checked.
Progress: 108012641633 states checked.
Progress: 108053714743 states checked.
Progress: 108094780909 states checked.
Progress: 108135768474 states checked.
Progress: 108176659368 states checked.
Progress: 108217650910 states checked.
Progress: 108258670748 states checked.
Progress: 108299684370 states checked.
Progress: 108340709084 states checked.
Progress: 108381766758 states checked.
Progress: 108422809584 states checked.
Progress: 108463823407 states checked.
Progress: 108504873587 states checked.
Progress: 108545979383 states checked.
Progress: 108586985107 states checked.
Progress: 108628051155 states checked.
Progress: 108669067341 states checked.
Progress: 108710012510 states checked.
Progress: 108751057109 states checked.
Progress: 108792039260 states checked.
Progress: 108832992413 states checked.
Progress: 108873830880 states checked.
Progress: 108914629105 states checked.
Progress: 108955452134 states checked.
Progress: 108996232128 states checked.
Progress: 109037201180 states checked.
Progress: 109078095564 states checked.
Progress: 109119047971 states checked.
Progress: 109159938704 states checked.
Progress: 109200731586 states checked.
Progress: 109241718537 states checked.
Progress: 109282781535 states checked.
Progress: 109323848900 states checked.
Progress: 109364881686 states checked.
Progress: 109405906758 states checked.
Progress: 109446920361 states checked.
Progress: 109487972577 states checked.
Progress: 109529036315 states checked.
Progress: 109570006508 states checked.
Progress: 109611030375 states checked.
Progress: 109652109849 states checked.
Progress: 109693233932 states checked.
Progress: 109734290393 states checked.
Progress: 109775353014 states checked.
Progress: 109816367701 states checked.
Progress: 109857421597 states checked.
Progress: 109898493901 states checked.
Progress: 109939513445 states checked.
Progress: 109980551516 states checked.
Progress: 110021521232 states checked.
Progress: 110062507314 states checked.
Progress: 110103502432 states checked.
Progress: 110144411861 states checked.
Progress: 110185353349 states checked.
Progress: 110226396728 states checked.
Progress: 110267408834 states checked.
Progress: 110308431131 states checked.
Progress: 110349440804 states checked.
Progress: 110390458423 states checked.
Progress: 110431447776 states checked.
Progress: 110472493881 states checked.
Progress: 110513469703 states checked.
Progress: 110554515167 states checked.
Progress: 110595544352 states checked.
Progress: 110636624366 states checked.
Progress: 110677718900 states checked.
Progress: 110718796283 states checked.
Progress: 110759886635 states checked.
Progress: 110800874287 states checked.
Progress: 110841990028 states checked.
Progress: 110883099393 states checked.
Progress: 110924116911 states checked.
Progress: 110965075291 states checked.
Progress: 111006209023 states checked.
Progress: 111047318949 states checked.
Progress: 111088418634 states checked.
Progress: 111129542711 states checked.
Progress: 111170677028 states checked.
Progress: 111211774720 states checked.
Progress: 111252798218 states checked.
Progress: 111293703898 states checked.
Progress: 111334587722 states checked.
Progress: 111375535137 states checked.
Progress: 111416520544 states checked.
Progress: 111457527838 states checked.
Progress: 111498587822 states checked.
Progress: 111539645454 states checked.
Progress: 111580633282 states checked.
Progress: 111621460121 states checked.
Progress: 111662423894 states checked.
Progress: 111703417321 states checked.
Progress: 111744399545 states checked.
Progress: 111785498450 states checked.
Progress: 111826571121 states checked.
Progress: 111867653696 states checked.
Progress: 111908764765 states checked.
Progress: 111949878895 states checked.
Progress: 111991003990 states checked.
Progress: 112032096202 states checked.
Progress: 112073112233 states checked.
Progress: 112114152102 states checked.
Progress: 112155183487 states checked.
Progress: 112196271069 states checked.
Progress: 112237258798 states checked.
Progress: 112278316104 states checked.
Progress: 112319344639 states checked.
Progress: 112360434431 states checked.
Progress: 112401509689 states checked.
Progress: 112442592790 states checked.
Progress: 112483659860 states checked.
Progress: 112524751195 states checked.
Progress: 112565736527 states checked.
Progress: 112606710779 states checked.
Progress: 112647743286 states checked.
Progress: 112688812816 states checked.
Progress: 112729924070 states checked.
Progress: 112770999745 states checked.
Progress: 112812031984 states checked.
Progress: 112853143082 states checked.
Progress: 112894216044 states checked.
Progress: 112935220084 states checked.
Progress: 112976237251 states checked.
Progress: 113017277522 states checked.
Progress: 113058276819 states checked.
Progress: 113099300949 states checked.
Progress: 113140383139 states checked.
Progress: 113181395168 states checked.
Progress: 113222379072 states checked.
Progress: 113263472443 states checked.
Progress: 113304492402 states checked.
Progress: 113345529707 states checked.
Progress: 113386653265 states checked.
Progress: 113427763306 states checked.
Progress: 113468813629 states checked.
Progress: 113509794903 states checked.
Progress: 113550731998 states checked.
Progress: 113591750858 states checked.
Progress: 113632863792 states checked.
Progress: 113673895154 states checked.
Progress: 113714887991 states checked.
Progress: 113755905301 states checked.
Progress: 113796986931 states checked.
Progress: 113838046412 states checked.
Progress: 113879122784 states checked.
Progress: 113920202273 states checked.
Progress: 113961259935 states checked.
Progress: 114002267792 states checked.
Progress: 114043338135 states checked.
Progress: 114084397698 states checked.
Progress: 114125493741 states checked.
Progress: 114166470231 states checked.
Progress: 114207441661 states checked.
Progress: 114248457756 states checked.
Progress: 114289488099 states checked.
Progress: 114330601414 states checked.
Progress: 114371688439 states checked.
Progress: 114412751467 states checked.
Progress: 114453734935 states checked.
Progress: 114494850974 states checked.
Progress: 114536012155 states checked.
Progress: 114577141638 states checked.
Progress: 114618142338 states checked.
Progress: 114659149027 states checked.
Progress: 114700209682 states checked.
Progress: 114741321357 states checked.
Progress: 114782378215 states checked.
Progress: 114823375489 states checked.
Progress: 114864371257 states checked.
Progress: 114905378935 states checked.
Progress: 114946493599 states checked.
Progress: 114987554524 states checked.
Progress: 115028566655 states checked.
Progress: 115069669519 states checked.
Progress: 115110767790 states checked.
Progress: 115151876962 states checked.
Progress: 115192969090 states checked.
Progress: 115234123826 states checked.
Progress: 115275098948 states checked.
Progress: 115316094970 states checked.
Progress: 115357141017 states checked.
Progress: 115398232232 states checked.
Progress: 115439293476 states checked.
Progress: 115480400032 states checked.
Progress: 115521483562 states checked.
Progress: 115562558593 states checked.
Progress: 115603642442 states checked.
Progress: 115644808165 states checked.
Progress: 115685974074 states checked.
Progress: 115727076528 states checked.
Progress: 115768143142 states checked.
Progress: 115809327605 states checked.
Progress: 115850368708 states checked.
Progress: 115891431510 states checked.
Progress: 115932538602 states checked.
Progress: 115973685521 states checked.
Progress: 116014778937 states checked.
Progress: 116055907012 states checked.
Progress: 116097010229 states checked.
Progress: 116138083475 states checked.
Progress: 116179023153 states checked.
Progress: 116219966667 states checked.
Progress: 116261077590 states checked.
Progress: 116302099416 states checked.
Progress: 116343143921 states checked.
Progress: 116384185909 states checked.
Progress: 116425230681 states checked.
Progress: 116466369761 states checked.
Progress: 116507358954 states checked.
Progress: 116548369010 states checked.
Progress: 116589455535 states checked.
Progress: 116630556311 states checked.
Progress: 116671560413 states checked.
Progress: 116712634105 states checked.
Progress: 116753750077 states checked.
Progress: 116794749887 states checked.
Progress: 116835820759 states checked.
Progress: 116876821562 states checked.
Progress: 116917844413 states checked.
Progress: 116958922244 states checked.
Progress: 117000042789 states checked.
Progress: 117041164105 states checked.
Progress: 117082296588 states checked.
Progress: 117123431707 states checked.
Progress: 117164532616 states checked.
Progress: 117205613693 states checked.
Progress: 117246720718 states checked.
Progress: 117287827444 states checked.
Progress: 117328846597 states checked.
Progress: 117369877771 states checked.
Progress: 117410903872 states checked.
Progress: 117451978261 states checked.
Progress: 117493089572 states checked.
Progress: 117534240294 states checked.
Progress: 117575318240 states checked.
Progress: 117616436692 states checked.
Progress: 117657485479 states checked.
Progress: 117698618164 states checked.
Progress: 117739709494 states checked.
Progress: 117780850537 states checked.
Progress: 117822012705 states checked.
Progress: 117863135381 states checked.
Progress: 117904230386 states checked.
Progress: 117945310615 states checked.
Progress: 117986376502 states checked.
Progress: 118027446163 states checked.
Progress: 118068517602 states checked.
Progress: 118109530060 states checked.
Progress: 118150548180 states checked.
Progress: 118191636020 states checked.
Progress: 118232744227 states checked.
Progress: 118273766477 states checked.
Progress: 118314820876 states checked.
Progress: 118355799463 states checked.
Progress: 118396781749 states checked.
Progress: 118437757050 states checked.
Progress: 118478791440 states checked.
Progress: 118519840009 states checked.
Progress: 118560914103 states checked.
Progress: 118602049995 states checked.
Progress: 118643160024 states checked.
Progress: 118684228887 states checked.
Progress: 118725359957 states checked.
Progress: 118766476721 states checked.
Progress: 118807554330 states checked.
Progress: 118848688041 states checked.
Progress: 118889768267 states checked.
Progress: 118930878718 states checked.
Progress: 118972025184 states checked.
Progress: 119013203741 states checked.
Progress: 119054328057 states checked.
Progress: 119095419816 states checked.
Progress: 119136509077 states checked.
Progress: 119177658962 states checked.
Progress: 119218727780 states checked.
Progress: 119259817196 states checked.
Progress: 119300937110 states checked.
Progress: 119342011933 states checked.
Progress: 119383132764 states checked.
Progress: 119424154588 states checked.
Progress: 119465187244 states checked.
Progress: 119506228602 states checked.
Progress: 119547233972 states checked.
Progress: 119588266747 states checked.
Progress: 119629383774 states checked.
Progress: 119670567413 states checked.
Progress: 119711641343 states checked.
Progress: 119752728177 states checked.
Progress: 119793844470 states checked.
Progress: 119834908617 states checked.
Progress: 119876036639 states checked.
Progress: 119917061226 states checked.
Progress: 119958111023 states checked.
Progress: 119999200674 states checked.
Progress: 120040226403 states checked.
Progress: 120081327286 states checked.
Progress: 120122427456 states checked.
Progress: 120163522104 states checked.
Progress: 120204629189 states checked.
Progress: 120245730341 states checked.
Progress: 120286901106 states checked.
Progress: 120328043118 states checked.
Progress: 120369166453 states checked.
Progress: 120410266725 states checked.
Progress: 120451404605 states checked.
Progress: 120492509841 states checked.
Progress: 120533646295 states checked.
Progress: 120574707486 states checked.
Progress: 120615862953 states checked.
Progress: 120656921107 states checked.
Progress: 120697987989 states checked.
Progress: 120739049017 states checked.
Progress: 120780179301 states checked.
Progress: 120821345909 states checked.
Progress: 120862465514 states checked.
Progress: 120903590608 states checked.
Progress: 120944724438 states checked.
Progress: 120985807184 states checked.
Progress: 121026895611 states checked.
Progress: 121067930899 states checked.
Progress: 121108969738 states checked.
Progress: 121150045186 states checked.
Progress: 121191151754 states checked.
Progress: 121232222720 states checked.
Progress: 121273364255 states checked.
Progress: 121314518243 states checked.
Progress: 121355611787 states checked.
Progress: 121396730259 states checked.
Progress: 121437855643 states checked.
Progress: 121479010818 states checked.
Progress: 121520147647 states checked.
Progress: 121561259859 states checked.
Progress: 121602350091 states checked.
Progress: 121643491665 states checked.
Progress: 121684519032 states checked.
Progress: 121725629552 states checked.
Progress: 121766759406 states checked.
Progress: 121807893332 states checked.
Progress: 121848932715 states checked.
Progress: 121890025824 states checked.
Progress: 121931098696 states checked.
Progress: 121972146039 states checked.
Progress: 122013182322 states checked.
Progress: 122054238283 states checked.
Progress: 122095344459 states checked.
Progress: 122136432046 states checked.
Progress: 122177497465 states checked.
Progress: 122218589065 states checked.
Progress: 122259649278 states checked.
Progress: 122300717166 states checked.
Progress: 122341891646 states checked.
Progress: 122383021989 states checked.
Progress: 122424145878 states checked.
Progress: 122465251175 states checked.
Progress: 122506325531 states checked.
Progress: 122547391776 states checked.
Progress: 122588337233 states checked.
Progress: 122629478885 states checked.
Progress: 122670615923 states checked.
Progress: 122711726704 states checked.
Progress: 122752790835 states checked.
Progress: 122793905141 states checked.
Progress: 122834958495 states checked.
Progress: 122876066409 states checked.
Progress: 122917156102 states checked.
Progress: 122958265594 states checked.
Progress: 122999356073 states checked.
Progress: 123040438809 states checked.
Progress: 123081529414 states checked.
Progress: 123122642387 states checked.
Progress: 123163747904 states checked.
Progress: 123204755989 states checked.
Progress: 123245760977 states checked.
Progress: 123286755554 states checked.
Progress: 123327772559 states checked.
Progress: 123368906332 states checked.
Progress: 123410033631 states checked.
Progress: 123451176966 states checked.
Progress: 123492317159 states checked.
Progress: 123533432128 states checked.
Progress: 123574500106 states checked.
Progress: 123615572832 states checked.
Progress: 123656610535 states checked.
Progress: 123697630096 states checked.
Progress: 123738627416 states checked.
Progress: 123779712173 states checked.
Progress: 123820851692 states checked.
Progress: 123861997861 states checked.
Progress: 123903147087 states checked.
Progress: 123944156117 states checked.
Progress: 123985003092 states checked.
Progress: 124024102222 states checked.
Progress: 124061303057 states checked.
Progress: 124098378011 states checked.
Progress: 124135280183 states checked.
Progress: 124172632083 states checked.
Progress: 124210387729 states checked.
Progress: 124248776761 states checked.
Progress: 124287337441 states checked.
Progress: 124325822930 states checked.
Progress: 124365487959 states checked.
Progress: 124403636353 states checked.
Progress: 124441576365 states checked.
Progress: 124479252853 states checked.
Progress: 124516840339 states checked.
Progress: 124554288723 states checked.
Progress: 124592711353 states checked.
Progress: 124630171489 states checked.
Progress: 124667469107 states checked.
Progress: 124704700477 states checked.
Progress: 124741044581 states checked.
Progress: 124779163758 states checked.
Progress: 124817425742 states checked.
Progress: 124855997418 states checked.
Progress: 124894507020 states checked.
Progress: 124933720994 states checked.
Progress: 124972778455 states checked.
Progress: 125011275281 states checked.
Progress: 125049980569 states checked.
Progress: 125088379734 states checked.
Progress: 125126556433 states checked.
Progress: 125164340604 states checked.
Progress: 125202605392 states checked.
Progress: 125240675134 states checked.
Progress: 125278758885 states checked.
Progress: 125317359438 states checked.
Progress: 125355972069 states checked.
Progress: 125395157611 states checked.
Progress: 125434524473 states checked.
Progress: 125473526700 states checked.
Progress: 125511412674 states checked.
Progress: 125549726615 states checked.
Progress: 125587989663 states checked.
Progress: 125625552054 states checked.
Progress: 125663695891 states checked.
Progress: 125701723487 states checked.
Progress: 125740261649 states checked.
Progress: 125778641903 states checked.
Progress: 125817251776 states checked.
Progress: 125855974534 states checked.
Progress: 125894753249 states checked.
Progress: 125933626011 states checked.
Progress: 125972722029 states checked.
Progress: 126011992796 states checked.
Progress: 126051074012 states checked.
Progress: 126090055221 states checked.
Progress: 126128519026 states checked.
Progress: 126166584563 states checked.
Progress: 126204546261 states checked.
Progress: 126243089810 states checked.
Progress: 126281762903 states checked.
Progress: 126320847005 states checked.
Progress: 126360064544 states checked.
Progress: 126399271444 states checked.
Progress: 126438591825 states checked.
Progress: 126477926760 states checked.
Progress: 126517278084 states checked.
Progress: 126555995647 states checked.
Progress: 126594723995 states checked.
Progress: 126632104605 states checked.
Progress: 126670605019 states checked.
Progress: 126709244540 states checked.
Progress: 126747353336 states checked.
Progress: 126785795338 states checked.
Progress: 126824876862 states checked.
Progress: 126863986854 states checked.
Progress: 126903177118 states checked.
Progress: 126941580323 states checked.
Progress: 126980046447 states checked.
Progress: 127019024293 states checked.
Progress: 127058218698 states checked.
Progress: 127096954937 states checked.
Progress: 127136137069 states checked.
Progress: 127174918061 states checked.
Progress: 127213272319 states checked.
Progress: 127251755860 states checked.
Progress: 127290603213 states checked.
Progress: 127329477085 states checked.
Progress: 127368036843 states checked.
Progress: 127407091645 states checked.
Progress: 127446363399 states checked.
Progress: 127484939432 states checked.
Progress: 127524088447 states checked.
Progress: 127563361029 states checked.
Progress: 127602822483 states checked.
Progress: 127642397075 states checked.
Progress: 127681418135 states checked.
Progress: 127720405760 states checked.
Progress: 127759473927 states checked.
Progress: 127798189453 states checked.
Progress: 127837421408 states checked.
Progress: 127876592139 states checked.
Progress: 127915564944 states checked.
Progress: 127954182174 states checked.
Progress: 127992810477 states checked.
Progress: 128031346616 states checked.
Progress: 128069642123 states checked.
Progress: 128108879814 states checked.
Progress: 128148140269 states checked.
Progress: 128187380755 states checked.
Progress: 128226464217 states checked.
Progress: 128264755098 states checked.
Progress: 128301735588 states checked.
Progress: 128339155666 states checked.
Progress: 128377715221 states checked.
Progress: 128416041022 states checked.
Progress: 128454595919 states checked.
Progress: 128493298299 states checked.
Progress: 128531830776 states checked.
Progress: 128570512686 states checked.
Progress: 128609759838 states checked.
Progress: 128648760451 states checked.
Progress: 128687474280 states checked.
Progress: 128725662479 states checked.
Progress: 128763716861 states checked.
Progress: 128802075682 states checked.
Progress: 128840477686 states checked.
Progress: 128878804233 states checked.
Progress: 128916576364 states checked.
Progress: 128954636164 states checked.
Progress: 128993657531 states checked.
Progress: 129033303307 states checked.
Progress: 129071332784 states checked.
Progress: 129109547493 states checked.
Progress: 129148511290 states checked.
Progress: 129187264160 states checked.
Progress: 129226330525 states checked.
Progress: 129265473553 states checked.
Progress: 129304202147 states checked.
Progress: 129342737324 states checked.
Progress: 129381623395 states checked.
Progress: 129420155586 states checked.
Progress: 129458769976 states checked.
Progress: 129497806244 states checked.
Progress: 129536263158 states checked.
Progress: 129574007607 states checked.
Progress: 129611713799 states checked.
Progress: 129649982266 states checked.
Progress: 129688487018 states checked.
Progress: 129727555187 states checked.
Progress: 129766352480 states checked.
Progress: 129804890144 states checked.
Progress: 129842911495 states checked.
Progress: 129880793881 states checked.
Progress: 129918945134 states checked.
Progress: 129957277732 states checked.
Progress: 129996012324 states checked.
Progress: 130034487828 states checked.
Progress: 130073576190 states checked.
Progress: 130112698982 states checked.
Progress: 130151615925 states checked.
Progress: 130190220943 states checked.
Progress: 130228586328 states checked.
Progress: 130266629886 states checked.
Progress: 130304191698 states checked.
Progress: 130341938727 states checked.
Progress: 130379924278 states checked.
Progress: 130418047000 states checked.
Progress: 130456263026 states checked.
Progress: 130494806597 states checked.
Progress: 130533914503 states checked.
Progress: 130573472836 states checked.
Progress: 130612676868 states checked.
Progress: 130651186324 states checked.
Progress: 130689189462 states checked.
Progress: 130727034267 states checked.
Progress: 130765498350 states checked.
Progress: 130803539856 states checked.
Progress: 130841283935 states checked.
Progress: 130878858686 states checked.
Progress: 130917120165 states checked.
Progress: 130955218309 states checked.
Progress: 130993254997 states checked.
Progress: 131031428828 states checked.
Progress: 131069736581 states checked.
Progress: 131108552583 states checked.
Progress: 131147263184 states checked.
Progress: 131185801784 states checked.
Progress: 131223881053 states checked.
Progress: 131260626729 states checked.
Progress: 131297411231 states checked.
Progress: 131334866062 states checked.
Progress: 131372567922 states checked.
Progress: 131410537669 states checked.
Progress: 131447882430 states checked.
Progress: 131485703592 states checked.
Progress: 131523882318 states checked.
Progress: 131562420801 states checked.
Progress: 131601409178 states checked.
Progress: 131640934077 states checked.
Progress: 131679699028 states checked.
Progress: 131720589807 states checked.
Progress: 131761264749 states checked.
Progress: 131799488881 states checked.
Progress: 131837157756 states checked.
Progress: 131874853733 states checked.
Progress: 131911746062 states checked.
Progress: 131949448077 states checked.
Progress: 131986789583 states checked.
Progress: 132023693875 states checked.
Progress: 132061175303 states checked.
Progress: 132099800934 states checked.
Progress: 132138409426 states checked.
Progress: 132178144710 states checked.
Progress: 132215603265 states checked.
Progress: 132252513100 states checked.
Progress: 132289859472 states checked.
Progress: 132326677945 states checked.
Progress: 132363836828 states checked.
Progress: 132402218588 states checked.
Progress: 132439709621 states checked.
Progress: 132477962227 states checked.
Progress: 132515996810 states checked.
Progress: 132553129278 states checked.
Progress: 132593491503 states checked.
Progress: 132632800567 states checked.
Progress: 132670326842 states checked.
Progress: 132707235315 states checked.
Progress: 132744007682 states checked.
Progress: 132783691333 states checked.
Progress: 132824211281 states checked.
Progress: 132861409065 states checked.
Progress: 132900630493 states checked.
Progress: 132941049065 states checked.
Progress: 132981212167 states checked.
Progress: 133021087483 states checked.
Progress: 133058664373 states checked.
Progress: 133096892294 states checked.
Progress: 133134280090 states checked.
Progress: 133171592443 states checked.
Progress: 133208419423 states checked.
Progress: 133245319104 states checked.
Progress: 133281849037 states checked.
Progress: 133318529606 states checked.
Progress: 133355344528 states checked.
Progress: 133391996490 states checked.
Progress: 133428875081 states checked.
Progress: 133466029579 states checked.
Progress: 133502841257 states checked.
Progress: 133539619402 states checked.
Progress: 133576465069 states checked.
Progress: 133613167673 states checked.
Progress: 133649711596 states checked.
Progress: 133686365384 states checked.
Progress: 133723120887 states checked.
Progress: 133760165563 states checked.
Progress: 133797193501 states checked.
Progress: 133833870974 states checked.
Progress: 133870750578 states checked.
Progress: 133907744321 states checked.
Progress: 133944611950 states checked.
Progress: 133981380134 states checked.
Progress: 134018008665 states checked.
Progress: 134054716629 states checked.
Progress: 134091595228 states checked.
Progress: 134127964420 states checked.
Progress: 134164469390 states checked.
Progress: 134201093969 states checked.
Progress: 134237698148 states checked.
Progress: 134274333527 states checked.
Progress: 134311118993 states checked.
Progress: 134348321477 states checked.
Progress: 134385112354 states checked.
Progress: 134421920609 states checked.
Progress: 134458772705 states checked.
Progress: 134495426686 states checked.
Progress: 134532234435 states checked.
Progress: 134569159392 states checked.
Progress: 134605934976 states checked.
Progress: 134642675866 states checked.
Progress: 134679319335 states checked.
Progress: 134715973470 states checked.
Progress: 134752835933 states checked.
Progress: 134789779661 states checked.
Progress: 134826514239 states checked.
Progress: 134863326395 states checked.
Progress: 134900075531 states checked.
Progress: 134936682261 states checked.
Progress: 134973419431 states checked.
Progress: 135009802948 states checked.
Progress: 135046391050 states checked.
Progress: 135083215607 states checked.
Progress: 135119801010 states checked.
Progress: 135156274420 states checked.
Progress: 135192863075 states checked.
Progress: 135229469165 states checked.
Progress: 135266223556 states checked.
Progress: 135302859129 states checked.
Progress: 135339487475 states checked.
Progress: 135376102204 states checked.
Progress: 135412408196 states checked.
Progress: 135449112136 states checked.
Progress: 135485789211 states checked.
Progress: 135522550726 states checked.
Progress: 135559327035 states checked.
Progress: 135596212176 states checked.
Progress: 135632927458 states checked.
Progress: 135669540463 states checked.
Progress: 135706134499 states checked.
Progress: 135742820118 states checked.
Progress: 135779481043 states checked.
Progress: 135816189215 states checked.
Progress: 135852855891 states checked.
Progress: 135889991371 states checked.
Progress: 135926981245 states checked.
Progress: 135963258283 states checked.
Progress: 135999590023 states checked.
Progress: 136035910301 states checked.
Progress: 136072500642 states checked.
Progress: 136108892037 states checked.
Progress: 136145857814 states checked.
Progress: 136182575388 states checked.
Progress: 136219180667 states checked.
Progress: 136255707165 states checked.
Progress: 136292358654 states checked.
Progress: 136328932613 states checked.
Progress: 136365557558 states checked.
Progress: 136402180852 states checked.
Progress: 136438845247 states checked.
Progress: 136475378158 states checked.
Progress: 136512198029 states checked.
Progress: 136548766380 states checked.
Progress: 136585375838 states checked.
Progress: 136621947210 states checked.
Progress: 136658526889 states checked.
Progress: 136695038362 states checked.
Progress: 136731682689 states checked.
Progress: 136768260621 states checked.
Progress: 136804849040 states checked.
Progress: 136841602251 states checked.
Progress: 136878311817 states checked.
Progress: 136914827656 states checked.
Progress: 136951502150 states checked.
Progress: 136987970318 states checked.
Progress: 137024492506 states checked.
Progress: 137061045591 states checked.
Progress: 137097718091 states checked.
Progress: 137134156182 states checked.
Progress: 137170970822 states checked.
Progress: 137207505259 states checked.
Progress: 137244195266 states checked.
Progress: 137280706862 states checked.
Progress: 137316941902 states checked.
Progress: 137353212589 states checked.
Progress: 137389692172 states checked.
Progress: 137426174090 states checked.
Progress: 137462881508 states checked.
Progress: 137499558309 states checked.
Progress: 137536084249 states checked.
Progress: 137572848916 states checked.
Progress: 137609701889 states checked.
Progress: 137646277311 states checked.
Progress: 137682835512 states checked.
Progress: 137719586849 states checked.
Progress: 137756154796 states checked.
Progress: 137792856126 states checked.
Progress: 137829479343 states checked.
Progress: 137865987058 states checked.
Progress: 137902572227 states checked.
Progress: 137939472507 states checked.
Progress: 137976097449 states checked.
Progress: 138012474018 states checked.
Progress: 138048939625 states checked.
Progress: 138085649267 states checked.
Progress: 138122297803 states checked.
Progress: 138158851272 states checked.
Progress: 138195598382 states checked.
Progress: 138232233106 states checked.
Progress: 138268950212 states checked.
Progress: 138305374827 states checked.
Progress: 138342009022 states checked.
Progress: 138378583016 states checked.
Progress: 138415337467 states checked.
Progress: 138451980825 states checked.
Progress: 138488681040 states checked.
Progress: 138525362874 states checked.
Progress: 138561871016 states checked.
Progress: 138598403063 states checked.
Progress: 138634990737 states checked.
Progress: 138671349937 states checked.
Progress: 138707981660 states checked.
Progress: 138744531581 states checked.
Progress: 138781059756 states checked.
Progress: 138817663394 states checked.
Progress: 138854273872 states checked.
Progress: 138890898869 states checked.
Progress: 138927624354 states checked.
Progress: 138964294137 states checked.
Progress: 139001010323 states checked.
Progress: 139037787489 states checked.
Progress: 139074318971 states checked.
Progress: 139110910018 states checked.
Progress: 139147505508 states checked.
Progress: 139184032399 states checked.
Progress: 139220657928 states checked.
Progress: 139257287501 states checked.
Progress: 139293877653 states checked.
Progress: 139330408110 states checked.
Progress: 139367185376 states checked.
Progress: 139403804487 states checked.
Progress: 139440434360 states checked.
Progress: 139476920050 states checked.
Progress: 139513514994 states checked.
Progress: 139550089791 states checked.
Progress: 139586742331 states checked.
Progress: 139623316638 states checked.
Progress: 139659913724 states checked.
Progress: 139696416409 states checked.
Progress: 139732869559 states checked.
Progress: 139769551025 states checked.
Progress: 139806004836 states checked.
Progress: 139842519680 states checked.
Progress: 139879054933 states checked.
Progress: 139915578486 states checked.
Progress: 139952389511 states checked.
Progress: 139988991244 states checked.
Progress: 140025362333 states checked.
Progress: 140062000195 states checked.
Progress: 140098954979 states checked.
Progress: 140136217623 states checked.
Progress: 140172387986 states checked.
Progress: 140208737870 states checked.
Progress: 140245216979 states checked.
Progress: 140281831829 states checked.
Progress: 140318398609 states checked.
Progress: 140355089874 states checked.
Progress: 140392327811 states checked.
Progress: 140429672907 states checked.
Progress: 140467388793 states checked.
Progress: 140505094587 states checked.
Progress: 140542952572 states checked.
Progress: 140580700652 states checked.
Progress: 140618359928 states checked.
Progress: 140655910917 states checked.
Progress: 140693704703 states checked.
Progress: 140731320386 states checked.
Progress: 140769329961 states checked.
Progress: 140807901650 states checked.
Progress: 140847244287 states checked.
Progress: 140886851510 states checked.
Progress: 140926659643 states checked.
Progress: 140967031772 states checked.
Progress: 141007867128 states checked.
Progress: 141048679915 states checked.
Progress: 141089612565 states checked.
Progress: 141130536920 states checked.
Progress: 141171515921 states checked.
Progress: 141212527657 states checked.
Progress: 141253586386 states checked.
Progress: 141294571643 states checked.
Progress: 141335506598 states checked.
Progress: 141376538831 states checked.
Progress: 141417500537 states checked.
Progress: 141458497795 states checked.
Progress: 141499536428 states checked.
Progress: 141540436605 states checked.
Progress: 141581416850 states checked.
Progress: 141622452921 states checked.
Progress: 141663459325 states checked.
Progress: 141704484152 states checked.
Progress: 141745476567 states checked.
Progress: 141786426172 states checked.
Progress: 141827413685 states checked.
Progress: 141868413807 states checked.
Progress: 141909498303 states checked.
Progress: 141950475166 states checked.
Progress: 141991450064 states checked.
Progress: 142032393862 states checked.
Progress: 142073339389 states checked.
Progress: 142114277241 states checked.
Progress: 142155252801 states checked.
Progress: 142196181752 states checked.
Progress: 142237110559 states checked.
Progress: 142278144420 states checked.
Progress: 142319150304 states checked.
Progress: 142360152580 states checked.
Progress: 142401132179 states checked.
Progress: 142442185066 states checked.
Progress: 142483254531 states checked.
Progress: 142524287428 states checked.
Progress: 142565326420 states checked.
Progress: 142606366450 states checked.
Progress: 142647444108 states checked.
Progress: 142688474502 states checked.
Progress: 142729492744 states checked.
Progress: 142770485570 states checked.
Progress: 142811531127 states checked.
Progress: 142852594563 states checked.
Progress: 142893683143 states checked.
Progress: 142934766287 states checked.
Progress: 142975909556 states checked.
Progress: 143016925260 states checked.
Progress: 143057954751 states checked.
Progress: 143099017163 states checked.
Progress: 143140101899 states checked.
Progress: 143181159179 states checked.
Progress: 143222274315 states checked.
Progress: 143263373585 states checked.
Progress: 143304463763 states checked.
Progress: 143345511127 states checked.
Progress: 143386586160 states checked.
Progress: 143427614268 states checked.
Progress: 143468687032 states checked.
Progress: 143509736979 states checked.
Progress: 143550824737 states checked.
Progress: 143591838557 states checked.
Progress: 143632880710 states checked.
Progress: 143673847278 states checked.
Progress: 143714857983 states checked.
Progress: 143755843305 states checked.
Progress: 143796794159 states checked.
Progress: 143837831760 states checked.
Progress: 143878941666 states checked.
Progress: 143919967260 states checked.
Progress: 143961074393 states checked.
Progress: 144002176702 states checked.
Progress: 144043190667 states checked.
Progress: 144084227210 states checked.
Progress: 144125316331 states checked.
Progress: 144166381580 states checked.
Progress: 144207412125 states checked.
Progress: 144248544548 states checked.
Progress: 144289563628 states checked.
Progress: 144330607675 states checked.
Progress: 144371731014 states checked.
Progress: 144412846583 states checked.
Progress: 144453962943 states checked.
Progress: 144495090426 states checked.
Progress: 144536144646 states checked.
Progress: 144577187946 states checked.
Progress: 144618243337 states checked.
Progress: 144659308666 states checked.
Progress: 144700305916 states checked.
Progress: 144741395376 states checked.
Progress: 144782465471 states checked.
Progress: 144823522861 states checked.
Progress: 144864609533 states checked.
Progress: 144905691095 states checked.
Progress: 144946769463 states checked.
Progress: 144987828635 states checked.
Progress: 145028857004 states checked.
Progress: 145069924339 states checked.
Progress: 145111072736 states checked.
Progress: 145152225983 states checked.
Progress: 145193377671 states checked.
Progress: 145234464859 states checked.
Progress: 145275574469 states checked.
Progress: 145316667947 states checked.
Progress: 145357755323 states checked.
Progress: 145398888232 states checked.
Progress: 145439994488 states checked.
Progress: 145481048568 states checked.
Progress: 145522128976 states checked.
Progress: 145563237750 states checked.
Progress: 145604346850 states checked.
Progress: 145645488017 states checked.
Progress: 145686629064 states checked.
Progress: 145727753562 states checked.
Progress: 145768841469 states checked.
Progress: 145809943125 states checked.
Progress: 145851007381 states checked.
Progress: 145892034432 states checked.
Progress: 145933117167 states checked.
Progress: 145974117182 states checked.
Progress: 146015159977 states checked.
Progress: 146056208434 states checked.
Progress: 146097372229 states checked.
Progress: 146138472070 states checked.
Progress: 146179602397 states checked.
Progress: 146220713865 states checked.
Progress: 146261791648 states checked.
Progress: 146302890748 states checked.
Progress: 146343974718 states checked.
Progress: 146385049118 states checked.
Progress: 146426161410 states checked.
Progress: 146467221406 states checked.
Progress: 146508270605 states checked.
Progress: 146549385963 states checked.
Progress: 146590492047 states checked.
Progress: 146631595134 states checked.
Progress: 146672730271 states checked.
Progress: 146713884447 states checked.
Progress: 146755008494 states checked.
Progress: 146796097844 states checked.
Progress: 146837201025 states checked.
Progress: 146878303523 states checked.
Progress: 146919441156 states checked.
Progress: 146960578577 states checked.
Progress: 147001689762 states checked.
Progress: 147042786792 states checked.
Progress: 147083869525 states checked.
Progress: 147124900000 states checked.
Progress: 147165956777 states checked.
Progress: 147207028632 states checked.
Progress: 147248151032 states checked.
Progress: 147289196275 states checked.
Progress: 147330170010 states checked.
Progress: 147371201506 states checked.
Progress: 147412225584 states checked.
Progress: 147453263394 states checked.
Progress: 147494341122 states checked.
Progress: 147535455818 states checked.
Progress: 147576497836 states checked.
Progress: 147617549518 states checked.
Progress: 147658615582 states checked.
Progress: 147699682321 states checked.
Progress: 147740845302 states checked.
Progress: 147781852550 states checked.
Progress: 147822934882 states checked.
Progress: 147863994206 states checked.
Progress: 147905163773 states checked.
Progress: 147946251614 states checked.
Progress: 147987402506 states checked.
Progress: 148028554150 states checked.
Progress: 148069657416 states checked.
Progress: 148110791450 states checked.
Progress: 148151904340 states checked.
Progress: 148192988313 states checked.
Progress: 148234050990 states checked.
Progress: 148275176477 states checked.
Progress: 148316261276 states checked.
Progress: 148357505823 states checked.
Progress: 148398625218 states checked.
Progress: 148439692591 states checked.
Progress: 148480835143 states checked.
Progress: 148521948906 states checked.
Progress: 148563088592 states checked.
Progress: 148604245031 states checked.
Progress: 148645434340 states checked.
Progress: 148686570636 states checked.
Progress: 148727694624 states checked.
Progress: 148768769667 states checked.
Progress: 148809823331 states checked.
Progress: 148850930798 states checked.
Progress: 148892093093 states checked.
Progress: 148933168872 states checked.
Progress: 148974280968 states checked.
Progress: 149015346617 states checked.
Progress: 149056505202 states checked.
Progress: 149097617686 states checked.
Progress: 149138746773 states checked.
Progress: 149179829854 states checked.
Progress: 149220964860 states checked.
Progress: 149262157934 states checked.
Progress: 149303289714 states checked.
Progress: 149344433637 states checked.
Progress: 149385543225 states checked.
Progress: 149426634228 states checked.
Progress: 149467766757 states checked.
Progress: 149508903742 states checked.
Progress: 149550037503 states checked.
Progress: 149591172292 states checked.
Progress: 149632304376 states checked.
Progress: 149673443005 states checked.
Progress: 149714496878 states checked.
Progress: 149755545661 states checked.
Progress: 149796669563 states checked.
Progress: 149837772113 states checked.
Progress: 149878873305 states checked.
Progress: 149919765572 states checked.
Progress: 149960834755 states checked.
Progress: 150001922047 states checked.
Progress: 150043008072 states checked.
Progress: 150084134334 states checked.
Progress: 150125303271 states checked.
Progress: 150166443352 states checked.
Progress: 150207561347 states checked.
Progress: 150248654048 states checked.
Progress: 150289739516 states checked.
Progress: 150330858355 states checked.
Progress: 150371968420 states checked.
Progress: 150413072461 states checked.
Progress: 150454150764 states checked.
Progress: 150495276663 states checked.
Progress: 150536427409 states checked.
Progress: 150577603438 states checked.
Progress: 150618755426 states checked.
Progress: 150659880427 states checked.
Progress: 150701076192 states checked.
Progress: 150742271548 states checked.
Progress: 150783407404 states checked.
Progress: 150824578629 states checked.
Progress: 150865720864 states checked.
Progress: 150906876591 states checked.
Progress: 150948076112 states checked.
Progress: 150989254320 states checked.
Progress: 151030404544 states checked.
Progress: 151071556005 states checked.
Progress: 151112709714 states checked.
Progress: 151153924616 states checked.
Progress: 151195141771 states checked.
Progress: 151236279700 states checked.
Progress: 151277396328 states checked.
Progress: 151318422389 states checked.
Progress: 151359491180 states checked.
Progress: 151400590845 states checked.
Progress: 151441734971 states checked.
Progress: 151482803091 states checked.
Progress: 151523854137 states checked.
Progress: 151564899072 states checked.
Progress: 151605995418 states checked.
Progress: 151647045047 states checked.
Progress: 151688141086 states checked.
Progress: 151729264440 states checked.
Progress: 151770292767 states checked.
Progress: 151811414363 states checked.
Progress: 151852540760 states checked.
Progress: 151893668392 states checked.
Progress: 151934753186 states checked.
Progress: 151975839558 states checked.
Progress: 152016992072 states checked.
Progress: 152058128004 states checked.
Progress: 152099254215 states checked.
Progress: 152140382551 states checked.
Progress: 152181510631 states checked.
Progress: 152222636285 states checked.
Progress: 152263775558 states checked.
Progress: 152304880487 states checked.
Progress: 152345983600 states checked.
Progress: 152387082085 states checked.
Progress: 152428195430 states checked.
Progress: 152469278974 states checked.
Progress: 152510334024 states checked.
Progress: 152551457793 states checked.
Progress: 152592515819 states checked.
Progress: 152633549745 states checked.
Progress: 152674654108 states checked.
Progress: 152715681743 states checked.
Progress: 152756753805 states checked.
Progress: 152797865795 states checked.
Progress: 152838985497 states checked.
Progress: 152880121167 states checked.
Progress: 152921295300 states checked.
Progress: 152962392689 states checked.
Progress: 153003498731 states checked.
Progress: 153044667991 states checked.
Progress: 153085825380 states checked.
Progress: 153126950998 states checked.
Progress: 153168009842 states checked.
Progress: 153209162111 states checked.
Progress: 153250229878 states checked.
Progress: 153291353961 states checked.
Progress: 153332455367 states checked.
Progress: 153373579871 states checked.
Progress: 153414693283 states checked.
Progress: 153455893269 states checked.
Progress: 153497119103 states checked.
Progress: 153538326758 states checked.
Progress: 153579472346 states checked.
Progress: 153620625063 states checked.
Progress: 153661861531 states checked.
Progress: 153702998092 states checked.
Progress: 153744162954 states checked.
Progress: 153785329772 states checked.
Progress: 153826482728 states checked.
Progress: 153867671648 states checked.
Progress: 153908833812 states checked.
Progress: 153950019824 states checked.
Progress: 153991230173 states checked.
Progress: 154032431343 states checked.
Progress: 154073544157 states checked.
Progress: 154114610249 states checked.
Progress: 154155642348 states checked.
Progress: 154196710302 states checked.
Progress: 154237778838 states checked.
Progress: 154278981344 states checked.
Progress: 154320140300 states checked.
Progress: 154361292524 states checked.
Progress: 154402439227 states checked.
Progress: 154443616344 states checked.
Progress: 154484717998 states checked.
Progress: 154525795112 states checked.
Progress: 154566947701 states checked.
Progress: 154608144492 states checked.
Progress: 154649373964 states checked.
Progress: 154690568547 states checked.
Progress: 154731787929 states checked.
Progress: 154772993877 states checked.
Progress: 154814121997 states checked.
Progress: 154855308564 states checked.
Progress: 154896482182 states checked.
Progress: 154937639725 states checked.
Progress: 154978785662 states checked.
Progress: 155019936464 states checked.
Progress: 155061127794 states checked.
Progress: 155102282678 states checked.
Progress: 155143471970 states checked.
Progress: 155184621988 states checked.
Progress: 155225793705 states checked.
Progress: 155266964600 states checked.
Progress: 155308170520 states checked.
Progress: 155349392786 states checked.
Progress: 155390586104 states checked.
Progress: 155431798397 states checked.
Progress: 155472996478 states checked.
Progress: 155514172666 states checked.
Progress: 155555334436 states checked.
Progress: 155596388636 states checked.
Progress: 155637552767 states checked.
Progress: 155678707982 states checked.
Progress: 155719868011 states checked.
Progress: 155761002598 states checked.
Progress: 155802021114 states checked.
Progress: 155843030212 states checked.
Progress: 155884132267 states checked.
Progress: 155925157478 states checked.
Progress: 155966201751 states checked.
Progress: 156007351124 states checked.
Progress: 156048493467 states checked.
Progress: 156089641299 states checked.
Progress: 156130818548 states checked.
Progress: 156171983546 states checked.
Progress: 156213160171 states checked.
Progress: 156254363084 states checked.
Progress: 156295481953 states checked.
Progress: 156336606686 states checked.
Progress: 156377837986 states checked.
Progress: 156419012887 states checked.
Progress: 156460174164 states checked.
Progress: 156501368090 states checked.
Progress: 156542559253 states checked.
Progress: 156583733987 states checked.
Progress: 156624888663 states checked.
Progress: 156666061791 states checked.
Progress: 156707189165 states checked.
Progress: 156748355372 states checked.
Progress: 156789488513 states checked.
Progress: 156830603489 states checked.
Progress: 156871761728 states checked.
Progress: 156912923861 states checked.
Progress: 156954147405 states checked.
Progress: 156995292651 states checked.
Progress: 157036495162 states checked.
Progress: 157077694902 states checked.
Progress: 157118902363 states checked.
Progress: 157160071161 states checked.
Progress: 157201241462 states checked.
Progress: 157242396064 states checked.
Progress: 157283514260 states checked.
Progress: 157324560750 states checked.
Progress: 157365584770 states checked.
Progress: 157406654026 states checked.
Progress: 157447807206 states checked.
Progress: 157488939338 states checked.
Progress: 157530070946 states checked.
Progress: 157571221323 states checked.
Progress: 157612381996 states checked.
Progress: 157653521633 states checked.
Progress: 157694695085 states checked.
Progress: 157735856912 states checked.
Progress: 157777031817 states checked.
Progress: 157818148207 states checked.
Progress: 157859274633 states checked.
Progress: 157900347136 states checked.
Progress: 157941436706 states checked.
Progress: 157982537343 states checked.
Progress: 158023665797 states checked.
Progress: 158064847688 states checked.
Progress: 158106007620 states checked.
Progress: 158147061757 states checked.
Progress: 158188206607 states checked.
Progress: 158229428577 states checked.
Progress: 158270529044 states checked.
Progress: 158311580816 states checked.
Progress: 158352702525 states checked.
Progress: 158393843621 states checked.
Progress: 158434973153 states checked.
Progress: 158476125072 states checked.
Progress: 158517243528 states checked.
Progress: 158558375886 states checked.
Progress: 158599518272 states checked.
Progress: 158640660230 states checked.
Progress: 158681724858 states checked.
Progress: 158722846068 states checked.
Progress: 158763914135 states checked.
Progress: 158805024767 states checked.
Progress: 158846132649 states checked.
Progress: 158887247800 states checked.
Progress: 158928370556 states checked.
Progress: 158969464830 states checked.
Progress: 159010534600 states checked.
Progress: 159051671873 states checked.
Progress: 159092795951 states checked.
Progress: 159133967667 states checked.
Progress: 159175065233 states checked.
Progress: 159216187275 states checked.
Progress: 159257329332 states checked.
Progress: 159298482491 states checked.
Progress: 159339611725 states checked.
Progress: 159380791067 states checked.
Progress: 159421890074 states checked.
Progress: 159463022216 states checked.
Progress: 159504093010 states checked.
Progress: 159545176984 states checked.
Progress: 159586294300 states checked.
Progress: 159627384524 states checked.
Progress: 159668474360 states checked.
Progress: 159709585098 states checked.
Progress: 159750670422 states checked.
Progress: 159791771684 states checked.
Progress: 159832803427 states checked.
Progress: 159873902723 states checked.
Progress: 159915056569 states checked.
Progress: 159956186341 states checked.
Progress: 159997345865 states checked.
Progress: 160038534789 states checked.
Progress: 160079704262 states checked.
Progress: 160120891755 states checked.
Progress: 160162124484 states checked.
Progress: 160203263467 states checked.
Progress: 160244424953 states checked.
Progress: 160285565002 states checked.
Progress: 160326753585 states checked.
Progress: 160367896713 states checked.
Progress: 160409096836 states checked.
Progress: 160450167001 states checked.
Progress: 160491353097 states checked.
Progress: 160532511831 states checked.
Progress: 160573639793 states checked.
Progress: 160614739648 states checked.
Progress: 160655845121 states checked.
Progress: 160696974152 states checked.
Progress: 160738078294 states checked.
Progress: 160779175312 states checked.
Progress: 160820290130 states checked.
Progress: 160861366027 states checked.
Progress: 160902431867 states checked.
Progress: 160943525424 states checked.
Progress: 160984652006 states checked.
Progress: 161025728489 states checked.
Progress: 161066821776 states checked.
Progress: 161108000455 states checked.
Progress: 161149160882 states checked.
Progress: 161190342489 states checked.
Progress: 161231547347 states checked.
Progress: 161272729262 states checked.
Progress: 161313921825 states checked.
Progress: 161355075287 states checked.
Progress: 161396213891 states checked.
Progress: 161437327011 states checked.
Progress: 161478484542 states checked.
Progress: 161519646578 states checked.
Progress: 161560859002 states checked.
Progress: 161602046187 states checked.
Progress: 161643215775 states checked.
Progress: 161684405011 states checked.
Progress: 161725555193 states checked.
Progress: 161766691125 states checked.
Progress: 161807805645 states checked.
Progress: 161848953148 states checked.
Progress: 161890101067 states checked.
Progress: 161931232969 states checked.
Progress: 161972447200 states checked.
Progress: 162013559002 states checked.
Progress: 162054691125 states checked.
Progress: 162095831039 states checked.
Progress: 162136951548 states checked.
Progress: 162178018670 states checked.
Progress: 162219005888 states checked.
Progress: 162260118527 states checked.
Progress: 162301195895 states checked.
Progress: 162342286043 states checked.
Progress: 162383427969 states checked.
Progress: 162424593997 states checked.
Progress: 162465739672 states checked.
Progress: 162506835313 states checked.
Progress: 162547963175 states checked.
Progress: 162589039239 states checked.
Progress: 162630110592 states checked.
Progress: 162671227604 states checked.
Progress: 162712390617 states checked.
Progress: 162753497911 states checked.
Progress: 162794614234 states checked.
Progress: 162835794391 states checked.
Progress: 162876937445 states checked.
Progress: 162918092792 states checked.
Progress: 162959251279 states checked.
Progress: 163000419067 states checked.
Progress: 163041582319 states checked.
Progress: 163082735411 states checked.
Progress: 163123974131 states checked.
Progress: 163165186823 states checked.
Progress: 163206356600 states checked.
Progress: 163247533570 states checked.
Progress: 163288659827 states checked.
Progress: 163329815481 states checked.
Progress: 163371013278 states checked.
Progress: 163412224691 states checked.
Progress: 163453452945 states checked.
Progress: 163494591148 states checked.
Progress: 163535710655 states checked.
Progress: 163576912307 states checked.
Progress: 163618069205 states checked.
Progress: 163659205743 states checked.
Progress: 163700360992 states checked.
Progress: 163741558493 states checked.
Progress: 163782705537 states checked.
Progress: 163823907009 states checked.
Progress: 163865111751 states checked.
Progress: 163906320220 states checked.
Progress: 163947563376 states checked.
Progress: 163988809069 states checked.
Progress: 164029994110 states checked.
Progress: 164071206133 states checked.
Progress: 164112428995 states checked.
Progress: 164153611369 states checked.
Progress: 164194747778 states checked.
Progress: 164235957956 states checked.
Progress: 164277182270 states checked.
Progress: 164318329526 states checked.
Progress: 164359509923 states checked.
Progress: 164400681391 states checked.
Progress: 164441874711 states checked.
Progress: 164483045775 states checked.
Progress: 164524275898 states checked.
Progress: 164565481247 states checked.
Progress: 164606699834 states checked.
Progress: 164647804588 states checked.
Progress: 164688926239 states checked.
Progress: 164730119669 states checked.
Progress: 164771209840 states checked.
Progress: 164812274108 states checked.
Progress: 164853489669 states checked.
Progress: 164894670606 states checked.
Progress: 164935809806 states checked.
Progress: 164976989696 states checked.
Progress: 165018147083 states checked.
Progress: 165059357531 states checked.
Progress: 165100579713 states checked.
Progress: 165141727804 states checked.
Progress: 165182864847 states checked.
Progress: 165224066684 states checked.
Progress: 165265247507 states checked.
Progress: 165306447887 states checked.
Progress: 165347586089 states checked.
Progress: 165388697997 states checked.
Progress: 165429843982 states checked.
Progress: 165470978357 states checked.
Progress: 165512083782 states checked.
Progress: 165553214562 states checked.
Progress: 165594341789 states checked.
Progress: 165635531327 states checked.
Progress: 165676698923 states checked.
Progress: 165717878299 states checked.
Progress: 165759023219 states checked.
Progress: 165800171305 states checked.
Progress: 165841316146 states checked.
Progress: 165882507274 states checked.
Progress: 165923681383 states checked.
Progress: 165964771391 states checked.
Progress: 166005936775 states checked.
Progress: 166046981907 states checked.
Progress: 166088099670 states checked.
Progress: 166129279209 states checked.
Progress: 166170496977 states checked.
Progress: 166211756379 states checked.
Progress: 166252983699 states checked.
Progress: 166294143340 states checked.
Progress: 166335299950 states checked.
Progress: 166376482253 states checked.
Progress: 166417670036 states checked.
Progress: 166458865543 states checked.
Progress: 166500019212 states checked.
Progress: 166541197118 states checked.
Progress: 166582374930 states checked.
Progress: 166623546071 states checked.
Progress: 166664687108 states checked.
Progress: 166705921085 states checked.
Progress: 166747127607 states checked.
Progress: 166788235889 states checked.
Progress: 166829349223 states checked.
Progress: 166870477493 states checked.
Progress: 166911698557 states checked.
Progress: 166952908253 states checked.
Progress: 166994119672 states checked.
Progress: 167035309849 states checked.
Progress: 167076485103 states checked.
Progress: 167117661848 states checked.
Progress: 167158806828 states checked.
Progress: 167199976159 states checked.
Progress: 167241129921 states checked.
Progress: 167282322956 states checked.
Progress: 167323547433 states checked.
Progress: 167364762683 states checked.
Progress: 167405926292 states checked.
Progress: 167447117547 states checked.
Progress: 167488312904 states checked.
Progress: 167529562933 states checked.
Progress: 167570819377 states checked.
Progress: 167612040476 states checked.
Progress: 167653241772 states checked.
Progress: 167694461361 states checked.
Progress: 167735677460 states checked.
Progress: 167776875541 states checked.
Progress: 167818007623 states checked.
Progress: 167859204121 states checked.
Progress: 167900420466 states checked.
Progress: 167941605630 states checked.
Progress: 167982856222 states checked.
Progress: 168024087083 states checked.
Progress: 168065286698 states checked.
Progress: 168106511338 states checked.
Progress: 168147741346 states checked.
Progress: 168188967772 states checked.
Progress: 168230199205 states checked.
Progress: 168271445808 states checked.
Progress: 168312663054 states checked.
Progress: 168353863584 states checked.
Progress: 168395087427 states checked.
Progress: 168436307111 states checked.
Progress: 168477488207 states checked.
Progress: 168518716472 states checked.
Progress: 168559945135 states checked.
Progress: 168601206201 states checked.
Progress: 168642420486 states checked.
Progress: 168683645578 states checked.
Progress: 168724909592 states checked.
Progress: 168766136183 states checked.
Progress: 168807392031 states checked.
Progress: 168848599519 states checked.
Progress: 168889823146 states checked.
Progress: 168930977857 states checked.
Progress: 168972123115 states checked.
Progress: 169013290915 states checked.
Progress: 169054544442 states checked.
Progress: 169095735411 states checked.
Progress: 169136882578 states checked.
Progress: 169178091864 states checked.
Progress: 169219267566 states checked.
Progress: 169260397513 states checked.
Progress: 169301541946 states checked.
Progress: 169342709114 states checked.
Progress: 169383895769 states checked.
Progress: 169425122695 states checked.
Progress: 169466347114 states checked.
Progress: 169507577067 states checked.
Progress: 169548818882 states checked.
Progress: 169590098948 states checked.
Progress: 169631341281 states checked.
Progress: 169672560698 states checked.
Progress: 169713769924 states checked.
Progress: 169755023243 states checked.
Progress: 169796281699 states checked.
Progress: 169837569522 states checked.
Progress: 169878790202 states checked.
Progress: 169919999868 states checked.
Progress: 169961247672 states checked.
Progress: 170002493737 states checked.
Progress: 170043720821 states checked.
Progress: 170084963096 states checked.
Progress: 170126164939 states checked.
Progress: 170167382851 states checked.
Progress: 170208652309 states checked.
Progress: 170249896402 states checked.
Progress: 170291133199 states checked.
Progress: 170332429332 states checked.
Progress: 170373662485 states checked.
Progress: 170414899067 states checked.
Progress: 170456118491 states checked.
Progress: 170497320445 states checked.
Progress: 170538479300 states checked.
Progress: 170579707208 states checked.
Progress: 170620892902 states checked.
Progress: 170662090904 states checked.
Progress: 170703290701 states checked.
Progress: 170744560944 states checked.
Progress: 170785778423 states checked.
Progress: 170826987954 states checked.
Progress: 170868163403 states checked.
Progress: 170909302829 states checked.
Progress: 170950486726 states checked.
Progress: 170991696065 states checked.
Progress: 171032874372 states checked.
Progress: 171074101652 states checked.
Progress: 171115309981 states checked.
Progress: 171156488217 states checked.
Progress: 171197680601 states checked.
Progress: 171238900636 states checked.
Progress: 171280163690 states checked.
Progress: 171321377835 states checked.
Progress: 171362615991 states checked.
Progress: 171403814270 states checked.
Progress: 171445131232 states checked.
Progress: 171486408242 states checked.
Progress: 171527648681 states checked.
Progress: 171568855169 states checked.
Progress: 171610038532 states checked.
Progress: 171651270569 states checked.
Progress: 171692438606 states checked.
Progress: 171733676773 states checked.
Progress: 171774918926 states checked.
Progress: 171816181437 states checked.
Progress: 171857372178 states checked.
Progress: 171898601595 states checked.
Progress: 171939831629 states checked.
Progress: 171981056741 states checked.
Progress: 172022307398 states checked.
Progress: 172063525648 states checked.
Progress: 172104746265 states checked.
Progress: 172145943051 states checked.
Progress: 172187207275 states checked.
Progress: 172228465519 states checked.
Progress: 172269700356 states checked.
Progress: 172310958887 states checked.
Progress: 172352206527 states checked.
Progress: 172393379917 states checked.
Progress: 172434600273 states checked.
Progress: 172475851145 states checked.
Progress: 172517155446 states checked.
Progress: 172558349697 states checked.
Progress: 172599574795 states checked.
Progress: 172640818079 states checked.
Progress: 172681986096 states checked.
Progress: 172723154306 states checked.
Progress: 172764311765 states checked.
Progress: 172805471315 states checked.
Progress: 172846611156 states checked.
Progress: 172887793457 states checked.
Progress: 172928932567 states checked.
Progress: 172970125620 states checked.
Progress: 173011270857 states checked.
Progress: 173052452885 states checked.
Progress: 173093644988 states checked.
Progress: 173134886157 states checked.
Progress: 173176116881 states checked.
Progress: 173217301598 states checked.
Progress: 173258559908 states checked.
Progress: 173299733066 states checked.
Progress: 173340931898 states checked.
Progress: 173382125183 states checked.
Progress: 173423341302 states checked.
Progress: 173464573942 states checked.
Progress: 173505732856 states checked.
Progress: 173546943605 states checked.
Progress: 173588119902 states checked.
Progress: 173629319631 states checked.
Progress: 173670489319 states checked.
Progress: 173711701299 states checked.
Progress: 173752948130 states checked.
Progress: 173794154996 states checked.
Progress: 173835393681 states checked.
Progress: 173876609062 states checked.
Progress: 173917845058 states checked.
Progress: 173958970301 states checked.
Progress: 174000164137 states checked.
Progress: 174041415218 states checked.
Progress: 174082664449 states checked.
Progress: 174123880400 states checked.
Progress: 174165160421 states checked.
Progress: 174206394948 states checked.
Progress: 174247647539 states checked.
Progress: 174288877759 states checked.
Progress: 174330043833 states checked.
Progress: 174371251655 states checked.
Progress: 174412446477 states checked.
Progress: 174453683739 states checked.
Progress: 174494937766 states checked.
Progress: 174536110409 states checked.
Progress: 174577211842 states checked.
Progress: 174618426330 states checked.
Progress: 174659696766 states checked.
Progress: 174700913187 states checked.
Progress: 174742157234 states checked.
Progress: 174783375249 states checked.
Progress: 174824603273 states checked.
Progress: 174865851255 states checked.
Progress: 174907092966 states checked.
Progress: 174948322389 states checked.
Progress: 174989602006 states checked.
Progress: 175030796656 states checked.
Progress: 175071998400 states checked.
Progress: 175113212092 states checked.
Progress: 175154429393 states checked.
Progress: 175195675782 states checked.
Progress: 175236920028 states checked.
Progress: 175278130153 states checked.
Progress: 175319398740 states checked.
Progress: 175360618425 states checked.
Progress: 175401847781 states checked.
Progress: 175443037076 states checked.
Progress: 175484160375 states checked.
Progress: 175525347951 states checked.
Progress: 175566581396 states checked.
Progress: 175607815650 states checked.
Progress: 175649008209 states checked.
Progress: 175690161895 states checked.
Progress: 175731420593 states checked.
Progress: 175772653947 states checked.
Progress: 175813880595 states checked.
Progress: 175855030128 states checked.
Progress: 175896239807 states checked.
Progress: 175937423123 states checked.
Progress: 175978586527 states checked.
Progress: 176019842921 states checked.
Progress: 176061079107 states checked.
Progress: 176102340068 states checked.
Progress: 176143517175 states checked.
Progress: 176184634154 states checked.
Progress: 176225767111 states checked.
Progress: 176266769489 states checked.
Progress: 176307883122 states checked.
Progress: 176348980498 states checked.
Progress: 176390017631 states checked.
Progress: 176431096174 states checked.
Progress: 176472175626 states checked.
Progress: 176513195304 states checked.
Progress: 176554261948 states checked.
Progress: 176595340887 states checked.
Progress: 176636379118 states checked.
Progress: 176677485678 states checked.
Progress: 176718570353 states checked.
Progress: 176759651280 states checked.
Progress: 176800752140 states checked.
Progress: 176841811453 states checked.
Progress: 176882917847 states checked.
Progress: 176924060389 states checked.
Progress: 176965134892 states checked.
Progress: 177006212344 states checked.
Progress: 177047251814 states checked.
Progress: 177088244040 states checked.
Progress: 177129263287 states checked.
Progress: 177170282345 states checked.
Progress: 177211305419 states checked.
Progress: 177252387203 states checked.
Progress: 177293485988 states checked.
Progress: 177334587912 states checked.
Progress: 177375704111 states checked.
Progress: 177416757347 states checked.
Progress: 177457818767 states checked.
Progress: 177498852957 states checked.
Progress: 177539940771 states checked.
Progress: 177581024436 states checked.
Progress: 177622130624 states checked.
Progress: 177663152238 states checked.
Progress: 177704169860 states checked.
Progress: 177745205279 states checked.
Progress: 177786351056 states checked.
Progress: 177827457203 states checked.
Progress: 177868586622 states checked.
Progress: 177909765029 states checked.
Progress: 177950884404 states checked.
Progress: 177991975317 states checked.
Progress: 178033047059 states checked.
Progress: 178074089370 states checked.
Progress: 178115042085 states checked.
Progress: 178156148916 states checked.
Progress: 178197247695 states checked.
Progress: 178238399934 states checked.
Progress: 178279508101 states checked.
Progress: 178320655869 states checked.
Progress: 178361831250 states checked.
Progress: 178402930869 states checked.
Progress: 178444009051 states checked.
Progress: 178485105418 states checked.
Progress: 178526236730 states checked.
Progress: 178567312598 states checked.
Progress: 178608369256 states checked.
Progress: 178649504856 states checked.
Progress: 178690571986 states checked.
Progress: 178731707923 states checked.
Progress: 178772798204 states checked.
Progress: 178813913806 states checked.
Progress: 178854981365 states checked.
Progress: 178896033885 states checked.
Progress: 178937153209 states checked.
Progress: 178978228529 states checked.
Progress: 179019288667 states checked.
Progress: 179060392240 states checked.
Progress: 179101484938 states checked.
Progress: 179142625253 states checked.
Progress: 179183695051 states checked.
Progress: 179224764888 states checked.
Progress: 179265853878 states checked.
Progress: 179306924864 states checked.
Progress: 179348070618 states checked.
Progress: 179389157646 states checked.
Progress: 179430213804 states checked.
Progress: 179471297317 states checked.
Progress: 179512426922 states checked.
Progress: 179553533187 states checked.
Progress: 179594621953 states checked.
Progress: 179635644009 states checked.
Progress: 179676730092 states checked.
Progress: 179717841178 states checked.
Progress: 179758927220 states checked.
Progress: 179799929857 states checked.
Progress: 179840938292 states checked.
Progress: 179881961792 states checked.
Progress: 179923005358 states checked.
Progress: 179964110497 states checked.
Progress: 180005215724 states checked.
Progress: 180046384169 states checked.
Progress: 180087481457 states checked.
Progress: 180128569200 states checked.
Progress: 180169646200 states checked.
Progress: 180210750539 states checked.
Progress: 180251819498 states checked.
Progress: 180292912372 states checked.
Progress: 180334048292 states checked.
Progress: 180375171565 states checked.
Progress: 180416261112 states checked.
Progress: 180457332047 states checked.
Progress: 180498497365 states checked.
Progress: 180539636688 states checked.
Progress: 180580704935 states checked.
Progress: 180621774614 states checked.
Progress: 180662848945 states checked.
Progress: 180703928951 states checked.
Progress: 180744939448 states checked.
Progress: 180785982219 states checked.
Progress: 180827084307 states checked.
Progress: 180868204932 states checked.
Progress: 180909321117 states checked.
Progress: 180950389966 states checked.
Progress: 180991466847 states checked.
Progress: 181032580325 states checked.
Progress: 181073672394 states checked.
Progress: 181114782129 states checked.
Progress: 181155890991 states checked.
Progress: 181196991496 states checked.
Progress: 181238114613 states checked.
Progress: 181279251342 states checked.
Progress: 181320363294 states checked.
Progress: 181361421472 states checked.
Progress: 181402587630 states checked.
Progress: 181443729324 states checked.
Progress: 181484821114 states checked.
Progress: 181525920399 states checked.
Progress: 181567049772 states checked.
Progress: 181608133767 states checked.
Progress: 181649182762 states checked.
Progress: 181690218324 states checked.
Progress: 181731255902 states checked.
Progress: 181772337159 states checked.
Progress: 181813412162 states checked.
Progress: 181854503386 states checked.
Progress: 181895579383 states checked.
Progress: 181936724261 states checked.
Progress: 181977863561 states checked.
Progress: 182018947303 states checked.
Progress: 182060157533 states checked.
Progress: 182101306611 states checked.
Progress: 182142479272 states checked.
Progress: 182183597440 states checked.
Progress: 182224721918 states checked.
Progress: 182265843671 states checked.
Progress: 182307007242 states checked.
Progress: 182348145190 states checked.
Progress: 182389240578 states checked.
Progress: 182430340391 states checked.
Progress: 182471413663 states checked.
Progress: 182512434520 states checked.
Progress: 182553460341 states checked.
Progress: 182594514295 states checked.
Progress: 182635619646 states checked.
Progress: 182676717451 states checked.
Progress: 182717830902 states checked.
Progress: 182758963686 states checked.
Progress: 182800130941 states checked.
Progress: 182841292728 states checked.
Progress: 182882346836 states checked.
Progress: 182923444115 states checked.
Progress: 182964547594 states checked.
Progress: 183005642927 states checked.
Progress: 183046777741 states checked.
Progress: 183087864884 states checked.
Progress: 183128973218 states checked.
Progress: 183170041655 states checked.
Progress: 183211187465 states checked.
Progress: 183252325159 states checked.
Progress: 183293504140 states checked.
Progress: 183334534223 states checked.
Progress: 183375627373 states checked.
Progress: 183416716096 states checked.
Progress: 183457693438 states checked.
Progress: 183498780652 states checked.
Progress: 183539925252 states checked.
Progress: 183580999031 states checked.
Progress: 183622085551 states checked.
Progress: 183663237815 states checked.
Progress: 183704431078 states checked.
Progress: 183745520490 states checked.
Progress: 183786633645 states checked.
Progress: 183827761326 states checked.
Progress: 183868947660 states checked.
Progress: 183910067310 states checked.
Progress: 183951175686 states checked.
Progress: 183992254373 states checked.
Progress: 184033343945 states checked.
Progress: 184074433555 states checked.
Progress: 184115528907 states checked.
Progress: 184156511637 states checked.
Progress: 184197606332 states checked.
Progress: 184238691326 states checked.
Progress: 184279838538 states checked.
Progress: 184320983908 states checked.
Progress: 184362081837 states checked.
Progress: 184403143148 states checked.
Progress: 184444313979 states checked.
Progress: 184485463628 states checked.
Progress: 184526570247 states checked.
Progress: 184567670660 states checked.
Progress: 184608781267 states checked.
Progress: 184649848965 states checked.
Progress: 184690983685 states checked.
Progress: 184732107188 states checked.
Progress: 184773234533 states checked.
Progress: 184814329728 states checked.
Progress: 184855437265 states checked.
Progress: 184896443578 states checked.
Progress: 184937561736 states checked.
Progress: 184978674302 states checked.
Progress: 185019788768 states checked.
Progress: 185060849500 states checked.
Progress: 185101915314 states checked.
Progress: 185142996154 states checked.
Progress: 185184062937 states checked.
Progress: 185225133742 states checked.
Progress: 185266149338 states checked.
Progress: 185307179503 states checked.
Progress: 185348160760 states checked.
Progress: 185389154201 states checked.
Progress: 185430230972 states checked.
Progress: 185471345649 states checked.
Progress: 185512465686 states checked.
Progress: 185553571713 states checked.
Progress: 185594643575 states checked.
Progress: 185635684943 states checked.
Progress: 185676847352 states checked.
Progress: 185717880324 states checked.
Progress: 185758999107 states checked.
Progress: 185800130251 states checked.
Progress: 185841302915 states checked.
Progress: 185882422098 states checked.
Progress: 185923589482 states checked.
Progress: 185964625512 states checked.
Progress: 186005738762 states checked.
Progress: 186046910323 states checked.
Progress: 186087927367 states checked.
Progress: 186129074297 states checked.
Progress: 186170239107 states checked.
Progress: 186211328263 states checked.
Progress: 186252454030 states checked.
Progress: 186293651037 states checked.
Progress: 186334761857 states checked.
Progress: 186375877701 states checked.
Progress: 186416882219 states checked.
Progress: 186457909126 states checked.
Progress: 186499059597 states checked.
Progress: 186540187890 states checked.
Progress: 186581338958 states checked.
Progress: 186622502137 states checked.
Progress: 186663543145 states checked.
Progress: 186704665441 states checked.
Progress: 186745758776 states checked.
Progress: 186786890753 states checked.
Progress: 186827964603 states checked.
Progress: 186869071295 states checked.
Progress: 186910297691 states checked.
Progress: 186951483022 states checked.
Progress: 186992641423 states checked.
Progress: 187033852739 states checked.
Progress: 187075039865 states checked.
Progress: 187116195015 states checked.
Progress: 187157334851 states checked.
Progress: 187198465292 states checked.
Progress: 187239589326 states checked.
Progress: 187280535108 states checked.
Progress: 187321579742 states checked.
Progress: 187362790774 states checked.
Progress: 187403991418 states checked.
Progress: 187445115279 states checked.
Progress: 187486217195 states checked.
Progress: 187527334551 states checked.
Progress: 187568503404 states checked.
Progress: 187609589894 states checked.
Progress: 187650666533 states checked.
Progress: 187691895670 states checked.
Progress: 187733069998 states checked.
Progress: 187774137324 states checked.
Progress: 187815086753 states checked.
Progress: 187856185620 states checked.
Progress: 187897339360 states checked.
Progress: 187938551341 states checked.
Progress: 187979719905 states checked.
Progress: 188020889240 states checked.
Progress: 188062020007 states checked.
Progress: 188103179504 states checked.
Progress: 188144272517 states checked.
Progress: 188185437235 states checked.
Progress: 188226595750 states checked.
Progress: 188267733827 states checked.
Progress: 188308836559 states checked.
Progress: 188349942558 states checked.
Progress: 188391042082 states checked.
Progress: 188432203766 states checked.
Progress: 188473302484 states checked.
Progress: 188514500797 states checked.
Progress: 188555688629 states checked.
Progress: 188596797878 states checked.
Progress: 188637948782 states checked.
Progress: 188679011270 states checked.
Progress: 188720034554 states checked.
Progress: 188761181472 states checked.
Progress: 188802285798 states checked.
Progress: 188843346355 states checked.
Progress: 188884423921 states checked.
Progress: 188925606514 states checked.
Progress: 188966745565 states checked.
Progress: 189007936090 states checked.
Progress: 189049146546 states checked.
Progress: 189090183671 states checked.
Progress: 189131432642 states checked.
Progress: 189172650407 states checked.
Progress: 189213782051 states checked.
Progress: 189254950912 states checked.
Progress: 189296184055 states checked.
Progress: 189337240206 states checked.
Progress: 189378384708 states checked.
Progress: 189419513930 states checked.
Progress: 189460600894 states checked.
Progress: 189501761971 states checked.
Progress: 189542894236 states checked.
Progress: 189584036962 states checked.
Progress: 189625242948 states checked.
Progress: 189666453377 states checked.
Progress: 189707650467 states checked.
Progress: 189748801180 states checked.
Progress: 189789921562 states checked.
Progress: 189831127106 states checked.
Progress: 189872280234 states checked.
Progress: 189913383591 states checked.
Progress: 189954567956 states checked.
Progress: 189995819493 states checked.
Progress: 190037017656 states checked.
Progress: 190078139038 states checked.
Progress: 190119265305 states checked.
Progress: 190160485194 states checked.
Progress: 190201626868 states checked.
Progress: 190242814369 states checked.
Progress: 190283971999 states checked.
Progress: 190325168778 states checked.
Progress: 190366336057 states checked.
Progress: 190407478077 states checked.
Progress: 190448686229 states checked.
Progress: 190489853231 states checked.
Progress: 190531014295 states checked.
Progress: 190572153757 states checked.
Progress: 190613349095 states checked.
Progress: 190654437427 states checked.
Progress: 190695612180 states checked.
Progress: 190736744972 states checked.
Progress: 190777838216 states checked.
Progress: 190819033440 states checked.
Progress: 190860262945 states checked.
Progress: 190901424212 states checked.
Progress: 190942540283 states checked.
Progress: 190983554597 states checked.
Progress: 191024753419 states checked.
Progress: 191065921025 states checked.
Progress: 191107073907 states checked.
Progress: 191148350103 states checked.
Progress: 191189570909 states checked.
Progress: 191230640080 states checked.
Progress: 191271832228 states checked.
Progress: 191312941979 states checked.
Progress: 191354095729 states checked.
Progress: 191395275764 states checked.
Progress: 191436461479 states checked.
Progress: 191477615762 states checked.
Progress: 191518695789 states checked.
Progress: 191559737166 states checked.
Progress: 191600833162 states checked.
Progress: 191641980959 states checked.
Progress: 191683083901 states checked.
Progress: 191724201255 states checked.
Progress: 191765279751 states checked.
Progress: 191806329721 states checked.
Progress: 191847461435 states checked.
Progress: 191888603215 states checked.
Progress: 191929783082 states checked.
Progress: 191970946785 states checked.
Progress: 192012085123 states checked.
Progress: 192053321108 states checked.
Progress: 192094404688 states checked.
Progress: 192135480639 states checked.
Progress: 192176581302 states checked.
Progress: 192217662241 states checked.
Progress: 192258872916 states checked.
Progress: 192299989268 states checked.
Progress: 192341155046 states checked.
Progress: 192382213358 states checked.
Progress: 192423347942 states checked.
Progress: 192464488216 states checked.
Progress: 192505558590 states checked.
Progress: 192546693509 states checked.
Progress: 192587786711 states checked.
Progress: 192628899330 states checked.
Progress: 192670006865 states checked.
Progress: 192711050267 states checked.
Progress: 192752133470 states checked.
Progress: 192793230949 states checked.
Progress: 192834350145 states checked.
Progress: 192875398788 states checked.
Progress: 192916448523 states checked.
Progress: 192957553252 states checked.
Progress: 192998655556 states checked.
Progress: 193039752736 states checked.
Progress: 193080892017 states checked.
Progress: 193122003161 states checked.
Progress: 193163004897 states checked.
Progress: 193204154989 states checked.
Progress: 193245324288 states checked.
Progress: 193286433879 states checked.
Progress: 193327516545 states checked.
Progress: 193368543403 states checked.
Progress: 193409649265 states checked.
Progress: 193450696960 states checked.
Progress: 193491748236 states checked.
Progress: 193532749838 states checked.
Progress: 193573766805 states checked.
Progress: 193614813437 states checked.
Progress: 193655974609 states checked.
Progress: 193697005222 states checked.
Progress: 193738075089 states checked.
Progress: 193779210927 states checked.
Progress: 193820397192 states checked.
Progress: 193861469041 states checked.
Progress: 193902507661 states checked.
Progress: 193943756272 states checked.
Progress: 193984923658 states checked.
Progress: 194025930897 states checked.
Progress: 194067066512 states checked.
Progress: 194108141721 states checked.
Progress: 194149361022 states checked.
Progress: 194190440206 states checked.
Progress: 194231543746 states checked.
Progress: 194272648787 states checked.
Progress: 194313651658 states checked.
Progress: 194354744662 states checked.
Progress: 194395912698 states checked.
Progress: 194437045513 states checked.
Progress: 194478139087 states checked.
Progress: 194519235020 states checked.
Progress: 194560357305 states checked.
Progress: 194601341191 states checked.
Progress: 194642510908 states checked.
Progress: 194683654868 states checked.
Progress: 194724808370 states checked.
Progress: 194766028219 states checked.
Progress: 194807270381 states checked.
Progress: 194848500679 states checked.
Progress: 194889646100 states checked.
Progress: 194930762643 states checked.
Progress: 194971898767 states checked.
Progress: 195013014188 states checked.
Progress: 195054118534 states checked.
Progress: 195095177239 states checked.
Progress: 195136296900 states checked.
Progress: 195177389622 states checked.
Progress: 195218469611 states checked.
Progress: 195259667312 states checked.
Progress: 195300796334 states checked.
Progress: 195341888945 states checked.
Progress: 195382917973 states checked.
Progress: 195423960300 states checked.
Progress: 195465069802 states checked.
Progress: 195506219466 states checked.
Progress: 195547456668 states checked.
Progress: 195588530175 states checked.
Progress: 195629624567 states checked.
Progress: 195670761639 states checked.
Progress: 195711853758 states checked.
Progress: 195752932828 states checked.
Progress: 195794050114 states checked.
Progress: 195835129228 states checked.
Progress: 195876305832 states checked.
Progress: 195917383560 states checked.
Progress: 195958511701 states checked.
Progress: 195999663268 states checked.
Progress: 196040782781 states checked.
Progress: 196081971809 states checked.
Progress: 196123062465 states checked.
Progress: 196164164196 states checked.
Progress: 196205265784 states checked.
Progress: 196246357244 states checked.
Progress: 196287477009 states checked.
Progress: 196328610454 states checked.
Progress: 196369780902 states checked.
Progress: 196410878908 states checked.
Progress: 196451959555 states checked.
Progress: 196493068399 states checked.
Progress: 196534107583 states checked.
Progress: 196575130415 states checked.
Progress: 196616205453 states checked.
Progress: 196657247172 states checked.
Progress: 196698359550 states checked.
Progress: 196739452387 states checked.
Progress: 196780589970 states checked.
Progress: 196821647987 states checked.
Progress: 196862748890 states checked.
Progress: 196903903421 states checked.
Progress: 196945000744 states checked.
Progress: 196986163865 states checked.
Progress: 197027299727 states checked.
Progress: 197068352331 states checked.
Progress: 197109396141 states checked.
Progress: 197150482633 states checked.
Progress: 197191592134 states checked.
Progress: 197232644213 states checked.
Progress: 197273670424 states checked.
Progress: 197314819469 states checked.
Progress: 197355923401 states checked.
Progress: 197397048429 states checked.
Progress: 197438197074 states checked.
Progress: 197479290747 states checked.
Progress: 197520379505 states checked.
Progress: 197561387416 states checked.
Progress: 197602511107 states checked.
Progress: 197643613540 states checked.
Progress: 197684747278 states checked.
Progress: 197725969067 states checked.
Progress: 197767116347 states checked.
Progress: 197808153957 states checked.
Progress: 197849333399 states checked.
Progress: 197890506789 states checked.
Progress: 197931653515 states checked.
Progress: 197972760144 states checked.
Progress: 198013803682 states checked.
Progress: 198054881537 states checked.
Progress: 198096005385 states checked.
Progress: 198137050163 states checked.
Progress: 198177997342 states checked.
Progress: 198219088227 states checked.
Progress: 198260225244 states checked.
Progress: 198301302836 states checked.
Progress: 198342370633 states checked.
Progress: 198383446637 states checked.
Progress: 198424542723 states checked.
Progress: 198465594040 states checked.
Progress: 198506640875 states checked.
Progress: 198547653606 states checked.
Progress: 198588819491 states checked.
Progress: 198629936180 states checked.
Progress: 198671014391 states checked.
Progress: 198712107771 states checked.
Progress: 198753169332 states checked.
Progress: 198794277356 states checked.
Progress: 198835419193 states checked.
Progress: 198876490046 states checked.
Progress: 198917516323 states checked.
Progress: 198958602456 states checked.
Progress: 198999670455 states checked.
Progress: 199040707455 states checked.
Progress: 199081890294 states checked.
Progress: 199122887741 states checked.
Progress: 199164056231 states checked.
Progress: 199205189900 states checked.
Progress: 199246257880 states checked.
Progress: 199287262014 states checked.
Progress: 199328267896 states checked.
Progress: 199369372711 states checked.
Progress: 199410528037 states checked.
Progress: 199451635623 states checked.
Progress: 199492639116 states checked.
Progress: 199533675895 states checked.
Progress: 199574706467 states checked.
Progress: 199615677038 states checked.
Progress: 199656733127 states checked.
Progress: 199697750447 states checked.
Progress: 199738875569 states checked.
Progress: 199779972500 states checked.
Progress: 199821075124 states checked.
Progress: 199862082153 states checked.
Progress: 199903134797 states checked.
Progress: 199944104739 states checked.
Progress: 199985099173 states checked.
Progress: 200026119505 states checked.
Progress: 200067114235 states checked.
Progress: 200108068164 states checked.
Progress: 200149054257 states checked.
Progress: 200190078164 states checked.
Progress: 200231047863 states checked.
Progress: 200272053372 states checked.
Progress: 200313003499 states checked.
Progress: 200354053000 states checked.
Progress: 200395099667 states checked.
Progress: 200436122329 states checked.
Progress: 200477116745 states checked.
Progress: 200518149688 states checked.
Progress: 200559200815 states checked.
Progress: 200600225127 states checked.
Progress: 200641212615 states checked.
Progress: 200682191386 states checked.
Progress: 200723147058 states checked.
Progress: 200764137751 states checked.
Progress: 200805180984 states checked.
Progress: 200846225039 states checked.
Progress: 200887251199 states checked.
Progress: 200928259763 states checked.
Progress: 200969342976 states checked.
Progress: 201010416742 states checked.
Progress: 201051419658 states checked.
Progress: 201092462470 states checked.
Progress: 201133509951 states checked.
Progress: 201174598856 states checked.
Progress: 201215650431 states checked.
Progress: 201256753608 states checked.
Progress: 201297764956 states checked.
Progress: 201338705000 states checked.
Progress: 201379738529 states checked.
Progress: 201420735708 states checked.
Progress: 201461770465 states checked.
Progress: 201502787576 states checked.
Progress: 201543842687 states checked.
Progress: 201584906512 states checked.
Progress: 201625876264 states checked.
Progress: 201666900720 states checked.
Progress: 201707933248 states checked.
Progress: 201748917570 states checked.
Progress: 201789938269 states checked.
Progress: 201830940583 states checked.
Progress: 201872062793 states checked.
Progress: 201913157573 states checked.
Progress: 201954185018 states checked.
Progress: 201995192691 states checked.
Progress: 202036223438 states checked.
Progress: 202077213785 states checked.
Progress: 202118176921 states checked.
Progress: 202159182631 states checked.
Progress: 202200239440 states checked.
Progress: 202241293778 states checked.
Progress: 202282399473 states checked.
Progress: 202323488806 states checked.
Progress: 202364515738 states checked.
Progress: 202405503285 states checked.
Progress: 202446512014 states checked.
Progress: 202487538366 states checked.
Progress: 202528524956 states checked.
Progress: 202569567914 states checked.
Progress: 202610629090 states checked.
Progress: 202651565495 states checked.
Progress: 202692515475 states checked.
Progress: 202733545129 states checked.
Progress: 202774571842 states checked.
Progress: 202815569013 states checked.
Progress: 202856582344 states checked.
Progress: 202897509439 states checked.
Progress: 202938491357 states checked.
Progress: 202979450165 states checked.
Progress: 203020496329 states checked.
Progress: 203061446420 states checked.
Progress: 203102461455 states checked.
Progress: 203143541185 states checked.
Progress: 203184592625 states checked.
Progress: 203225622335 states checked.
Progress: 203266594757 states checked.
Progress: 203307657817 states checked.
Progress: 203348768141 states checked.
Progress: 203389841154 states checked.
Progress: 203430962512 states checked.
Progress: 203472084636 states checked.
Progress: 203513173015 states checked.
Progress: 203554270901 states checked.
Progress: 203595333696 states checked.
Progress: 203636300486 states checked.
Progress: 203677283823 states checked.
Progress: 203718398445 states checked.
Progress: 203759474230 states checked.
Progress: 203800502808 states checked.
Progress: 203841575151 states checked.
Progress: 203882634613 states checked.
Progress: 203923653627 states checked.
Progress: 203964697308 states checked.
Progress: 204005688835 states checked.
Progress: 204046795831 states checked.
Progress: 204087784505 states checked.
Progress: 204128789702 states checked.
Progress: 204169759275 states checked.
Progress: 204210713031 states checked.
Progress: 204251683419 states checked.
Progress: 204292601980 states checked.
Progress: 204333661221 states checked.
Progress: 204374670891 states checked.
Progress: 204415697146 states checked.
Progress: 204456638483 states checked.
Progress: 204497730684 states checked.
Progress: 204538792955 states checked.
Progress: 204579853659 states checked.
Progress: 204620801167 states checked.
Progress: 204661745038 states checked.
Progress: 204702807202 states checked.
Progress: 204743874245 states checked.
Progress: 204784941497 states checked.
Progress: 204826034704 states checked.
Progress: 204867038028 states checked.
Progress: 204907990755 states checked.
Progress: 204949074032 states checked.
Progress: 204990153472 states checked.
Progress: 205031227344 states checked.
Progress: 205072255104 states checked.
Progress: 205113248956 states checked.
Progress: 205154231955 states checked.
Progress: 205195187079 states checked.
Progress: 205236200498 states checked.
Progress: 205277203108 states checked.
Progress: 205318219906 states checked.
Progress: 205359293905 states checked.
Progress: 205400406831 states checked.
Progress: 205441435321 states checked.
Progress: 205482524641 states checked.
Progress: 205523570708 states checked.
Progress: 205564654271 states checked.
Progress: 205605687542 states checked.
Progress: 205646724594 states checked.
Progress: 205687723886 states checked.
Progress: 205728754749 states checked.
Progress: 205769777322 states checked.
Progress: 205810844225 states checked.
Progress: 205851848899 states checked.
Progress: 205892886550 states checked.
Progress: 205933904680 states checked.
Progress: 205974955093 states checked.
Progress: 206015968533 states checked.
Progress: 206057041526 states checked.
Progress: 206098081117 states checked.
Progress: 206139071019 states checked.
Progress: 206180176231 states checked.
Progress: 206221186274 states checked.
Progress: 206262270420 states checked.
Progress: 206303350649 states checked.
Progress: 206344425242 states checked.
Progress: 206385566576 states checked.
Progress: 206426589299 states checked.
Progress: 206467667720 states checked.
Progress: 206508728142 states checked.
Progress: 206549798422 states checked.
Progress: 206590692937 states checked.
Progress: 206631715341 states checked.
Progress: 206672740297 states checked.
Progress: 206713778472 states checked.
Progress: 206754818959 states checked.
Progress: 206795859796 states checked.
Progress: 206836886211 states checked.
Progress: 206877811317 states checked.
Progress: 206918786443 states checked.
Progress: 206959784667 states checked.
Progress: 207000830706 states checked.
Progress: 207041841529 states checked.
Progress: 207082961709 states checked.
Progress: 207124034593 states checked.
Progress: 207165019028 states checked.
Progress: 207206044400 states checked.
Progress: 207247144302 states checked.
Progress: 207288205805 states checked.
Progress: 207329349368 states checked.
Progress: 207370513874 states checked.
Progress: 207411603914 states checked.
Progress: 207452614589 states checked.
Progress: 207493671274 states checked.
Progress: 207534666913 states checked.
Progress: 207575725283 states checked.
Progress: 207616734540 states checked.
Progress: 207657713734 states checked.
Progress: 207698724701 states checked.
Progress: 207739728111 states checked.
Progress: 207780833568 states checked.
Progress: 207821846571 states checked.
Progress: 207862860285 states checked.
Progress: 207903889011 states checked.
Progress: 207944926853 states checked.
Progress: 207985959916 states checked.
Progress: 208026974987 states checked.
Progress: 208067974279 states checked.
Progress: 208108936740 states checked.
Progress: 208149974554 states checked.
Progress: 208191073179 states checked.
Progress: 208232146395 states checked.
Progress: 208273208729 states checked.
Progress: 208314204831 states checked.
Progress: 208355189066 states checked.
Progress: 208396145586 states checked.
Progress: 208437140619 states checked.
Progress: 208478166265 states checked.
Progress: 208519168305 states checked.
Progress: 208560131892 states checked.
Progress: 208601106492 states checked.
Progress: 208642011186 states checked.
Progress: 208682940422 states checked.
Progress: 208723978790 states checked.
Progress: 208764966199 states checked.
Progress: 208805883295 states checked.
Progress: 208846906030 states checked.
Progress: 208887862192 states checked.
Progress: 208928912242 states checked.
Progress: 208969893959 states checked.
Progress: 209010799840 states checked.
Progress: 209051771330 states checked.
Progress: 209092718352 states checked.
Progress: 209133747355 states checked.
Progress: 209174776585 states checked.
Progress: 209215884361 states checked.
Progress: 209256938119 states checked.
Progress: 209298001040 states checked.
Progress: 209339079009 states checked.
Progress: 209380144573 states checked.
Progress: 209421157508 states checked.
Progress: 209462253857 states checked.
Progress: 209503228159 states checked.
Progress: 209544264667 states checked.
Progress: 209585318590 states checked.
Progress: 209626400477 states checked.
Progress: 209667345027 states checked.
Progress: 209708382895 states checked.
Progress: 209749359319 states checked.
Progress: 209790376742 states checked.
Progress: 209831384696 states checked.
Progress: 209872428648 states checked.
Progress: 209913511676 states checked.
Progress: 209954586580 states checked.
Progress: 209995669102 states checked.
Progress: 210036799947 states checked.
Progress: 210077928541 states checked.
Progress: 210118897595 states checked.
Progress: 210159877637 states checked.
Progress: 210200879650 states checked.
Progress: 210241907619 states checked.
Progress: 210282922835 states checked.
Progress: 210323955865 states checked.
Progress: 210364955215 states checked.
Progress: 210406062430 states checked.
Progress: 210447127019 states checked.
Progress: 210488086389 states checked.
Progress: 210529155119 states checked.
Progress: 210570129163 states checked.
Progress: 210611123627 states checked.
Progress: 210652076100 states checked.
Progress: 210693092908 states checked.
Progress: 210734072061 states checked.
Progress: 210775036327 states checked.
Progress: 210816113404 states checked.
Progress: 210857102473 states checked.
Progress: 210898140730 states checked.
Progress: 210939239015 states checked.
Progress: 210980359399 states checked.
Progress: 211021371177 states checked.
Progress: 211062454563 states checked.
Progress: 211103518734 states checked.
Progress: 211144566205 states checked.
Progress: 211185607678 states checked.
Progress: 211226638344 states checked.
Progress: 211267688618 states checked.
Progress: 211308739046 states checked.
Progress: 211349672457 states checked.
Progress: 211390700057 states checked.
Progress: 211431763837 states checked.
Progress: 211472829572 states checked.
Progress: 211513840309 states checked.
Progress: 211554927508 states checked.
Progress: 211596044352 states checked.
Progress: 211637063170 states checked.
Progress: 211678177331 states checked.
Progress: 211719290365 states checked.
Progress: 211760389274 states checked.
Progress: 211801465280 states checked.
Progress: 211842505285 states checked.
Progress: 211883561262 states checked.
Progress: 211924593397 states checked.
Progress: 211965682767 states checked.
Progress: 212006693966 states checked.
Progress: 212047717626 states checked.
Progress: 212088782457 states checked.
Progress: 212129816155 states checked.
Progress: 212170764166 states checked.
Progress: 212211772375 states checked.
Progress: 212252819662 states checked.
Progress: 212293844008 states checked.
Progress: 212334834647 states checked.
Progress: 212375762876 states checked.
Progress: 212416736896 states checked.
Progress: 212457785532 states checked.
Progress: 212498847965 states checked.
Progress: 212539833236 states checked.
Progress: 212580882218 states checked.
Progress: 212621944979 states checked.
Progress: 212663031869 states checked.
Progress: 212704062728 states checked.
Progress: 212745086462 states checked.
Progress: 212786146898 states checked.
Progress: 212827216380 states checked.
Progress: 212868274516 states checked.
Progress: 212909338720 states checked.
Progress: 212950393460 states checked.
Progress: 212991425356 states checked.
Progress: 213032506606 states checked.
Progress: 213073581206 states checked.
Progress: 213114640766 states checked.
Progress: 213155706734 states checked.
Progress: 213196733023 states checked.
Progress: 213237751894 states checked.
Progress: 213278750451 states checked.
Progress: 213319743163 states checked.
Progress: 213360782203 states checked.
Progress: 213401783834 states checked.
Progress: 213442765972 states checked.
Progress: 213483784158 states checked.
Progress: 213524845949 states checked.
Progress: 213565800836 states checked.
Progress: 213606800815 states checked.
Progress: 213647771164 states checked.
Progress: 213688757447 states checked.
Progress: 213729752578 states checked.
Progress: 213770805964 states checked.
Progress: 213811814672 states checked.
Progress: 213852876986 states checked.
Progress: 213893850667 states checked.
Progress: 213934818522 states checked.
Progress: 213975778541 states checked.
Progress: 214016680278 states checked.
Progress: 214057705752 states checked.
Progress: 214098589768 states checked.
Progress: 214139224282 states checked.
Progress: 214180101463 states checked.
Progress: 214221024475 states checked.
Progress: 214261709543 states checked.
Progress: 214302360591 states checked.
Progress: 214342983565 states checked.
Progress: 214383684604 states checked.
Progress: 214424303349 states checked.
Progress: 214465197648 states checked.
Progress: 214506196223 states checked.
Progress: 214547212947 states checked.
Progress: 214588237777 states checked.
Progress: 214629233193 states checked.
Progress: 214670284678 states checked.
Progress: 214711296516 states checked.
Progress: 214752289229 states checked.
Progress: 214793327550 states checked.
Progress: 214834370082 states checked.
Progress: 214875345955 states checked.
Progress: 214916342767 states checked.
Progress: 214957277873 states checked.
Progress: 214998327273 states checked.
Progress: 215039284531 states checked.
Progress: 215080364099 states checked.
Progress: 215121353562 states checked.
Progress: 215162358776 states checked.
Progress: 215203448807 states checked.
Progress: 215244498549 states checked.
Progress: 215285515303 states checked.
Progress: 215326545865 states checked.
Progress: 215367616738 states checked.
Progress: 215408743070 states checked.
Progress: 215449767559 states checked.
Progress: 215490801855 states checked.
Progress: 215531784522 states checked.
Progress: 215572752183 states checked.
Progress: 215613772585 states checked.
Progress: 215654784363 states checked.
Progress: 215695872299 states checked.
Progress: 215736942803 states checked.
Progress: 215777960942 states checked.
Progress: 215819028062 states checked.
Progress: 215860090706 states checked.
Progress: 215901195824 states checked.
Progress: 215942328806 states checked.
Progress: 215983370386 states checked.
Progress: 216024448318 states checked.
Progress: 216065584586 states checked.
Progress: 216106696197 states checked.
Progress: 216147741975 states checked.
Progress: 216188682980 states checked.
Progress: 216229753265 states checked.
Progress: 216270787682 states checked.
Progress: 216311789728 states checked.
Progress: 216352804526 states checked.
Progress: 216393869926 states checked.
Progress: 216434968090 states checked.
Progress: 216475957670 states checked.
Progress: 216516910746 states checked.
Progress: 216557912806 states checked.
Progress: 216598954650 states checked.
Progress: 216639931191 states checked.
Progress: 216681006179 states checked.
Progress: 216722038107 states checked.
Progress: 216763083233 states checked.
Progress: 216804038915 states checked.
Progress: 216845035952 states checked.
Progress: 216886045535 states checked.
Progress: 216927067960 states checked.
Progress: 216968055758 states checked.
Progress: 217009111351 states checked.
Progress: 217050153797 states checked.
Progress: 217091205195 states checked.
Progress: 217132245081 states checked.
Progress: 217173312436 states checked.
Progress: 217214409651 states checked.
Progress: 217255410563 states checked.
Progress: 217296381167 states checked.
Progress: 217337391399 states checked.
Progress: 217378399555 states checked.
Progress: 217419437635 states checked.
Progress: 217460503281 states checked.
Progress: 217501532561 states checked.
Progress: 217542527432 states checked.
Progress: 217583502773 states checked.
Progress: 217624449476 states checked.
Progress: 217665468044 states checked.
Progress: 217706527761 states checked.
Progress: 217747578029 states checked.
Progress: 217788644567 states checked.
Progress: 217829684614 states checked.
Progress: 217870676476 states checked.
Progress: 217911679312 states checked.
Progress: 217952663759 states checked.
Progress: 217993718930 states checked.
Progress: 218034679723 states checked.
Progress: 218075675192 states checked.
Progress: 218116641142 states checked.
Progress: 218157602248 states checked.
Progress: 218198655316 states checked.
Progress: 218239473015 states checked.
Progress: 218280519957 states checked.
Progress: 218321511152 states checked.
Progress: 218362500491 states checked.
Progress: 218403599923 states checked.
Progress: 218444671371 states checked.
Progress: 218485717569 states checked.
Progress: 218526730652 states checked.
Progress: 218567787425 states checked.
Progress: 218608833221 states checked.
Progress: 218649864604 states checked.
Progress: 218690920952 states checked.
Progress: 218731971381 states checked.
Progress: 218772980356 states checked.
Progress: 218814007899 states checked.
Progress: 218854989941 states checked.
Progress: 218895993892 states checked.
Progress: 218936984538 states checked.
Progress: 218978005382 states checked.
Progress: 219019073669 states checked.
Progress: 219060093263 states checked.
Progress: 219101094993 states checked.
Progress: 219142158724 states checked.
Progress: 219183162720 states checked.
Progress: 219224174633 states checked.
Progress: 219265243475 states checked.
Progress: 219306161469 states checked.
Progress: 219346960471 states checked.
Progress: 219387853441 states checked.
Progress: 219428873885 states checked.
Progress: 219469901985 states checked.
Progress: 219510922092 states checked.
Progress: 219551797820 states checked.
Progress: 219592732754 states checked.
Progress: 219633758230 states checked.
Progress: 219674798608 states checked.
Progress: 219715804928 states checked.
Progress: 219756879254 states checked.
Progress: 219797924023 states checked.
Progress: 219838998599 states checked.
Progress: 219880037883 states checked.
Progress: 219921056876 states checked.
Progress: 219962083280 states checked.
Progress: 220003123823 states checked.
Progress: 220044119377 states checked.
Progress: 220085117991 states checked.
Progress: 220126139209 states checked.
Progress: 220167189758 states checked.
Progress: 220208171903 states checked.
Progress: 220249149193 states checked.
Progress: 220290202865 states checked.
Progress: 220331211860 states checked.
Progress: 220372257592 states checked.
Progress: 220413274336 states checked.
Progress: 220454307756 states checked.
Progress: 220495296947 states checked.
Progress: 220536269110 states checked.
Progress: 220577299176 states checked.
Progress: 220618253718 states checked.
Progress: 220659279944 states checked.
Progress: 220700234011 states checked.
Progress: 220741140959 states checked.
Progress: 220782183222 states checked.
Progress: 220823156235 states checked.
Progress: 220864215756 states checked.
Progress: 220905302776 states checked.
Progress: 220946380129 states checked.
Progress: 220987458491 states checked.
Progress: 221028432011 states checked.
Progress: 221069538505 states checked.
Progress: 221110574652 states checked.
Progress: 221151604619 states checked.
Progress: 221192640061 states checked.
Progress: 221233651381 states checked.
Progress: 221274643318 states checked.
Progress: 221315620124 states checked.
Progress: 221356644645 states checked.
Progress: 221397673726 states checked.
Progress: 221438692331 states checked.
Progress: 221479691210 states checked.
Progress: 221520733815 states checked.
Progress: 221561721273 states checked.
Progress: 221602752871 states checked.
Progress: 221643718757 states checked.
Progress: 221684786399 states checked.
Progress: 221725747894 states checked.
Progress: 221766846914 states checked.
Progress: 221807912485 states checked.
Progress: 221849047874 states checked.
Progress: 221890082766 states checked.
Progress: 221931090697 states checked.
Progress: 221972052022 states checked.
Progress: 222012891226 states checked.
Progress: 222053922340 states checked.
Progress: 222094982215 states checked.
Progress: 222136004830 states checked.
Progress: 222177063444 states checked.
Progress: 222218051152 states checked.
Progress: 222259089675 states checked.
Progress: 222300080331 states checked.
Progress: 222341119484 states checked.
Progress: 222382112637 states checked.
Progress: 222423159905 states checked.
Progress: 222464187980 states checked.
Progress: 222505200205 states checked.
Progress: 222546236879 states checked.
Progress: 222587286868 states checked.
Progress: 222628342975 states checked.
Progress: 222669332493 states checked.
Progress: 222710397419 states checked.
Progress: 222751470915 states checked.
Progress: 222792601060 states checked.
Progress: 222833665645 states checked.
Progress: 222874734841 states checked.
Progress: 222915694156 states checked.
Progress: 222956656442 states checked.
Progress: 222997695577 states checked.
Progress: 223038744178 states checked.
Progress: 223079797152 states checked.
Progress: 223120810241 states checked.
Progress: 223161915278 states checked.
Progress: 223202984203 states checked.
Progress: 223244001352 states checked.
Progress: 223285044731 states checked.
Progress: 223326047485 states checked.
Progress: 223367073770 states checked.
Progress: 223408092205 states checked.
Progress: 223449120976 states checked.
Progress: 223490141118 states checked.
Progress: 223531195332 states checked.
Progress: 223572300607 states checked.
Progress: 223613394774 states checked.
Progress: 223654468972 states checked.
Progress: 223695451524 states checked.
Progress: 223736511291 states checked.
Progress: 223777386714 states checked.
Progress: 223818392562 states checked.
Progress: 223859463384 states checked.
Progress: 223900465098 states checked.
Progress: 223941509965 states checked.
Progress: 223982402806 states checked.
Progress: 224023373758 states checked.
Progress: 224064418716 states checked.
Progress: 224105427625 states checked.
Progress: 224146500961 states checked.
Progress: 224187448076 states checked.
Progress: 224228574988 states checked.
Progress: 224269728883 states checked.
Progress: 224310729084 states checked.
Progress: 224351713887 states checked.
Progress: 224392772774 states checked.
Progress: 224433847303 states checked.
Progress: 224474856572 states checked.
Progress: 224515866002 states checked.
Progress: 224556863397 states checked.
Progress: 224597857674 states checked.
Progress: 224638929294 states checked.
Progress: 224679916756 states checked.
Progress: 224721002978 states checked.
Progress: 224762056940 states checked.
Progress: 224803137522 states checked.
Progress: 224844169185 states checked.
Progress: 224885236833 states checked.
Progress: 224926259674 states checked.
Progress: 224967295720 states checked.
Progress: 225008382975 states checked.
Progress: 225049443729 states checked.
Progress: 225090458854 states checked.
Progress: 225131465342 states checked.
Progress: 225172471776 states checked.
Progress: 225213535367 states checked.
Progress: 225254651002 states checked.
Progress: 225295713663 states checked.
Progress: 225336725812 states checked.
Progress: 225377708554 states checked.
Progress: 225418696037 states checked.
Progress: 225459742936 states checked.
Progress: 225500803174 states checked.
Progress: 225541850588 states checked.
Progress: 225582807730 states checked.
Progress: 225623822592 states checked.
Progress: 225664789494 states checked.
Progress: 225705863451 states checked.
Progress: 225746969544 states checked.
Progress: 225788041955 states checked.
Progress: 225829096236 states checked.
Progress: 225870189375 states checked.
Progress: 225911241764 states checked.
Progress: 225952199725 states checked.
Progress: 225993270496 states checked.
Progress: 226034246270 states checked.
Progress: 226075206274 states checked.
Progress: 226116262668 states checked.
Progress: 226157396054 states checked.
Progress: 226198480226 states checked.
Progress: 226239465006 states checked.
Progress: 226280551288 states checked.
Progress: 226321608963 states checked.
Progress: 226362546463 states checked.
Progress: 226403566373 states checked.
Progress: 226444592498 states checked.
Progress: 226485633760 states checked.
Progress: 226526606192 states checked.
Progress: 226567584766 states checked.
Progress: 226608633651 states checked.
Progress: 226649606479 states checked.
Progress: 226690644183 states checked.
Progress: 226731670372 states checked.
Progress: 226772689782 states checked.
Progress: 226813707272 states checked.
Progress: 226854693676 states checked.
Progress: 226895706494 states checked.
Progress: 226936739335 states checked.
Progress: 226977780805 states checked.
Progress: 227018796821 states checked.
Progress: 227059823906 states checked.
Progress: 227100903920 states checked.
Progress: 227141975332 states checked.
Progress: 227182926338 states checked.
Progress: 227223931382 states checked.
Progress: 227264901489 states checked.
Progress: 227305848119 states checked.
Progress: 227346800931 states checked.
Progress: 227387808919 states checked.
Progress: 227428768087 states checked.
Progress: 227469847947 states checked.
Progress: 227510898116 states checked.
Progress: 227551927366 states checked.
Progress: 227593045607 states checked.
Progress: 227634179525 states checked.
Progress: 227675198379 states checked.
Progress: 227716212405 states checked.
Progress: 227757236723 states checked.
Progress: 227798263201 states checked.
Progress: 227839276674 states checked.
Progress: 227880269771 states checked.
Progress: 227921305148 states checked.
Progress: 227962370271 states checked.
Progress: 228003405616 states checked.
Progress: 228044546408 states checked.
Progress: 228085613333 states checked.
Progress: 228126648756 states checked.
Progress: 228167731588 states checked.
Progress: 228208879626 states checked.
Progress: 228249952767 states checked.
Progress: 228291023828 states checked.
Progress: 228332087867 states checked.
Progress: 228373174719 states checked.
Progress: 228414201773 states checked.
Progress: 228455198299 states checked.
Progress: 228496248142 states checked.
Progress: 228537342150 states checked.
Progress: 228578371381 states checked.
Progress: 228619432609 states checked.
Progress: 228660453799 states checked.
Progress: 228701518984 states checked.
Progress: 228742563735 states checked.
Progress: 228783637038 states checked.
Progress: 228824691449 states checked.
Progress: 228865721549 states checked.
Progress: 228906772987 states checked.
Progress: 228947868244 states checked.
Progress: 228988914544 states checked.
Progress: 229029916274 states checked.
Progress: 229070974351 states checked.
Progress: 229112091537 states checked.
Progress: 229153062322 states checked.
Progress: 229194065977 states checked.
Progress: 229235124686 states checked.
Progress: 229276111497 states checked.
Progress: 229317107870 states checked.
Progress: 229358194637 states checked.
Progress: 229399263893 states checked.
Progress: 229440352818 states checked.
Progress: 229481423689 states checked.
Progress: 229522488841 states checked.
Progress: 229563467868 states checked.
Progress: 229604472812 states checked.
Progress: 229645488208 states checked.
Progress: 229686444029 states checked.
Progress: 229727437572 states checked.
Progress: 229768543589 states checked.
Progress: 229809536026 states checked.
Progress: 229850493331 states checked.
Progress: 229891528778 states checked.
Progress: 229932540909 states checked.
Progress: 229973513303 states checked.
Progress: 230014485383 states checked.
Progress: 230055462929 states checked.
Progress: 230096576505 states checked.
Progress: 230137678152 states checked.
Progress: 230178720266 states checked.
Progress: 230219683885 states checked.
Progress: 230260717252 states checked.
Progress: 230301822274 states checked.
Progress: 230342810116 states checked.
Progress: 230383843428 states checked.
Progress: 230424831469 states checked.
Progress: 230465796967 states checked.
Progress: 230506796463 states checked.
Progress: 230547830034 states checked.
Progress: 230588938483 states checked.
Progress: 230629982964 states checked.
Progress: 230671007564 states checked.
Progress: 230712028488 states checked.
Progress: 230753052441 states checked.
Progress: 230793961748 states checked.
Progress: 230834948780 states checked.
Progress: 230875956780 states checked.
Progress: 230916956260 states checked.
Progress: 230958023987 states checked.
Progress: 230999108999 states checked.
Progress: 231040196496 states checked.
Progress: 231081213830 states checked.
Progress: 231122216590 states checked.
Progress: 231163255040 states checked.
Progress: 231204281597 states checked.
Progress: 231245266249 states checked.
Progress: 231286189432 states checked.
Progress: 231327146157 states checked.
Progress: 231368120603 states checked.
Progress: 231409120694 states checked.
Progress: 231450243417 states checked.
Progress: 231491384126 states checked.
Progress: 231532460152 states checked.
Progress: 231573453281 states checked.
Progress: 231614462702 states checked.
Progress: 231655498847 states checked.
Progress: 231696546050 states checked.
Progress: 231737534676 states checked.
Progress: 231778577370 states checked.
Progress: 231819572880 states checked.
Progress: 231860600919 states checked.
Progress: 231901720584 states checked.
Progress: 231942812397 states checked.
Progress: 231983922439 states checked.
Progress: 232024974118 states checked.
Progress: 232065968935 states checked.
Progress: 232107038657 states checked.
Progress: 232148051519 states checked.
Progress: 232189108806 states checked.
Progress: 232230183662 states checked.
Progress: 232271257405 states checked.
Progress: 232312227621 states checked.
Progress: 232353235527 states checked.
Progress: 232394218664 states checked.
Progress: 232435183484 states checked.
Progress: 232476247649 states checked.
Progress: 232517299031 states checked.
Progress: 232558313491 states checked.
Progress: 232599378060 states checked.
Progress: 232640425918 states checked.
Progress: 232681549368 states checked.
Progress: 232722630944 states checked.
Progress: 232763784511 states checked.
Progress: 232804856925 states checked.
Progress: 232845877938 states checked.
Progress: 232886911059 states checked.
Progress: 232927998721 states checked.
Progress: 232969089348 states checked.
Progress: 233010134173 states checked.
Progress: 233051168164 states checked.
Progress: 233092219289 states checked.
Progress: 233133254762 states checked.
Progress: 233174255921 states checked.
Progress: 233215330089 states checked.
Progress: 233256399720 states checked.
Progress: 233297454133 states checked.
Progress: 233338530944 states checked.
Progress: 233379601062 states checked.
Progress: 233420543522 states checked.
Progress: 233461605487 states checked.
Progress: 233502592995 states checked.
Progress: 233543618684 states checked.
Progress: 233584595271 states checked.
Progress: 233625635245 states checked.
Progress: 233666679215 states checked.
Progress: 233707695101 states checked.
Progress: 233748617233 states checked.
Progress: 233789607273 states checked.
Progress: 233830659238 states checked.
Progress: 233871701835 states checked.
Progress: 233912682334 states checked.
Progress: 233953755010 states checked.
Progress: 233994749048 states checked.
Progress: 234035770422 states checked.
Progress: 234076821550 states checked.
Progress: 234117872545 states checked.
Progress: 234158891242 states checked.
Progress: 234199934805 states checked.
Progress: 234241011789 states checked.
Progress: 234282137927 states checked.
Progress: 234323227990 states checked.
Progress: 234364376782 states checked.
Progress: 234405481291 states checked.
Progress: 234446521190 states checked.
Progress: 234487604480 states checked.
Progress: 234528691050 states checked.
Progress: 234569726797 states checked.
Progress: 234610758668 states checked.
Progress: 234651790145 states checked.
Progress: 234692890800 states checked.
Progress: 234733924189 states checked.
Progress: 234774823167 states checked.
Progress: 234815916440 states checked.
Progress: 234856956891 states checked.
Progress: 234897909433 states checked.
Progress: 234938886065 states checked.
Progress: 234979905340 states checked.
Progress: 235020941961 states checked.
Progress: 235061945569 states checked.
Progress: 235102913152 states checked.
Progress: 235143915350 states checked.
Progress: 235184945095 states checked.
Progress: 235226044707 states checked.
Progress: 235267027146 states checked.
Progress: 235308057776 states checked.
Progress: 235349075926 states checked.
Progress: 235390116240 states checked.
Progress: 235431180579 states checked.
Progress: 235472197021 states checked.
Progress: 235513245846 states checked.
Progress: 235554208763 states checked.
Progress: 235595118141 states checked.
Progress: 235636101123 states checked.
Progress: 235677060391 states checked.
Progress: 235718022346 states checked.
Progress: 235759006426 states checked.
Progress: 235800030844 states checked.
Progress: 235841073674 states checked.
Progress: 235882102985 states checked.
Progress: 235923170241 states checked.
Progress: 235964216653 states checked.
Progress: 236005285940 states checked.
Progress: 236046356887 states checked.
Progress: 236087375397 states checked.
Progress: 236128533366 states checked.
Progress: 236169567828 states checked.
Progress: 236210541944 states checked.
Progress: 236251523433 states checked.
Progress: 236292555672 states checked.
Progress: 236333690233 states checked.
Progress: 236374707623 states checked.
Progress: 236415794319 states checked.
Progress: 236456775648 states checked.
Progress: 236497788887 states checked.
Progress: 236538857107 states checked.
Progress: 236579913509 states checked.
Progress: 236620949796 states checked.
Progress: 236661939880 states checked.
Progress: 236702890644 states checked.
Progress: 236743889491 states checked.
Progress: 236784968526 states checked.
Progress: 236826048585 states checked.
Progress: 236867140207 states checked.
Progress: 236908166777 states checked.
Progress: 236949232719 states checked.
Progress: 236990278450 states checked.
Progress: 237031263596 states checked.
Progress: 237072319215 states checked.
Progress: 237113357772 states checked.
Progress: 237154360386 states checked.
Progress: 237195371325 states checked.
Progress: 237236446265 states checked.
Progress: 237277489750 states checked.
Progress: 237318490701 states checked.
Progress: 237359524478 states checked.
Progress: 237400585877 states checked.
Progress: 237441597271 states checked.
Progress: 237482684264 states checked.
Progress: 237523671830 states checked.
Progress: 237564695127 states checked.
Progress: 237605780784 states checked.
Progress: 237646814606 states checked.
Progress: 237687855387 states checked.
Progress: 237728848863 states checked.
Progress: 237769898317 states checked.
Progress: 237810900840 states checked.
Progress: 237851927645 states checked.
Progress: 237892928200 states checked.
Progress: 237933899393 states checked.
Progress: 237974948686 states checked.
Progress: 238015972083 states checked.
Progress: 238056991644 states checked.
Progress: 238098041069 states checked.
Progress: 238139152971 states checked.
Progress: 238180229366 states checked.
Progress: 238221302728 states checked.
Progress: 238262260735 states checked.
Progress: 238303283949 states checked.
Progress: 238344220782 states checked.
Progress: 238385228630 states checked.
Progress: 238426270726 states checked.
Progress: 238467306632 states checked.
Progress: 238508311823 states checked.
Progress: 238549381507 states checked.
Progress: 238590446904 states checked.
Progress: 238631442734 states checked.
Progress: 238672488068 states checked.
Progress: 238713486873 states checked.
Progress: 238754550407 states checked.
Progress: 238795586261 states checked.
Progress: 238836665572 states checked.
Progress: 238877678693 states checked.
Progress: 238918617232 states checked.
Progress: 238959659766 states checked.
Progress: 239000731294 states checked.
Progress: 239041799854 states checked.
Progress: 239082830601 states checked.
Progress: 239123920221 states checked.
Progress: 239164996561 states checked.
Progress: 239206026405 states checked.
Progress: 239247070031 states checked.
Progress: 239288039000 states checked.
Progress: 239329037194 states checked.
Progress: 239370131460 states checked.
Progress: 239411212364 states checked.
Progress: 239452276746 states checked.
Progress: 239493290734 states checked.
Progress: 239534360035 states checked.
Progress: 239575373501 states checked.
Progress: 239616449393 states checked.
Progress: 239657425618 states checked.
Progress: 239698515738 states checked.
Progress: 239739635909 states checked.
Progress: 239780666527 states checked.
Progress: 239821724032 states checked.
Progress: 239862703664 states checked.
Progress: 239903775060 states checked.
Progress: 239944832188 states checked.
Progress: 239985907034 states checked.
Progress: 240026990685 states checked.
Progress: 240068098688 states checked.
Progress: 240109149237 states checked.
Progress: 240150088534 states checked.
Progress: 240191142483 states checked.
Progress: 240232186566 states checked.
Progress: 240273274584 states checked.
Progress: 240314403454 states checked.
Progress: 240355445912 states checked.
Progress: 240396453660 states checked.
Progress: 240437488285 states checked.
Progress: 240478590527 states checked.
Progress: 240519725731 states checked.
Progress: 240560748182 states checked.
Progress: 240601727463 states checked.
Progress: 240642679613 states checked.
Progress: 240683731644 states checked.
Progress: 240724828686 states checked.
Progress: 240765972685 states checked.
Progress: 240807017619 states checked.
Progress: 240848027665 states checked.
Progress: 240889034059 states checked.
Progress: 240930053447 states checked.
Progress: 240971033775 states checked.
Progress: 241012121393 states checked.
Progress: 241053168421 states checked.
Progress: 241094170608 states checked.
Progress: 241135122067 states checked.
Progress: 241176077706 states checked.
Progress: 241217125074 states checked.
Progress: 241258108099 states checked.
Progress: 241299216331 states checked.
Progress: 241340214014 states checked.
Progress: 241381146590 states checked.
Progress: 241422153390 states checked.
Progress: 241463164658 states checked.
Progress: 241504193470 states checked.
Progress: 241545207911 states checked.
Progress: 241586235146 states checked.
Progress: 241627262635 states checked.
Progress: 241668257834 states checked.
Progress: 241709290215 states checked.
Progress: 241750395177 states checked.
Progress: 241791417435 states checked.
Progress: 241832453394 states checked.
Progress: 241873475271 states checked.
Progress: 241914577661 states checked.
Progress: 241955593689 states checked.
Progress: 241996603875 states checked.
Progress: 242037605674 states checked.
Progress: 242078604326 states checked.
Progress: 242119620108 states checked.
Progress: 242160647289 states checked.
Progress: 242201685727 states checked.
Progress: 242242727405 states checked.
Progress: 242283807474 states checked.
Progress: 242324852036 states checked.
Progress: 242365879883 states checked.
Progress: 242406971786 states checked.
Progress: 242447944969 states checked.
Progress: 242489056179 states checked.
Progress: 242530092143 states checked.
Progress: 242571094307 states checked.
Progress: 242612101602 states checked.
Progress: 242653166050 states checked.
Progress: 242694224069 states checked.
Progress: 242735285098 states checked.
Progress: 242776344921 states checked.
Progress: 242817366461 states checked.
Progress: 242858357698 states checked.
Progress: 242899330406 states checked.
Progress: 242940358272 states checked.
Progress: 242981348214 states checked.
Progress: 243022336040 states checked.
Progress: 243063355073 states checked.
Progress: 243104382943 states checked.
Progress: 243145440814 states checked.
Progress: 243186498193 states checked.
Progress: 243227516362 states checked.
Progress: 243268558851 states checked.
Progress: 243309657373 states checked.
Progress: 243350672141 states checked.
Progress: 243391689118 states checked.
Progress: 243432721124 states checked.
Progress: 243473701973 states checked.
Progress: 243514765078 states checked.
Progress: 243555743538 states checked.
Progress: 243596803511 states checked.
Progress: 243637871993 states checked.
Progress: 243678905453 states checked.
Progress: 243719987340 states checked.
Progress: 243761053857 states checked.
Progress: 243802159874 states checked.
Progress: 243843193942 states checked.
Progress: 243884218077 states checked.
Progress: 243925288648 states checked.
Progress: 243966381779 states checked.
Progress: 244007485288 states checked.
Progress: 244048596778 states checked.
Progress: 244089698855 states checked.
Progress: 244130845034 states checked.
Progress: 244171903079 states checked.
Progress: 244212957422 states checked.
Progress: 244253991141 states checked.
Progress: 244294962454 states checked.
Progress: 244336002749 states checked.
Progress: 244377000903 states checked.
Progress: 244417989091 states checked.
Progress: 244458988607 states checked.
Progress: 244499989710 states checked.
Progress: 244540973417 states checked.
Progress: 244581988737 states checked.
Progress: 244623060878 states checked.
Progress: 244664022832 states checked.
Progress: 244705037064 states checked.
Progress: 244746008271 states checked.
Progress: 244786963406 states checked.
Progress: 244827951789 states checked.
Progress: 244869012756 states checked.
Progress: 244910046609 states checked.
Progress: 244951078798 states checked.
Progress: 244992109795 states checked.
Progress: 245033105120 states checked.
Progress: 245074140193 states checked.
Progress: 245115183299 states checked.
Progress: 245156191473 states checked.
Progress: 245197250025 states checked.
Progress: 245238351185 states checked.
Progress: 245279389980 states checked.
Progress: 245320499435 states checked.
Progress: 245361553778 states checked.
Progress: 245402552547 states checked.
Progress: 245443529109 states checked.
Progress: 245484532868 states checked.
Progress: 245525627582 states checked.
Progress: 245566689604 states checked.
Progress: 245607665066 states checked.
Progress: 245648715168 states checked.
Progress: 245689777177 states checked.
Progress: 245730894795 states checked.
Progress: 245771926410 states checked.
Progress: 245812983412 states checked.
Progress: 245854032279 states checked.
Progress: 245895150942 states checked.
Progress: 245936186987 states checked.
Progress: 245977259984 states checked.
Progress: 246018394078 states checked.
Progress: 246059462057 states checked.
Progress: 246100509668 states checked.
Progress: 246141593234 states checked.
Progress: 246182581518 states checked.
Progress: 246223604603 states checked.
Progress: 246264665381 states checked.
Progress: 246305705863 states checked.
Progress: 246346704785 states checked.
Progress: 246387781877 states checked.
Progress: 246428700938 states checked.
Progress: 246469741225 states checked.
Progress: 246510797829 states checked.
Progress: 246551872951 states checked.
Progress: 246592859533 states checked.
Progress: 246633894720 states checked.
Progress: 246674809681 states checked.
Progress: 246715792777 states checked.
Progress: 246756861136 states checked.
Progress: 246797909261 states checked.
Progress: 246839016271 states checked.
Progress: 246880042012 states checked.
Progress: 246921067478 states checked.
Progress: 246962155548 states checked.
Progress: 247003231515 states checked.
Progress: 247044208778 states checked.
Progress: 247085265021 states checked.
Progress: 247126312951 states checked.
Progress: 247167263313 states checked.
Progress: 247208242284 states checked.
Progress: 247249222391 states checked.
Progress: 247290228655 states checked.
Progress: 247331236208 states checked.
Progress: 247372114383 states checked.
Progress: 247413118328 states checked.
Progress: 247454095168 states checked.
Progress: 247495000380 states checked.
Progress: 247536048095 states checked.
Progress: 247577098026 states checked.
Progress: 247618122187 states checked.
Progress: 247659139295 states checked.
Progress: 247700159038 states checked.
Progress: 247741263396 states checked.
Progress: 247782259362 states checked.
Progress: 247823294024 states checked.
Progress: 247864351093 states checked.
Progress: 247905367183 states checked.
Progress: 247946428389 states checked.
Progress: 247987453816 states checked.
Progress: 248028424171 states checked.
Progress: 248069394961 states checked.
Progress: 248110383923 states checked.
Progress: 248151393378 states checked.
Progress: 248192447878 states checked.
Progress: 248233411270 states checked.
Progress: 248274339461 states checked.
Progress: 248315352283 states checked.
Progress: 248356304519 states checked.
Progress: 248397282710 states checked.
Progress: 248438331193 states checked.
Progress: 248479442825 states checked.
Progress: 248520465802 states checked.
Progress: 248561544925 states checked.
Progress: 248602563868 states checked.
Progress: 248643494540 states checked.
Progress: 248684461612 states checked.
Progress: 248725383954 states checked.
Progress: 248766246293 states checked.
Progress: 248807179204 states checked.
Progress: 248848187163 states checked.
Progress: 248889204668 states checked.
Progress: 248930133250 states checked.
Progress: 248971087967 states checked.
Progress: 249012075588 states checked.
Progress: 249053111428 states checked.
Progress: 249094122219 states checked.
Progress: 249135101361 states checked.
Progress: 249176105215 states checked.
Progress: 249217048049 states checked.
Progress: 249257983191 states checked.
Progress: 249298942389 states checked.
Progress: 249339955776 states checked.
Progress: 249380882601 states checked.
Progress: 249421978882 states checked.
Progress: 249463101877 states checked.
Progress: 249504194466 states checked.
Progress: 249545274735 states checked.
Progress: 249586323211 states checked.
Progress: 249627429747 states checked.
Progress: 249668474520 states checked.
Progress: 249709468215 states checked.
Progress: 249750515113 states checked.
Progress: 249791492769 states checked.
Progress: 249832501237 states checked.
Progress: 249873584066 states checked.
Progress: 249914659464 states checked.
Progress: 249955716310 states checked.
Progress: 249996802449 states checked.
Progress: 250037739502 states checked.
Progress: 250078610596 states checked.
Progress: 250119658238 states checked.
Progress: 250160710615 states checked.
Progress: 250201676195 states checked.
Progress: 250242662107 states checked.
Progress: 250283638608 states checked.
Progress: 250324726759 states checked.
Progress: 250365709386 states checked.
Progress: 250406809889 states checked.
Progress: 250447864359 states checked.
Progress: 250488891110 states checked.
Progress: 250529937595 states checked.
Progress: 250570897327 states checked.
Progress: 250611867222 states checked.
Progress: 250652890277 states checked.
Progress: 250693863869 states checked.
Progress: 250734831299 states checked.
Progress: 250775881437 states checked.
Progress: 250816890109 states checked.
Progress: 250857884416 states checked.
Progress: 250898881500 states checked.
Progress: 250939924825 states checked.
Progress: 250980919269 states checked.
Progress: 251021960739 states checked.
Progress: 251063026167 states checked.
Progress: 251104145204 states checked.
Progress: 251145195828 states checked.
Progress: 251186222297 states checked.
Progress: 251227229453 states checked.
Progress: 251268235008 states checked.
Progress: 251309302246 states checked.
Progress: 251350305286 states checked.
Progress: 251391377967 states checked.
Progress: 251432401908 states checked.
Progress: 251473360609 states checked.
Progress: 251514419869 states checked.
Progress: 251555474104 states checked.
Progress: 251596497504 states checked.
Progress: 251637513080 states checked.
Progress: 251678558984 states checked.
Progress: 251719519462 states checked.
Progress: 251760507244 states checked.
Progress: 251801454974 states checked.
Progress: 251842379525 states checked.
Progress: 251883408912 states checked.
Progress: 251924402715 states checked.
Progress: 251965422300 states checked.
Progress: 252006396824 states checked.
Progress: 252047296621 states checked.
Progress: 252088244883 states checked.
Progress: 252129211829 states checked.
Progress: 252170228590 states checked.
Progress: 252211208325 states checked.
Progress: 252252232934 states checked.
Progress: 252293280090 states checked.
Progress: 252334348647 states checked.
Progress: 252375398026 states checked.
Progress: 252416431136 states checked.
Progress: 252457446404 states checked.
Progress: 252498482774 states checked.
Progress: 252539511531 states checked.
Progress: 252580554656 states checked.
Progress: 252621596288 states checked.
Progress: 252662633984 states checked.
Progress: 252703639026 states checked.
Progress: 252744668872 states checked.
Progress: 252785795343 states checked.
Progress: 252826836628 states checked.
Progress: 252867821146 states checked.
Progress: 252908859430 states checked.
Progress: 252949836487 states checked.
Progress: 252990867126 states checked.
Progress: 253031964749 states checked.
Progress: 253073066848 states checked.
Progress: 253114051104 states checked.
Progress: 253155087308 states checked.
Progress: 253196129128 states checked.
Progress: 253237137977 states checked.
Progress: 253278083445 states checked.
Progress: 253319113571 states checked.
Progress: 253360146215 states checked.
Progress: 253401161887 states checked.
Progress: 253442163229 states checked.
Progress: 253483176061 states checked.
Progress: 253524252374 states checked.
Progress: 253565325947 states checked.
Progress: 253606368601 states checked.
Progress: 253647418965 states checked.
Progress: 253688497675 states checked.
Progress: 253729496856 states checked.
Progress: 253770507819 states checked.
Progress: 253811511163 states checked.
Progress: 253852472230 states checked.
Progress: 253893470655 states checked.
Progress: 253934597967 states checked.
Progress: 253975702459 states checked.
Progress: 254016830221 states checked.
Progress: 254057975109 states checked.
Progress: 254099007181 states checked.
Progress: 254139982978 states checked.
Progress: 254181028350 states checked.
Progress: 254221989170 states checked.
Progress: 254263017587 states checked.
Progress: 254304108081 states checked.
Progress: 254345130647 states checked.
Progress: 254386163670 states checked.
Progress: 254427108093 states checked.
Progress: 254468173837 states checked.
Progress: 254509278155 states checked.
Progress: 254550332314 states checked.
Progress: 254591375733 states checked.
Progress: 254632433216 states checked.
Progress: 254673528217 states checked.
Progress: 254714608839 states checked.
Progress: 254755640830 states checked.
Progress: 254796668682 states checked.
Progress: 254837716754 states checked.
Progress: 254878706680 states checked.
Progress: 254919780772 states checked.
Progress: 254960751027 states checked.
Progress: 255001805864 states checked.
Progress: 255042870626 states checked.
Progress: 255083932991 states checked.
Progress: 255124977487 states checked.
Progress: 255166000573 states checked.
Progress: 255206946459 states checked.
Progress: 255247973610 states checked.
Progress: 255289030203 states checked.
Progress: 255330108881 states checked.
Progress: 255371174769 states checked.
Progress: 255412143334 states checked.
Progress: 255453112498 states checked.
Progress: 255494118870 states checked.
Progress: 255535167049 states checked.
Progress: 255576117281 states checked.
Progress: 255617109578 states checked.
Progress: 255658124024 states checked.
Progress: 255699166032 states checked.
Progress: 255740180581 states checked.
Progress: 255781076061 states checked.
Progress: 255822054787 states checked.
Progress: 255863019575 states checked.
Progress: 255904009224 states checked.
Progress: 255945040625 states checked.
Progress: 255986059394 states checked.
Progress: 256027071026 states checked.
Progress: 256068087803 states checked.
Progress: 256109091023 states checked.
Progress: 256150078580 states checked.
Progress: 256191104543 states checked.
Progress: 256232043733 states checked.
Progress: 256273024039 states checked.
Progress: 256314128127 states checked.
Progress: 256355099432 states checked.
Progress: 256396040267 states checked.
Progress: 256437036892 states checked.
Progress: 256477993660 states checked.
Progress: 256519029257 states checked.
Progress: 256560075588 states checked.
Progress: 256601130084 states checked.
Progress: 256642191068 states checked.
Progress: 256683179556 states checked.
Progress: 256724203477 states checked.
Progress: 256765212177 states checked.
Progress: 256806253336 states checked.
Progress: 256847362485 states checked.
Progress: 256888417223 states checked.
Progress: 256929515470 states checked.
Progress: 256970627663 states checked.
Progress: 257011717941 states checked.
Progress: 257052740240 states checked.
Progress: 257093655306 states checked.
Progress: 257134699800 states checked.
Progress: 257175718234 states checked.
Progress: 257216729838 states checked.
Progress: 257257761134 states checked.
Progress: 257298780956 states checked.
Progress: 257339787342 states checked.
Progress: 257380785146 states checked.
Progress: 257421854168 states checked.
Progress: 257462824968 states checked.
Progress: 257503856356 states checked.
Progress: 257544953059 states checked.
Progress: 257585979184 states checked.
Progress: 257626996687 states checked.
Progress: 257668008995 states checked.
Progress: 257708966081 states checked.
Progress: 257749991500 states checked.
Progress: 257791059874 states checked.
Progress: 257832057058 states checked.
Progress: 257873008642 states checked.
Progress: 257914027433 states checked.
Progress: 257954992118 states checked.
Progress: 257995982605 states checked.
Progress: 258037001832 states checked.
Progress: 258078035403 states checked.
Progress: 258119049406 states checked.
Progress: 258160090154 states checked.
Progress: 258201102749 states checked.
Progress: 258242097441 states checked.
Progress: 258282942899 states checked.
Progress: 258323800078 states checked.
Progress: 258364789625 states checked.
Progress: 258405797749 states checked.
Progress: 258446821451 states checked.
Progress: 258487874955 states checked.
Progress: 258528918108 states checked.
Progress: 258569942993 states checked.
Progress: 258610960149 states checked.
Progress: 258651981566 states checked.
Progress: 258693000968 states checked.
Progress: 258733889592 states checked.
Progress: 258774914531 states checked.
Progress: 258816026716 states checked.
Progress: 258856950597 states checked.
Progress: 258897956133 states checked.
Progress: 258938928760 states checked.
Progress: 258979949135 states checked.
Progress: 259020914659 states checked.
Progress: 259061874013 states checked.
Progress: 259102846297 states checked.
Progress: 259143954254 states checked.
Progress: 259184926508 states checked.
Progress: 259225859202 states checked.
Progress: 259266817089 states checked.
Progress: 259307828029 states checked.
Progress: 259348840268 states checked.
Progress: 259389881911 states checked.
Progress: 259430863315 states checked.
Progress: 259471858537 states checked.
Progress: 259512903836 states checked.
Progress: 259553925022 states checked.
Progress: 259594990072 states checked.
Progress: 259635964310 states checked.
Progress: 259677067364 states checked.
Progress: 259718068675 states checked.
Progress: 259759049831 states checked.
Progress: 259800019955 states checked.
Progress: 259840986557 states checked.
Progress: 259882056415 states checked.
Progress: 259922968986 states checked.
Progress: 259963903406 states checked.
Progress: 260004914327 states checked.
Progress: 260045841392 states checked.
Progress: 260086769553 states checked.
Progress: 260127741185 states checked.
Progress: 260168821631 states checked.
Progress: 260209846347 states checked.
Progress: 260250864483 states checked.
Progress: 260291865236 states checked.
Progress: 260332909956 states checked.
Progress: 260373904306 states checked.
Progress: 260414920333 states checked.
Progress: 260455938056 states checked.
Progress: 260496901033 states checked.
Progress: 260537891842 states checked.
Progress: 260578881987 states checked.
Progress: 260620006331 states checked.
Progress: 260660997007 states checked.
Progress: 260702018995 states checked.
Progress: 260743040024 states checked.
Progress: 260784042706 states checked.
Progress: 260825003325 states checked.
Progress: 260865988885 states checked.
Progress: 260906953034 states checked.
Progress: 260947913590 states checked.
Progress: 260988802482 states checked.
Progress: 261029774114 states checked.
Progress: 261070760230 states checked.
Progress: 261111688400 states checked.
Progress: 261152707440 states checked.
Progress: 261193709871 states checked.
Progress: 261234752497 states checked.
Progress: 261275743739 states checked.
Progress: 261316715238 states checked.
Progress: 261357690448 states checked.
Progress: 261398752517 states checked.
Progress: 261439832888 states checked.
Progress: 261480867462 states checked.
Progress: 261521859381 states checked.
Progress: 261562902236 states checked.
Progress: 261603889448 states checked.
Progress: 261644907256 states checked.
Progress: 261685894614 states checked.
Progress: 261726890472 states checked.
Progress: 261767942049 states checked.
Progress: 261808991933 states checked.
Progress: 261849975638 states checked.
Progress: 261890915520 states checked.
Progress: 261931877379 states checked.
Progress: 261972855209 states checked.
Progress: 262013864881 states checked.
Progress: 262054908636 states checked.
Progress: 262095920551 states checked.
Progress: 262136930437 states checked.
Progress: 262177912913 states checked.
Progress: 262218845186 states checked.
Progress: 262259875863 states checked.
Progress: 262300876453 states checked.
Progress: 262341902352 states checked.
Progress: 262382876237 states checked.
Progress: 262423901063 states checked.
Progress: 262464897774 states checked.
Progress: 262505895652 states checked.
Progress: 262546824839 states checked.
Progress: 262587702897 states checked.
Progress: 262628657033 states checked.
Progress: 262669697079 states checked.
Progress: 262710718213 states checked.
Progress: 262751727373 states checked.
Progress: 262792751557 states checked.
Progress: 262833834525 states checked.
Progress: 262874896441 states checked.
Progress: 262915951642 states checked.
Progress: 262956916402 states checked.
Progress: 262997965458 states checked.
Progress: 263038997201 states checked.
Progress: 263080057613 states checked.
Progress: 263121109730 states checked.
Progress: 263162115460 states checked.
Progress: 263203121125 states checked.
Progress: 263244130238 states checked.
Progress: 263285200120 states checked.
Progress: 263326276403 states checked.
Progress: 263367324293 states checked.
Progress: 263408349905 states checked.
Progress: 263449325997 states checked.
Progress: 263490375610 states checked.
Progress: 263531354438 states checked.
Progress: 263572399252 states checked.
Progress: 263613431274 states checked.
Progress: 263654565022 states checked.
Progress: 263695561894 states checked.
Progress: 263736601979 states checked.
Progress: 263777564663 states checked.
Progress: 263818540866 states checked.
Progress: 263859550214 states checked.
Progress: 263900591293 states checked.
Progress: 263941623848 states checked.
Progress: 263982643030 states checked.
Progress: 264023706843 states checked.
Progress: 264064693945 states checked.
Progress: 264105692037 states checked.
Progress: 264146615546 states checked.
Progress: 264187652379 states checked.
Progress: 264228626598 states checked.
Progress: 264269616290 states checked.
Progress: 264310602313 states checked.
Progress: 264351641472 states checked.
Progress: 264392676702 states checked.
Progress: 264433711958 states checked.
Progress: 264474774645 states checked.
Progress: 264515716397 states checked.
Progress: 264556714804 states checked.
Progress: 264597765308 states checked.
Progress: 264638805617 states checked.
Progress: 264679860347 states checked.
Progress: 264720797949 states checked.
Progress: 264761820924 states checked.
Progress: 264802771146 states checked.
Progress: 264843736877 states checked.
Progress: 264884731569 states checked.
Progress: 264925712898 states checked.
Progress: 264966713571 states checked.
Progress: 265007766697 states checked.
Progress: 265048734094 states checked.
Progress: 265089674282 states checked.
Progress: 265130666918 states checked.
Progress: 265171648999 states checked.
Progress: 265212645482 states checked.
Progress: 265253716428 states checked.
Progress: 265294755932 states checked.
Progress: 265335749033 states checked.
Progress: 265376759915 states checked.
Progress: 265417758805 states checked.
Progress: 265458756200 states checked.
Progress: 265499766969 states checked.
Progress: 265540780142 states checked.
Progress: 265581807896 states checked.
Progress: 265622834412 states checked.
Progress: 265663899844 states checked.
Progress: 265704951406 states checked.
Progress: 265745990819 states checked.
Progress: 265787032689 states checked.
Progress: 265828118602 states checked.
Progress: 265869208959 states checked.
Progress: 265910254856 states checked.
Progress: 265951226034 states checked.
Progress: 265992178249 states checked.
Progress: 266033179056 states checked.
Progress: 266074138445 states checked.
Progress: 266115117349 states checked.
Progress: 266156100894 states checked.
Progress: 266197066365 states checked.
Progress: 266238166538 states checked.
Progress: 266279199449 states checked.
Progress: 266320261028 states checked.
Progress: 266361259825 states checked.
Progress: 266402309135 states checked.
Progress: 266443305925 states checked.
Progress: 266484255875 states checked.
Progress: 266525293514 states checked.
Progress: 266566312902 states checked.
Progress: 266607238990 states checked.
Progress: 266648248707 states checked.
Progress: 266689211899 states checked.
Progress: 266730153307 states checked.
Progress: 266771193804 states checked.
Progress: 266812193105 states checked.
Progress: 266853233106 states checked.
Progress: 266894336204 states checked.
Progress: 266935398581 states checked.
Progress: 266976409626 states checked.
Progress: 267017435100 states checked.
Progress: 267058487885 states checked.
Progress: 267099535801 states checked.
Progress: 267140540148 states checked.
Progress: 267181566144 states checked.
Progress: 267222612786 states checked.
Progress: 267263647370 states checked.
Progress: 267304684237 states checked.
Progress: 267345749474 states checked.
Progress: 267386831753 states checked.
Progress: 267427837478 states checked.
Progress: 267468881933 states checked.
Progress: 267509929843 states checked.
Progress: 267550994317 states checked.
Progress: 267591996344 states checked.
Progress: 267633050621 states checked.
Progress: 267674114192 states checked.
Progress: 267715123334 states checked.
Progress: 267756166015 states checked.
Progress: 267797222838 states checked.
Progress: 267838333105 states checked.
Progress: 267879369056 states checked.
Progress: 267920412484 states checked.
Progress: 267961410113 states checked.
Progress: 268002353921 states checked.
Progress: 268043346461 states checked.
Progress: 268084399083 states checked.
Progress: 268125474769 states checked.
Progress: 268166583725 states checked.
Progress: 268207641642 states checked.
Progress: 268248668122 states checked.
Progress: 268289726260 states checked.
Progress: 268330765944 states checked.
Progress: 268371815165 states checked.
Progress: 268412942202 states checked.
Progress: 268454052073 states checked.
Progress: 268495178272 states checked.
Progress: 268536284534 states checked.
Progress: 268577437656 states checked.
Progress: 268618474297 states checked.
Progress: 268659549718 states checked.
Progress: 268700608061 states checked.
Progress: 268741587846 states checked.
Progress: 268782571696 states checked.
Progress: 268823637549 states checked.
Progress: 268864625963 states checked.
Progress: 268905682425 states checked.
Progress: 268946746541 states checked.
Progress: 268987865192 states checked.
Progress: 269028910531 states checked.
Progress: 269070008889 states checked.
Progress: 269111045757 states checked.
Progress: 269152134766 states checked.
Progress: 269193136902 states checked.
Progress: 269234183372 states checked.
Progress: 269275173681 states checked.
Progress: 269316181055 states checked.
Progress: 269357149820 states checked.
Progress: 269398193192 states checked.
Progress: 269439277278 states checked.
Progress: 269480310556 states checked.
Progress: 269521394438 states checked.
Progress: 269562483724 states checked.
Progress: 269603631471 states checked.
Progress: 269644688273 states checked.
Progress: 269685775518 states checked.
Progress: 269726816638 states checked.
Progress: 269767878706 states checked.
Progress: 269808933939 states checked.
Progress: 269850017645 states checked.
Progress: 269891034431 states checked.
Progress: 269932040639 states checked.
Progress: 269973070372 states checked.
Progress: 270014093605 states checked.
Progress: 270055106304 states checked.
Progress: 270096145279 states checked.
Progress: 270137217289 states checked.
Progress: 270178298705 states checked.
Progress: 270219312151 states checked.
Progress: 270260345445 states checked.
Progress: 270301299660 states checked.
Progress: 270342331729 states checked.
Progress: 270383446217 states checked.
Progress: 270424555880 states checked.
Progress: 270465596386 states checked.
Progress: 270506610749 states checked.
Progress: 270547627431 states checked.
Progress: 270588595008 states checked.
Progress: 270629621409 states checked.
Progress: 270670604112 states checked.
Progress: 270711654940 states checked.
Progress: 270752733651 states checked.
Progress: 270793761621 states checked.
Progress: 270834756064 states checked.
Progress: 270875805811 states checked.
Progress: 270916899723 states checked.
Progress: 270958016767 states checked.
Progress: 270999110141 states checked.
Progress: 271040216669 states checked.
Progress: 271081221872 states checked.
Progress: 271122303308 states checked.
Progress: 271163318785 states checked.
Progress: 271204285321 states checked.
Progress: 271245328429 states checked.
Progress: 271286377186 states checked.
Progress: 271327410592 states checked.
Progress: 271368360381 states checked.
Progress: 271409342174 states checked.
Progress: 271450387956 states checked.
Progress: 271491419905 states checked.
Progress: 271532472155 states checked.
Progress: 271573458198 states checked.
Progress: 271614473731 states checked.
Progress: 271655512239 states checked.
Progress: 271696584639 states checked.
Progress: 271737602211 states checked.
Progress: 271778650038 states checked.
Progress: 271819585184 states checked.
Progress: 271860589431 states checked.
Progress: 271901655559 states checked.
Progress: 271942609598 states checked.
Progress: 271983639842 states checked.
Progress: 272024686579 states checked.
Progress: 272065602979 states checked.
Progress: 272106656350 states checked.
Progress: 272147657213 states checked.
Progress: 272188680491 states checked.
Progress: 272229687751 states checked.
Progress: 272270794780 states checked.
Progress: 272311928177 states checked.
Progress: 272352989614 states checked.
Progress: 272394085901 states checked.
Progress: 272435081928 states checked.
Progress: 272476082766 states checked.
Progress: 272517133743 states checked.
Progress: 272558201503 states checked.
Progress: 272599290544 states checked.
Progress: 272640408560 states checked.
Progress: 272681285299 states checked.
Progress: 272722020289 states checked.
Progress: 272762758130 states checked.
Progress: 272803444167 states checked.
Progress: 272844162503 states checked.
Progress: 272884963991 states checked.
Progress: 272925682946 states checked.
Progress: 272966306847 states checked.
Progress: 273006983061 states checked.
Progress: 273047783714 states checked.
Progress: 273088522757 states checked.
Progress: 273129338879 states checked.
Progress: 273170039817 states checked.
Progress: 273210962754 states checked.
Progress: 273251859427 states checked.
Progress: 273292699441 states checked.
Progress: 273333555343 states checked.
Progress: 273374391902 states checked.
Progress: 273415231626 states checked.
Progress: 273456179383 states checked.
Progress: 273497074817 states checked.
Progress: 273537956801 states checked.
Progress: 273578864692 states checked.
Progress: 273619707472 states checked.
Progress: 273660493321 states checked.
Progress: 273701351977 states checked.
Progress: 273742268582 states checked.
Progress: 273783081816 states checked.
Progress: 273823962759 states checked.
Progress: 273864677214 states checked.
Progress: 273905350621 states checked.
Progress: 273946130399 states checked.
Progress: 273986785132 states checked.
Progress: 274027406400 states checked.
Progress: 274068065067 states checked.
Progress: 274109021105 states checked.
Progress: 274149983673 states checked.
Progress: 274190983841 states checked.
Progress: 274231955328 states checked.
Progress: 274272981990 states checked.
Progress: 274314016544 states checked.
Progress: 274354963852 states checked.
Progress: 274395935322 states checked.
Progress: 274436953316 states checked.
Progress: 274477902703 states checked.
Progress: 274518906769 states checked.
Progress: 274559942720 states checked.
Progress: 274600986029 states checked.
Progress: 274641898575 states checked.
Progress: 274682835158 states checked.
Progress: 274723781680 states checked.
Progress: 274764694248 states checked.
Progress: 274805594942 states checked.
Progress: 274846505326 states checked.
Progress: 274887513639 states checked.
Progress: 274928366369 states checked.
Progress: 274969136531 states checked.
Progress: 275009969758 states checked.
Progress: 275050815050 states checked.
Progress: 275091664650 states checked.
Progress: 275132568639 states checked.
Progress: 275173476596 states checked.
Progress: 275214407562 states checked.
Progress: 275255348651 states checked.
Progress: 275296203185 states checked.
Progress: 275337112136 states checked.
Progress: 275378067703 states checked.
Progress: 275419012967 states checked.
Progress: 275459968142 states checked.
Progress: 275500939415 states checked.
Progress: 275541840468 states checked.
Progress: 275582760070 states checked.
Progress: 275623650119 states checked.
Progress: 275664545080 states checked.
Progress: 275705560221 states checked.
Progress: 275746484761 states checked.
Progress: 275787433468 states checked.
Progress: 275828421028 states checked.
Progress: 275869383443 states checked.
Progress: 275910356419 states checked.
Progress: 275951332732 states checked.
Progress: 275992261180 states checked.
Progress: 276033181487 states checked.
Progress: 276074109140 states checked.
Progress: 276114997909 states checked.
Progress: 276155945497 states checked.
Progress: 276196981008 states checked.
Progress: 276238001444 states checked.
Progress: 276279054250 states checked.
Progress: 276320098309 states checked.
Progress: 276361065964 states checked.
Progress: 276402116643 states checked.
Progress: 276443127197 states checked.
Progress: 276484098938 states checked.
Progress: 276525074892 states checked.
Progress: 276565938981 states checked.
Progress: 276606956143 states checked.
Progress: 276648037058 states checked.
Progress: 276689014161 states checked.
Progress: 276730001409 states checked.
Progress: 276770936355 states checked.
Progress: 276811836983 states checked.
Progress: 276852817855 states checked.
Progress: 276893665661 states checked.
Progress: 276934525932 states checked.
Progress: 276975505967 states checked.
Progress: 277016472113 states checked.
Progress: 277057346970 states checked.
Progress: 277098224247 states checked.
Progress: 277139222464 states checked.
Progress: 277180129171 states checked.
Progress: 277221066374 states checked.
Progress: 277261971321 states checked.
Progress: 277302890960 states checked.
Progress: 277343827040 states checked.
Progress: 277384690572 states checked.
Progress: 277425603099 states checked.
Progress: 277466635817 states checked.
Progress: 277507519229 states checked.
Progress: 277548491554 states checked.
Progress: 277589430467 states checked.
Progress: 277630469577 states checked.
Progress: 277671446319 states checked.
Progress: 277712425629 states checked.
Progress: 277753428531 states checked.
Progress: 277794457702 states checked.
Progress: 277835467441 states checked.
Progress: 277876455299 states checked.
Progress: 277917514585 states checked.
Progress: 277958522041 states checked.
Progress: 277999506978 states checked.
Progress: 278040473203 states checked.
Progress: 278081492809 states checked.
Progress: 278122467683 states checked.
Progress: 278163446787 states checked.
Progress: 278204327468 states checked.
Progress: 278245291114 states checked.
Progress: 278286266502 states checked.
Progress: 278327202937 states checked.
Progress: 278368154491 states checked.
Progress: 278409039422 states checked.
Progress: 278449990289 states checked.
Progress: 278490917064 states checked.
Progress: 278531843165 states checked.
Progress: 278572817429 states checked.
Progress: 278613686701 states checked.
Progress: 278654643233 states checked.
Progress: 278695634353 states checked.
Progress: 278736601275 states checked.
Progress: 278777686692 states checked.
Progress: 278818692114 states checked.
Progress: 278859692231 states checked.
Progress: 278900650477 states checked.
Progress: 278941579235 states checked.
Progress: 278982522247 states checked.
Progress: 279023426458 states checked.
Progress: 279064388957 states checked.
Progress: 279105400650 states checked.
Progress: 279146359684 states checked.
Progress: 279187332030 states checked.
Progress: 279228335413 states checked.
Progress: 279269288700 states checked.
Progress: 279310258643 states checked.
Progress: 279351241628 states checked.
Progress: 279392195717 states checked.
Progress: 279433178216 states checked.
Progress: 279474136760 states checked.
Progress: 279515107525 states checked.
Progress: 279556045095 states checked.
Progress: 279596975134 states checked.
Progress: 279637983608 states checked.
Progress: 279678995845 states checked.
Progress: 279719903871 states checked.
Progress: 279760838637 states checked.
Progress: 279801869175 states checked.
Progress: 279842854615 states checked.
Progress: 279883811789 states checked.
Progress: 279924787443 states checked.
Progress: 279965828331 states checked.
Progress: 280006725008 states checked.
Progress: 280047675280 states checked.
Progress: 280088624426 states checked.
Progress: 280129564490 states checked.
Progress: 280170561981 states checked.
Progress: 280211533290 states checked.
Progress: 280252545137 states checked.
Progress: 280293507685 states checked.
Progress: 280334453677 states checked.
Progress: 280375477118 states checked.
Progress: 280416515646 states checked.
Progress: 280457530117 states checked.
Progress: 280498521351 states checked.
Progress: 280539542679 states checked.
Progress: 280580530389 states checked.
Progress: 280621544139 states checked.
Progress: 280662625042 states checked.
Progress: 280703674859 states checked.
Progress: 280744678066 states checked.
Progress: 280785708642 states checked.
Progress: 280826718295 states checked.
Progress: 280867788224 states checked.
Progress: 280908841487 states checked.
Progress: 280949861186 states checked.
Progress: 280990891393 states checked.
Progress: 281031857832 states checked.
Progress: 281072808348 states checked.
Progress: 281113877453 states checked.
Progress: 281154914747 states checked.
Progress: 281195970936 states checked.
Progress: 281237011529 states checked.
Progress: 281278051801 states checked.
Progress: 281319106297 states checked.
Progress: 281360152952 states checked.
Progress: 281401230498 states checked.
Progress: 281442301726 states checked.
Progress: 281483261035 states checked.
Progress: 281524290605 states checked.
Progress: 281565315740 states checked.
Progress: 281606297314 states checked.
Progress: 281647306148 states checked.
Progress: 281688385284 states checked.
Progress: 281729375065 states checked.
Progress: 281770416781 states checked.
Progress: 281811500456 states checked.
Progress: 281852453303 states checked.
Progress: 281893464871 states checked.
Progress: 281934516393 states checked.
Progress: 281975577501 states checked.
Progress: 282016606780 states checked.
Progress: 282057586207 states checked.
Progress: 282098645622 states checked.
Progress: 282139526068 states checked.
Progress: 282180361287 states checked.
Progress: 282221324422 states checked.
Progress: 282262343436 states checked.
Progress: 282303403005 states checked.
Progress: 282344488731 states checked.
Progress: 282385541242 states checked.
Progress: 282426533613 states checked.
Progress: 282467499322 states checked.
Progress: 282508519608 states checked.
Progress: 282549514788 states checked.
Progress: 282590623928 states checked.
Progress: 282631716927 states checked.
Progress: 282672758473 states checked.
Progress: 282713793327 states checked.
Progress: 282754831062 states checked.
Progress: 282795935478 states checked.
Progress: 282837013591 states checked.
Progress: 282878110856 states checked.
Progress: 282919213325 states checked.
Progress: 282960316971 states checked.
Progress: 283001252760 states checked.
Progress: 283042166773 states checked.
Progress: 283083042065 states checked.
Progress: 283123957145 states checked.
Progress: 283164870019 states checked.
Progress: 283205809412 states checked.
Progress: 283246665086 states checked.
Progress: 283287519224 states checked.
Progress: 283328433796 states checked.
Progress: 283369354842 states checked.
Progress: 283410294174 states checked.
Progress: 283451178139 states checked.
Progress: 283492100820 states checked.
Progress: 283532926673 states checked.
Progress: 283573833486 states checked.
Progress: 283614806648 states checked.
Progress: 283655654469 states checked.
Progress: 283696607636 states checked.
Progress: 283737542027 states checked.
Progress: 283778483858 states checked.
Progress: 283819431892 states checked.
Progress: 283860325166 states checked.
Progress: 283901207991 states checked.
Progress: 283942073652 states checked.
Progress: 283983015078 states checked.
Progress: 284023923783 states checked.
Progress: 284064781130 states checked.
Progress: 284105626606 states checked.
Progress: 284146475842 states checked.
Progress: 284187449535 states checked.
Progress: 284228346340 states checked.
Progress: 284269215648 states checked.
Progress: 284310156593 states checked.
Progress: 284351023383 states checked.
Progress: 284391884546 states checked.
Progress: 284432738835 states checked.
Progress: 284473656259 states checked.
Progress: 284514618274 states checked.
Progress: 284555596045 states checked.
Progress: 284596521156 states checked.
Progress: 284637391047 states checked.
Progress: 284678340632 states checked.
Progress: 284719283979 states checked.
Progress: 284760165658 states checked.
Progress: 284801097438 states checked.
Progress: 284841992523 states checked.
Progress: 284882947047 states checked.
Progress: 284923832540 states checked.
Progress: 284964768195 states checked.
Progress: 285005610026 states checked.
Progress: 285046511846 states checked.
Progress: 285087374488 states checked.
Progress: 285128256550 states checked.
Progress: 285169165788 states checked.
Progress: 285210030324 states checked.
Progress: 285250922034 states checked.
Progress: 285291729392 states checked.
Progress: 285332533556 states checked.
Progress: 285373397143 states checked.
Progress: 285414231074 states checked.
Progress: 285455067455 states checked.
Progress: 285495884453 states checked.
Progress: 285536767024 states checked.
Progress: 285577609605 states checked.
Progress: 285618449051 states checked.
Progress: 285659317795 states checked.
Progress: 285700140030 states checked.
Progress: 285741018790 states checked.
Progress: 285781832005 states checked.
Progress: 285822716692 states checked.
Progress: 285863686695 states checked.
Progress: 285904560165 states checked.
Progress: 285945364204 states checked.
Progress: 285986245387 states checked.
Progress: 286027146153 states checked.
Progress: 286068092253 states checked.
Progress: 286108996282 states checked.
Progress: 286149716460 states checked.
Progress: 286190579521 states checked.
Progress: 286231440901 states checked.
Progress: 286272310338 states checked.
Progress: 286313224132 states checked.
Progress: 286354077634 states checked.
Progress: 286394947846 states checked.
Progress: 286435833433 states checked.
Progress: 286476753810 states checked.
Progress: 286517617909 states checked.
Progress: 286558463550 states checked.
Progress: 286599334364 states checked.
Progress: 286640201724 states checked.
Progress: 286681113012 states checked.
Progress: 286721976299 states checked.
Progress: 286762782340 states checked.
Progress: 286803682940 states checked.
Progress: 286844594501 states checked.
Progress: 286885494537 states checked.
Progress: 286926368205 states checked.
Progress: 286967047653 states checked.
Progress: 287007939242 states checked.
Progress: 287048842733 states checked.
Progress: 287089738915 states checked.
Progress: 287130631152 states checked.
Progress: 287171524024 states checked.
Progress: 287212301878 states checked.
Progress: 287253192225 states checked.
Progress: 287293959195 states checked.
Progress: 287334796449 states checked.
Progress: 287375626623 states checked.
Progress: 287416482016 states checked.
Progress: 287457376194 states checked.
Progress: 287498307842 states checked.
Progress: 287539241290 states checked.
Progress: 287580145851 states checked.
Progress: 287621020238 states checked.
Progress: 287661951084 states checked.
Progress: 287702883953 states checked.
Progress: 287743764499 states checked.
Progress: 287784600210 states checked.
Progress: 287825515710 states checked.
Progress: 287866474282 states checked.
Progress: 287907368691 states checked.
Progress: 287948232041 states checked.
Progress: 287989077524 states checked.
Progress: 288029936871 states checked.
Progress: 288070869814 states checked.
Progress: 288111799393 states checked.
Progress: 288152627942 states checked.
Progress: 288193471500 states checked.
Progress: 288234350477 states checked.
Progress: 288275194559 states checked.
Progress: 288315942846 states checked.
Progress: 288356799495 states checked.
Progress: 288397646046 states checked.
Progress: 288438491373 states checked.
Progress: 288479323554 states checked.
Progress: 288520143626 states checked.
Progress: 288560973610 states checked.
Progress: 288601849369 states checked.
Progress: 288642675047 states checked.
Progress: 288683602627 states checked.
Progress: 288724479041 states checked.
Progress: 288765364992 states checked.
Progress: 288806297406 states checked.
Progress: 288847220057 states checked.
Progress: 288888181947 states checked.
Progress: 288929036841 states checked.
Progress: 288969925267 states checked.
Progress: 289010761837 states checked.
Progress: 289051679265 states checked.
Progress: 289092612637 states checked.
Progress: 289133504325 states checked.
Progress: 289174409336 states checked.
Progress: 289215277572 states checked.
Progress: 289256117356 states checked.
Progress: 289296956443 states checked.
Progress: 289337841285 states checked.
Progress: 289378726495 states checked.
Progress: 289419540879 states checked.
Progress: 289460377251 states checked.
Progress: 289501294610 states checked.
Progress: 289542177719 states checked.
Progress: 289583074695 states checked.
Progress: 289623923581 states checked.
Progress: 289664835454 states checked.
Progress: 289705718408 states checked.
Progress: 289746615096 states checked.
Progress: 289787547534 states checked.
Progress: 289828472863 states checked.
Progress: 289869392188 states checked.
Progress: 289910255859 states checked.
Progress: 289951129907 states checked.
Progress: 289991991518 states checked.
Progress: 290032705412 states checked.
Progress: 290073476542 states checked.
Progress: 290114399681 states checked.
Progress: 290155331435 states checked.
Progress: 290196204644 states checked.
Progress: 290237076856 states checked.
Progress: 290277949472 states checked.
Progress: 290318804858 states checked.
Progress: 290359656037 states checked.
Progress: 290400486428 states checked.
Progress: 290441280382 states checked.
Progress: 290482144291 states checked.
Progress: 290522882963 states checked.
Progress: 290563743839 states checked.
Progress: 290604596822 states checked.
Progress: 290645450546 states checked.
Progress: 290686325046 states checked.
Progress: 290727262489 states checked.
Progress: 290768118195 states checked.
Progress: 290808986973 states checked.
Progress: 290849844649 states checked.
Progress: 290890644886 states checked.
Progress: 290931485534 states checked.
Progress: 290972339943 states checked.
Progress: 291013213338 states checked.
Progress: 291054161546 states checked.
Progress: 291095027816 states checked.
Progress: 291135948484 states checked.
Progress: 291176776401 states checked.
Progress: 291217657318 states checked.
Progress: 291258484103 states checked.
Progress: 291299333856 states checked.
Progress: 291340145305 states checked.
Progress: 291381005084 states checked.
Progress: 291421871339 states checked.
Progress: 291462727416 states checked.
Progress: 291503495708 states checked.
Progress: 291544234677 states checked.
Progress: 291585069557 states checked.
Progress: 291625949099 states checked.
Progress: 291666874137 states checked.
Progress: 291707716156 states checked.
Progress: 291748583819 states checked.
Progress: 291789516692 states checked.
Progress: 291830447515 states checked.
Progress: 291871366154 states checked.
Progress: 291912202231 states checked.
Progress: 291953056031 states checked.
Progress: 291993884397 states checked.
Progress: 292034731682 states checked.
Progress: 292075504819 states checked.
Progress: 292116369676 states checked.
Progress: 292157210123 states checked.
Progress: 292198088179 states checked.
Progress: 292238945967 states checked.
Progress: 292279826104 states checked.
Progress: 292320605893 states checked.
Progress: 292361335893 states checked.
Progress: 292402169577 states checked.
Progress: 292442944530 states checked.
Progress: 292483784581 states checked.
Progress: 292524547337 states checked.
Progress: 292565385851 states checked.
Progress: 292606154829 states checked.
Progress: 292646972901 states checked.
Progress: 292687793632 states checked.
Progress: 292728671950 states checked.
Progress: 292769529691 states checked.
Progress: 292810357930 states checked.
Progress: 292851204900 states checked.
Progress: 292891966825 states checked.
Progress: 292932705760 states checked.
Progress: 292973529005 states checked.
Progress: 293014406280 states checked.
Progress: 293055264123 states checked.
Progress: 293096191773 states checked.
Progress: 293137146965 states checked.
Progress: 293178066297 states checked.
Progress: 293219000314 states checked.
Progress: 293259880022 states checked.
Progress: 293300682410 states checked.
Progress: 293341594894 states checked.
Progress: 293382488729 states checked.
Progress: 293423350941 states checked.
Progress: 293464158005 states checked.
Progress: 293504911852 states checked.
Progress: 293545680899 states checked.
Progress: 293586477683 states checked.
Progress: 293627210466 states checked.
Progress: 293668034714 states checked.
Progress: 293708754835 states checked.
Progress: 293749536620 states checked.
Progress: 293790369026 states checked.
Progress: 293831129039 states checked.
Progress: 293871864662 states checked.
Progress: 293912696085 states checked.
Progress: 293953573728 states checked.
Progress: 293994395102 states checked.
Progress: 294035218637 states checked.
Progress: 294076044958 states checked.
Progress: 294116859148 states checked.
Progress: 294157612663 states checked.
Progress: 294198452697 states checked.
Progress: 294239325916 states checked.
Progress: 294280207978 states checked.
Progress: 294321018595 states checked.
Progress: 294361748101 states checked.
Progress: 294402621208 states checked.
Progress: 294443499552 states checked.
Progress: 294484362619 states checked.
Progress: 294525190348 states checked.
Progress: 294566064058 states checked.
Progress: 294606859566 states checked.
Progress: 294647763560 states checked.
Progress: 294688744878 states checked.
Progress: 294729642133 states checked.
Progress: 294770489991 states checked.
Progress: 294811391088 states checked.
Progress: 294852331859 states checked.
Progress: 294893268280 states checked.
Progress: 294934197032 states checked.
Progress: 294975096448 states checked.
Progress: 295016050975 states checked.
