TLC2 Version 2.19 of 08 August 2024 (rev: 5a47802)
Warning: Please run the Java VM which executes TLC with a throughput optimized garbage collector by passing the "-XX:+UseParallelGC" property.
(Use the -nowarning option to disable this warning.)
Running Random Simulation with seed 1780326569342066306 with 60 workers on 72 cores with 30208MB heap and 64MB offheap memory [pid: 2588145] (Linux 6.12.69+deb13-cloud-amd64 amd64, Debian 21.0.10 x86_64).
Parsing file /home/alexandre.siret/AccordTLASpec/SpecAccord/RecoveryAndCommitSpec/AccordSpec.tla
Parsing file /tmp/TLC.tla
Parsing file /tmp/Naturals.tla
Parsing file /tmp/Sequences.tla
Parsing file /tmp/FiniteSets.tla
Semantic processing of module Naturals
Semantic processing of module Sequences
Semantic processing of module FiniteSets
Semantic processing of module TLC
Semantic processing of module AccordSpec
Starting... (2026-04-06 12:27:58)
Computed 1 initial states...
Progress: 24367986 states checked.
Progress: 49873809 states checked.
Progress: 75356395 states checked.
Progress: 100846034 states checked.
Progress: 126346818 states checked.
Progress: 151813532 states checked.
Progress: 177313937 states checked.
Progress: 202803779 states checked.
Progress: 228291573 states checked.
Progress: 253804512 states checked.
Progress: 279323608 states checked.
Progress: 304815826 states checked.
Progress: 330326023 states checked.
Progress: 355728334 states checked.
Progress: 381154035 states checked.
Progress: 406598198 states checked.
Progress: 432108605 states checked.
Progress: 457603706 states checked.
Progress: 483095785 states checked.
Progress: 508644487 states checked.
Progress: 534141700 states checked.
Progress: 559645002 states checked.
Progress: 585109725 states checked.
Progress: 610580607 states checked.
Progress: 636098975 states checked.
Progress: 661623863 states checked.
Progress: 687159131 states checked.
Progress: 712684910 states checked.
Progress: 738158927 states checked.
Progress: 763668075 states checked.
Progress: 789178474 states checked.
Progress: 814641049 states checked.
Progress: 840128398 states checked.
Progress: 865676662 states checked.
Progress: 891149181 states checked.
Progress: 916648295 states checked.
Progress: 942102897 states checked.
Progress: 967590299 states checked.
Progress: 993045062 states checked.
Progress: 1018533438 states checked.
Progress: 1044042717 states checked.
Progress: 1069557197 states checked.
Progress: 1095052233 states checked.
Progress: 1120529890 states checked.
Progress: 1146000217 states checked.
Progress: 1171475420 states checked.
Progress: 1196963196 states checked.
Progress: 1222460502 states checked.
Progress: 1247928075 states checked.
Progress: 1273305638 states checked.
Progress: 1298742552 states checked.
Progress: 1324193256 states checked.
Progress: 1349623201 states checked.
Progress: 1375096296 states checked.
Progress: 1400565385 states checked.
Progress: 1426024931 states checked.
Progress: 1451485991 states checked.
Progress: 1476964908 states checked.
Progress: 1502428441 states checked.
Progress: 1527944008 states checked.
Progress: 1553412551 states checked.
Progress: 1578887961 states checked.
Progress: 1604356501 states checked.
Progress: 1629821806 states checked.
Progress: 1655342317 states checked.
Progress: 1680880202 states checked.
Progress: 1706363092 states checked.
Progress: 1731839299 states checked.
Progress: 1757424789 states checked.
Progress: 1782978758 states checked.
Progress: 1808564301 states checked.
Progress: 1834169149 states checked.
Progress: 1859790617 states checked.
Progress: 1885357590 states checked.
Progress: 1910957650 states checked.
Progress: 1936513962 states checked.
Progress: 1961981778 states checked.
Progress: 1987536273 states checked.
Progress: 2013124359 states checked.
Progress: 2038626957 states checked.
Progress: 2064138918 states checked.
Progress: 2089758873 states checked.
Progress: 2115313732 states checked.
Progress: 2140909873 states checked.
Progress: 2166539666 states checked.
Progress: 2192131645 states checked.
Progress: 2217770993 states checked.
Progress: 2243405408 states checked.
Progress: 2269051658 states checked.
Progress: 2294623479 states checked.
Progress: 2320285046 states checked.
Progress: 2345943290 states checked.
Progress: 2371602299 states checked.
Progress: 2397279581 states checked.
Progress: 2422906452 states checked.
Progress: 2448509272 states checked.
Progress: 2474114772 states checked.
Progress: 2499744694 states checked.
Progress: 2525357686 states checked.
Progress: 2551002791 states checked.
Progress: 2576625614 states checked.
Progress: 2602259348 states checked.
Progress: 2627885106 states checked.
Progress: 2653484897 states checked.
Progress: 2679122114 states checked.
Progress: 2704743553 states checked.
Progress: 2730351470 states checked.
Progress: 2755835346 states checked.
Progress: 2781357210 states checked.
Progress: 2806901966 states checked.
Progress: 2832481524 states checked.
Progress: 2858057467 states checked.
Progress: 2883626626 states checked.
Progress: 2909162582 states checked.
Progress: 2934693671 states checked.
Progress: 2960270927 states checked.
Progress: 2985906067 states checked.
Progress: 3011415621 states checked.
Progress: 3037031685 states checked.
Progress: 3062609068 states checked.
Progress: 3088191948 states checked.
Progress: 3113786994 states checked.
Progress: 3139398846 states checked.
Progress: 3164987556 states checked.
Progress: 3190545587 states checked.
Progress: 3216141790 states checked.
Progress: 3241699132 states checked.
Progress: 3267285963 states checked.
Progress: 3292888805 states checked.
Progress: 3318512582 states checked.
Progress: 3344128085 states checked.
Progress: 3369753972 states checked.
Progress: 3395342403 states checked.
Progress: 3420915777 states checked.
Progress: 3446488054 states checked.
Progress: 3472106542 states checked.
Progress: 3497720989 states checked.
Progress: 3523339153 states checked.
Progress: 3548967484 states checked.
Progress: 3574564019 states checked.
Progress: 3600135276 states checked.
Progress: 3625731324 states checked.
Progress: 3651356989 states checked.
Progress: 3676951469 states checked.
Progress: 3702558761 states checked.
Progress: 3728121360 states checked.
Progress: 3753721865 states checked.
Progress: 3779299410 states checked.
Progress: 3804875134 states checked.
Progress: 3830424052 states checked.
Progress: 3855988039 states checked.
Progress: 3881555967 states checked.
Progress: 3907140450 states checked.
Progress: 3932730878 states checked.
Progress: 3958314084 states checked.
Progress: 3983899516 states checked.
Progress: 4009531939 states checked.
Progress: 4035154830 states checked.
Progress: 4060754937 states checked.
Progress: 4086329250 states checked.
Progress: 4111933718 states checked.
Progress: 4137556848 states checked.
Progress: 4163114979 states checked.
Progress: 4188702264 states checked.
Progress: 4214312806 states checked.
Progress: 4239928135 states checked.
Progress: 4265535469 states checked.
Progress: 4291123760 states checked.
Progress: 4316675314 states checked.
Progress: 4342259452 states checked.
Progress: 4367868150 states checked.
Progress: 4393533582 states checked.
Progress: 4419204895 states checked.
Progress: 4444845551 states checked.
Progress: 4470524392 states checked.
Progress: 4496211803 states checked.
Progress: 4521900986 states checked.
Progress: 4547611461 states checked.
Progress: 4573271591 states checked.
Progress: 4598916110 states checked.
Progress: 4624544656 states checked.
Progress: 4650193268 states checked.
Progress: 4675865357 states checked.
Progress: 4701536513 states checked.
Progress: 4727163834 states checked.
Progress: 4752835541 states checked.
Progress: 4778471407 states checked.
Progress: 4804098419 states checked.
Progress: 4829767089 states checked.
Progress: 4855397590 states checked.
Progress: 4881012928 states checked.
Progress: 4906624922 states checked.
Progress: 4932253866 states checked.
Progress: 4957868766 states checked.
Progress: 4983522279 states checked.
Progress: 5009165059 states checked.
Progress: 5034797804 states checked.
Progress: 5060407608 states checked.
Progress: 5086025025 states checked.
Progress: 5111617926 states checked.
Progress: 5137240639 states checked.
Progress: 5162875138 states checked.
Progress: 5188523638 states checked.
Progress: 5214161815 states checked.
Progress: 5239764052 states checked.
Progress: 5265337070 states checked.
Progress: 5290939387 states checked.
Progress: 5316527867 states checked.
Progress: 5342105339 states checked.
Progress: 5367684077 states checked.
Progress: 5393311167 states checked.
Progress: 5418911257 states checked.
Progress: 5444538974 states checked.
Progress: 5470170371 states checked.
Progress: 5495741853 states checked.
Progress: 5521350048 states checked.
Progress: 5546979720 states checked.
Progress: 5572576058 states checked.
Progress: 5598169403 states checked.
Progress: 5623778454 states checked.
Progress: 5649388966 states checked.
Progress: 5674996904 states checked.
Progress: 5700595965 states checked.
Progress: 5726173136 states checked.
Progress: 5751762086 states checked.
Progress: 5777345704 states checked.
Progress: 5802912507 states checked.
Progress: 5828533013 states checked.
Progress: 5854181038 states checked.
Progress: 5879811454 states checked.
Progress: 5905447446 states checked.
Progress: 5931071543 states checked.
Progress: 5956718825 states checked.
Progress: 5982372906 states checked.
Progress: 6008007916 states checked.
Progress: 6033643356 states checked.
Progress: 6059231995 states checked.
Progress: 6084847648 states checked.
Progress: 6110471240 states checked.
Progress: 6136065433 states checked.
Progress: 6161636321 states checked.
Progress: 6187241955 states checked.
Progress: 6212836330 states checked.
Progress: 6238411671 states checked.
Progress: 6264000580 states checked.
Progress: 6289627571 states checked.
Progress: 6315227772 states checked.
Progress: 6340826507 states checked.
Progress: 6366427425 states checked.
Progress: 6392062957 states checked.
Progress: 6417742989 states checked.
Progress: 6443363269 states checked.
Progress: 6468987993 states checked.
Progress: 6494632912 states checked.
Progress: 6520253708 states checked.
Progress: 6545853509 states checked.
Progress: 6571406599 states checked.
Progress: 6597019093 states checked.
Progress: 6622599022 states checked.
Progress: 6648177748 states checked.
Progress: 6673761329 states checked.
Progress: 6699352902 states checked.
Progress: 6725010467 states checked.
Progress: 6750641281 states checked.
Progress: 6776262394 states checked.
Progress: 6801875109 states checked.
Progress: 6827456746 states checked.
Progress: 6853026848 states checked.
Progress: 6878618429 states checked.
Progress: 6904167814 states checked.
Progress: 6929732600 states checked.
Progress: 6955280466 states checked.
Progress: 6980912521 states checked.
Progress: 7006562888 states checked.
Progress: 7032142713 states checked.
Progress: 7057806119 states checked.
Progress: 7083399065 states checked.
Progress: 7109000224 states checked.
Progress: 7134604854 states checked.
Progress: 7160213798 states checked.
Progress: 7185802416 states checked.
Progress: 7211428462 states checked.
Progress: 7237058859 states checked.
Progress: 7262669833 states checked.
Progress: 7288278862 states checked.
Progress: 7313844791 states checked.
Progress: 7339444512 states checked.
Progress: 7365101897 states checked.
Progress: 7390678319 states checked.
Progress: 7416275481 states checked.
Progress: 7441843243 states checked.
Progress: 7467461308 states checked.
Progress: 7493077009 states checked.
Progress: 7518705571 states checked.
Progress: 7544356657 states checked.
Progress: 7570000732 states checked.
Progress: 7595586407 states checked.
Progress: 7621232090 states checked.
Progress: 7646835176 states checked.
Progress: 7672431074 states checked.
Progress: 7698056504 states checked.
Progress: 7723700123 states checked.
Progress: 7749360951 states checked.
Progress: 7774963856 states checked.
Progress: 7800560876 states checked.
Progress: 7826158207 states checked.
Progress: 7851766409 states checked.
Progress: 7877400903 states checked.
Progress: 7903007547 states checked.
Progress: 7928604117 states checked.
Progress: 7954208764 states checked.
Progress: 7979845519 states checked.
Progress: 8005469794 states checked.
Progress: 8031080237 states checked.
Progress: 8056761683 states checked.
Progress: 8082439439 states checked.
Progress: 8108051987 states checked.
Progress: 8133642338 states checked.
Progress: 8159236793 states checked.
Progress: 8184854383 states checked.
Progress: 8210506414 states checked.
Progress: 8236152404 states checked.
Progress: 8261778120 states checked.
Progress: 8287411299 states checked.
Progress: 8313051033 states checked.
Progress: 8338650644 states checked.
Progress: 8364274870 states checked.
Progress: 8389860637 states checked.
Progress: 8415444137 states checked.
Progress: 8441044754 states checked.
Progress: 8466704103 states checked.
Progress: 8492309754 states checked.
Progress: 8517999573 states checked.
Progress: 8543615096 states checked.
Progress: 8569221603 states checked.
Progress: 8594780332 states checked.
Progress: 8620375195 states checked.
Progress: 8646005459 states checked.
Progress: 8671623470 states checked.
Progress: 8697203919 states checked.
Progress: 8722733511 states checked.
Progress: 8748278718 states checked.
Progress: 8773845208 states checked.
Progress: 8799394333 states checked.
Progress: 8824970378 states checked.
Progress: 8850481296 states checked.
Progress: 8876031969 states checked.
Progress: 8901573899 states checked.
Progress: 8927159829 states checked.
Progress: 8952733171 states checked.
Progress: 8978266065 states checked.
Progress: 9003802438 states checked.
Progress: 9029347521 states checked.
Progress: 9054903644 states checked.
Progress: 9080459792 states checked.
Progress: 9105987692 states checked.
Progress: 9131555728 states checked.
Progress: 9157107567 states checked.
Progress: 9182663135 states checked.
Progress: 9208222267 states checked.
Progress: 9233770325 states checked.
Progress: 9259296508 states checked.
Progress: 9284797805 states checked.
Progress: 9310334175 states checked.
Progress: 9335845884 states checked.
Progress: 9361313688 states checked.
Progress: 9386817894 states checked.
Progress: 9412324109 states checked.
Progress: 9437873509 states checked.
Progress: 9463374475 states checked.
Progress: 9488933965 states checked.
Progress: 9514464982 states checked.
Progress: 9539980963 states checked.
Progress: 9565555100 states checked.
Progress: 9591103641 states checked.
Progress: 9616620254 states checked.
Progress: 9642150783 states checked.
Progress: 9667679572 states checked.
Progress: 9693214821 states checked.
Progress: 9718773262 states checked.
Progress: 9744332650 states checked.
Progress: 9769857780 states checked.
Progress: 9795420311 states checked.
Progress: 9820979878 states checked.
Progress: 9846545093 states checked.
Progress: 9872096003 states checked.
Progress: 9897649719 states checked.
Progress: 9923219067 states checked.
Progress: 9948751270 states checked.
Progress: 9974255657 states checked.
Progress: 9999801415 states checked.
Progress: 10025326275 states checked.
Progress: 10050873454 states checked.
Progress: 10076416900 states checked.
Progress: 10101986199 states checked.
Progress: 10127587952 states checked.
Progress: 10153133221 states checked.
Progress: 10178723195 states checked.
Progress: 10204298335 states checked.
Progress: 10229869420 states checked.
Progress: 10255404096 states checked.
Progress: 10280967038 states checked.
Progress: 10306516597 states checked.
Progress: 10332083825 states checked.
Progress: 10357621390 states checked.
Progress: 10383257487 states checked.
Progress: 10408807930 states checked.
Progress: 10434354348 states checked.
Progress: 10459957259 states checked.
Progress: 10485558837 states checked.
Progress: 10511085041 states checked.
Progress: 10536597907 states checked.
Progress: 10562143739 states checked.
Progress: 10587662268 states checked.
Progress: 10613186375 states checked.
Progress: 10638683027 states checked.
Progress: 10664191096 states checked.
Progress: 10689711838 states checked.
Progress: 10715235156 states checked.
Progress: 10740751029 states checked.
Progress: 10766282585 states checked.
Progress: 10791798362 states checked.
Progress: 10817341949 states checked.
Progress: 10842851669 states checked.
Progress: 10868422582 states checked.
Progress: 10893962816 states checked.
Progress: 10919504369 states checked.
Progress: 10945069104 states checked.
Progress: 10970629454 states checked.
Progress: 10996169434 states checked.
Progress: 11021688484 states checked.
Progress: 11047251330 states checked.
Progress: 11072785294 states checked.
Progress: 11098293046 states checked.
Progress: 11123754689 states checked.
Progress: 11149234382 states checked.
Progress: 11174736012 states checked.
Progress: 11200220701 states checked.
Progress: 11225677018 states checked.
Progress: 11251163623 states checked.
Progress: 11276671147 states checked.
Progress: 11302177478 states checked.
Progress: 11327724420 states checked.
Progress: 11353241000 states checked.
Progress: 11378778677 states checked.
Progress: 11404298347 states checked.
Progress: 11429819471 states checked.
Progress: 11455364811 states checked.
Progress: 11480913703 states checked.
Progress: 11506438988 states checked.
Progress: 11531992167 states checked.
Progress: 11557535007 states checked.
Progress: 11583081153 states checked.
Progress: 11608662700 states checked.
Progress: 11634226909 states checked.
Progress: 11659746626 states checked.
Progress: 11685285556 states checked.
Progress: 11710881530 states checked.
Progress: 11736452131 states checked.
Progress: 11761998497 states checked.
Progress: 11787530935 states checked.
Progress: 11813083560 states checked.
Progress: 11838637648 states checked.
Progress: 11864177899 states checked.
Progress: 11889722880 states checked.
Progress: 11915246942 states checked.
Progress: 11940750415 states checked.
Progress: 11966289124 states checked.
Progress: 11991843976 states checked.
Progress: 12017381196 states checked.
Progress: 12042901987 states checked.
Progress: 12068424745 states checked.
Progress: 12093941390 states checked.
Progress: 12119495659 states checked.
Progress: 12145055989 states checked.
Progress: 12170622981 states checked.
Progress: 12196168624 states checked.
Progress: 12221640228 states checked.
Progress: 12247225898 states checked.
Progress: 12272777831 states checked.
Progress: 12298322612 states checked.
Progress: 12323857068 states checked.
Progress: 12349376289 states checked.
Progress: 12374872972 states checked.
Progress: 12400395619 states checked.
Progress: 12425920108 states checked.
Progress: 12451433556 states checked.
Progress: 12476978028 states checked.
Progress: 12502513233 states checked.
Progress: 12528028681 states checked.
Progress: 12553570004 states checked.
Progress: 12579136149 states checked.
Progress: 12604681311 states checked.
Progress: 12630222594 states checked.
Progress: 12655745223 states checked.
Progress: 12681316940 states checked.
Progress: 12706866519 states checked.
Progress: 12732429180 states checked.
Progress: 12757956774 states checked.
Progress: 12783474302 states checked.
Progress: 12809034855 states checked.
Progress: 12834609454 states checked.
Progress: 12860182293 states checked.
Progress: 12885747607 states checked.
Progress: 12911304521 states checked.
Progress: 12936887747 states checked.
Progress: 12962438824 states checked.
Progress: 12987979597 states checked.
Progress: 13013535064 states checked.
Progress: 13039061260 states checked.
Progress: 13064582490 states checked.
Progress: 13090148132 states checked.
Progress: 13115717884 states checked.
Progress: 13141273179 states checked.
Progress: 13166828128 states checked.
Progress: 13192374825 states checked.
Progress: 13217954045 states checked.
Progress: 13243551474 states checked.
Progress: 13269147509 states checked.
Progress: 13294721266 states checked.
Progress: 13320264674 states checked.
Progress: 13345797129 states checked.
Progress: 13371348870 states checked.
Progress: 13396906380 states checked.
Progress: 13422476508 states checked.
Progress: 13448005890 states checked.
Progress: 13473551388 states checked.
Progress: 13499129990 states checked.
Progress: 13524676921 states checked.
Progress: 13550234764 states checked.
Progress: 13575780652 states checked.
Progress: 13601311725 states checked.
Progress: 13626851910 states checked.
Progress: 13652417257 states checked.
Progress: 13677943937 states checked.
Progress: 13703426902 states checked.
Progress: 13728939211 states checked.
Progress: 13754441646 states checked.
Progress: 13780006072 states checked.
Progress: 13805555805 states checked.
Progress: 13831126039 states checked.
Progress: 13856666921 states checked.
Progress: 13882162071 states checked.
Progress: 13907705926 states checked.
Progress: 13933214893 states checked.
Progress: 13958730411 states checked.
Progress: 13984272386 states checked.
Progress: 14009812276 states checked.
Progress: 14035349797 states checked.
Progress: 14060887950 states checked.
Progress: 14086450629 states checked.
Progress: 14111989866 states checked.
Progress: 14137541635 states checked.
Progress: 14163068263 states checked.
Progress: 14188598562 states checked.
Progress: 14214150347 states checked.
Progress: 14239686836 states checked.
Progress: 14265263914 states checked.
Progress: 14290769983 states checked.
Progress: 14316305930 states checked.
Progress: 14341856358 states checked.
Progress: 14367320432 states checked.
Progress: 14392813933 states checked.
Progress: 14418319472 states checked.
Progress: 14443841166 states checked.
Progress: 14469324686 states checked.
Progress: 14494891941 states checked.
Progress: 14520458397 states checked.
Progress: 14545977852 states checked.
Progress: 14571488378 states checked.
Progress: 14596996950 states checked.
Progress: 14622535711 states checked.
Progress: 14648077211 states checked.
Progress: 14673610585 states checked.
Progress: 14699181249 states checked.
Progress: 14724752066 states checked.
Progress: 14750300300 states checked.
Progress: 14775826105 states checked.
Progress: 14801367021 states checked.
Progress: 14826947659 states checked.
Progress: 14852492465 states checked.
Progress: 14878030911 states checked.
Progress: 14903588149 states checked.
Progress: 14929136908 states checked.
Progress: 14954654666 states checked.
Progress: 14980211141 states checked.
Progress: 15005764617 states checked.
Progress: 15031309138 states checked.
Progress: 15056854096 states checked.
Progress: 15082398003 states checked.
Progress: 15107925299 states checked.
Progress: 15133467124 states checked.
Progress: 15159007979 states checked.
Progress: 15184535864 states checked.
Progress: 15210076913 states checked.
Progress: 15235601757 states checked.
Progress: 15261113436 states checked.
Progress: 15286616465 states checked.
Progress: 15312154717 states checked.
Progress: 15337697064 states checked.
Progress: 15363239712 states checked.
Progress: 15388776911 states checked.
Progress: 15414322245 states checked.
Progress: 15439876257 states checked.
Progress: 15465486411 states checked.
Progress: 15491055681 states checked.
Progress: 15516639599 states checked.
Progress: 15542198422 states checked.
Progress: 15567743499 states checked.
Progress: 15593318684 states checked.
Progress: 15618892719 states checked.
Progress: 15644451958 states checked.
Progress: 15669982711 states checked.
Progress: 15695540244 states checked.
Progress: 15721096868 states checked.
Progress: 15746675337 states checked.
Progress: 15772238937 states checked.
Progress: 15797793924 states checked.
Progress: 15823376533 states checked.
Progress: 15848942591 states checked.
Progress: 15874493994 states checked.
Progress: 15900044996 states checked.
Progress: 15925626399 states checked.
Progress: 15951176092 states checked.
Progress: 15976747456 states checked.
Progress: 16002323227 states checked.
Progress: 16027888250 states checked.
Progress: 16053467412 states checked.
Progress: 16079028492 states checked.
Progress: 16104548942 states checked.
Progress: 16130084244 states checked.
Progress: 16155633672 states checked.
Progress: 16181182082 states checked.
Progress: 16206729307 states checked.
Progress: 16232283329 states checked.
Progress: 16257837211 states checked.
Progress: 16283408893 states checked.
Progress: 16308907820 states checked.
Progress: 16334479206 states checked.
Progress: 16360052379 states checked.
Progress: 16385606063 states checked.
Progress: 16411172831 states checked.
Progress: 16436745207 states checked.
Progress: 16462314705 states checked.
Progress: 16487859810 states checked.
Progress: 16513403019 states checked.
Progress: 16538972433 states checked.
Progress: 16564459066 states checked.
Progress: 16589978886 states checked.
Progress: 16615561972 states checked.
Progress: 16641125971 states checked.
Progress: 16666692542 states checked.
Progress: 16692252326 states checked.
Progress: 16717806898 states checked.
Progress: 16743364347 states checked.
Progress: 16768914328 states checked.
Progress: 16794506548 states checked.
Progress: 16820108804 states checked.
Progress: 16845680454 states checked.
Progress: 16871247182 states checked.
Progress: 16896807495 states checked.
Progress: 16922377256 states checked.
Progress: 16947962077 states checked.
Progress: 16973546130 states checked.
Progress: 16999125879 states checked.
Progress: 17024670287 states checked.
Progress: 17050255116 states checked.
Progress: 17075834997 states checked.
Progress: 17101400723 states checked.
Progress: 17126962147 states checked.
Progress: 17152538882 states checked.
Progress: 17178120706 states checked.
Progress: 17203707619 states checked.
Progress: 17229281013 states checked.
Progress: 17254824344 states checked.
Progress: 17280364156 states checked.
Progress: 17306009834 states checked.
Progress: 17331617353 states checked.
Progress: 17357182057 states checked.
Progress: 17382766532 states checked.
Progress: 17408366825 states checked.
Progress: 17433948951 states checked.
Progress: 17459514978 states checked.
Progress: 17485091526 states checked.
Progress: 17510664647 states checked.
Progress: 17536270039 states checked.
Progress: 17561870944 states checked.
Progress: 17587441400 states checked.
Progress: 17613006231 states checked.
Progress: 17638559390 states checked.
Progress: 17664130166 states checked.
Progress: 17689688813 states checked.
Progress: 17715297987 states checked.
Progress: 17740909621 states checked.
Progress: 17766511745 states checked.
Progress: 17792089138 states checked.
Progress: 17817653389 states checked.
Progress: 17843205100 states checked.
Progress: 17868725764 states checked.
Progress: 17894337289 states checked.
Progress: 17919928664 states checked.
Progress: 17945513037 states checked.
Progress: 17971060205 states checked.
Progress: 17996667357 states checked.
Progress: 18022291539 states checked.
Progress: 18047882441 states checked.
Progress: 18073489659 states checked.
Progress: 18099057448 states checked.
Progress: 18124635514 states checked.
Progress: 18150228861 states checked.
Progress: 18175804091 states checked.
Progress: 18201376699 states checked.
Progress: 18226955280 states checked.
Progress: 18252484603 states checked.
Progress: 18278062975 states checked.
Progress: 18303586996 states checked.
Progress: 18329150715 states checked.
Progress: 18354733838 states checked.
Progress: 18380307604 states checked.
Progress: 18405874628 states checked.
Progress: 18431472622 states checked.
Progress: 18457049884 states checked.
Progress: 18482649346 states checked.
Progress: 18508264398 states checked.
Progress: 18533811120 states checked.
Progress: 18559384534 states checked.
Progress: 18584975662 states checked.
Progress: 18610583356 states checked.
Progress: 18636171893 states checked.
Progress: 18661751911 states checked.
Progress: 18687331610 states checked.
Progress: 18712907702 states checked.
Progress: 18738489288 states checked.
Progress: 18764073174 states checked.
Progress: 18789693440 states checked.
Progress: 18815276215 states checked.
Progress: 18840872262 states checked.
Progress: 18866434572 states checked.
Progress: 18891997550 states checked.
Progress: 18917595580 states checked.
Progress: 18943186505 states checked.
Progress: 18968766592 states checked.
Progress: 18994339652 states checked.
Progress: 19019942652 states checked.
Progress: 19045519077 states checked.
Progress: 19071087048 states checked.
Progress: 19096659008 states checked.
Progress: 19122194508 states checked.
Progress: 19147741145 states checked.
Progress: 19173312884 states checked.
Progress: 19198867466 states checked.
Progress: 19224469297 states checked.
Progress: 19250038006 states checked.
Progress: 19275625067 states checked.
Progress: 19301207022 states checked.
Progress: 19326775251 states checked.
Progress: 19352383358 states checked.
Progress: 19377996097 states checked.
Progress: 19403607672 states checked.
Progress: 19429216496 states checked.
Progress: 19454799380 states checked.
Progress: 19480363777 states checked.
Progress: 19505927035 states checked.
Progress: 19531475708 states checked.
Progress: 19557060174 states checked.
Progress: 19582622970 states checked.
Progress: 19608153997 states checked.
Progress: 19633759214 states checked.
Progress: 19659346799 states checked.
Progress: 19684936476 states checked.
Progress: 19710507111 states checked.
Progress: 19736094961 states checked.
Progress: 19761708812 states checked.
Progress: 19787280994 states checked.
Progress: 19812869779 states checked.
Progress: 19838448729 states checked.
Progress: 19864029792 states checked.
Progress: 19889615354 states checked.
Progress: 19915187770 states checked.
Progress: 19940735439 states checked.
Progress: 19966282272 states checked.
Progress: 19991874560 states checked.
Progress: 20017463597 states checked.
Progress: 20043017948 states checked.
Progress: 20068552449 states checked.
Progress: 20094115431 states checked.
Progress: 20119672698 states checked.
Progress: 20145236358 states checked.
Progress: 20170776493 states checked.
Progress: 20196357424 states checked.
Progress: 20221932277 states checked.
Progress: 20247501040 states checked.
Progress: 20273081819 states checked.
Progress: 20298679548 states checked.
Progress: 20324252676 states checked.
Progress: 20349820931 states checked.
Progress: 20375414832 states checked.
Progress: 20400990420 states checked.
Progress: 20426588258 states checked.
Progress: 20452141013 states checked.
Progress: 20477711700 states checked.
Progress: 20503316811 states checked.
Progress: 20528901222 states checked.
Progress: 20554471370 states checked.
Progress: 20580052783 states checked.
Progress: 20605617720 states checked.
Progress: 20631173302 states checked.
Progress: 20656736085 states checked.
Progress: 20682330291 states checked.
Progress: 20707913282 states checked.
Progress: 20733492346 states checked.
Progress: 20759082477 states checked.
Progress: 20784657637 states checked.
Progress: 20810255952 states checked.
Progress: 20835832839 states checked.
Progress: 20861395801 states checked.
Progress: 20886951095 states checked.
Progress: 20912488696 states checked.
Progress: 20938041648 states checked.
Progress: 20963595033 states checked.
Progress: 20989130603 states checked.
Progress: 21014695608 states checked.
Progress: 21040258998 states checked.
Progress: 21065863345 states checked.
Progress: 21091452423 states checked.
Progress: 21117014169 states checked.
Progress: 21142611490 states checked.
Progress: 21168169060 states checked.
Progress: 21193744355 states checked.
Progress: 21219319618 states checked.
Progress: 21244889826 states checked.
Progress: 21270466038 states checked.
Progress: 21295990857 states checked.
Progress: 21321487030 states checked.
Progress: 21347022400 states checked.
Progress: 21372589698 states checked.
Progress: 21398166005 states checked.
Progress: 21423715843 states checked.
Progress: 21449302485 states checked.
Progress: 21474862799 states checked.
Progress: 21500466402 states checked.
Progress: 21526033112 states checked.
Progress: 21551610549 states checked.
Progress: 21577207065 states checked.
Progress: 21602711068 states checked.
Progress: 21628209082 states checked.
Progress: 21653700143 states checked.
Progress: 21679116772 states checked.
Progress: 21704667898 states checked.
Progress: 21730174794 states checked.
Progress: 21755751191 states checked.
Progress: 21781350030 states checked.
Progress: 21806902581 states checked.
Progress: 21832460129 states checked.
Progress: 21857989403 states checked.
Progress: 21883526934 states checked.
Progress: 21909102693 states checked.
Progress: 21934697361 states checked.
Progress: 21960251424 states checked.
Progress: 21985785484 states checked.
Progress: 22011347579 states checked.
Progress: 22036919486 states checked.
Progress: 22062503788 states checked.
Progress: 22088099348 states checked.
Progress: 22113636275 states checked.
Progress: 22139210834 states checked.
Progress: 22164745385 states checked.
Progress: 22190325655 states checked.
Progress: 22215883587 states checked.
Progress: 22241440125 states checked.
Progress: 22266993874 states checked.
Progress: 22292602390 states checked.
Progress: 22318181957 states checked.
Progress: 22343753085 states checked.
Progress: 22369295264 states checked.
Progress: 22394781387 states checked.
Progress: 22420339884 states checked.
Progress: 22445867771 states checked.
Progress: 22471431338 states checked.
Progress: 22496976566 states checked.
Progress: 22522565497 states checked.
Progress: 22548130693 states checked.
Progress: 22573709667 states checked.
Progress: 22599266527 states checked.
Progress: 22624811815 states checked.
Progress: 22650380476 states checked.
Progress: 22675956286 states checked.
Progress: 22701482839 states checked.
Progress: 22727006676 states checked.
Progress: 22752577683 states checked.
Progress: 22778158388 states checked.
Progress: 22803744468 states checked.
Progress: 22829331782 states checked.
Progress: 22854852522 states checked.
Progress: 22880412259 states checked.
Progress: 22905967439 states checked.
Progress: 22931514205 states checked.
Progress: 22957082877 states checked.
Progress: 22982636549 states checked.
Progress: 23008205214 states checked.
Progress: 23033791749 states checked.
Progress: 23059389503 states checked.
Progress: 23084970191 states checked.
Progress: 23110527633 states checked.
Progress: 23136093857 states checked.
Progress: 23161646715 states checked.
Progress: 23187212987 states checked.
Progress: 23212804044 states checked.
Progress: 23238374522 states checked.
Progress: 23263943108 states checked.
Progress: 23289512578 states checked.
Progress: 23315085861 states checked.
Progress: 23340686717 states checked.
Progress: 23366289646 states checked.
Progress: 23391900971 states checked.
Progress: 23417482013 states checked.
Progress: 23443080164 states checked.
Progress: 23468675301 states checked.
Progress: 23494231276 states checked.
Progress: 23519796823 states checked.
Progress: 23545382151 states checked.
Progress: 23570944822 states checked.
Progress: 23596551299 states checked.
Progress: 23622132605 states checked.
Progress: 23647708537 states checked.
Progress: 23673304635 states checked.
Progress: 23698849717 states checked.
Progress: 23724396753 states checked.
Progress: 23749968309 states checked.
Progress: 23775540299 states checked.
Progress: 23801131719 states checked.
Progress: 23826706601 states checked.
Progress: 23852289045 states checked.
Progress: 23877833282 states checked.
Progress: 23903404943 states checked.
Progress: 23928972259 states checked.
Progress: 23954568873 states checked.
Progress: 23980163212 states checked.
Progress: 24005769132 states checked.
Progress: 24031341379 states checked.
Progress: 24056874387 states checked.
Progress: 24082467369 states checked.
Progress: 24108067058 states checked.
Progress: 24133652350 states checked.
Progress: 24159259800 states checked.
Progress: 24184821737 states checked.
Progress: 24210395925 states checked.
Progress: 24235950103 states checked.
Progress: 24261529713 states checked.
Progress: 24287082537 states checked.
Progress: 24312638226 states checked.
Progress: 24338207352 states checked.
Progress: 24363815304 states checked.
Progress: 24389428447 states checked.
Progress: 24414985313 states checked.
Progress: 24440560012 states checked.
Progress: 24466125521 states checked.
Progress: 24491707027 states checked.
Progress: 24517277042 states checked.
Progress: 24542856828 states checked.
Progress: 24568416234 states checked.
Progress: 24593988411 states checked.
Progress: 24619508869 states checked.
Progress: 24645078958 states checked.
Progress: 24670652091 states checked.
Progress: 24696223778 states checked.
Progress: 24721816349 states checked.
Progress: 24747415027 states checked.
Progress: 24772979388 states checked.
Progress: 24798552285 states checked.
Progress: 24824101802 states checked.
Progress: 24849672243 states checked.
Progress: 24875212144 states checked.
Progress: 24900771161 states checked.
Progress: 24926321864 states checked.
Progress: 24951883146 states checked.
Progress: 24977486166 states checked.
Progress: 25003096662 states checked.
Progress: 25028680116 states checked.
Progress: 25054266546 states checked.
Progress: 25079843818 states checked.
Progress: 25105421962 states checked.
Progress: 25130976191 states checked.
Progress: 25156525228 states checked.
Progress: 25182098998 states checked.
Progress: 25207715140 states checked.
Progress: 25233315681 states checked.
Progress: 25258909613 states checked.
Progress: 25284496593 states checked.
Progress: 25310092004 states checked.
Progress: 25335684818 states checked.
Progress: 25361252918 states checked.
Progress: 25386867333 states checked.
Progress: 25412504155 states checked.
Progress: 25438135117 states checked.
Progress: 25463729402 states checked.
Progress: 25489341169 states checked.
Progress: 25514960752 states checked.
Progress: 25540621823 states checked.
Progress: 25566275126 states checked.
Progress: 25591868398 states checked.
Progress: 25617428973 states checked.
Progress: 25642999731 states checked.
Progress: 25668609430 states checked.
Progress: 25694209615 states checked.
Progress: 25719809115 states checked.
Progress: 25745402302 states checked.
Progress: 25770951813 states checked.
Progress: 25796523508 states checked.
Progress: 25822130556 states checked.
Progress: 25847765071 states checked.
Progress: 25873381325 states checked.
Progress: 25898906442 states checked.
Progress: 25924473091 states checked.
Progress: 25950138792 states checked.
Progress: 25975776670 states checked.
Progress: 26001380112 states checked.
Progress: 26026906181 states checked.
Progress: 26052474409 states checked.
Progress: 26078073640 states checked.
Progress: 26103662310 states checked.
Progress: 26129238262 states checked.
Progress: 26154821219 states checked.
Progress: 26180414687 states checked.
Progress: 26205973077 states checked.
Progress: 26231532990 states checked.
Progress: 26257168798 states checked.
Progress: 26282806603 states checked.
Progress: 26308446679 states checked.
Progress: 26334010150 states checked.
Progress: 26359614952 states checked.
Progress: 26385184325 states checked.
Progress: 26410739960 states checked.
Progress: 26436341410 states checked.
Progress: 26461930911 states checked.
Progress: 26487530488 states checked.
Progress: 26513120031 states checked.
Progress: 26538693351 states checked.
Progress: 26564277548 states checked.
Progress: 26589836781 states checked.
Progress: 26615423628 states checked.
Progress: 26641024407 states checked.
Progress: 26666599276 states checked.
Progress: 26692176786 states checked.
Progress: 26717735152 states checked.
Progress: 26743302881 states checked.
Progress: 26768874004 states checked.
Progress: 26794426246 states checked.
Progress: 26819981400 states checked.
Progress: 26845496393 states checked.
Progress: 26871054498 states checked.
Progress: 26896630707 states checked.
Progress: 26922209193 states checked.
Progress: 26947853229 states checked.
Progress: 26973452716 states checked.
Progress: 26999044659 states checked.
Progress: 27024614235 states checked.
Progress: 27050147667 states checked.
Progress: 27075727398 states checked.
Progress: 27101355469 states checked.
Progress: 27126911979 states checked.
Progress: 27152518916 states checked.
Progress: 27178121640 states checked.
Progress: 27203681508 states checked.
Progress: 27229257483 states checked.
Progress: 27254845741 states checked.
Progress: 27280452623 states checked.
Progress: 27306021299 states checked.
Progress: 27331573471 states checked.
Progress: 27357121311 states checked.
Progress: 27382648706 states checked.
Progress: 27408220656 states checked.
Progress: 27433810250 states checked.
Progress: 27459354942 states checked.
Progress: 27484890861 states checked.
Progress: 27510434368 states checked.
Progress: 27535991458 states checked.
Progress: 27561604394 states checked.
Progress: 27587199539 states checked.
Progress: 27612786002 states checked.
Progress: 27638354859 states checked.
Progress: 27663887077 states checked.
Progress: 27689447710 states checked.
Progress: 27715026699 states checked.
Progress: 27740584968 states checked.
Progress: 27766143892 states checked.
Progress: 27791687678 states checked.
Progress: 27817239237 states checked.
Progress: 27842789899 states checked.
Progress: 27868345465 states checked.
Progress: 27893914445 states checked.
Progress: 27919508379 states checked.
Progress: 27945106697 states checked.
Progress: 27970710124 states checked.
Progress: 27996254563 states checked.
Progress: 28021840066 states checked.
Progress: 28047426887 states checked.
Progress: 28072987334 states checked.
Progress: 28098567084 states checked.
Progress: 28124149871 states checked.
Progress: 28149749788 states checked.
Progress: 28175352272 states checked.
Progress: 28200917567 states checked.
Progress: 28226506105 states checked.
Progress: 28252089969 states checked.
Progress: 28277699494 states checked.
Progress: 28303311326 states checked.
Progress: 28328903235 states checked.
Progress: 28354486280 states checked.
Progress: 28380064457 states checked.
Progress: 28405669432 states checked.
Progress: 28431292563 states checked.
Progress: 28456905148 states checked.
Progress: 28482479103 states checked.
Progress: 28508062326 states checked.
Progress: 28533638791 states checked.
Progress: 28559200963 states checked.
Progress: 28584739226 states checked.
Progress: 28610338716 states checked.
Progress: 28635907090 states checked.
Progress: 28661529866 states checked.
Progress: 28687153270 states checked.
Progress: 28712738934 states checked.
Progress: 28738318182 states checked.
Progress: 28763898359 states checked.
Progress: 28789497025 states checked.
Progress: 28815082108 states checked.
Progress: 28840653335 states checked.
Progress: 28866252877 states checked.
Progress: 28891829521 states checked.
Progress: 28917428266 states checked.
Progress: 28943027580 states checked.
Progress: 28968625308 states checked.
Progress: 28994203747 states checked.
Progress: 29019763428 states checked.
Progress: 29045361418 states checked.
Progress: 29070952232 states checked.
Progress: 29096504524 states checked.
Progress: 29122054071 states checked.
Progress: 29147620559 states checked.
Progress: 29173222859 states checked.
Progress: 29198829639 states checked.
Progress: 29224421095 states checked.
Progress: 29249970487 states checked.
Progress: 29275523938 states checked.
Progress: 29301113207 states checked.
Progress: 29326718016 states checked.
Progress: 29352290296 states checked.
Progress: 29377890679 states checked.
Progress: 29403429570 states checked.
Progress: 29428976247 states checked.
Progress: 29454520575 states checked.
Progress: 29480078672 states checked.
Progress: 29505636234 states checked.
Progress: 29531199994 states checked.
Progress: 29556720896 states checked.
Progress: 29582275168 states checked.
Progress: 29607856472 states checked.
Progress: 29633450014 states checked.
Progress: 29659036571 states checked.
Progress: 29684610852 states checked.
Progress: 29710158372 states checked.
Progress: 29735721839 states checked.
Progress: 29761327719 states checked.
Progress: 29786919112 states checked.
Progress: 29812474268 states checked.
Progress: 29838092796 states checked.
Progress: 29863688951 states checked.
Progress: 29889219473 states checked.
Progress: 29914787668 states checked.
Progress: 29940381938 states checked.
Progress: 29965971570 states checked.
Progress: 29991529865 states checked.
Progress: 30017072774 states checked.
Progress: 30042616155 states checked.
Progress: 30068172797 states checked.
Progress: 30093733337 states checked.
Progress: 30119313582 states checked.
Progress: 30144898431 states checked.
Progress: 30170470362 states checked.
Progress: 30196035734 states checked.
Progress: 30221580961 states checked.
Progress: 30247160077 states checked.
Progress: 30272751316 states checked.
Progress: 30298356880 states checked.
Progress: 30323938884 states checked.
Progress: 30349561737 states checked.
Progress: 30375166843 states checked.
Progress: 30400823690 states checked.
Progress: 30426437766 states checked.
Progress: 30452027771 states checked.
Progress: 30477620696 states checked.
Progress: 30503208137 states checked.
Progress: 30528808043 states checked.
Progress: 30554378587 states checked.
Progress: 30579971366 states checked.
Progress: 30605567431 states checked.
Progress: 30631178038 states checked.
Progress: 30656786905 states checked.
Progress: 30682357579 states checked.
Progress: 30707919216 states checked.
Progress: 30733499885 states checked.
Progress: 30759109825 states checked.
Progress: 30784713058 states checked.
Progress: 30810291741 states checked.
Progress: 30835903250 states checked.
Progress: 30861494902 states checked.
Progress: 30887092760 states checked.
Progress: 30912641015 states checked.
Progress: 30938184947 states checked.
Progress: 30963754302 states checked.
Progress: 30989340216 states checked.
Progress: 31014913328 states checked.
Progress: 31040498279 states checked.
Progress: 31066046656 states checked.
Progress: 31091610620 states checked.
Progress: 31117207086 states checked.
Progress: 31142814824 states checked.
Progress: 31168374627 states checked.
Progress: 31193957753 states checked.
Progress: 31219549281 states checked.
Progress: 31245145278 states checked.
Progress: 31270764748 states checked.
Progress: 31296362295 states checked.
Progress: 31321929967 states checked.
Progress: 31347519890 states checked.
Progress: 31373125616 states checked.
Progress: 31398738247 states checked.
Progress: 31424346629 states checked.
Progress: 31449933816 states checked.
Progress: 31475523468 states checked.
Progress: 31501114938 states checked.
Progress: 31526690977 states checked.
Progress: 31552293281 states checked.
Progress: 31577891053 states checked.
Progress: 31603457523 states checked.
Progress: 31629033357 states checked.
Progress: 31654612060 states checked.
Progress: 31680210845 states checked.
Progress: 31705764135 states checked.
Progress: 31731373729 states checked.
Progress: 31756951450 states checked.
Progress: 31782529013 states checked.
Progress: 31808134965 states checked.
Progress: 31833739561 states checked.
Progress: 31859316206 states checked.
Progress: 31884938288 states checked.
Progress: 31910561555 states checked.
Progress: 31936184730 states checked.
Progress: 31961806881 states checked.
Progress: 31987348564 states checked.
Progress: 32012848359 states checked.
Progress: 32038346256 states checked.
Progress: 32063829257 states checked.
Progress: 32089338107 states checked.
Progress: 32114820752 states checked.
Progress: 32140311217 states checked.
Progress: 32165831795 states checked.
Progress: 32191337206 states checked.
Progress: 32216819007 states checked.
Progress: 32242320768 states checked.
Progress: 32267824444 states checked.
Progress: 32293344961 states checked.
Progress: 32318815596 states checked.
Progress: 32344343518 states checked.
Progress: 32369853336 states checked.
Progress: 32395328169 states checked.
Progress: 32420834097 states checked.
Progress: 32446355035 states checked.
Progress: 32471898231 states checked.
Progress: 32497421568 states checked.
Progress: 32522935025 states checked.
Progress: 32548455693 states checked.
Progress: 32574003755 states checked.
Progress: 32599548704 states checked.
Progress: 32625064995 states checked.
Progress: 32650610057 states checked.
Progress: 32676111023 states checked.
Progress: 32701646296 states checked.
Progress: 32727171216 states checked.
Progress: 32752696859 states checked.
Progress: 32778203009 states checked.
Progress: 32803715184 states checked.
Progress: 32829210218 states checked.
Progress: 32854691698 states checked.
Progress: 32880191840 states checked.
Progress: 32905702423 states checked.
Progress: 32931227254 states checked.
Progress: 32956762346 states checked.
Progress: 32982247989 states checked.
Progress: 33007748183 states checked.
Progress: 33033241004 states checked.
Progress: 33058705979 states checked.
Progress: 33084237131 states checked.
Progress: 33109738574 states checked.
Progress: 33135201891 states checked.
Progress: 33160698662 states checked.
Progress: 33186236167 states checked.
Progress: 33211739202 states checked.
Progress: 33237263022 states checked.
Progress: 33262774732 states checked.
Progress: 33288296650 states checked.
Progress: 33313799472 states checked.
Progress: 33339303359 states checked.
Progress: 33364798723 states checked.
Progress: 33390289637 states checked.
Progress: 33415774216 states checked.
Progress: 33441270485 states checked.
Progress: 33466799183 states checked.
Progress: 33492274721 states checked.
Progress: 33517774384 states checked.
Progress: 33543246786 states checked.
Progress: 33568752194 states checked.
Progress: 33594262189 states checked.
Progress: 33619749410 states checked.
Progress: 33645287941 states checked.
Progress: 33670772359 states checked.
Progress: 33696260011 states checked.
Progress: 33721770934 states checked.
Progress: 33747299243 states checked.
Progress: 33772843233 states checked.
Progress: 33798363652 states checked.
Progress: 33823879675 states checked.
Progress: 33849421571 states checked.
Progress: 33874962809 states checked.
Progress: 33900486987 states checked.
Progress: 33925980260 states checked.
Progress: 33951499047 states checked.
Progress: 33977054290 states checked.
Progress: 34002604423 states checked.
Progress: 34028151104 states checked.
Progress: 34053674754 states checked.
Progress: 34079225646 states checked.
Progress: 34104765534 states checked.
Progress: 34130308218 states checked.
Progress: 34155844807 states checked.
Progress: 34181351610 states checked.
Progress: 34206911874 states checked.
Progress: 34232435907 states checked.
Progress: 34257949810 states checked.
Progress: 34283497535 states checked.
Progress: 34308993682 states checked.
Progress: 34334489106 states checked.
Progress: 34360034082 states checked.
Progress: 34385570178 states checked.
Progress: 34411088653 states checked.
Progress: 34436593624 states checked.
Progress: 34462074361 states checked.
Progress: 34487599821 states checked.
Progress: 34513119766 states checked.
Progress: 34538634971 states checked.
Progress: 34564121440 states checked.
Progress: 34589645640 states checked.
Progress: 34615124764 states checked.
Progress: 34640637901 states checked.
Progress: 34666146597 states checked.
Progress: 34691690728 states checked.
Progress: 34717193767 states checked.
Progress: 34742675526 states checked.
Progress: 34768161531 states checked.
Progress: 34793672769 states checked.
Progress: 34819168938 states checked.
Progress: 34844689855 states checked.
Progress: 34870197829 states checked.
Progress: 34895689183 states checked.
Progress: 34921222684 states checked.
Progress: 34946704732 states checked.
Progress: 34972191413 states checked.
Progress: 34997689536 states checked.
Progress: 35023173656 states checked.
Progress: 35048671309 states checked.
Progress: 35074208134 states checked.
Progress: 35099703846 states checked.
Progress: 35125231754 states checked.
Progress: 35150721136 states checked.
Progress: 35176244246 states checked.
Progress: 35201761019 states checked.
Progress: 35227229038 states checked.
Progress: 35252756391 states checked.
Progress: 35278260337 states checked.
Progress: 35303739124 states checked.
Progress: 35329252352 states checked.
Progress: 35354789415 states checked.
Progress: 35380310483 states checked.
Progress: 35405801749 states checked.
Progress: 35431323345 states checked.
Progress: 35456825131 states checked.
Progress: 35482328008 states checked.
Progress: 35507827552 states checked.
Progress: 35533370442 states checked.
Progress: 35558869181 states checked.
Progress: 35584370950 states checked.
Progress: 35609881045 states checked.
Progress: 35635393213 states checked.
Progress: 35660944452 states checked.
Progress: 35686474008 states checked.
Progress: 35712007119 states checked.
Progress: 35737485526 states checked.
Progress: 35763000523 states checked.
Progress: 35788514160 states checked.
Progress: 35814034304 states checked.
Progress: 35839561542 states checked.
Progress: 35865024720 states checked.
Progress: 35890537091 states checked.
Progress: 35916038759 states checked.
Progress: 35941509039 states checked.
Progress: 35967035058 states checked.
Progress: 35992530814 states checked.
Progress: 36018045162 states checked.
Progress: 36043543507 states checked.
Progress: 36069006380 states checked.
Progress: 36094450522 states checked.
Progress: 36119982230 states checked.
Progress: 36145491365 states checked.
Progress: 36170996705 states checked.
Progress: 36196483391 states checked.
Progress: 36221963897 states checked.
Progress: 36247450678 states checked.
Progress: 36272968626 states checked.
Progress: 36298490282 states checked.
Progress: 36324010764 states checked.
Progress: 36349522824 states checked.
Progress: 36375047291 states checked.
Progress: 36400534073 states checked.
Progress: 36425984102 states checked.
Progress: 36451442287 states checked.
Progress: 36476940673 states checked.
Progress: 36502478677 states checked.
Progress: 36527996656 states checked.
Progress: 36553537508 states checked.
Progress: 36579062573 states checked.
Progress: 36604611633 states checked.
Progress: 36630125714 states checked.
Progress: 36655615509 states checked.
Progress: 36681077534 states checked.
Progress: 36706579098 states checked.
Progress: 36732024324 states checked.
Progress: 36757521097 states checked.
Progress: 36783075440 states checked.
Progress: 36808628053 states checked.
Progress: 36834117189 states checked.
Progress: 36859590068 states checked.
Progress: 36885104636 states checked.
Progress: 36910592488 states checked.
Progress: 36936103711 states checked.
Progress: 36961633100 states checked.
Progress: 36987142224 states checked.
Progress: 37012567691 states checked.
Progress: 37038056554 states checked.
Progress: 37063556261 states checked.
Progress: 37089060530 states checked.
Progress: 37114563564 states checked.
Progress: 37140083390 states checked.
Progress: 37165597541 states checked.
Progress: 37191099521 states checked.
Progress: 37216609186 states checked.
Progress: 37242131541 states checked.
Progress: 37267644164 states checked.
Progress: 37293175203 states checked.
Progress: 37318672167 states checked.
Progress: 37344159738 states checked.
Progress: 37369676929 states checked.
Progress: 37395204854 states checked.
Progress: 37420777633 states checked.
Progress: 37446274643 states checked.
Progress: 37471794251 states checked.
Progress: 37497320682 states checked.
Progress: 37522830071 states checked.
Progress: 37548318087 states checked.
Progress: 37573816797 states checked.
Progress: 37599333150 states checked.
Progress: 37624838782 states checked.
Progress: 37650365352 states checked.
Progress: 37675856544 states checked.
Progress: 37701374349 states checked.
Progress: 37726900501 states checked.
Progress: 37752454412 states checked.
Progress: 37777996359 states checked.
Progress: 37803493791 states checked.
Progress: 37829031997 states checked.
Progress: 37854528025 states checked.
Progress: 37880063759 states checked.
Progress: 37905605759 states checked.
Progress: 37931160736 states checked.
Progress: 37956674516 states checked.
Progress: 37982204967 states checked.
Progress: 38007710811 states checked.
Progress: 38033237853 states checked.
Progress: 38058718840 states checked.
Progress: 38084237512 states checked.
Progress: 38109769298 states checked.
Progress: 38135285500 states checked.
Progress: 38160771306 states checked.
Progress: 38186318813 states checked.
Progress: 38211860291 states checked.
Progress: 38237377529 states checked.
Progress: 38262867063 states checked.
Progress: 38288355732 states checked.
Progress: 38313853160 states checked.
Progress: 38339391903 states checked.
Progress: 38364931113 states checked.
Progress: 38390429749 states checked.
Progress: 38415880422 states checked.
Progress: 38441354646 states checked.
Progress: 38466850765 states checked.
Progress: 38492344770 states checked.
Progress: 38517794506 states checked.
Progress: 38543304970 states checked.
Progress: 38568817408 states checked.
Progress: 38594342079 states checked.
Progress: 38619894451 states checked.
Progress: 38645370024 states checked.
Progress: 38670824334 states checked.
Progress: 38696342090 states checked.
Progress: 38721841023 states checked.
Progress: 38747336135 states checked.
Progress: 38772829581 states checked.
Progress: 38798359119 states checked.
Progress: 38823897442 states checked.
Progress: 38849409493 states checked.
Progress: 38874898639 states checked.
Progress: 38900404555 states checked.
Progress: 38925894575 states checked.
Progress: 38951369385 states checked.
Progress: 38976852582 states checked.
Progress: 39002383277 states checked.
Progress: 39027942102 states checked.
Progress: 39053477285 states checked.
Progress: 39078977563 states checked.
Progress: 39104491049 states checked.
Progress: 39130003543 states checked.
Progress: 39155501421 states checked.
Progress: 39180984795 states checked.
Progress: 39206513240 states checked.
Progress: 39232052424 states checked.
Progress: 39257585826 states checked.
Progress: 39283104837 states checked.
Progress: 39308616496 states checked.
Progress: 39334134094 states checked.
Progress: 39359655986 states checked.
Progress: 39385225600 states checked.
Progress: 39410786657 states checked.
Progress: 39436337316 states checked.
Progress: 39461885799 states checked.
Progress: 39487394174 states checked.
Progress: 39512890491 states checked.
Progress: 39538439697 states checked.
Progress: 39563967689 states checked.
Progress: 39589517133 states checked.
Progress: 39615021430 states checked.
Progress: 39640551729 states checked.
Progress: 39666065361 states checked.
Progress: 39691587834 states checked.
Progress: 39717136684 states checked.
Progress: 39742700977 states checked.
Progress: 39768257761 states checked.
Progress: 39793785918 states checked.
Progress: 39819279958 states checked.
Progress: 39844802865 states checked.
Progress: 39870317883 states checked.
Progress: 39895837140 states checked.
Progress: 39921341700 states checked.
Progress: 39946852141 states checked.
Progress: 39972363872 states checked.
Progress: 39997894516 states checked.
Progress: 40023403546 states checked.
Progress: 40048897397 states checked.
Progress: 40074405219 states checked.
Progress: 40099907221 states checked.
Progress: 40125428086 states checked.
Progress: 40150975092 states checked.
Progress: 40176491632 states checked.
Progress: 40202046349 states checked.
Progress: 40227604219 states checked.
Progress: 40253150880 states checked.
Progress: 40278655927 states checked.
Progress: 40304151250 states checked.
Progress: 40329623779 states checked.
Progress: 40355097988 states checked.
Progress: 40380620527 states checked.
Progress: 40406124060 states checked.
Progress: 40431659449 states checked.
Progress: 40457195534 states checked.
Progress: 40482737508 states checked.
Progress: 40508291349 states checked.
Progress: 40533820693 states checked.
Progress: 40559319647 states checked.
Progress: 40584862132 states checked.
Progress: 40610403886 states checked.
Progress: 40635965950 states checked.
Progress: 40661544156 states checked.
Progress: 40687071993 states checked.
Progress: 40712607815 states checked.
Progress: 40738143862 states checked.
Progress: 40763681741 states checked.
Progress: 40789109467 states checked.
Progress: 40814574505 states checked.
Progress: 40840071800 states checked.
Progress: 40865628600 states checked.
Progress: 40891135372 states checked.
Progress: 40916654643 states checked.
Progress: 40942144752 states checked.
Progress: 40967674349 states checked.
Progress: 40993189640 states checked.
Progress: 41018699831 states checked.
Progress: 41044208777 states checked.
Progress: 41069741696 states checked.
Progress: 41095248776 states checked.
Progress: 41120795689 states checked.
Progress: 41146317113 states checked.
Progress: 41171813734 states checked.
Progress: 41197303706 states checked.
Progress: 41222826754 states checked.
Progress: 41248345585 states checked.
Progress: 41273861913 states checked.
Progress: 41299383938 states checked.
Progress: 41324913436 states checked.
Progress: 41350450804 states checked.
Progress: 41375988287 states checked.
Progress: 41401505128 states checked.
Progress: 41427026273 states checked.
Progress: 41452560030 states checked.
Progress: 41478095434 states checked.
Progress: 41503601143 states checked.
Progress: 41529111096 states checked.
Progress: 41554637388 states checked.
Progress: 41580150392 states checked.
Progress: 41605667408 states checked.
Progress: 41631179194 states checked.
Progress: 41656689703 states checked.
Progress: 41682167427 states checked.
Progress: 41707656013 states checked.
Progress: 41733194166 states checked.
Progress: 41758753527 states checked.
Progress: 41784285344 states checked.
Progress: 41809809623 states checked.
Progress: 41835330958 states checked.
Progress: 41860837910 states checked.
Progress: 41886388437 states checked.
Progress: 41911897397 states checked.
Progress: 41937416294 states checked.
Progress: 41962916037 states checked.
Progress: 41988430208 states checked.
Progress: 42013946336 states checked.
Progress: 42039421761 states checked.
Progress: 42064986767 states checked.
Progress: 42090584088 states checked.
Progress: 42116198316 states checked.
Progress: 42141757906 states checked.
Progress: 42167365301 states checked.
Progress: 42192977294 states checked.
Progress: 42218572779 states checked.
Progress: 42244164353 states checked.
Progress: 42269748643 states checked.
Progress: 42295299898 states checked.
Progress: 42320860435 states checked.
Progress: 42346447702 states checked.
Progress: 42372033196 states checked.
Progress: 42397654815 states checked.
Progress: 42423266508 states checked.
Progress: 42448880238 states checked.
Progress: 42474440748 states checked.
Progress: 42500041481 states checked.
Progress: 42525623699 states checked.
Progress: 42551216652 states checked.
Progress: 42576792289 states checked.
Progress: 42602400108 states checked.
Progress: 42627987689 states checked.
Progress: 42653608044 states checked.
Progress: 42679178138 states checked.
Progress: 42704790775 states checked.
Progress: 42730339940 states checked.
Progress: 42755889360 states checked.
Progress: 42781473986 states checked.
Progress: 42807039671 states checked.
Progress: 42832603711 states checked.
Progress: 42858187871 states checked.
Progress: 42883758183 states checked.
Progress: 42909330490 states checked.
Progress: 42934897969 states checked.
Progress: 42960444221 states checked.
Progress: 42985961286 states checked.
Progress: 43011474739 states checked.
Progress: 43037051244 states checked.
Progress: 43062559654 states checked.
Progress: 43088134830 states checked.
Progress: 43113701533 states checked.
Progress: 43139290525 states checked.
Progress: 43164870870 states checked.
Progress: 43190500437 states checked.
Progress: 43216091360 states checked.
Progress: 43241684219 states checked.
Progress: 43267282761 states checked.
Progress: 43292874321 states checked.
Progress: 43318474932 states checked.
Progress: 43344073749 states checked.
Progress: 43369676642 states checked.
Progress: 43395310313 states checked.
Progress: 43420932031 states checked.
Progress: 43446536532 states checked.
Progress: 43472147378 states checked.
Progress: 43497732784 states checked.
Progress: 43523340063 states checked.
Progress: 43548960807 states checked.
Progress: 43574565809 states checked.
Progress: 43600173449 states checked.
Progress: 43625779147 states checked.
Progress: 43651378678 states checked.
Progress: 43676949804 states checked.
Progress: 43702491035 states checked.
Progress: 43728057603 states checked.
Progress: 43753624403 states checked.
Progress: 43779217752 states checked.
Progress: 43804818463 states checked.
Progress: 43830394106 states checked.
Progress: 43855972488 states checked.
Progress: 43881562853 states checked.
Progress: 43907155750 states checked.
Progress: 43932754671 states checked.
Progress: 43958347430 states checked.
Progress: 43983918855 states checked.
Progress: 44009481801 states checked.
Progress: 44035052214 states checked.
Progress: 44060635752 states checked.
Progress: 44086255921 states checked.
Progress: 44111821094 states checked.
Progress: 44137413303 states checked.
Progress: 44163029178 states checked.
Progress: 44188626586 states checked.
Progress: 44214206647 states checked.
Progress: 44239807020 states checked.
Progress: 44265447092 states checked.
Progress: 44291057450 states checked.
Progress: 44316685207 states checked.
Progress: 44342270918 states checked.
Progress: 44367889320 states checked.
Progress: 44393483889 states checked.
Progress: 44419076332 states checked.
Progress: 44444649802 states checked.
Progress: 44470255991 states checked.
Progress: 44495862745 states checked.
Progress: 44521412570 states checked.
Progress: 44547009240 states checked.
Progress: 44572566147 states checked.
Progress: 44598122479 states checked.
Progress: 44623690309 states checked.
Progress: 44649256863 states checked.
Progress: 44674839383 states checked.
Progress: 44700419077 states checked.
Progress: 44725970169 states checked.
Progress: 44751560944 states checked.
Progress: 44777147044 states checked.
Progress: 44802771829 states checked.
Progress: 44828349647 states checked.
Progress: 44853932060 states checked.
Progress: 44879465518 states checked.
Progress: 44904998904 states checked.
Progress: 44930552309 states checked.
Progress: 44956113931 states checked.
Progress: 44981708067 states checked.
Progress: 45007318306 states checked.
Progress: 45032950889 states checked.
Progress: 45058581313 states checked.
Progress: 45084176805 states checked.
Progress: 45109772422 states checked.
Progress: 45135353909 states checked.
Progress: 45160944664 states checked.
Progress: 45186530093 states checked.
Progress: 45212127748 states checked.
Progress: 45237685513 states checked.
Progress: 45263286509 states checked.
Progress: 45288839867 states checked.
Progress: 45314436087 states checked.
Progress: 45340042229 states checked.
Progress: 45365633652 states checked.
Progress: 45391241762 states checked.
Progress: 45416815235 states checked.
Progress: 45442374256 states checked.
Progress: 45467935758 states checked.
Progress: 45493486591 states checked.
Progress: 45519065576 states checked.
Progress: 45544666146 states checked.
Progress: 45570280113 states checked.
Progress: 45595904382 states checked.
Progress: 45621497950 states checked.
Progress: 45647084650 states checked.
Progress: 45672675515 states checked.
Progress: 45698255097 states checked.
Progress: 45723844811 states checked.
Progress: 45749392020 states checked.
Progress: 45774993657 states checked.
Progress: 45800597766 states checked.
Progress: 45826231082 states checked.
Progress: 45851802912 states checked.
Progress: 45877375030 states checked.
Progress: 45902931975 states checked.
Progress: 45928522907 states checked.
Progress: 45954129110 states checked.
Progress: 45979633598 states checked.
Progress: 46005169447 states checked.
Progress: 46030751201 states checked.
Progress: 46056296707 states checked.
Progress: 46081860420 states checked.
Progress: 46107439512 states checked.
Progress: 46133070028 states checked.
Progress: 46158646205 states checked.
Progress: 46184204572 states checked.
Progress: 46209791771 states checked.
Progress: 46235334257 states checked.
Progress: 46260857405 states checked.
Progress: 46286414857 states checked.
Progress: 46311977032 states checked.
Progress: 46337544065 states checked.
Progress: 46363119944 states checked.
Progress: 46388720550 states checked.
Progress: 46414282154 states checked.
Progress: 46439833942 states checked.
Progress: 46465406202 states checked.
Progress: 46490993796 states checked.
Progress: 46516570754 states checked.
Progress: 46542137609 states checked.
Progress: 46567663079 states checked.
Progress: 46593209433 states checked.
Progress: 46618745772 states checked.
Progress: 46644326525 states checked.
Progress: 46669892723 states checked.
Progress: 46695490649 states checked.
Progress: 46721096818 states checked.
Progress: 46746690518 states checked.
Progress: 46772258985 states checked.
Progress: 46797788610 states checked.
Progress: 46823377417 states checked.
Progress: 46848975494 states checked.
Progress: 46874559039 states checked.
Progress: 46900163925 states checked.
Progress: 46925759592 states checked.
Progress: 46951377583 states checked.
Progress: 46976963635 states checked.
Progress: 47002554993 states checked.
Progress: 47028128650 states checked.
Progress: 47053700149 states checked.
Progress: 47079273503 states checked.
Progress: 47104829684 states checked.
Progress: 47130415198 states checked.
Progress: 47155996821 states checked.
Progress: 47181560658 states checked.
Progress: 47207128308 states checked.
Progress: 47232735054 states checked.
Progress: 47258298666 states checked.
Progress: 47283885462 states checked.
Progress: 47309471422 states checked.
Progress: 47335043651 states checked.
Progress: 47360604609 states checked.
Progress: 47386151014 states checked.
Progress: 47411705984 states checked.
Progress: 47437278520 states checked.
Progress: 47462851932 states checked.
Progress: 47488442772 states checked.
Progress: 47514014175 states checked.
Progress: 47539611768 states checked.
Progress: 47565148512 states checked.
Progress: 47590719661 states checked.
Progress: 47616265685 states checked.
Progress: 47641826318 states checked.
Progress: 47667384539 states checked.
Progress: 47692967481 states checked.
Progress: 47718542104 states checked.
Progress: 47744122995 states checked.
Progress: 47769658961 states checked.
Progress: 47795201309 states checked.
Progress: 47820799462 states checked.
Progress: 47846366747 states checked.
Progress: 47871948658 states checked.
Progress: 47897514517 states checked.
Progress: 47923088068 states checked.
Progress: 47948634363 states checked.
Progress: 47974212277 states checked.
Progress: 47999764900 states checked.
Progress: 48025315413 states checked.
Progress: 48050881818 states checked.
Progress: 48076469720 states checked.
Progress: 48102034148 states checked.
Progress: 48127577514 states checked.
Progress: 48153135487 states checked.
Progress: 48178673754 states checked.
Progress: 48204253339 states checked.
Progress: 48229843722 states checked.
Progress: 48255464312 states checked.
Progress: 48281048907 states checked.
Progress: 48306636266 states checked.
Progress: 48332233954 states checked.
Progress: 48357833343 states checked.
Progress: 48383488062 states checked.
Progress: 48409071011 states checked.
Progress: 48434655441 states checked.
Progress: 48460274623 states checked.
Progress: 48485877604 states checked.
Progress: 48511474707 states checked.
Progress: 48537010903 states checked.
Progress: 48562618626 states checked.
Progress: 48588206193 states checked.
Progress: 48613784209 states checked.
Progress: 48639327176 states checked.
Progress: 48664886019 states checked.
Progress: 48690499544 states checked.
Progress: 48716091181 states checked.
Progress: 48741668157 states checked.
Progress: 48767204215 states checked.
Progress: 48792728658 states checked.
Progress: 48818281552 states checked.
Progress: 48843850238 states checked.
Progress: 48869435579 states checked.
Progress: 48894993824 states checked.
Progress: 48920586820 states checked.
Progress: 48946180845 states checked.
Progress: 48971781638 states checked.
Progress: 48997362804 states checked.
Progress: 49022946655 states checked.
Progress: 49048524343 states checked.
Progress: 49074088828 states checked.
Progress: 49099649573 states checked.
Progress: 49125220779 states checked.
Progress: 49150795242 states checked.
Progress: 49176386098 states checked.
Progress: 49201948707 states checked.
Progress: 49227513656 states checked.
Progress: 49253102486 states checked.
Progress: 49278672091 states checked.
Progress: 49304232329 states checked.
Progress: 49329775867 states checked.
Progress: 49355285391 states checked.
Progress: 49380833461 states checked.
Progress: 49406406298 states checked.
Progress: 49431963182 states checked.
Progress: 49457520187 states checked.
Progress: 49483080542 states checked.
Progress: 49508648043 states checked.
Progress: 49534238552 states checked.
Progress: 49559800471 states checked.
Progress: 49585390697 states checked.
Progress: 49610957919 states checked.
Progress: 49636514008 states checked.
Progress: 49662072553 states checked.
Progress: 49687661094 states checked.
Progress: 49713244903 states checked.
Progress: 49738816449 states checked.
Progress: 49764402479 states checked.
Progress: 49789988279 states checked.
Progress: 49815561593 states checked.
Progress: 49841136729 states checked.
Progress: 49866725203 states checked.
Progress: 49892304115 states checked.
Progress: 49917889817 states checked.
Progress: 49943443987 states checked.
Progress: 49969009191 states checked.
Progress: 49994579791 states checked.
Progress: 50020155753 states checked.
Progress: 50045703655 states checked.
Progress: 50071270224 states checked.
Progress: 50096818685 states checked.
Progress: 50122384426 states checked.
Progress: 50147940288 states checked.
Progress: 50173467991 states checked.
Progress: 50199012910 states checked.
Progress: 50224597974 states checked.
Progress: 50250153838 states checked.
Progress: 50275722788 states checked.
Progress: 50301303048 states checked.
Progress: 50326880123 states checked.
Progress: 50352444418 states checked.
Progress: 50377986532 states checked.
Progress: 50403501647 states checked.
Progress: 50429040742 states checked.
Progress: 50454589612 states checked.
Progress: 50480161136 states checked.
Progress: 50505752991 states checked.
Progress: 50531374835 states checked.
Progress: 50556978002 states checked.
Progress: 50582587403 states checked.
Progress: 50608188425 states checked.
Progress: 50633799990 states checked.
Progress: 50659357637 states checked.
Progress: 50684955472 states checked.
Progress: 50710547735 states checked.
Progress: 50736106177 states checked.
Progress: 50761679241 states checked.
Progress: 50787240065 states checked.
Progress: 50812838221 states checked.
Progress: 50838422527 states checked.
Progress: 50864007987 states checked.
Progress: 50889582496 states checked.
Progress: 50915183540 states checked.
Progress: 50940771328 states checked.
Progress: 50966385792 states checked.
Progress: 50992005841 states checked.
Progress: 51017600292 states checked.
Progress: 51043158719 states checked.
Progress: 51068734248 states checked.
Progress: 51094317042 states checked.
Progress: 51119939476 states checked.
Progress: 51145530463 states checked.
Progress: 51171100947 states checked.
Progress: 51196715976 states checked.
Progress: 51222314937 states checked.
Progress: 51247899012 states checked.
Progress: 51273496183 states checked.
Progress: 51299097252 states checked.
Progress: 51324711980 states checked.
Progress: 51350287383 states checked.
Progress: 51375900991 states checked.
Progress: 51401490620 states checked.
Progress: 51427060559 states checked.
Progress: 51452645583 states checked.
Progress: 51478231690 states checked.
Progress: 51503811182 states checked.
Progress: 51529396768 states checked.
Progress: 51554961512 states checked.
Progress: 51580575353 states checked.
Progress: 51606140724 states checked.
Progress: 51631731560 states checked.
Progress: 51657314017 states checked.
Progress: 51682885390 states checked.
Progress: 51708403783 states checked.
Progress: 51733970665 states checked.
Progress: 51759533272 states checked.
Progress: 51785117823 states checked.
Progress: 51810691016 states checked.
Progress: 51836251827 states checked.
Progress: 51861806985 states checked.
Progress: 51887345764 states checked.
Progress: 51912919212 states checked.
Progress: 51938488312 states checked.
Progress: 51964027165 states checked.
Progress: 51989559147 states checked.
Progress: 52015106862 states checked.
Progress: 52040677534 states checked.
Progress: 52066245831 states checked.
Progress: 52091802720 states checked.
Progress: 52117357227 states checked.
Progress: 52142966176 states checked.
Progress: 52168544812 states checked.
Progress: 52194115542 states checked.
Progress: 52219732611 states checked.
Progress: 52245304657 states checked.
Progress: 52270878538 states checked.
Progress: 52296472665 states checked.
Progress: 52322081154 states checked.
Progress: 52347698246 states checked.
Progress: 52373317170 states checked.
Progress: 52398921103 states checked.
Progress: 52424499917 states checked.
Progress: 52450055322 states checked.
Progress: 52475629025 states checked.
Progress: 52501195704 states checked.
Progress: 52526777827 states checked.
Progress: 52552358683 states checked.
Progress: 52577919727 states checked.
Progress: 52603506174 states checked.
Progress: 52629074236 states checked.
Progress: 52654648604 states checked.
Progress: 52680204609 states checked.
Progress: 52705773129 states checked.
Progress: 52731343435 states checked.
Progress: 52756929997 states checked.
Progress: 52782478520 states checked.
Progress: 52808054311 states checked.
Progress: 52833640892 states checked.
Progress: 52859215686 states checked.
Progress: 52884802728 states checked.
Progress: 52910393026 states checked.
Progress: 52935990273 states checked.
Progress: 52961570123 states checked.
Progress: 52987140753 states checked.
Progress: 53012725099 states checked.
Progress: 53038298530 states checked.
Progress: 53063865619 states checked.
Progress: 53089432765 states checked.
Progress: 53115005972 states checked.
Progress: 53140583031 states checked.
Progress: 53166184266 states checked.
Progress: 53191787008 states checked.
Progress: 53217380867 states checked.
Progress: 53242968928 states checked.
Progress: 53268539535 states checked.
Progress: 53294118815 states checked.
Progress: 53319728519 states checked.
Progress: 53345337557 states checked.
Progress: 53370937561 states checked.
Progress: 53396498585 states checked.
Progress: 53422076405 states checked.
Progress: 53447661474 states checked.
Progress: 53473231857 states checked.
Progress: 53498814655 states checked.
Progress: 53524397403 states checked.
Progress: 53550006331 states checked.
Progress: 53575577016 states checked.
Progress: 53601163873 states checked.
Progress: 53626752073 states checked.
Progress: 53652323916 states checked.
Progress: 53677879696 states checked.
Progress: 53703454817 states checked.
Progress: 53729020386 states checked.
Progress: 53754547768 states checked.
Progress: 53780086411 states checked.
Progress: 53805631284 states checked.
Progress: 53831199299 states checked.
Progress: 53856746359 states checked.
Progress: 53882324406 states checked.
Progress: 53907892576 states checked.
Progress: 53933450593 states checked.
Progress: 53959003484 states checked.
Progress: 53984501562 states checked.
Progress: 54010056845 states checked.
Progress: 54035626605 states checked.
Progress: 54061214963 states checked.
Progress: 54086796471 states checked.
Progress: 54112364101 states checked.
Progress: 54137940149 states checked.
Progress: 54163512735 states checked.
Progress: 54189104901 states checked.
Progress: 54214674911 states checked.
Progress: 54240297311 states checked.
Progress: 54265883676 states checked.
Progress: 54291466978 states checked.
Progress: 54317050441 states checked.
Progress: 54342662002 states checked.
Progress: 54368269466 states checked.
Progress: 54393863322 states checked.
Progress: 54419443004 states checked.
Progress: 54445058489 states checked.
Progress: 54470668529 states checked.
Progress: 54496237105 states checked.
Progress: 54521844831 states checked.
Progress: 54547422929 states checked.
Progress: 54573006315 states checked.
Progress: 54598632361 states checked.
Progress: 54624248803 states checked.
Progress: 54649873064 states checked.
Progress: 54675449340 states checked.
Progress: 54701025574 states checked.
Progress: 54726564563 states checked.
Progress: 54752153820 states checked.
Progress: 54777733675 states checked.
Progress: 54803321271 states checked.
Progress: 54828922852 states checked.
Progress: 54854474407 states checked.
Progress: 54880088293 states checked.
Progress: 54905729054 states checked.
Progress: 54931350064 states checked.
Progress: 54956942953 states checked.
Progress: 54982520152 states checked.
Progress: 55008102862 states checked.
Progress: 55033718525 states checked.
Progress: 55059309616 states checked.
Progress: 55084839695 states checked.
Progress: 55110426500 states checked.
Progress: 55135956423 states checked.
Progress: 55161580886 states checked.
Progress: 55187203959 states checked.
Progress: 55212790048 states checked.
Progress: 55238366269 states checked.
Progress: 55263945303 states checked.
Progress: 55289557538 states checked.
Progress: 55315157682 states checked.
Progress: 55340748263 states checked.
Progress: 55366358819 states checked.
Progress: 55391908099 states checked.
Progress: 55417454512 states checked.
Progress: 55443031044 states checked.
Progress: 55468594923 states checked.
Progress: 55494153248 states checked.
Progress: 55519713801 states checked.
Progress: 55545281410 states checked.
Progress: 55570880966 states checked.
Progress: 55596448406 states checked.
Progress: 55622017288 states checked.
Progress: 55647613156 states checked.
Progress: 55673189639 states checked.
Progress: 55698790474 states checked.
Progress: 55724360585 states checked.
Progress: 55749930491 states checked.
Progress: 55775495061 states checked.
Progress: 55801064618 states checked.
Progress: 55826602542 states checked.
Progress: 55852146353 states checked.
Progress: 55877730956 states checked.
Progress: 55903323078 states checked.
Progress: 55928922376 states checked.
Progress: 55954503521 states checked.
Progress: 55980084117 states checked.
Progress: 56005657891 states checked.
Progress: 56031199566 states checked.
Progress: 56056761755 states checked.
Progress: 56082328940 states checked.
Progress: 56107900199 states checked.
Progress: 56133507221 states checked.
Progress: 56159113195 states checked.
Progress: 56184693623 states checked.
Progress: 56210237431 states checked.
Progress: 56235799949 states checked.
Progress: 56261373677 states checked.
Progress: 56286949849 states checked.
Progress: 56312530547 states checked.
Progress: 56338125022 states checked.
Progress: 56363725887 states checked.
Progress: 56389325027 states checked.
Progress: 56414905328 states checked.
Progress: 56440508174 states checked.
Progress: 56466102407 states checked.
Progress: 56491656237 states checked.
Progress: 56517241464 states checked.
Progress: 56542819103 states checked.
Progress: 56568437372 states checked.
Progress: 56594070262 states checked.
Progress: 56619677115 states checked.
Progress: 56645269417 states checked.
Progress: 56670840566 states checked.
Progress: 56696404295 states checked.
Progress: 56721989547 states checked.
Progress: 56747570530 states checked.
Progress: 56773109857 states checked.
Progress: 56798649902 states checked.
Progress: 56824188348 states checked.
Progress: 56849752397 states checked.
Progress: 56875293956 states checked.
Progress: 56900832509 states checked.
Progress: 56926406012 states checked.
Progress: 56952001330 states checked.
Progress: 56977591704 states checked.
Progress: 57003121569 states checked.
Progress: 57028739856 states checked.
Progress: 57054300093 states checked.
Progress: 57079843059 states checked.
Progress: 57105379993 states checked.
Progress: 57130948859 states checked.
Progress: 57156488515 states checked.
Progress: 57182050890 states checked.
Progress: 57207619547 states checked.
Progress: 57233177687 states checked.
Progress: 57258719464 states checked.
Progress: 57284273388 states checked.
Progress: 57309833364 states checked.
Progress: 57335349833 states checked.
Progress: 57360928867 states checked.
Progress: 57386456481 states checked.
Progress: 57412020531 states checked.
Progress: 57437551903 states checked.
Progress: 57463088606 states checked.
Progress: 57488647881 states checked.
Progress: 57514197870 states checked.
Progress: 57539780607 states checked.
Progress: 57565356723 states checked.
Progress: 57590949350 states checked.
Progress: 57616578607 states checked.
Progress: 57642155657 states checked.
Progress: 57667716813 states checked.
Progress: 57693305872 states checked.
Progress: 57718889380 states checked.
Progress: 57744461187 states checked.
Progress: 57770026823 states checked.
Progress: 57795578904 states checked.
Progress: 57821162094 states checked.
Progress: 57846758753 states checked.
Progress: 57872352545 states checked.
Progress: 57897881787 states checked.
Progress: 57923469132 states checked.
Progress: 57949049016 states checked.
Progress: 57974626334 states checked.
Progress: 58000253215 states checked.
Progress: 58025847420 states checked.
Progress: 58051420507 states checked.
Progress: 58076969789 states checked.
Progress: 58102581870 states checked.
Progress: 58128189315 states checked.
Progress: 58153797900 states checked.
Progress: 58179391526 states checked.
Progress: 58204969400 states checked.
Progress: 58230522569 states checked.
Progress: 58256083868 states checked.
Progress: 58281646040 states checked.
Progress: 58307177114 states checked.
Progress: 58332726671 states checked.
Progress: 58358265488 states checked.
Progress: 58383802517 states checked.
Progress: 58409343611 states checked.
Progress: 58434897771 states checked.
Progress: 58460474224 states checked.
Progress: 58485992396 states checked.
Progress: 58511578047 states checked.
Progress: 58537172261 states checked.
Progress: 58562769226 states checked.
Progress: 58588359646 states checked.
Progress: 58613933717 states checked.
Progress: 58639503681 states checked.
Progress: 58665075760 states checked.
Progress: 58690629686 states checked.
Progress: 58716203755 states checked.
Progress: 58741795217 states checked.
Progress: 58767405709 states checked.
Progress: 58793000778 states checked.
Progress: 58818556775 states checked.
Progress: 58844089569 states checked.
Progress: 58869622914 states checked.
Progress: 58895167814 states checked.
Progress: 58920731486 states checked.
Progress: 58946314859 states checked.
Progress: 58971912594 states checked.
Progress: 58997512847 states checked.
Progress: 59023131069 states checked.
Progress: 59048712186 states checked.
Progress: 59074314376 states checked.
Progress: 59099883630 states checked.
Progress: 59125423448 states checked.
Progress: 59150979012 states checked.
Progress: 59176546703 states checked.
Progress: 59202131145 states checked.
Progress: 59227685225 states checked.
Progress: 59253265981 states checked.
Progress: 59278859587 states checked.
Progress: 59304443194 states checked.
Progress: 59330023267 states checked.
Progress: 59355614165 states checked.
Progress: 59381175688 states checked.
Progress: 59406738105 states checked.
Progress: 59432314711 states checked.
Progress: 59457822947 states checked.
Progress: 59483363259 states checked.
Progress: 59508882675 states checked.
Progress: 59534440012 states checked.
Progress: 59559948209 states checked.
Progress: 59585491904 states checked.
Progress: 59610999483 states checked.
Progress: 59636553173 states checked.
Progress: 59662122432 states checked.
Progress: 59687685544 states checked.
Progress: 59713298697 states checked.
Progress: 59738894368 states checked.
Progress: 59764501847 states checked.
Progress: 59790117628 states checked.
Progress: 59815713637 states checked.
Progress: 59841300666 states checked.
Progress: 59866900526 states checked.
Progress: 59892494438 states checked.
Progress: 59918087866 states checked.
Progress: 59943626133 states checked.
Progress: 59969223960 states checked.
Progress: 59994816689 states checked.
Progress: 60020377918 states checked.
Progress: 60045908714 states checked.
Progress: 60071467614 states checked.
Progress: 60097039065 states checked.
Progress: 60122558992 states checked.
Progress: 60148108171 states checked.
Progress: 60173651197 states checked.
Progress: 60199181171 states checked.
Progress: 60224732259 states checked.
Progress: 60250262297 states checked.
Progress: 60275827273 states checked.
Progress: 60301400614 states checked.
Progress: 60326942549 states checked.
Progress: 60352519180 states checked.
Progress: 60378081443 states checked.
Progress: 60403654838 states checked.
Progress: 60429277239 states checked.
Progress: 60454858018 states checked.
Progress: 60480438389 states checked.
Progress: 60505997151 states checked.
Progress: 60531537872 states checked.
Progress: 60557100082 states checked.
Progress: 60582685045 states checked.
Progress: 60608225392 states checked.
Progress: 60633788543 states checked.
Progress: 60659392175 states checked.
Progress: 60684958396 states checked.
Progress: 60710530726 states checked.
Progress: 60736077916 states checked.
Progress: 60761667863 states checked.
Progress: 60787241704 states checked.
Progress: 60812766891 states checked.
Progress: 60838335457 states checked.
Progress: 60863914555 states checked.
Progress: 60889512287 states checked.
Progress: 60915079541 states checked.
Progress: 60940662995 states checked.
Progress: 60966202844 states checked.
Progress: 60991728192 states checked.
Progress: 61017262419 states checked.
Progress: 61042794247 states checked.
Progress: 61068350489 states checked.
Progress: 61093897943 states checked.
Progress: 61119442579 states checked.
Progress: 61145022226 states checked.
Progress: 61170594183 states checked.
Progress: 61196150413 states checked.
Progress: 61221703662 states checked.
Progress: 61247248505 states checked.
Progress: 61272785925 states checked.
Progress: 61298371446 states checked.
Progress: 61323916799 states checked.
Progress: 61349496045 states checked.
Progress: 61375047383 states checked.
Progress: 61400647884 states checked.
Progress: 61426210789 states checked.
Progress: 61451765299 states checked.
Progress: 61477333378 states checked.
Progress: 61502907566 states checked.
Progress: 61528459554 states checked.
Progress: 61554042078 states checked.
Progress: 61579623111 states checked.
Progress: 61605180810 states checked.
Progress: 61630772452 states checked.
Progress: 61656318338 states checked.
Progress: 61681843839 states checked.
Progress: 61707426014 states checked.
Progress: 61733002744 states checked.
Progress: 61758568121 states checked.
Progress: 61784144115 states checked.
Progress: 61809684044 states checked.
Progress: 61835245871 states checked.
Progress: 61860782658 states checked.
Progress: 61886343758 states checked.
Progress: 61911904701 states checked.
Progress: 61937499082 states checked.
Progress: 61963079085 states checked.
Progress: 61988649125 states checked.
Progress: 62014215561 states checked.
Progress: 62039784779 states checked.
Progress: 62065345095 states checked.
Progress: 62090947021 states checked.
Progress: 62116522595 states checked.
Progress: 62142067626 states checked.
Progress: 62167618780 states checked.
Progress: 62193169893 states checked.
Progress: 62218769088 states checked.
Progress: 62244348977 states checked.
Progress: 62269926159 states checked.
Progress: 62295506208 states checked.
Progress: 62321120829 states checked.
Progress: 62346692760 states checked.
Progress: 62372250345 states checked.
Progress: 62397781789 states checked.
Progress: 62423310740 states checked.
Progress: 62448845927 states checked.
Progress: 62474402943 states checked.
Progress: 62499972832 states checked.
Progress: 62525547076 states checked.
Progress: 62551121631 states checked.
Progress: 62576723539 states checked.
Progress: 62602324170 states checked.
Progress: 62627877050 states checked.
Progress: 62653452466 states checked.
Progress: 62678983859 states checked.
Progress: 62704499866 states checked.
Progress: 62730039571 states checked.
Progress: 62755594407 states checked.
Progress: 62781108257 states checked.
Progress: 62806654152 states checked.
Progress: 62832235945 states checked.
Progress: 62857816988 states checked.
Progress: 62883387970 states checked.
Progress: 62908971338 states checked.
Progress: 62934542096 states checked.
Progress: 62960092303 states checked.
Progress: 62985659573 states checked.
Progress: 63011163597 states checked.
Progress: 63036715274 states checked.
Progress: 63062263637 states checked.
Progress: 63087810271 states checked.
Progress: 63113395225 states checked.
Progress: 63138958629 states checked.
Progress: 63164559348 states checked.
Progress: 63190145328 states checked.
Progress: 63215709773 states checked.
Progress: 63241276896 states checked.
Progress: 63266847776 states checked.
Progress: 63292419499 states checked.
Progress: 63318003535 states checked.
Progress: 63343521895 states checked.
Progress: 63369059941 states checked.
Progress: 63394617571 states checked.
Progress: 63420183246 states checked.
Progress: 63445745468 states checked.
Progress: 63471277631 states checked.
Progress: 63496848235 states checked.
Progress: 63522381355 states checked.
Progress: 63547930007 states checked.
Progress: 63573498553 states checked.
Progress: 63599032865 states checked.
Progress: 63624584001 states checked.
Progress: 63650154515 states checked.
Progress: 63675732298 states checked.
Progress: 63701326968 states checked.
Progress: 63726916267 states checked.
Progress: 63752478718 states checked.
Progress: 63778001345 states checked.
Progress: 63803597076 states checked.
Progress: 63829150082 states checked.
Progress: 63854750411 states checked.
Progress: 63880320480 states checked.
Progress: 63905889915 states checked.
Progress: 63931432876 states checked.
Progress: 63957014514 states checked.
Progress: 63982592365 states checked.
Progress: 64008148389 states checked.
Progress: 64033692972 states checked.
Progress: 64059266330 states checked.
Progress: 64084838167 states checked.
Progress: 64110391270 states checked.
Progress: 64135945837 states checked.
Progress: 64161514345 states checked.
Progress: 64187085074 states checked.
Progress: 64212644225 states checked.
Progress: 64238233261 states checked.
Progress: 64263786378 states checked.
Progress: 64289364872 states checked.
Progress: 64314956099 states checked.
Progress: 64340522612 states checked.
Progress: 64366129195 states checked.
Progress: 64391705634 states checked.
Progress: 64417276235 states checked.
Progress: 64442833399 states checked.
Progress: 64468368565 states checked.
Progress: 64493910386 states checked.
Progress: 64519487310 states checked.
Progress: 64544996020 states checked.
Progress: 64570547647 states checked.
Progress: 64596145512 states checked.
Progress: 64621703008 states checked.
Progress: 64647259068 states checked.
Progress: 64672812693 states checked.
Progress: 64698347686 states checked.
Progress: 64723918103 states checked.
Progress: 64749488397 states checked.
Progress: 64775078259 states checked.
Progress: 64800649571 states checked.
Progress: 64826202091 states checked.
Progress: 64851753186 states checked.
Progress: 64877301821 states checked.
Progress: 64902810782 states checked.
Progress: 64928386706 states checked.
Progress: 64953943130 states checked.
Progress: 64979529819 states checked.
Progress: 65005054412 states checked.
Progress: 65030594150 states checked.
Progress: 65056146482 states checked.
Progress: 65081718827 states checked.
Progress: 65107284553 states checked.
Progress: 65132826995 states checked.
Progress: 65158364963 states checked.
Progress: 65183909692 states checked.
Progress: 65209488638 states checked.
Progress: 65235001895 states checked.
Progress: 65260510010 states checked.
Progress: 65286105098 states checked.
Progress: 65311654520 states checked.
Progress: 65337218469 states checked.
Progress: 65362764319 states checked.
Progress: 65388342708 states checked.
Progress: 65413896767 states checked.
Progress: 65439446706 states checked.
Progress: 65464995602 states checked.
Progress: 65490591260 states checked.
Progress: 65516117198 states checked.
Progress: 65541690835 states checked.
Progress: 65567268094 states checked.
Progress: 65592843720 states checked.
Progress: 65618395439 states checked.
Progress: 65643966887 states checked.
Progress: 65669528773 states checked.
Progress: 65695117016 states checked.
Progress: 65720716402 states checked.
Progress: 65746290833 states checked.
Progress: 65771871201 states checked.
Progress: 65797454098 states checked.
Progress: 65823017854 states checked.
Progress: 65848611552 states checked.
Progress: 65874194117 states checked.
Progress: 65899719061 states checked.
Progress: 65925284315 states checked.
Progress: 65950828290 states checked.
Progress: 65976353738 states checked.
Progress: 66001931492 states checked.
Progress: 66027518122 states checked.
Progress: 66053085828 states checked.
Progress: 66078623637 states checked.
Progress: 66104182046 states checked.
Progress: 66129757699 states checked.
Progress: 66155339890 states checked.
Progress: 66180893411 states checked.
Progress: 66206476496 states checked.
Progress: 66232046344 states checked.
Progress: 66257608490 states checked.
Progress: 66283192315 states checked.
Progress: 66308781546 states checked.
Progress: 66334365374 states checked.
Progress: 66359924500 states checked.
Progress: 66385524762 states checked.
Progress: 66411078942 states checked.
Progress: 66436635961 states checked.
Progress: 66462240738 states checked.
Progress: 66487829814 states checked.
Progress: 66513422109 states checked.
Progress: 66538990513 states checked.
Progress: 66564569600 states checked.
Progress: 66590118769 states checked.
Progress: 66615669642 states checked.
Progress: 66641228076 states checked.
Progress: 66666760328 states checked.
Progress: 66692335183 states checked.
Progress: 66717903744 states checked.
Progress: 66743430923 states checked.
Progress: 66769016180 states checked.
Progress: 66794625726 states checked.
Progress: 66820197998 states checked.
Progress: 66845767803 states checked.
Progress: 66871338895 states checked.
Progress: 66896871265 states checked.
Progress: 66922411780 states checked.
Progress: 66947925999 states checked.
Progress: 66973420238 states checked.
Progress: 66998911928 states checked.
Progress: 67024425150 states checked.
Progress: 67049890422 states checked.
Progress: 67075345738 states checked.
Progress: 67100873018 states checked.
Progress: 67126346123 states checked.
Progress: 67151788121 states checked.
Progress: 67177224817 states checked.
Progress: 67202663526 states checked.
Progress: 67228041404 states checked.
Progress: 67253410182 states checked.
Progress: 67278860232 states checked.
Progress: 67304293840 states checked.
Progress: 67329710845 states checked.
Progress: 67355147125 states checked.
Progress: 67380569794 states checked.
Progress: 67405979372 states checked.
Progress: 67431386922 states checked.
Progress: 67456810929 states checked.
Progress: 67482274140 states checked.
Progress: 67507685965 states checked.
Progress: 67533132027 states checked.
Progress: 67558578152 states checked.
Progress: 67584020466 states checked.
Progress: 67609464533 states checked.
Progress: 67634947245 states checked.
Progress: 67660411179 states checked.
Progress: 67685843426 states checked.
Progress: 67711245502 states checked.
Progress: 67736680238 states checked.
Progress: 67762150978 states checked.
Progress: 67787608034 states checked.
Progress: 67813031642 states checked.
Progress: 67838465108 states checked.
Progress: 67863910787 states checked.
Progress: 67889350708 states checked.
Progress: 67914818297 states checked.
Progress: 67940253972 states checked.
Progress: 67965673056 states checked.
Progress: 67991138891 states checked.
Progress: 68016633895 states checked.
Progress: 68042139253 states checked.
Progress: 68067650934 states checked.
Progress: 68093173366 states checked.
Progress: 68118657353 states checked.
Progress: 68144149030 states checked.
Progress: 68169624387 states checked.
Progress: 68195085482 states checked.
Progress: 68220545966 states checked.
Progress: 68246053498 states checked.
Progress: 68271565483 states checked.
Progress: 68297073856 states checked.
Progress: 68322558856 states checked.
Progress: 68348043572 states checked.
Progress: 68373587913 states checked.
Progress: 68399045592 states checked.
Progress: 68424527825 states checked.
Progress: 68450000848 states checked.
Progress: 68475491358 states checked.
Progress: 68500938388 states checked.
Progress: 68526434422 states checked.
Progress: 68551913779 states checked.
Progress: 68577407800 states checked.
Progress: 68602956246 states checked.
Progress: 68628458301 states checked.
Progress: 68653977996 states checked.
Progress: 68679488214 states checked.
Progress: 68704967409 states checked.
Progress: 68730501252 states checked.
Progress: 68755976359 states checked.
Progress: 68781506545 states checked.
Progress: 68807054827 states checked.
Progress: 68832575871 states checked.
Progress: 68858038024 states checked.
Progress: 68883574876 states checked.
Progress: 68909139792 states checked.
Progress: 68934627044 states checked.
Progress: 68960152929 states checked.
Progress: 68985689607 states checked.
Progress: 69011228208 states checked.
Progress: 69036755714 states checked.
Progress: 69062258489 states checked.
Progress: 69087798627 states checked.
Progress: 69113324369 states checked.
Progress: 69138863656 states checked.
Progress: 69164423003 states checked.
Progress: 69190007557 states checked.
Progress: 69215507175 states checked.
Progress: 69241097265 states checked.
Progress: 69266663933 states checked.
Progress: 69292191200 states checked.
Progress: 69317747217 states checked.
Progress: 69343277532 states checked.
Progress: 69368815435 states checked.
Progress: 69394355680 states checked.
Progress: 69419848564 states checked.
Progress: 69445400428 states checked.
Progress: 69470975146 states checked.
Progress: 69496559649 states checked.
Progress: 69522139705 states checked.
Progress: 69547737249 states checked.
Progress: 69573321151 states checked.
Progress: 69598918721 states checked.
Progress: 69624475057 states checked.
Progress: 69650023761 states checked.
Progress: 69675564290 states checked.
Progress: 69701140856 states checked.
Progress: 69726751373 states checked.
Progress: 69752325990 states checked.
Progress: 69777859916 states checked.
Progress: 69803430403 states checked.
Progress: 69828977913 states checked.
Progress: 69854517233 states checked.
Progress: 69880066818 states checked.
Progress: 69905624696 states checked.
Progress: 69931137129 states checked.
Progress: 69956704021 states checked.
Progress: 69982259066 states checked.
Progress: 70007785053 states checked.
Progress: 70033334430 states checked.
Progress: 70058892208 states checked.
Progress: 70084451883 states checked.
Progress: 70110031990 states checked.
Progress: 70135634121 states checked.
Progress: 70161203384 states checked.
Progress: 70186738812 states checked.
Progress: 70212275215 states checked.
Progress: 70237860048 states checked.
Progress: 70263410569 states checked.
Progress: 70288987759 states checked.
Progress: 70314499066 states checked.
Progress: 70339992844 states checked.
Progress: 70365538778 states checked.
Progress: 70391089287 states checked.
Progress: 70416600393 states checked.
Progress: 70442134592 states checked.
Progress: 70467657230 states checked.
Progress: 70493195829 states checked.
Progress: 70518747145 states checked.
Progress: 70544306346 states checked.
Progress: 70569852515 states checked.
Progress: 70595424959 states checked.
Progress: 70621017256 states checked.
Progress: 70646592068 states checked.
Progress: 70672127872 states checked.
Progress: 70697706741 states checked.
Progress: 70723251413 states checked.
Progress: 70748748860 states checked.
Progress: 70774302257 states checked.
Progress: 70799836830 states checked.
Progress: 70825374990 states checked.
Progress: 70850949175 states checked.
Progress: 70876488606 states checked.
Progress: 70902046327 states checked.
Progress: 70927650264 states checked.
Progress: 70953206861 states checked.
Progress: 70978764214 states checked.
Progress: 71004334478 states checked.
Progress: 71029910373 states checked.
Progress: 71055480299 states checked.
Progress: 71081036715 states checked.
Progress: 71106622943 states checked.
Progress: 71132161256 states checked.
Progress: 71157748883 states checked.
Progress: 71183281502 states checked.
Progress: 71208834980 states checked.
Progress: 71234393625 states checked.
Progress: 71259951949 states checked.
Progress: 71285486450 states checked.
Progress: 71311032517 states checked.
Progress: 71336539636 states checked.
Progress: 71362104805 states checked.
Progress: 71387635066 states checked.
Progress: 71413167507 states checked.
Progress: 71438744319 states checked.
Progress: 71464326363 states checked.
Progress: 71489907538 states checked.
Progress: 71515474276 states checked.
Progress: 71540989583 states checked.
Progress: 71566540427 states checked.
Progress: 71592090127 states checked.
Progress: 71617640043 states checked.
Progress: 71643145188 states checked.
Progress: 71668641515 states checked.
Progress: 71694158662 states checked.
Progress: 71719729122 states checked.
Progress: 71745304433 states checked.
Progress: 71770890665 states checked.
Progress: 71796469165 states checked.
Progress: 71822048871 states checked.
Progress: 71847646147 states checked.
Progress: 71873195420 states checked.
Progress: 71898728827 states checked.
Progress: 71924273687 states checked.
Progress: 71949804201 states checked.
Progress: 71975371086 states checked.
Progress: 72000922576 states checked.
Progress: 72026464572 states checked.
Progress: 72052004231 states checked.
Progress: 72077538978 states checked.
Progress: 72103137628 states checked.
Progress: 72128670369 states checked.
Progress: 72154218858 states checked.
Progress: 72179767833 states checked.
Progress: 72205339578 states checked.
Progress: 72230861612 states checked.
Progress: 72256428473 states checked.
Progress: 72281960715 states checked.
Progress: 72307515563 states checked.
Progress: 72333067800 states checked.
Progress: 72358613068 states checked.
Progress: 72384149153 states checked.
Progress: 72409710825 states checked.
Progress: 72435281035 states checked.
Progress: 72460837475 states checked.
Progress: 72486365982 states checked.
Progress: 72511925526 states checked.
Progress: 72537460206 states checked.
Progress: 72563008902 states checked.
Progress: 72588593008 states checked.
Progress: 72614141009 states checked.
Progress: 72639705117 states checked.
Progress: 72665280032 states checked.
Progress: 72690849585 states checked.
Progress: 72716389782 states checked.
Progress: 72741957442 states checked.
Progress: 72767510893 states checked.
Progress: 72793065314 states checked.
Progress: 72818634591 states checked.
Progress: 72844180299 states checked.
Progress: 72869723957 states checked.
Progress: 72895293282 states checked.
Progress: 72920863505 states checked.
Progress: 72946396788 states checked.
Progress: 72971954295 states checked.
Progress: 72997491477 states checked.
Progress: 73023022827 states checked.
Progress: 73048600284 states checked.
Progress: 73074164370 states checked.
Progress: 73099755489 states checked.
Progress: 73125336196 states checked.
Progress: 73150865916 states checked.
Progress: 73176445632 states checked.
Progress: 73201998786 states checked.
Progress: 73227540056 states checked.
Progress: 73253064835 states checked.
Progress: 73278585598 states checked.
Progress: 73304121276 states checked.
Progress: 73329671586 states checked.
Progress: 73355194847 states checked.
Progress: 73380743047 states checked.
Progress: 73406300773 states checked.
Progress: 73431894575 states checked.
Progress: 73457436547 states checked.
Progress: 73482945514 states checked.
Progress: 73508482692 states checked.
Progress: 73534017713 states checked.
Progress: 73559564067 states checked.
Progress: 73585117722 states checked.
Progress: 73610651590 states checked.
Progress: 73636215529 states checked.
Progress: 73661778219 states checked.
Progress: 73687331612 states checked.
Progress: 73712906680 states checked.
Progress: 73738392480 states checked.
Progress: 73763859062 states checked.
Progress: 73789380152 states checked.
Progress: 73814903429 states checked.
Progress: 73840438466 states checked.
Progress: 73865955173 states checked.
Progress: 73891470046 states checked.
Progress: 73917036932 states checked.
Progress: 73942594084 states checked.
Progress: 73968164248 states checked.
Progress: 73993716073 states checked.
Progress: 74019243720 states checked.
Progress: 74044821598 states checked.
Progress: 74070392567 states checked.
Progress: 74095887704 states checked.
Progress: 74121383087 states checked.
Progress: 74146916756 states checked.
Progress: 74172452779 states checked.
Progress: 74198015634 states checked.
Progress: 74223577748 states checked.
Progress: 74249128686 states checked.
Progress: 74274680423 states checked.
Progress: 74300249457 states checked.
Progress: 74325819316 states checked.
Progress: 74351389868 states checked.
Progress: 74376955497 states checked.
Progress: 74402506208 states checked.
Progress: 74428109808 states checked.
Progress: 74453658232 states checked.
Progress: 74479196341 states checked.
Progress: 74504723505 states checked.
Progress: 74530264270 states checked.
Progress: 74555805094 states checked.
Progress: 74581377954 states checked.
Progress: 74606928819 states checked.
Progress: 74632501351 states checked.
Progress: 74658070079 states checked.
Progress: 74683653130 states checked.
Progress: 74709219950 states checked.
Progress: 74734770044 states checked.
Progress: 74760362888 states checked.
Progress: 74785891343 states checked.
Progress: 74811448850 states checked.
Progress: 74836998713 states checked.
Progress: 74862541081 states checked.
Progress: 74888065490 states checked.
Progress: 74913583006 states checked.
Progress: 74939114955 states checked.
Progress: 74964679554 states checked.
Progress: 74990215216 states checked.
Progress: 75015733836 states checked.
Progress: 75041280769 states checked.
Progress: 75066843484 states checked.
Progress: 75092394664 states checked.
Progress: 75117941963 states checked.
Progress: 75143482305 states checked.
Progress: 75169011195 states checked.
Progress: 75194512318 states checked.
Progress: 75220074666 states checked.
Progress: 75245590816 states checked.
Progress: 75271130035 states checked.
Progress: 75296691871 states checked.
Progress: 75322241313 states checked.
Progress: 75347815512 states checked.
Progress: 75373406814 states checked.
Progress: 75398990173 states checked.
Progress: 75424512969 states checked.
Progress: 75450061602 states checked.
Progress: 75475594217 states checked.
Progress: 75501174375 states checked.
Progress: 75526670950 states checked.
Progress: 75552163917 states checked.
Progress: 75577700361 states checked.
Progress: 75603244364 states checked.
Progress: 75628828107 states checked.
Progress: 75654339277 states checked.
Progress: 75679834532 states checked.
Progress: 75705403977 states checked.
Progress: 75730977702 states checked.
Progress: 75756533595 states checked.
Progress: 75782105407 states checked.
Progress: 75807650233 states checked.
Progress: 75833195468 states checked.
Progress: 75858706284 states checked.
Progress: 75884275491 states checked.
Progress: 75909819595 states checked.
Progress: 75935328475 states checked.
Progress: 75960853275 states checked.
Progress: 75986421497 states checked.
Progress: 76011968361 states checked.
Progress: 76037507268 states checked.
Progress: 76063029802 states checked.
Progress: 76088584194 states checked.
Progress: 76114140600 states checked.
Progress: 76139683048 states checked.
Progress: 76165204022 states checked.
Progress: 76190789801 states checked.
Progress: 76216335214 states checked.
Progress: 76241865610 states checked.
Progress: 76267398555 states checked.
Progress: 76292946927 states checked.
Progress: 76318492877 states checked.
Progress: 76344058028 states checked.
Progress: 76369585187 states checked.
Progress: 76395098483 states checked.
Progress: 76420631338 states checked.
Progress: 76446181238 states checked.
Progress: 76471738081 states checked.
Progress: 76497321090 states checked.
Progress: 76522874638 states checked.
Progress: 76548447621 states checked.
Progress: 76574000606 states checked.
Progress: 76599540824 states checked.
Progress: 76625102617 states checked.
Progress: 76650635478 states checked.
Progress: 76676225056 states checked.
Progress: 76701788470 states checked.
Progress: 76727368808 states checked.
Progress: 76752927216 states checked.
Progress: 76778504390 states checked.
Progress: 76804090097 states checked.
Progress: 76829649954 states checked.
Progress: 76855183833 states checked.
Progress: 76880725053 states checked.
Progress: 76906307300 states checked.
Progress: 76931845539 states checked.
Progress: 76957419175 states checked.
Progress: 76983003848 states checked.
Progress: 77008631081 states checked.
Progress: 77034172214 states checked.
Progress: 77059727584 states checked.
Progress: 77085262453 states checked.
Progress: 77110711657 states checked.
Progress: 77136254766 states checked.
Progress: 77161826567 states checked.
Progress: 77187400673 states checked.
Progress: 77212948767 states checked.
Progress: 77238520443 states checked.
Progress: 77264053871 states checked.
Progress: 77289630251 states checked.
Progress: 77315179850 states checked.
Progress: 77340739308 states checked.
Progress: 77366300423 states checked.
Progress: 77391878626 states checked.
Progress: 77417452757 states checked.
Progress: 77443021357 states checked.
Progress: 77468582886 states checked.
Progress: 77494148099 states checked.
Progress: 77519722492 states checked.
Progress: 77545298243 states checked.
Progress: 77570897085 states checked.
Progress: 77596442372 states checked.
Progress: 77621975082 states checked.
Progress: 77647541077 states checked.
Progress: 77673138240 states checked.
Progress: 77698676385 states checked.
Progress: 77724257010 states checked.
Progress: 77749756633 states checked.
Progress: 77775310815 states checked.
Progress: 77800882198 states checked.
Progress: 77826462985 states checked.
Progress: 77852014852 states checked.
Progress: 77877574984 states checked.
Progress: 77903098740 states checked.
Progress: 77928617653 states checked.
Progress: 77954172782 states checked.
Progress: 77979737048 states checked.
Progress: 78005298415 states checked.
Progress: 78030868398 states checked.
Progress: 78056425523 states checked.
Progress: 78081940701 states checked.
Progress: 78107495173 states checked.
Progress: 78133024886 states checked.
Progress: 78158582784 states checked.
Progress: 78184147747 states checked.
Progress: 78209685966 states checked.
Progress: 78235226843 states checked.
Progress: 78260770741 states checked.
Progress: 78286330581 states checked.
Progress: 78311890559 states checked.
Progress: 78337445159 states checked.
Progress: 78363014721 states checked.
Progress: 78388566896 states checked.
Progress: 78414134078 states checked.
Progress: 78439693214 states checked.
Progress: 78465260099 states checked.
Progress: 78490822271 states checked.
Progress: 78516377702 states checked.
Progress: 78541954312 states checked.
Progress: 78567540924 states checked.
Progress: 78593112653 states checked.
Progress: 78618689038 states checked.
Progress: 78644236101 states checked.
Progress: 78669779002 states checked.
Progress: 78695385823 states checked.
Progress: 78720971080 states checked.
Progress: 78746503596 states checked.
Progress: 78772070964 states checked.
Progress: 78797652392 states checked.
Progress: 78823236745 states checked.
Progress: 78848820508 states checked.
Progress: 78874413174 states checked.
Progress: 78899964803 states checked.
Progress: 78925496206 states checked.
Progress: 78951054773 states checked.
Progress: 78976625077 states checked.
Progress: 79002203264 states checked.
Progress: 79027711449 states checked.
Progress: 79053251392 states checked.
Progress: 79078808284 states checked.
Progress: 79104350302 states checked.
Progress: 79129896879 states checked.
Progress: 79155432928 states checked.
Progress: 79180997325 states checked.
Progress: 79206581709 states checked.
Progress: 79232133036 states checked.
Progress: 79257717684 states checked.
Progress: 79283298619 states checked.
Progress: 79308845672 states checked.
Progress: 79334429612 states checked.
Progress: 79360036599 states checked.
Progress: 79385594837 states checked.
Progress: 79411188556 states checked.
Progress: 79436771879 states checked.
Progress: 79462319698 states checked.
Progress: 79487860512 states checked.
Progress: 79513393967 states checked.
Progress: 79538921714 states checked.
Progress: 79564436634 states checked.
Progress: 79589972745 states checked.
Progress: 79615563466 states checked.
Progress: 79641148941 states checked.
Progress: 79666626955 states checked.
Progress: 79692190326 states checked.
Progress: 79717774744 states checked.
Progress: 79743329314 states checked.
Progress: 79768917979 states checked.
Progress: 79794462961 states checked.
Progress: 79820026895 states checked.
Progress: 79845568700 states checked.
Progress: 79871169719 states checked.
Progress: 79896704592 states checked.
Progress: 79922285451 states checked.
Progress: 79947867315 states checked.
Progress: 79973400115 states checked.
Progress: 79998923678 states checked.
Progress: 80024471059 states checked.
Progress: 80049978199 states checked.
Progress: 80075492437 states checked.
Progress: 80101053202 states checked.
Progress: 80126610657 states checked.
Progress: 80152120349 states checked.
Progress: 80177621017 states checked.
Progress: 80203182232 states checked.
Progress: 80228733008 states checked.
Progress: 80254286132 states checked.
Progress: 80279829235 states checked.
Progress: 80305365046 states checked.
Progress: 80330906438 states checked.
Progress: 80356479586 states checked.
Progress: 80382053679 states checked.
Progress: 80407596449 states checked.
Progress: 80433187013 states checked.
Progress: 80458783628 states checked.
Progress: 80484337838 states checked.
Progress: 80509901712 states checked.
Progress: 80535450387 states checked.
Progress: 80560979600 states checked.
Progress: 80586549467 states checked.
Progress: 80612070845 states checked.
Progress: 80637591766 states checked.
Progress: 80663197484 states checked.
Progress: 80688724722 states checked.
Progress: 80714300514 states checked.
Progress: 80739878935 states checked.
Progress: 80765470371 states checked.
Progress: 80791030926 states checked.
Progress: 80816600813 states checked.
Progress: 80842181827 states checked.
Progress: 80867769588 states checked.
Progress: 80893335510 states checked.
Progress: 80918901752 states checked.
Progress: 80944468968 states checked.
Progress: 80970036039 states checked.
Progress: 80995588827 states checked.
Progress: 81021126241 states checked.
Progress: 81046663168 states checked.
Progress: 81072195755 states checked.
Progress: 81097750797 states checked.
Progress: 81123319445 states checked.
Progress: 81148897355 states checked.
Progress: 81174456131 states checked.
Progress: 81200025425 states checked.
Progress: 81225596093 states checked.
Progress: 81251129703 states checked.
Progress: 81276664427 states checked.
Progress: 81302243816 states checked.
Progress: 81327784713 states checked.
Progress: 81353349621 states checked.
Progress: 81378918449 states checked.
Progress: 81404479290 states checked.
Progress: 81430061428 states checked.
Progress: 81455571897 states checked.
Progress: 81481127578 states checked.
Progress: 81506587640 states checked.
Progress: 81532102528 states checked.
Progress: 81557612342 states checked.
Progress: 81583168677 states checked.
Progress: 81608741601 states checked.
Progress: 81634294040 states checked.
Progress: 81659844941 states checked.
Progress: 81685421569 states checked.
Progress: 81711024450 states checked.
Progress: 81736578078 states checked.
Progress: 81762132975 states checked.
Progress: 81787734229 states checked.
Progress: 81813344026 states checked.
Progress: 81838923275 states checked.
Progress: 81864457125 states checked.
Progress: 81889994993 states checked.
Progress: 81915566019 states checked.
Progress: 81941128047 states checked.
Progress: 81966706222 states checked.
Progress: 81992261061 states checked.
Progress: 82017801048 states checked.
Progress: 82043316275 states checked.
Progress: 82068870722 states checked.
Progress: 82094435927 states checked.
Progress: 82119969013 states checked.
Progress: 82145537669 states checked.
Progress: 82171099735 states checked.
Progress: 82196657322 states checked.
Progress: 82222236293 states checked.
Progress: 82247809250 states checked.
Progress: 82273399905 states checked.
Progress: 82298965665 states checked.
Progress: 82324533761 states checked.
Progress: 82350152643 states checked.
Progress: 82375727446 states checked.
Progress: 82401332376 states checked.
Progress: 82426914864 states checked.
Progress: 82452477714 states checked.
Progress: 82478037067 states checked.
Progress: 82503619380 states checked.
Progress: 82529205631 states checked.
Progress: 82554771943 states checked.
Progress: 82580324598 states checked.
Progress: 82605878903 states checked.
Progress: 82631476893 states checked.
Progress: 82657053823 states checked.
Progress: 82682644449 states checked.
Progress: 82708209096 states checked.
Progress: 82733795207 states checked.
Progress: 82759408549 states checked.
Progress: 82784991381 states checked.
Progress: 82810606152 states checked.
Progress: 82836179268 states checked.
Progress: 82861777764 states checked.
Progress: 82887339044 states checked.
Progress: 82912906634 states checked.
Progress: 82938463479 states checked.
Progress: 82963951925 states checked.
Progress: 82989499767 states checked.
Progress: 83015047142 states checked.
Progress: 83040642200 states checked.
Progress: 83066213654 states checked.
Progress: 83091749779 states checked.
Progress: 83117299441 states checked.
Progress: 83142863136 states checked.
Progress: 83168419086 states checked.
Progress: 83193972580 states checked.
Progress: 83219498481 states checked.
Progress: 83245076721 states checked.
Progress: 83270600742 states checked.
Progress: 83296109802 states checked.
Progress: 83321672447 states checked.
Progress: 83347189274 states checked.
Progress: 83372735613 states checked.
Progress: 83398314556 states checked.
Progress: 83423860942 states checked.
Progress: 83449381448 states checked.
Progress: 83474938908 states checked.
Progress: 83500505741 states checked.
Progress: 83526069722 states checked.
Progress: 83551616173 states checked.
Progress: 83577177205 states checked.
Progress: 83602743614 states checked.
Progress: 83628268096 states checked.
Progress: 83653807477 states checked.
Progress: 83679355569 states checked.
Progress: 83704880378 states checked.
Progress: 83730402404 states checked.
Progress: 83755939379 states checked.
Progress: 83781478345 states checked.
Progress: 83806983841 states checked.
Progress: 83832515806 states checked.
Progress: 83858089590 states checked.
Progress: 83883612857 states checked.
Progress: 83909173918 states checked.
Progress: 83934699014 states checked.
Progress: 83960215959 states checked.
Progress: 83985758568 states checked.
Progress: 84011281784 states checked.
Progress: 84036826632 states checked.
Progress: 84062402084 states checked.
Progress: 84087928336 states checked.
Progress: 84113455676 states checked.
Progress: 84138986519 states checked.
Progress: 84164571798 states checked.
Progress: 84190123663 states checked.
Progress: 84215673320 states checked.
Progress: 84241216637 states checked.
Progress: 84266761062 states checked.
Progress: 84292320833 states checked.
Progress: 84317882662 states checked.
Progress: 84343461956 states checked.
Progress: 84368987174 states checked.
Progress: 84394561179 states checked.
Progress: 84420110770 states checked.
Progress: 84445693000 states checked.
Progress: 84471258963 states checked.
Progress: 84496828186 states checked.
Progress: 84522397847 states checked.
Progress: 84547984141 states checked.
Progress: 84573554229 states checked.
Progress: 84599081986 states checked.
Progress: 84624626680 states checked.
Progress: 84650206830 states checked.
Progress: 84675772991 states checked.
Progress: 84701355901 states checked.
Progress: 84726904129 states checked.
Progress: 84752483912 states checked.
Progress: 84778054923 states checked.
Progress: 84803653725 states checked.
Progress: 84829251379 states checked.
Progress: 84854855351 states checked.
Progress: 84880508822 states checked.
Progress: 84906113278 states checked.
Progress: 84931763010 states checked.
Progress: 84957398445 states checked.
Progress: 84983038973 states checked.
Progress: 85008665421 states checked.
Progress: 85034257294 states checked.
Progress: 85059884959 states checked.
Progress: 85085493249 states checked.
Progress: 85111119029 states checked.
Progress: 85136773263 states checked.
Progress: 85162427623 states checked.
Progress: 85188095304 states checked.
Progress: 85213770022 states checked.
Progress: 85239358995 states checked.
Progress: 85264981629 states checked.
Progress: 85290649800 states checked.
Progress: 85316265652 states checked.
Progress: 85341868946 states checked.
Progress: 85367493344 states checked.
Progress: 85393067657 states checked.
Progress: 85418695168 states checked.
Progress: 85444351465 states checked.
Progress: 85469987154 states checked.
Progress: 85495633461 states checked.
Progress: 85521273461 states checked.
Progress: 85546914776 states checked.
Progress: 85572572075 states checked.
Progress: 85598222436 states checked.
Progress: 85623821306 states checked.
Progress: 85649463719 states checked.
Progress: 85675100174 states checked.
Progress: 85700763651 states checked.
Progress: 85726395534 states checked.
Progress: 85751969453 states checked.
Progress: 85777598498 states checked.
Progress: 85803211997 states checked.
Progress: 85828843881 states checked.
Progress: 85854485653 states checked.
Progress: 85880108766 states checked.
Progress: 85905739158 states checked.
Progress: 85931319599 states checked.
Progress: 85956894627 states checked.
Progress: 85982496743 states checked.
Progress: 86008081706 states checked.
Progress: 86033651419 states checked.
Progress: 86059270684 states checked.
Progress: 86084907797 states checked.
Progress: 86110526114 states checked.
Progress: 86136120399 states checked.
Progress: 86161707069 states checked.
Progress: 86187229946 states checked.
Progress: 86212795307 states checked.
Progress: 86238366964 states checked.
Progress: 86263954182 states checked.
Progress: 86289567508 states checked.
Progress: 86315207156 states checked.
Progress: 86340823586 states checked.
Progress: 86366433212 states checked.
Progress: 86392061180 states checked.
Progress: 86417685377 states checked.
Progress: 86443274598 states checked.
Progress: 86468883220 states checked.
Progress: 86494506288 states checked.
Progress: 86520125008 states checked.
Progress: 86545749692 states checked.
Progress: 86571394529 states checked.
Progress: 86597036359 states checked.
Progress: 86622675710 states checked.
Progress: 86648278873 states checked.
Progress: 86673885821 states checked.
Progress: 86699476914 states checked.
Progress: 86725073903 states checked.
Progress: 86750668036 states checked.
Progress: 86776224223 states checked.
Progress: 86801813577 states checked.
Progress: 86827384942 states checked.
Progress: 86852934432 states checked.
Progress: 86878450364 states checked.
Progress: 86903976959 states checked.
Progress: 86929544109 states checked.
Progress: 86955071800 states checked.
Progress: 86980612508 states checked.
Progress: 87006171486 states checked.
Progress: 87031715146 states checked.
Progress: 87057256664 states checked.
Progress: 87082806541 states checked.
Progress: 87108391252 states checked.
Progress: 87133935634 states checked.
Progress: 87159486914 states checked.
Progress: 87185035861 states checked.
Progress: 87210581406 states checked.
Progress: 87236158908 states checked.
Progress: 87261714851 states checked.
Progress: 87287259731 states checked.
Progress: 87312826620 states checked.
Progress: 87338414428 states checked.
Progress: 87363997553 states checked.
Progress: 87389589839 states checked.
Progress: 87415175362 states checked.
Progress: 87440735156 states checked.
Progress: 87466284088 states checked.
Progress: 87491852782 states checked.
Progress: 87517394727 states checked.
Progress: 87542941121 states checked.
Progress: 87568529488 states checked.
Progress: 87594109441 states checked.
Progress: 87619687442 states checked.
Progress: 87645257976 states checked.
Progress: 87670755162 states checked.
Progress: 87696261815 states checked.
Progress: 87721816051 states checked.
Progress: 87747379652 states checked.
Progress: 87772937338 states checked.
Progress: 87798497292 states checked.
Progress: 87824043871 states checked.
Progress: 87849559107 states checked.
Progress: 87875073438 states checked.
Progress: 87900601669 states checked.
Progress: 87926126952 states checked.
Progress: 87951635710 states checked.
Progress: 87977185614 states checked.
Progress: 88002737245 states checked.
Progress: 88028290043 states checked.
Progress: 88053835668 states checked.
Progress: 88079357096 states checked.
Progress: 88104896600 states checked.
Progress: 88130485288 states checked.
Progress: 88156061989 states checked.
Progress: 88181642608 states checked.
Progress: 88207205115 states checked.
Progress: 88232763112 states checked.
Progress: 88258327976 states checked.
Progress: 88283887328 states checked.
Progress: 88309427888 states checked.
Progress: 88334960420 states checked.
Progress: 88360482020 states checked.
Progress: 88386035589 states checked.
Progress: 88411616840 states checked.
Progress: 88437242344 states checked.
Progress: 88462861450 states checked.
Progress: 88488447400 states checked.
Progress: 88513993792 states checked.
Progress: 88539605274 states checked.
Progress: 88565182534 states checked.
Progress: 88590734835 states checked.
Progress: 88616266252 states checked.
Progress: 88641802976 states checked.
Progress: 88667360462 states checked.
Progress: 88692933131 states checked.
Progress: 88718525267 states checked.
Progress: 88744091215 states checked.
Progress: 88769662944 states checked.
Progress: 88795264299 states checked.
Progress: 88820830816 states checked.
Progress: 88846381794 states checked.
Progress: 88871916273 states checked.
Progress: 88897475202 states checked.
Progress: 88922998896 states checked.
Progress: 88948497830 states checked.
Progress: 88973998927 states checked.
Progress: 88999545395 states checked.
Progress: 89025091545 states checked.
Progress: 89050664107 states checked.
Progress: 89076234842 states checked.
Progress: 89101762268 states checked.
Progress: 89127302652 states checked.
Progress: 89152870850 states checked.
Progress: 89178462634 states checked.
Progress: 89204024706 states checked.
Progress: 89229582140 states checked.
Progress: 89255132973 states checked.
Progress: 89280673178 states checked.
Progress: 89306251484 states checked.
Progress: 89331824161 states checked.
Progress: 89357374344 states checked.
Progress: 89382949007 states checked.
Progress: 89408511581 states checked.
Progress: 89434046622 states checked.
Progress: 89459586222 states checked.
Progress: 89485082785 states checked.
Progress: 89510603910 states checked.
Progress: 89536156947 states checked.
Progress: 89561695987 states checked.
Progress: 89587253097 states checked.
Progress: 89612820369 states checked.
Progress: 89638352837 states checked.
Progress: 89663872803 states checked.
Progress: 89689404955 states checked.
Progress: 89714945508 states checked.
Progress: 89740508719 states checked.
Progress: 89766067427 states checked.
Progress: 89791598028 states checked.
Progress: 89817147312 states checked.
Progress: 89842705109 states checked.
Progress: 89868296905 states checked.
Progress: 89893789856 states checked.
Progress: 89919321967 states checked.
Progress: 89944856377 states checked.
Progress: 89970364649 states checked.
Progress: 89995904313 states checked.
Progress: 90021466828 states checked.
Progress: 90047010142 states checked.
Progress: 90072563907 states checked.
Progress: 90098085222 states checked.
Progress: 90123568366 states checked.
Progress: 90149040851 states checked.
Progress: 90174579282 states checked.
Progress: 90200140721 states checked.
Progress: 90225715697 states checked.
Progress: 90251236119 states checked.
Progress: 90276760807 states checked.
Progress: 90302302850 states checked.
Progress: 90327828777 states checked.
Progress: 90353334555 states checked.
Progress: 90378850792 states checked.
Progress: 90404388518 states checked.
Progress: 90429963762 states checked.
Progress: 90455528740 states checked.
Progress: 90481096429 states checked.
Progress: 90506628445 states checked.
Progress: 90532182767 states checked.
Progress: 90557756809 states checked.
Progress: 90583319920 states checked.
Progress: 90608903999 states checked.
Progress: 90634473760 states checked.
Progress: 90660059538 states checked.
Progress: 90685641200 states checked.
Progress: 90711222732 states checked.
Progress: 90736793942 states checked.
Progress: 90762352740 states checked.
Progress: 90787917629 states checked.
Progress: 90813442708 states checked.
Progress: 90838999621 states checked.
Progress: 90864546848 states checked.
Progress: 90890106548 states checked.
Progress: 90915637016 states checked.
Progress: 90941133009 states checked.
Progress: 90966643644 states checked.
Progress: 90992196929 states checked.
Progress: 91017775915 states checked.
Progress: 91043320421 states checked.
Progress: 91068882219 states checked.
Progress: 91094432436 states checked.
Progress: 91119962492 states checked.
Progress: 91145503018 states checked.
Progress: 91171081703 states checked.
Progress: 91196677737 states checked.
Progress: 91222232552 states checked.
Progress: 91247832247 states checked.
Progress: 91273398754 states checked.
Progress: 91298955763 states checked.
Progress: 91324525095 states checked.
Progress: 91350137924 states checked.
Progress: 91375688203 states checked.
Progress: 91401247706 states checked.
Progress: 91426801064 states checked.
Progress: 91452349423 states checked.
Progress: 91477874264 states checked.
Progress: 91503389516 states checked.
Progress: 91528966027 states checked.
Progress: 91554514001 states checked.
Progress: 91580050207 states checked.
Progress: 91605611389 states checked.
Progress: 91631183186 states checked.
Progress: 91656725208 states checked.
Progress: 91682272548 states checked.
Progress: 91707827484 states checked.
Progress: 91733387784 states checked.
Progress: 91758944032 states checked.
Progress: 91784502849 states checked.
Progress: 91810041458 states checked.
Progress: 91835597770 states checked.
Progress: 91861140274 states checked.
Progress: 91886686854 states checked.
Progress: 91912240245 states checked.
Progress: 91937789037 states checked.
Progress: 91963346904 states checked.
Progress: 91988909707 states checked.
Progress: 92014441974 states checked.
Progress: 92040012698 states checked.
Progress: 92065584225 states checked.
Progress: 92091146749 states checked.
Progress: 92116700314 states checked.
Progress: 92142262024 states checked.
Progress: 92167812311 states checked.
Progress: 92193394675 states checked.
Progress: 92218986124 states checked.
Progress: 92244556321 states checked.
Progress: 92270083210 states checked.
Progress: 92295584918 states checked.
Progress: 92321106479 states checked.
Progress: 92346612904 states checked.
Progress: 92372198813 states checked.
Progress: 92397746563 states checked.
Progress: 92423321743 states checked.
Progress: 92448850754 states checked.
Progress: 92474392018 states checked.
Progress: 92499946054 states checked.
Progress: 92525487898 states checked.
Progress: 92551029534 states checked.
Progress: 92576583805 states checked.
Progress: 92602149977 states checked.
Progress: 92627708478 states checked.
Progress: 92653256840 states checked.
Progress: 92678808577 states checked.
Progress: 92704384572 states checked.
Progress: 92729926691 states checked.
Progress: 92755425767 states checked.
Progress: 92780916256 states checked.
Progress: 92806475644 states checked.
Progress: 92832029524 states checked.
Progress: 92857510043 states checked.
Progress: 92883040678 states checked.
Progress: 92908587354 states checked.
Progress: 92934108005 states checked.
Progress: 92959641795 states checked.
Progress: 92985147709 states checked.
Progress: 93010706124 states checked.
Progress: 93036266764 states checked.
Progress: 93061823860 states checked.
Progress: 93087374304 states checked.
Progress: 93112931337 states checked.
Progress: 93138490021 states checked.
Progress: 93164037428 states checked.
Progress: 93189572157 states checked.
Progress: 93215100053 states checked.
Progress: 93240642213 states checked.
Progress: 93266182411 states checked.
Progress: 93291742521 states checked.
Progress: 93317286861 states checked.
Progress: 93342852776 states checked.
Progress: 93368414073 states checked.
Progress: 93393960008 states checked.
Progress: 93419526517 states checked.
Progress: 93445105784 states checked.
Progress: 93470662389 states checked.
Progress: 93496220416 states checked.
Progress: 93521784254 states checked.
Progress: 93547359000 states checked.
Progress: 93572930048 states checked.
Progress: 93598518945 states checked.
Progress: 93624081613 states checked.
Progress: 93649639176 states checked.
Progress: 93675218764 states checked.
Progress: 93700755061 states checked.
Progress: 93726300801 states checked.
Progress: 93751869374 states checked.
Progress: 93777455183 states checked.
Progress: 93802995370 states checked.
Progress: 93828554643 states checked.
Progress: 93854094308 states checked.
Progress: 93879628526 states checked.
Progress: 93905184288 states checked.
Progress: 93930707559 states checked.
Progress: 93956224276 states checked.
Progress: 93981748641 states checked.
Progress: 94007334954 states checked.
Progress: 94032894311 states checked.
Progress: 94058428106 states checked.
Progress: 94083951346 states checked.
Progress: 94109488311 states checked.
Progress: 94134985259 states checked.
Progress: 94160530773 states checked.
Progress: 94186058359 states checked.
Progress: 94211609071 states checked.
Progress: 94237142838 states checked.
Progress: 94262692538 states checked.
Progress: 94288242939 states checked.
Progress: 94313786836 states checked.
Progress: 94339351007 states checked.
Progress: 94364896375 states checked.
Progress: 94390435867 states checked.
Progress: 94415980110 states checked.
Progress: 94441477537 states checked.
Progress: 94466970942 states checked.
Progress: 94492528316 states checked.
Progress: 94518068047 states checked.
Progress: 94543631150 states checked.
Progress: 94569167526 states checked.
Progress: 94594716391 states checked.
Progress: 94620277219 states checked.
Progress: 94645836231 states checked.
Progress: 94671392380 states checked.
Progress: 94696928255 states checked.
Progress: 94722471061 states checked.
Progress: 94747966702 states checked.
Progress: 94773532070 states checked.
Progress: 94799115168 states checked.
Progress: 94824674657 states checked.
Progress: 94850270378 states checked.
Progress: 94875858460 states checked.
Progress: 94901425857 states checked.
Progress: 94927022424 states checked.
Progress: 94952579757 states checked.
Progress: 94978164249 states checked.
Progress: 95003714367 states checked.
Progress: 95029291757 states checked.
Progress: 95054818230 states checked.
Progress: 95080380869 states checked.
Progress: 95105918306 states checked.
Progress: 95131507499 states checked.
Progress: 95157098278 states checked.
Progress: 95182654671 states checked.
Progress: 95208226850 states checked.
Progress: 95233794202 states checked.
Progress: 95259368357 states checked.
Progress: 95284948146 states checked.
Progress: 95310510752 states checked.
Progress: 95336057786 states checked.
Progress: 95361622118 states checked.
Progress: 95387155331 states checked.
Progress: 95412688213 states checked.
Progress: 95438270048 states checked.
Progress: 95463829891 states checked.
Progress: 95489398474 states checked.
Progress: 95514962130 states checked.
Progress: 95540508615 states checked.
Progress: 95566033248 states checked.
Progress: 95591601062 states checked.
Progress: 95617121099 states checked.
Progress: 95642660386 states checked.
Progress: 95668170966 states checked.
Progress: 95693684950 states checked.
Progress: 95719221537 states checked.
Progress: 95744715270 states checked.
Progress: 95770226316 states checked.
Progress: 95795754280 states checked.
Progress: 95821275277 states checked.
Progress: 95846819853 states checked.
Progress: 95872382821 states checked.
Progress: 95897954391 states checked.
Progress: 95923495329 states checked.
Progress: 95949099092 states checked.
Progress: 95974698229 states checked.
Progress: 96000252113 states checked.
Progress: 96025815239 states checked.
Progress: 96051334947 states checked.
Progress: 96076867761 states checked.
Progress: 96102415550 states checked.
Progress: 96127977812 states checked.
Progress: 96153543426 states checked.
Progress: 96179089567 states checked.
Progress: 96204606368 states checked.
Progress: 96230107105 states checked.
Progress: 96255642261 states checked.
Progress: 96281219206 states checked.
Progress: 96306785110 states checked.
Progress: 96332328383 states checked.
Progress: 96357863281 states checked.
Progress: 96383396351 states checked.
Progress: 96408909941 states checked.
Progress: 96434421930 states checked.
Progress: 96459950758 states checked.
Progress: 96485535801 states checked.
Progress: 96511100190 states checked.
Progress: 96536659567 states checked.
Progress: 96562235395 states checked.
Progress: 96587802832 states checked.
Progress: 96613407205 states checked.
Progress: 96638985353 states checked.
Progress: 96664535936 states checked.
Progress: 96690109886 states checked.
Progress: 96715673363 states checked.
Progress: 96741213846 states checked.
Progress: 96766774477 states checked.
Progress: 96792336282 states checked.
Progress: 96817878708 states checked.
Progress: 96843444412 states checked.
Progress: 96869012120 states checked.
Progress: 96894571967 states checked.
Progress: 96920141927 states checked.
Progress: 96945687277 states checked.
Progress: 96971262585 states checked.
Progress: 96996807830 states checked.
Progress: 97022344676 states checked.
Progress: 97047882066 states checked.
Progress: 97073423854 states checked.
Progress: 97098977779 states checked.
Progress: 97124554626 states checked.
Progress: 97150130773 states checked.
Progress: 97175648657 states checked.
Progress: 97201187888 states checked.
Progress: 97226743396 states checked.
Progress: 97252272172 states checked.
Progress: 97277824470 states checked.
Progress: 97303369199 states checked.
Progress: 97328919891 states checked.
Progress: 97354458844 states checked.
Progress: 97379988201 states checked.
Progress: 97405538845 states checked.
Progress: 97431114063 states checked.
Progress: 97456649255 states checked.
Progress: 97482213286 states checked.
Progress: 97507769356 states checked.
Progress: 97533363190 states checked.
Progress: 97558963768 states checked.
Progress: 97584523085 states checked.
Progress: 97610108187 states checked.
Progress: 97635674050 states checked.
Progress: 97661246176 states checked.
Progress: 97686827497 states checked.
Progress: 97712366659 states checked.
Progress: 97737907019 states checked.
Progress: 97763464898 states checked.
Progress: 97789033721 states checked.
Progress: 97814606666 states checked.
Progress: 97840166479 states checked.
Progress: 97865680285 states checked.
Progress: 97891216882 states checked.
Progress: 97916782586 states checked.
Progress: 97942370604 states checked.
Progress: 97967948314 states checked.
Progress: 97993540059 states checked.
Progress: 98019156277 states checked.
Progress: 98044799189 states checked.
Progress: 98070383526 states checked.
Progress: 98095969172 states checked.
Progress: 98121531879 states checked.
Progress: 98147080944 states checked.
Progress: 98172637700 states checked.
Progress: 98198181214 states checked.
Progress: 98223759553 states checked.
Progress: 98249326876 states checked.
Progress: 98274899114 states checked.
Progress: 98300479340 states checked.
Progress: 98326071233 states checked.
Progress: 98351624393 states checked.
Progress: 98377185002 states checked.
Progress: 98402776075 states checked.
Progress: 98428336930 states checked.
Progress: 98453910333 states checked.
Progress: 98479497804 states checked.
Progress: 98505046449 states checked.
Progress: 98530631173 states checked.
Progress: 98556184139 states checked.
Progress: 98581744332 states checked.
Progress: 98607295271 states checked.
Progress: 98632863608 states checked.
Progress: 98658397384 states checked.
Progress: 98683931185 states checked.
Progress: 98709509106 states checked.
Progress: 98735056711 states checked.
Progress: 98760651471 states checked.
Progress: 98786177586 states checked.
Progress: 98811654061 states checked.
Progress: 98837219529 states checked.
Progress: 98862766330 states checked.
Progress: 98888312299 states checked.
Progress: 98913842590 states checked.
Progress: 98939394053 states checked.
Progress: 98964973685 states checked.
Progress: 98990586547 states checked.
Progress: 99016168486 states checked.
Progress: 99041726042 states checked.
Progress: 99067226323 states checked.
Progress: 99092748861 states checked.
Progress: 99118308676 states checked.
Progress: 99143849654 states checked.
Progress: 99169374340 states checked.
Progress: 99194879484 states checked.
Progress: 99220387507 states checked.
Progress: 99245945268 states checked.
Progress: 99271501310 states checked.
Progress: 99297070432 states checked.
Progress: 99322630856 states checked.
Progress: 99348130583 states checked.
Progress: 99373670799 states checked.
Progress: 99399249834 states checked.
Progress: 99424771512 states checked.
Progress: 99450262971 states checked.
Progress: 99475757585 states checked.
Progress: 99501290875 states checked.
Progress: 99526858122 states checked.
Progress: 99552412034 states checked.
Progress: 99578009593 states checked.
Progress: 99603579398 states checked.
Progress: 99629143372 states checked.
Progress: 99654738852 states checked.
Progress: 99680295333 states checked.
Progress: 99705824034 states checked.
Progress: 99731376116 states checked.
Progress: 99756913302 states checked.
Progress: 99782394267 states checked.
Progress: 99807928241 states checked.
Progress: 99833443081 states checked.
Progress: 99858972393 states checked.
Progress: 99884538410 states checked.
Progress: 99910029295 states checked.
Progress: 99935540984 states checked.
Progress: 99961072196 states checked.
Progress: 99986635973 states checked.
Progress: 100012133837 states checked.
Progress: 100037654619 states checked.
Progress: 100063190000 states checked.
Progress: 100088736050 states checked.
Progress: 100114308976 states checked.
Progress: 100139823729 states checked.
Progress: 100165336260 states checked.
Progress: 100190838382 states checked.
Progress: 100216363311 states checked.
Progress: 100241878287 states checked.
Progress: 100267373690 states checked.
Progress: 100292872781 states checked.
Progress: 100318363388 states checked.
Progress: 100343867683 states checked.
Progress: 100369444457 states checked.
Progress: 100395003183 states checked.
Progress: 100420530419 states checked.
Progress: 100446029159 states checked.
Progress: 100471567933 states checked.
Progress: 100497073010 states checked.
Progress: 100522599013 states checked.
Progress: 100548089388 states checked.
Progress: 100573604275 states checked.
Progress: 100599138698 states checked.
Progress: 100624640788 states checked.
Progress: 100650191822 states checked.
Progress: 100675723479 states checked.
Progress: 100701231196 states checked.
Progress: 100726744385 states checked.
Progress: 100752280482 states checked.
Progress: 100777817706 states checked.
Progress: 100803305450 states checked.
Progress: 100828836930 states checked.
Progress: 100854375165 states checked.
Progress: 100879913114 states checked.
Progress: 100905472080 states checked.
Progress: 100931038556 states checked.
Progress: 100956608663 states checked.
Progress: 100982174678 states checked.
Progress: 101007724871 states checked.
Progress: 101033234348 states checked.
Progress: 101058768624 states checked.
Progress: 101084266889 states checked.
Progress: 101109836539 states checked.
Progress: 101135458904 states checked.
Progress: 101161025731 states checked.
Progress: 101186557008 states checked.
Progress: 101212084367 states checked.
Progress: 101237618517 states checked.
Progress: 101263155541 states checked.
Progress: 101288699472 states checked.
Progress: 101314256926 states checked.
Progress: 101339833789 states checked.
Progress: 101365381692 states checked.
Progress: 101390937741 states checked.
Progress: 101416508572 states checked.
Progress: 101442082282 states checked.
Progress: 101467619280 states checked.
Progress: 101493158224 states checked.
Progress: 101518738461 states checked.
Progress: 101544291166 states checked.
Progress: 101569903047 states checked.
Progress: 101595510808 states checked.
Progress: 101621128050 states checked.
Progress: 101646703696 states checked.
Progress: 101672284869 states checked.
Progress: 101697848794 states checked.
Progress: 101723405759 states checked.
Progress: 101748966913 states checked.
Progress: 101774509684 states checked.
Progress: 101800092724 states checked.
Progress: 101825634374 states checked.
Progress: 101851219199 states checked.
Progress: 101876775785 states checked.
Progress: 101902348467 states checked.
Progress: 101927949206 states checked.
Progress: 101953486086 states checked.
Progress: 101979024136 states checked.
Progress: 102004560828 states checked.
Progress: 102030129060 states checked.
Progress: 102055713189 states checked.
Progress: 102081267116 states checked.
Progress: 102106843869 states checked.
Progress: 102132379903 states checked.
Progress: 102157906595 states checked.
Progress: 102183441340 states checked.
Progress: 102209015597 states checked.
Progress: 102234572316 states checked.
Progress: 102260140779 states checked.
Progress: 102285724715 states checked.
Progress: 102311312583 states checked.
Progress: 102336885985 states checked.
Progress: 102362436170 states checked.
Progress: 102388011516 states checked.
Progress: 102413565636 states checked.
Progress: 102439107596 states checked.
Progress: 102464670200 states checked.
Progress: 102490213153 states checked.
Progress: 102515782252 states checked.
Progress: 102541339446 states checked.
Progress: 102566916339 states checked.
Progress: 102592469316 states checked.
Progress: 102618005632 states checked.
Progress: 102643552385 states checked.
Progress: 102669077326 states checked.
Progress: 102694590253 states checked.
Progress: 102720114109 states checked.
Progress: 102745681930 states checked.
Progress: 102771219256 states checked.
Progress: 102796773819 states checked.
Progress: 102822328119 states checked.
Progress: 102847877145 states checked.
Progress: 102873399135 states checked.
Progress: 102898948387 states checked.
Progress: 102924530958 states checked.
Progress: 102950117969 states checked.
Progress: 102975662948 states checked.
Progress: 103001208783 states checked.
Progress: 103026771930 states checked.
Progress: 103052316759 states checked.
Progress: 103077893503 states checked.
Progress: 103103464612 states checked.
Progress: 103129030942 states checked.
Progress: 103154598198 states checked.
Progress: 103180150077 states checked.
Progress: 103205709133 states checked.
Progress: 103231247987 states checked.
Progress: 103256768488 states checked.
Progress: 103282311880 states checked.
Progress: 103307876575 states checked.
Progress: 103333403391 states checked.
Progress: 103358950420 states checked.
Progress: 103384493229 states checked.
Progress: 103410099088 states checked.
Progress: 103435705371 states checked.
Progress: 103461310493 states checked.
Progress: 103486896568 states checked.
Progress: 103512457356 states checked.
Progress: 103538034993 states checked.
Progress: 103563596584 states checked.
Progress: 103589157397 states checked.
Progress: 103614712068 states checked.
Progress: 103640286849 states checked.
Progress: 103665861696 states checked.
Progress: 103691424814 states checked.
Progress: 103717016142 states checked.
Progress: 103742574056 states checked.
Progress: 103768113645 states checked.
Progress: 103793689441 states checked.
Progress: 103819235101 states checked.
Progress: 103844790170 states checked.
Progress: 103870336497 states checked.
Progress: 103895890804 states checked.
Progress: 103921409714 states checked.
Progress: 103946948265 states checked.
Progress: 103972480706 states checked.
Progress: 103998004620 states checked.
Progress: 104023532347 states checked.
Progress: 104049050390 states checked.
Progress: 104074552574 states checked.
Progress: 104100067444 states checked.
Progress: 104125543094 states checked.
Progress: 104151066858 states checked.
Progress: 104176602064 states checked.
Progress: 104202145851 states checked.
Progress: 104227667882 states checked.
Progress: 104253171894 states checked.
Progress: 104278705122 states checked.
Progress: 104304237212 states checked.
Progress: 104329784510 states checked.
Progress: 104355315811 states checked.
Progress: 104380830477 states checked.
Progress: 104406323637 states checked.
Progress: 104431865190 states checked.
Progress: 104457371631 states checked.
Progress: 104482850675 states checked.
Progress: 104508345791 states checked.
Progress: 104533832325 states checked.
Progress: 104559331617 states checked.
Progress: 104584812292 states checked.
Progress: 104610338350 states checked.
Progress: 104635866579 states checked.
Progress: 104661388526 states checked.
Progress: 104686855476 states checked.
Progress: 104712370860 states checked.
Progress: 104737890386 states checked.
Progress: 104763423937 states checked.
Progress: 104788993169 states checked.
Progress: 104814555966 states checked.
Progress: 104840076750 states checked.
Progress: 104865611184 states checked.
Progress: 104891140674 states checked.
Progress: 104916645838 states checked.
Progress: 104942214304 states checked.
Progress: 104967775003 states checked.
Progress: 104993303351 states checked.
Progress: 105018799811 states checked.
Progress: 105044327737 states checked.
Progress: 105069866046 states checked.
Progress: 105095390659 states checked.
Progress: 105120898042 states checked.
Progress: 105146408865 states checked.
Progress: 105171939692 states checked.
Progress: 105197487627 states checked.
Progress: 105223033298 states checked.
Progress: 105248555985 states checked.
Progress: 105274051566 states checked.
Progress: 105299590680 states checked.
Progress: 105325139272 states checked.
Progress: 105350650669 states checked.
Progress: 105376180773 states checked.
Progress: 105401710118 states checked.
Progress: 105427255684 states checked.
Progress: 105452789059 states checked.
Progress: 105478286038 states checked.
Progress: 105503749700 states checked.
Progress: 105529248192 states checked.
Progress: 105554779490 states checked.
Progress: 105580297611 states checked.
Progress: 105605813060 states checked.
Progress: 105631340617 states checked.
Progress: 105656863643 states checked.
Progress: 105682381913 states checked.
Progress: 105707888732 states checked.
Progress: 105733398890 states checked.
Progress: 105758921784 states checked.
Progress: 105784413057 states checked.
Progress: 105809945395 states checked.
Progress: 105835469211 states checked.
Progress: 105861005559 states checked.
Progress: 105886544163 states checked.
Progress: 105912104659 states checked.
Progress: 105937637000 states checked.
Progress: 105963124277 states checked.
Progress: 105988645047 states checked.
Progress: 106014158731 states checked.
Progress: 106039695313 states checked.
Progress: 106065244287 states checked.
Progress: 106090726339 states checked.
Progress: 106116273294 states checked.
Progress: 106141803958 states checked.
Progress: 106167385023 states checked.
Progress: 106192897158 states checked.
Progress: 106218412653 states checked.
Progress: 106243942880 states checked.
Progress: 106269449187 states checked.
Progress: 106294984545 states checked.
Progress: 106320483531 states checked.
Progress: 106346012220 states checked.
Progress: 106371549522 states checked.
Progress: 106397097160 states checked.
Progress: 106422625041 states checked.
Progress: 106448137840 states checked.
Progress: 106473649639 states checked.
Progress: 106499180419 states checked.
Progress: 106524674371 states checked.
Progress: 106550186260 states checked.
Progress: 106575745633 states checked.
Progress: 106601311650 states checked.
Progress: 106626910136 states checked.
Progress: 106652471332 states checked.
Progress: 106678039233 states checked.
Progress: 106703602348 states checked.
Progress: 106729176922 states checked.
Progress: 106754693787 states checked.
Progress: 106780240045 states checked.
Progress: 106805760287 states checked.
Progress: 106831307249 states checked.
Progress: 106856850690 states checked.
Progress: 106882365578 states checked.
Progress: 106907907830 states checked.
Progress: 106933483152 states checked.
Progress: 106959040913 states checked.
Progress: 106984557084 states checked.
Progress: 107010100103 states checked.
Progress: 107035607454 states checked.
Progress: 107061134833 states checked.
Progress: 107086687362 states checked.
Progress: 107112230008 states checked.
Progress: 107137767520 states checked.
Progress: 107163276144 states checked.
Progress: 107188854892 states checked.
Progress: 107214397621 states checked.
Progress: 107239957917 states checked.
Progress: 107265543515 states checked.
Progress: 107291143269 states checked.
Progress: 107316721132 states checked.
Progress: 107342286032 states checked.
Progress: 107367832228 states checked.
Progress: 107393390546 states checked.
Progress: 107418922469 states checked.
Progress: 107444489537 states checked.
Progress: 107470023926 states checked.
Progress: 107495565484 states checked.
Progress: 107521128892 states checked.
Progress: 107546667085 states checked.
Progress: 107572204797 states checked.
Progress: 107597759915 states checked.
Progress: 107623306742 states checked.
Progress: 107648846115 states checked.
Progress: 107674388809 states checked.
Progress: 107699947356 states checked.
Progress: 107725509878 states checked.
Progress: 107751100683 states checked.
Progress: 107776703496 states checked.
Progress: 107802276977 states checked.
Progress: 107827781269 states checked.
Progress: 107853306528 states checked.
Progress: 107878855211 states checked.
Progress: 107904400610 states checked.
Progress: 107929943129 states checked.
Progress: 107955496371 states checked.
Progress: 107981034057 states checked.
Progress: 108006559540 states checked.
Progress: 108032104943 states checked.
Progress: 108057605903 states checked.
Progress: 108083128341 states checked.
Progress: 108108671082 states checked.
Progress: 108134184421 states checked.
Progress: 108159714682 states checked.
Progress: 108185276107 states checked.
Progress: 108210836953 states checked.
Progress: 108236368137 states checked.
Progress: 108261931937 states checked.
Progress: 108287456920 states checked.
Progress: 108313006676 states checked.
Progress: 108338535652 states checked.
Progress: 108364083144 states checked.
Progress: 108389615357 states checked.
Progress: 108415164410 states checked.
Progress: 108440690922 states checked.
Progress: 108466241310 states checked.
Progress: 108491775303 states checked.
Progress: 108517326091 states checked.
Progress: 108542837851 states checked.
Progress: 108568366468 states checked.
Progress: 108593910856 states checked.
Progress: 108619462646 states checked.
Progress: 108645043106 states checked.
Progress: 108670587114 states checked.
Progress: 108696145153 states checked.
Progress: 108721683834 states checked.
Progress: 108747215975 states checked.
Progress: 108772761706 states checked.
Progress: 108798312483 states checked.
Progress: 108823900879 states checked.
Progress: 108849496765 states checked.
Progress: 108875063884 states checked.
Progress: 108900625865 states checked.
Progress: 108926231777 states checked.
Progress: 108951780115 states checked.
Progress: 108977303482 states checked.
Progress: 109002799657 states checked.
Progress: 109028318480 states checked.
Progress: 109053852269 states checked.
Progress: 109079373864 states checked.
Progress: 109104903129 states checked.
Progress: 109130436166 states checked.
Progress: 109156016287 states checked.
Progress: 109181576565 states checked.
Progress: 109207175478 states checked.
Progress: 109232739010 states checked.
Progress: 109258318914 states checked.
Progress: 109283903634 states checked.
Progress: 109309474872 states checked.
Progress: 109335020767 states checked.
Progress: 109360579398 states checked.
Progress: 109386145406 states checked.
Progress: 109411685436 states checked.
Progress: 109437266707 states checked.
Progress: 109462798590 states checked.
Progress: 109488349538 states checked.
Progress: 109513885631 states checked.
Progress: 109539446423 states checked.
Progress: 109564990625 states checked.
Progress: 109590581886 states checked.
Progress: 109616151651 states checked.
Progress: 109641696455 states checked.
Progress: 109667230478 states checked.
Progress: 109692783587 states checked.
Progress: 109718397253 states checked.
Progress: 109743999549 states checked.
Progress: 109769569938 states checked.
Progress: 109795120488 states checked.
Progress: 109820700325 states checked.
Progress: 109846292343 states checked.
Progress: 109871877850 states checked.
Progress: 109897447733 states checked.
Progress: 109923026128 states checked.
Progress: 109948614581 states checked.
Progress: 109974191209 states checked.
Progress: 109999720607 states checked.
Progress: 110025271565 states checked.
Progress: 110050772940 states checked.
Progress: 110076263186 states checked.
Progress: 110101794980 states checked.
Progress: 110127356089 states checked.
Progress: 110152901675 states checked.
Progress: 110178439465 states checked.
Progress: 110203982619 states checked.
Progress: 110229481151 states checked.
Progress: 110255024754 states checked.
Progress: 110280606235 states checked.
Progress: 110306184107 states checked.
Progress: 110331776093 states checked.
Progress: 110357332119 states checked.
Progress: 110382869408 states checked.
Progress: 110408420786 states checked.
Progress: 110433999431 states checked.
Progress: 110459500134 states checked.
Progress: 110485008121 states checked.
Progress: 110510559278 states checked.
Progress: 110536124217 states checked.
Progress: 110561647278 states checked.
Progress: 110587195577 states checked.
Progress: 110612794546 states checked.
Progress: 110638387461 states checked.
Progress: 110663984117 states checked.
Progress: 110689578171 states checked.
Progress: 110715124843 states checked.
Progress: 110740682087 states checked.
Progress: 110766257695 states checked.
Progress: 110791821013 states checked.
Progress: 110817401153 states checked.
Progress: 110842984066 states checked.
Progress: 110868552680 states checked.
Progress: 110894090145 states checked.
Progress: 110919694002 states checked.
Progress: 110945229988 states checked.
Progress: 110970780682 states checked.
Progress: 110996352281 states checked.
Progress: 111021897734 states checked.
Progress: 111047438358 states checked.
Progress: 111073025458 states checked.
Progress: 111098582521 states checked.
Progress: 111124168985 states checked.
Progress: 111149700814 states checked.
Progress: 111175254921 states checked.
Progress: 111200830475 states checked.
Progress: 111226372144 states checked.
Progress: 111251941509 states checked.
Progress: 111277503709 states checked.
Progress: 111303067553 states checked.
Progress: 111328636598 states checked.
Progress: 111354156861 states checked.
Progress: 111379684360 states checked.
Progress: 111405220698 states checked.
Progress: 111430775333 states checked.
Progress: 111456331658 states checked.
Progress: 111481926032 states checked.
Progress: 111507496436 states checked.
Progress: 111533062875 states checked.
Progress: 111558617433 states checked.
Progress: 111584193206 states checked.
Progress: 111609753061 states checked.
Progress: 111635329563 states checked.
Progress: 111660882402 states checked.
Progress: 111686460885 states checked.
Progress: 111711996596 states checked.
Progress: 111737543200 states checked.
Progress: 111763063630 states checked.
Progress: 111788588927 states checked.
Progress: 111814131026 states checked.
Progress: 111839713369 states checked.
Progress: 111865315624 states checked.
Progress: 111890913981 states checked.
Progress: 111916488227 states checked.
Progress: 111942051123 states checked.
Progress: 111967634203 states checked.
Progress: 111993181874 states checked.
Progress: 112018780506 states checked.
Progress: 112044314574 states checked.
Progress: 112069888016 states checked.
Progress: 112095513643 states checked.
Progress: 112121131076 states checked.
Progress: 112146718617 states checked.
Progress: 112172279899 states checked.
Progress: 112197838019 states checked.
Progress: 112223386605 states checked.
Progress: 112248939294 states checked.
Progress: 112274524413 states checked.
Progress: 112300100166 states checked.
Progress: 112325675863 states checked.
Progress: 112351264311 states checked.
Progress: 112376846575 states checked.
Progress: 112402426097 states checked.
Progress: 112427995921 states checked.
Progress: 112453581675 states checked.
Progress: 112479148121 states checked.
Progress: 112504700534 states checked.
Progress: 112530332975 states checked.
Progress: 112555884460 states checked.
Progress: 112581429864 states checked.
Progress: 112607025786 states checked.
Progress: 112632538251 states checked.
Progress: 112658110416 states checked.
Progress: 112683675056 states checked.
Progress: 112709205350 states checked.
Progress: 112734785041 states checked.
Progress: 112760341182 states checked.
Progress: 112785865660 states checked.
Progress: 112811410666 states checked.
Progress: 112837013563 states checked.
Progress: 112862569929 states checked.
Progress: 112888141088 states checked.
Progress: 112913704305 states checked.
Progress: 112939275907 states checked.
Progress: 112964833496 states checked.
Progress: 112990375451 states checked.
Progress: 113015931865 states checked.
Progress: 113041496253 states checked.
Progress: 113067031538 states checked.
Progress: 113092584228 states checked.
Progress: 113118154968 states checked.
Progress: 113143712308 states checked.
Progress: 113169286475 states checked.
Progress: 113194875877 states checked.
Progress: 113220464917 states checked.
Progress: 113246031471 states checked.
Progress: 113271625801 states checked.
Progress: 113297245463 states checked.
Progress: 113322832976 states checked.
Progress: 113348425775 states checked.
Progress: 113373983800 states checked.
Progress: 113399580991 states checked.
Progress: 113425190703 states checked.
Progress: 113450779691 states checked.
Progress: 113476377437 states checked.
Progress: 113501918426 states checked.
Progress: 113527495918 states checked.
Progress: 113553029598 states checked.
Progress: 113578577400 states checked.
Progress: 113604139868 states checked.
Progress: 113629682824 states checked.
Progress: 113655219695 states checked.
Progress: 113680797989 states checked.
Progress: 113706310997 states checked.
Progress: 113731828561 states checked.
Progress: 113757417752 states checked.
Progress: 113782978108 states checked.
Progress: 113808519268 states checked.
Progress: 113834088174 states checked.
Progress: 113859673151 states checked.
Progress: 113885219883 states checked.
Progress: 113910785995 states checked.
Progress: 113936360208 states checked.
Progress: 113961932053 states checked.
Progress: 113987499711 states checked.
Progress: 114013053712 states checked.
Progress: 114038598112 states checked.
Progress: 114064183080 states checked.
Progress: 114089759994 states checked.
Progress: 114115351358 states checked.
Progress: 114140913058 states checked.
Progress: 114166420780 states checked.
Progress: 114191967184 states checked.
Progress: 114217539437 states checked.
Progress: 114243171888 states checked.
Progress: 114268799702 states checked.
Progress: 114294417076 states checked.
Progress: 114320008116 states checked.
Progress: 114345569752 states checked.
Progress: 114371133897 states checked.
Progress: 114396675029 states checked.
Progress: 114422205271 states checked.
Progress: 114447784157 states checked.
Progress: 114473365885 states checked.
Progress: 114498969188 states checked.
Progress: 114524566660 states checked.
Progress: 114550178958 states checked.
Progress: 114575772241 states checked.
Progress: 114601353500 states checked.
Progress: 114626901912 states checked.
Progress: 114652471119 states checked.
Progress: 114678082135 states checked.
Progress: 114703691090 states checked.
Progress: 114729292206 states checked.
Progress: 114754893694 states checked.
Progress: 114780498569 states checked.
Progress: 114806120546 states checked.
Progress: 114831721752 states checked.
Progress: 114857296274 states checked.
Progress: 114882853810 states checked.
Progress: 114908416463 states checked.
Progress: 114933987655 states checked.
Progress: 114959557429 states checked.
Progress: 114985149368 states checked.
Progress: 115010693739 states checked.
Progress: 115036250287 states checked.
Progress: 115061821621 states checked.
Progress: 115087389445 states checked.
Progress: 115112972735 states checked.
Progress: 115138524034 states checked.
Progress: 115164084456 states checked.
Progress: 115189676275 states checked.
Progress: 115215252020 states checked.
Progress: 115240835724 states checked.
Progress: 115266402709 states checked.
Progress: 115291982273 states checked.
Progress: 115317557947 states checked.
Progress: 115343095225 states checked.
Progress: 115368710159 states checked.
Progress: 115394294294 states checked.
Progress: 115419878621 states checked.
Progress: 115445455808 states checked.
Progress: 115470997478 states checked.
Progress: 115496538043 states checked.
Progress: 115522095915 states checked.
Progress: 115547662352 states checked.
Progress: 115573236574 states checked.
Progress: 115598809852 states checked.
Progress: 115624373612 states checked.
Progress: 115649950894 states checked.
Progress: 115675516442 states checked.
Progress: 115701088738 states checked.
Progress: 115726676868 states checked.
Progress: 115752215004 states checked.
Progress: 115777757416 states checked.
Progress: 115803287713 states checked.
Progress: 115828828217 states checked.
Progress: 115854373661 states checked.
Progress: 115879940163 states checked.
Progress: 115905495826 states checked.
Progress: 115931075595 states checked.
Progress: 115956649625 states checked.
Progress: 115982220280 states checked.
Progress: 116007796602 states checked.
Progress: 116033331037 states checked.
Progress: 116058915343 states checked.
Progress: 116084475784 states checked.
Progress: 116110037120 states checked.
Progress: 116135617091 states checked.
Progress: 116161143802 states checked.
Progress: 116186700939 states checked.
Progress: 116212287825 states checked.
Progress: 116237912223 states checked.
Progress: 116263476696 states checked.
Progress: 116289016477 states checked.
Progress: 116314575641 states checked.
Progress: 116340123532 states checked.
Progress: 116365688264 states checked.
Progress: 116391256671 states checked.
Progress: 116416838184 states checked.
Progress: 116442367599 states checked.
Progress: 116467922969 states checked.
Progress: 116493463331 states checked.
Progress: 116519051312 states checked.
Progress: 116544614771 states checked.
Progress: 116570194672 states checked.
Progress: 116595770909 states checked.
Progress: 116621349486 states checked.
Progress: 116646923568 states checked.
Progress: 116672488712 states checked.
Progress: 116698079182 states checked.
Progress: 116723689285 states checked.
Progress: 116749281598 states checked.
Progress: 116774803408 states checked.
Progress: 116800412200 states checked.
Progress: 116826012638 states checked.
Progress: 116851596021 states checked.
Progress: 116877171013 states checked.
Progress: 116902725847 states checked.
Progress: 116928251252 states checked.
Progress: 116953781151 states checked.
Progress: 116979344469 states checked.
Progress: 117004906888 states checked.
Progress: 117030486545 states checked.
Progress: 117056051821 states checked.
Progress: 117081637436 states checked.
Progress: 117107158608 states checked.
Progress: 117132710510 states checked.
Progress: 117158282542 states checked.
Progress: 117183857011 states checked.
Progress: 117209438179 states checked.
Progress: 117235041459 states checked.
Progress: 117260636765 states checked.
Progress: 117286174085 states checked.
Progress: 117311689534 states checked.
Progress: 117337185369 states checked.
Progress: 117362707936 states checked.
Progress: 117388249133 states checked.
Progress: 117413803283 states checked.
Progress: 117439362091 states checked.
Progress: 117464963925 states checked.
Progress: 117490566255 states checked.
Progress: 117516134746 states checked.
Progress: 117541729996 states checked.
Progress: 117567333414 states checked.
Progress: 117592890356 states checked.
Progress: 117618451489 states checked.
Progress: 117643994264 states checked.
Progress: 117669546617 states checked.
Progress: 117695124553 states checked.
Progress: 117720740365 states checked.
Progress: 117746321054 states checked.
Progress: 117771865550 states checked.
Progress: 117797408547 states checked.
Progress: 117822954879 states checked.
Progress: 117848522089 states checked.
Progress: 117874085926 states checked.
Progress: 117899675036 states checked.
Progress: 117925241952 states checked.
Progress: 117950783528 states checked.
Progress: 117976318858 states checked.
Progress: 118001907510 states checked.
Progress: 118027461538 states checked.
Progress: 118053030944 states checked.
Progress: 118078588394 states checked.
Progress: 118104137433 states checked.
Progress: 118129703070 states checked.
Progress: 118155218822 states checked.
Progress: 118180786252 states checked.
Progress: 118206295055 states checked.
Progress: 118231853013 states checked.
Progress: 118257412769 states checked.
Progress: 118282917487 states checked.
Progress: 118308428542 states checked.
Progress: 118333991021 states checked.
Progress: 118359544109 states checked.
Progress: 118385112859 states checked.
Progress: 118410667292 states checked.
Progress: 118436202904 states checked.
Progress: 118461707041 states checked.
Progress: 118487190246 states checked.
Progress: 118512640681 states checked.
Progress: 118538072264 states checked.
Progress: 118563508558 states checked.
Progress: 118588971435 states checked.
Progress: 118614454578 states checked.
Progress: 118639937732 states checked.
Progress: 118665434164 states checked.
Progress: 118690916816 states checked.
Progress: 118716362560 states checked.
Progress: 118741884980 states checked.
Progress: 118767400378 states checked.
Progress: 118792915442 states checked.
Progress: 118818371969 states checked.
Progress: 118843873210 states checked.
Progress: 118869341712 states checked.
Progress: 118894802003 states checked.
Progress: 118920258372 states checked.
Progress: 118945648403 states checked.
Progress: 118971078787 states checked.
Progress: 118996564382 states checked.
Progress: 119022004823 states checked.
Progress: 119047477696 states checked.
Progress: 119072930537 states checked.
Progress: 119098349821 states checked.
Progress: 119123737986 states checked.
Progress: 119149126555 states checked.
Progress: 119174518187 states checked.
Progress: 119199943034 states checked.
Progress: 119343293219 states checked.
Progress: 119368877029 states checked.
Progress: 119394396909 states checked.
Progress: 119419931224 states checked.
Progress: 119445437287 states checked.
Progress: 119470974056 states checked.
Progress: 119496371243 states checked.
Progress: 119521903938 states checked.
Progress: 119547424575 states checked.
Progress: 119572952122 states checked.
Progress: 119598486456 states checked.
Progress: 119623947969 states checked.
Progress: 119649440237 states checked.
Progress: 119674933326 states checked.
Progress: 119700413762 states checked.
Progress: 119725896783 states checked.
Progress: 119751372116 states checked.
Progress: 119776882348 states checked.
Progress: 119802375901 states checked.
Progress: 119827912081 states checked.
Progress: 119853385328 states checked.
Progress: 119878848092 states checked.
Progress: 119904316472 states checked.
Progress: 119929770508 states checked.
Progress: 119955227752 states checked.
Progress: 119980711430 states checked.
Progress: 120006195125 states checked.
Progress: 120031643182 states checked.
Progress: 120057047483 states checked.
Progress: 120082433781 states checked.
Progress: 120107847410 states checked.
Progress: 120133258425 states checked.
Progress: 120158664238 states checked.
Progress: 120184062265 states checked.
Progress: 120209478116 states checked.
Progress: 120234919704 states checked.
Progress: 120260331934 states checked.
Progress: 120285697299 states checked.
Progress: 120311116384 states checked.
Progress: 120336525953 states checked.
Progress: 120361906198 states checked.
Progress: 120387326867 states checked.
Progress: 120412724538 states checked.
Progress: 120438117032 states checked.
Progress: 120463559005 states checked.
Progress: 120488923230 states checked.
Progress: 120514335170 states checked.
Progress: 120539778493 states checked.
Progress: 120565214483 states checked.
Progress: 120590635008 states checked.
Progress: 120616067074 states checked.
Progress: 120641511843 states checked.
Progress: 120666964736 states checked.
Progress: 120692404491 states checked.
Progress: 120717779855 states checked.
Progress: 120743160441 states checked.
Progress: 120768512301 states checked.
Progress: 120793875146 states checked.
Progress: 120819284360 states checked.
Progress: 120844628271 states checked.
Progress: 120870094008 states checked.
Progress: 120895580489 states checked.
Progress: 120921072055 states checked.
Progress: 120946550235 states checked.
Progress: 120972004101 states checked.
Progress: 120997490254 states checked.
Progress: 121022956453 states checked.
Progress: 121048418077 states checked.
Progress: 121073906537 states checked.
Progress: 121099392842 states checked.
Progress: 121124867874 states checked.
Progress: 121150354200 states checked.
Progress: 121175849704 states checked.
Progress: 121201296205 states checked.
Progress: 121226782143 states checked.
Progress: 121252255015 states checked.
Progress: 121277736602 states checked.
Progress: 121303231737 states checked.
Progress: 121328744566 states checked.
Progress: 121354237990 states checked.
Progress: 121379714261 states checked.
Progress: 121405160697 states checked.
Progress: 121430623271 states checked.
Progress: 121456132014 states checked.
Progress: 121481643576 states checked.
Progress: 121507089357 states checked.
Progress: 121532570438 states checked.
Progress: 121558060896 states checked.
Progress: 121583520167 states checked.
Progress: 121608999046 states checked.
Progress: 121634497430 states checked.
Progress: 121659960533 states checked.
Progress: 121685412179 states checked.
Progress: 121710886499 states checked.
Progress: 121736361643 states checked.
Progress: 121761841691 states checked.
Progress: 121787352251 states checked.
Progress: 121812816536 states checked.
Progress: 121838297510 states checked.
Progress: 121863796558 states checked.
Progress: 121889294115 states checked.
Progress: 121914744837 states checked.
Progress: 121940251437 states checked.
Progress: 121965757010 states checked.
Progress: 121991253485 states checked.
Progress: 122016733324 states checked.
Progress: 122042229591 states checked.
Progress: 122067715345 states checked.
Progress: 122093243348 states checked.
Progress: 122118758637 states checked.
Progress: 122144218461 states checked.
Progress: 122169700913 states checked.
Progress: 122195192429 states checked.
Progress: 122220692067 states checked.
Progress: 122246194063 states checked.
Progress: 122271703326 states checked.
Progress: 122297172918 states checked.
Progress: 122322694278 states checked.
Progress: 122348196600 states checked.
Progress: 122373660215 states checked.
Progress: 122399169421 states checked.
Progress: 122424699917 states checked.
Progress: 122450208531 states checked.
Progress: 122475702222 states checked.
Progress: 122501180778 states checked.
Progress: 122526701120 states checked.
Progress: 122552242209 states checked.
Progress: 122577780709 states checked.
Progress: 122603313979 states checked.
Progress: 122628813965 states checked.
Progress: 122654331306 states checked.
Progress: 122679801493 states checked.
Progress: 122705302760 states checked.
Progress: 122730798757 states checked.
Progress: 122756284608 states checked.
Progress: 122781756439 states checked.
Progress: 122807227598 states checked.
Progress: 122832727204 states checked.
Progress: 122858231065 states checked.
Progress: 122883714127 states checked.
Progress: 122909227409 states checked.
Progress: 122934721059 states checked.
Progress: 122960237554 states checked.
Progress: 122985759445 states checked.
Progress: 123011251682 states checked.
Progress: 123036791687 states checked.
Progress: 123062309735 states checked.
Progress: 123087806203 states checked.
Progress: 123113306295 states checked.
Progress: 123138818360 states checked.
Progress: 123164312695 states checked.
Progress: 123189802457 states checked.
Progress: 123215271366 states checked.
Progress: 123240759960 states checked.
Progress: 123266245301 states checked.
Progress: 123291756428 states checked.
Progress: 123317270118 states checked.
Progress: 123342767813 states checked.
Progress: 123368283771 states checked.
Progress: 123393790567 states checked.
Progress: 123419311819 states checked.
Progress: 123444817752 states checked.
Progress: 123470307252 states checked.
Progress: 123495798001 states checked.
Progress: 123521280916 states checked.
Progress: 123546763837 states checked.
Progress: 123572226170 states checked.
Progress: 123597718320 states checked.
Progress: 123623218310 states checked.
Progress: 123648669520 states checked.
Progress: 123674145194 states checked.
Progress: 123699597256 states checked.
Progress: 123725051509 states checked.
Progress: 123750548562 states checked.
Progress: 123776021886 states checked.
Progress: 123801497478 states checked.
Progress: 123827012199 states checked.
Progress: 123852506768 states checked.
Progress: 123877988361 states checked.
Progress: 123903452962 states checked.
Progress: 123928907812 states checked.
Progress: 123954402279 states checked.
Progress: 123979913191 states checked.
Progress: 124005412461 states checked.
Progress: 124030919086 states checked.
Progress: 124056454721 states checked.
Progress: 124081972182 states checked.
Progress: 124107444305 states checked.
Progress: 124132926879 states checked.
Progress: 124158401815 states checked.
Progress: 124183879015 states checked.
Progress: 124209377830 states checked.
Progress: 124234863565 states checked.
Progress: 124260351156 states checked.
Progress: 124285825799 states checked.
Progress: 124311310492 states checked.
Progress: 124336796948 states checked.
Progress: 124362311745 states checked.
Progress: 124387817693 states checked.
Progress: 124413293117 states checked.
Progress: 124438771906 states checked.
Progress: 124464247835 states checked.
Progress: 124489746159 states checked.
Progress: 124515249976 states checked.
Progress: 124540720180 states checked.
Progress: 124566225015 states checked.
Progress: 124591745029 states checked.
Progress: 124617246875 states checked.
Progress: 124642754030 states checked.
Progress: 124668262658 states checked.
Progress: 124693742462 states checked.
Progress: 124719245670 states checked.
Progress: 124744731421 states checked.
Progress: 124770195951 states checked.
Progress: 124795664972 states checked.
Progress: 124821142157 states checked.
Progress: 124846633488 states checked.
Progress: 124872120011 states checked.
Progress: 124897638552 states checked.
Progress: 124923154633 states checked.
Progress: 124948658405 states checked.
Progress: 124974201469 states checked.
Progress: 124999717364 states checked.
Progress: 125025196323 states checked.
Progress: 125050712135 states checked.
Progress: 125076216194 states checked.
Progress: 125101746624 states checked.
Progress: 125127257683 states checked.
Progress: 125152757469 states checked.
Progress: 125178271890 states checked.
Progress: 125203780268 states checked.
Progress: 125229294933 states checked.
Progress: 125254797449 states checked.
Progress: 125280281854 states checked.
Progress: 125305742391 states checked.
Progress: 125331204408 states checked.
Progress: 125356688015 states checked.
Progress: 125382173251 states checked.
Progress: 125407648492 states checked.
Progress: 125433139291 states checked.
Progress: 125458622597 states checked.
Progress: 125484129179 states checked.
Progress: 125509593477 states checked.
Progress: 125535082093 states checked.
Progress: 125560536930 states checked.
Progress: 125585999287 states checked.
Progress: 125611460195 states checked.
Progress: 125636939085 states checked.
Progress: 125662472683 states checked.
Progress: 125687986539 states checked.
Progress: 125713518124 states checked.
Progress: 125739026972 states checked.
Progress: 125764522420 states checked.
Progress: 125790015095 states checked.
Progress: 125815486509 states checked.
Progress: 125840959082 states checked.
Progress: 125866450381 states checked.
Progress: 125891930384 states checked.
Progress: 125917349408 states checked.
Progress: 125942825473 states checked.
Progress: 125968304036 states checked.
Progress: 125993747311 states checked.
Progress: 126019206634 states checked.
Progress: 126044653214 states checked.
Progress: 126070139769 states checked.
Progress: 126095632705 states checked.
Progress: 126121127353 states checked.
Progress: 126146615209 states checked.
Progress: 126172120352 states checked.
Progress: 126197636201 states checked.
Progress: 126223165974 states checked.
Progress: 126248672300 states checked.
Progress: 126274166077 states checked.
Progress: 126299677723 states checked.
Progress: 126325133828 states checked.
Progress: 126350602086 states checked.
Progress: 126376067131 states checked.
Progress: 126401558855 states checked.
Progress: 126427019625 states checked.
Progress: 126452504055 states checked.
Progress: 126477979923 states checked.
Progress: 126503448437 states checked.
Progress: 126528968071 states checked.
Progress: 126554491863 states checked.
Progress: 126579986597 states checked.
Progress: 126605483167 states checked.
Progress: 126630942969 states checked.
Progress: 126656427847 states checked.
Progress: 126681879826 states checked.
Progress: 126707362059 states checked.
Progress: 126732838835 states checked.
Progress: 126758330460 states checked.
Progress: 126783815129 states checked.
Progress: 126809300969 states checked.
Progress: 126834793377 states checked.
Progress: 126860279498 states checked.
Progress: 126885764733 states checked.
Progress: 126911260501 states checked.
Progress: 126936734601 states checked.
Progress: 126962231066 states checked.
Progress: 126987697819 states checked.
Progress: 127013177858 states checked.
Progress: 127038674641 states checked.
Progress: 127064125590 states checked.
Progress: 127089587914 states checked.
Progress: 127115074515 states checked.
Progress: 127140574136 states checked.
Progress: 127166073422 states checked.
Progress: 127191588308 states checked.
Progress: 127217078180 states checked.
Progress: 127242517757 states checked.
Progress: 127267968848 states checked.
Progress: 127293404524 states checked.
Progress: 127318872730 states checked.
Progress: 127344349913 states checked.
Progress: 127369844306 states checked.
Progress: 127395334907 states checked.
Progress: 127420849646 states checked.
Progress: 127446350600 states checked.
Progress: 127471823985 states checked.
Progress: 127497306288 states checked.
Progress: 127522802707 states checked.
Progress: 127548301332 states checked.
Progress: 127573796336 states checked.
Progress: 127599265917 states checked.
Progress: 127624752429 states checked.
Progress: 127650260463 states checked.
Progress: 127675764631 states checked.
Progress: 127701290864 states checked.
Progress: 127726782865 states checked.
Progress: 127752210795 states checked.
Progress: 127777655952 states checked.
Progress: 127803136430 states checked.
Progress: 127828629686 states checked.
Progress: 127854118054 states checked.
Progress: 127879607480 states checked.
Progress: 127905092844 states checked.
Progress: 127930549173 states checked.
Progress: 127956026918 states checked.
Progress: 127981528877 states checked.
Progress: 128007012875 states checked.
Progress: 128032488430 states checked.
Progress: 128057971874 states checked.
Progress: 128083448639 states checked.
Progress: 128108931721 states checked.
Progress: 128134439749 states checked.
Progress: 128159946950 states checked.
Progress: 128185465304 states checked.
Progress: 128210953586 states checked.
Progress: 128236446269 states checked.
Progress: 128261929161 states checked.
Progress: 128287448365 states checked.
Progress: 128312934140 states checked.
Progress: 128338399547 states checked.
Progress: 128363821618 states checked.
Progress: 128389299739 states checked.
Progress: 128414767049 states checked.
Progress: 128440208150 states checked.
Progress: 128465696615 states checked.
Progress: 128491151644 states checked.
Progress: 128516675077 states checked.
Progress: 128542131710 states checked.
Progress: 128567575313 states checked.
Progress: 128593030029 states checked.
Progress: 128618486398 states checked.
Progress: 128643942759 states checked.
Progress: 128669436964 states checked.
Progress: 128694936629 states checked.
Progress: 128720478671 states checked.
Progress: 128745963124 states checked.
Progress: 128771432395 states checked.
Progress: 128796909098 states checked.
Progress: 128822366750 states checked.
Progress: 128847802213 states checked.
Progress: 128873272637 states checked.
Progress: 128898759648 states checked.
Progress: 128924293683 states checked.
Progress: 128949783871 states checked.
Progress: 128975267803 states checked.
Progress: 129000743102 states checked.
Progress: 129026204341 states checked.
Progress: 129051667553 states checked.
Progress: 129077158109 states checked.
Progress: 129102681808 states checked.
Progress: 129128191740 states checked.
Progress: 129153655824 states checked.
Progress: 129179161847 states checked.
Progress: 129204640773 states checked.
Progress: 129230098086 states checked.
Progress: 129255572270 states checked.
Progress: 129281054189 states checked.
Progress: 129306569080 states checked.
Progress: 129332083827 states checked.
Progress: 129357567423 states checked.
Progress: 129383018835 states checked.
Progress: 129408490185 states checked.
Progress: 129433976510 states checked.
Progress: 129459392533 states checked.
Progress: 129484852232 states checked.
Progress: 129510347002 states checked.
Progress: 129535841629 states checked.
Progress: 129561332436 states checked.
Progress: 129586794441 states checked.
Progress: 129612213201 states checked.
Progress: 129637656877 states checked.
Progress: 129663097134 states checked.
Progress: 129688512427 states checked.
Progress: 129713984093 states checked.
Progress: 129739485114 states checked.
Progress: 129764965414 states checked.
Progress: 129790423236 states checked.
Progress: 129815875869 states checked.
Progress: 129841323201 states checked.
Progress: 129866800692 states checked.
Progress: 129892255934 states checked.
Progress: 129917729461 states checked.
Progress: 129943232489 states checked.
Progress: 129968714946 states checked.
Progress: 129994211621 states checked.
Progress: 130019683750 states checked.
Progress: 130045175160 states checked.
Progress: 130070664297 states checked.
Progress: 130096160273 states checked.
Progress: 130121634427 states checked.
Progress: 130147101286 states checked.
Progress: 130172569059 states checked.
Progress: 130198072489 states checked.
Progress: 130223583429 states checked.
Progress: 130249041612 states checked.
Progress: 130274554673 states checked.
Progress: 130300033708 states checked.
Progress: 130325534146 states checked.
Progress: 130351046670 states checked.
Progress: 130376542817 states checked.
Progress: 130402014367 states checked.
Progress: 130427454392 states checked.
Progress: 130452920041 states checked.
Progress: 130478424677 states checked.
Progress: 130503931919 states checked.
Progress: 130529411290 states checked.
Progress: 130554875202 states checked.
Progress: 130580347252 states checked.
Progress: 130605836753 states checked.
Progress: 130631331920 states checked.
Progress: 130656814145 states checked.
Progress: 130682260987 states checked.
Progress: 130707724752 states checked.
Progress: 130733181365 states checked.
Progress: 130758631332 states checked.
Progress: 130784107545 states checked.
Progress: 130809569540 states checked.
Progress: 130835052762 states checked.
Progress: 130860547575 states checked.
Progress: 130886022868 states checked.
Progress: 130911491716 states checked.
Progress: 130936948956 states checked.
Progress: 130962370380 states checked.
Progress: 130987813003 states checked.
Progress: 131013261833 states checked.
Progress: 131038713922 states checked.
Progress: 131064135704 states checked.
Progress: 131089584350 states checked.
Progress: 131115035770 states checked.
Progress: 131140473506 states checked.
Progress: 131165948658 states checked.
Progress: 131191409532 states checked.
Progress: 131216898516 states checked.
Progress: 131242315395 states checked.
Progress: 131267755781 states checked.
Progress: 131293230573 states checked.
Progress: 131318715140 states checked.
Progress: 131344166691 states checked.
Progress: 131369689887 states checked.
Progress: 131395197074 states checked.
Progress: 131420660937 states checked.
Progress: 131446102386 states checked.
Progress: 131471561517 states checked.
Progress: 131497021784 states checked.
Progress: 131522473721 states checked.
Progress: 131547946091 states checked.
Progress: 131573385093 states checked.
Progress: 131598861975 states checked.
Progress: 131624330395 states checked.
Progress: 131649813252 states checked.
Progress: 131675282633 states checked.
Progress: 131700758937 states checked.
Progress: 131726207654 states checked.
Progress: 131751658679 states checked.
Progress: 131777101238 states checked.
Progress: 131802584020 states checked.
Progress: 131828070964 states checked.
Progress: 131853540411 states checked.
Progress: 131878979074 states checked.
Progress: 131904446555 states checked.
Progress: 131929950551 states checked.
Progress: 131955403961 states checked.
Progress: 131980886707 states checked.
Progress: 132006341032 states checked.
Progress: 132031857347 states checked.
Progress: 132057349860 states checked.
Progress: 132082829297 states checked.
Progress: 132108264960 states checked.
Progress: 132133761574 states checked.
Progress: 132159240596 states checked.
Progress: 132184716539 states checked.
Progress: 132210186010 states checked.
Progress: 132235654953 states checked.
Progress: 132261100580 states checked.
Progress: 132286589377 states checked.
Progress: 132312078381 states checked.
Progress: 132337524274 states checked.
Progress: 132362979502 states checked.
Progress: 132388466742 states checked.
Progress: 132413927867 states checked.
Progress: 132439423005 states checked.
Progress: 132464912630 states checked.
Progress: 132490389219 states checked.
Progress: 132515838889 states checked.
Progress: 132541336062 states checked.
Progress: 132566809195 states checked.
Progress: 132592301618 states checked.
Progress: 132617778337 states checked.
Progress: 132643228312 states checked.
Progress: 132668668724 states checked.
Progress: 132694145559 states checked.
Progress: 132719641940 states checked.
Progress: 132745094494 states checked.
Progress: 132770549300 states checked.
Progress: 132796041488 states checked.
Progress: 132821512973 states checked.
Progress: 132846998880 states checked.
Progress: 132872505573 states checked.
Progress: 132898002563 states checked.
Progress: 132923510857 states checked.
Progress: 132948988051 states checked.
Progress: 132974498029 states checked.
Progress: 132999984238 states checked.
Progress: 133025484555 states checked.
Progress: 133050971797 states checked.
Progress: 133076449373 states checked.
Progress: 133101924542 states checked.
Progress: 133127420648 states checked.
Progress: 133152936967 states checked.
Progress: 133178451275 states checked.
Progress: 133203960548 states checked.
Progress: 133229499092 states checked.
Progress: 133254994454 states checked.
Progress: 133280460580 states checked.
Progress: 133305957556 states checked.
Progress: 133331431060 states checked.
Progress: 133356931388 states checked.
Progress: 133382387904 states checked.
Progress: 133407881616 states checked.
Progress: 133433380247 states checked.
Progress: 133458868069 states checked.
Progress: 133484355639 states checked.
Progress: 133509849852 states checked.
Progress: 133535355741 states checked.
Progress: 133560844180 states checked.
Progress: 133586332884 states checked.
Progress: 133611832754 states checked.
Progress: 133637334272 states checked.
Progress: 133662798422 states checked.
Progress: 133688250543 states checked.
Progress: 133713731579 states checked.
Progress: 133739214045 states checked.
Progress: 133764717939 states checked.
Progress: 133790203398 states checked.
Progress: 133815696670 states checked.
Progress: 133841203337 states checked.
Progress: 133866690203 states checked.
Progress: 133892178873 states checked.
Progress: 133917664092 states checked.
Progress: 133943172164 states checked.
Progress: 133968689283 states checked.
Progress: 133994154002 states checked.
Progress: 134019614396 states checked.
Progress: 134045070208 states checked.
Progress: 134070550893 states checked.
Progress: 134096033237 states checked.
Progress: 134121478800 states checked.
Progress: 134146930752 states checked.
Progress: 134172425512 states checked.
Progress: 134197898619 states checked.
Progress: 134223363095 states checked.
Progress: 134248856300 states checked.
Progress: 134274400756 states checked.
Progress: 134299855317 states checked.
Progress: 134325341158 states checked.
Progress: 134350865628 states checked.
Progress: 134376344453 states checked.
Progress: 134401819937 states checked.
Progress: 134427324903 states checked.
Progress: 134452839859 states checked.
Progress: 134478336161 states checked.
Progress: 134503846903 states checked.
Progress: 134529321740 states checked.
Progress: 134554840117 states checked.
Progress: 134580343901 states checked.
Progress: 134605850913 states checked.
Progress: 134631340983 states checked.
Progress: 134656821418 states checked.
Progress: 134682347992 states checked.
Progress: 134707842709 states checked.
Progress: 134733326446 states checked.
Progress: 134758801662 states checked.
Progress: 134784289626 states checked.
Progress: 134809824148 states checked.
Progress: 134835333870 states checked.
Progress: 134860834341 states checked.
Progress: 134886336102 states checked.
Progress: 134911841292 states checked.
Progress: 134937330958 states checked.
Progress: 134962808482 states checked.
Progress: 134988323004 states checked.
Progress: 135013803721 states checked.
Progress: 135039316023 states checked.
Progress: 135064833166 states checked.
Progress: 135090327223 states checked.
Progress: 135115818634 states checked.
Progress: 135141288010 states checked.
Progress: 135166760987 states checked.
Progress: 135192252961 states checked.
Progress: 135217752584 states checked.
Progress: 135243247475 states checked.
Progress: 135268630057 states checked.
Progress: 135293675851 states checked.
Progress: 135318696535 states checked.
Progress: 135343708470 states checked.
Progress: 135368727203 states checked.
Progress: 135393739474 states checked.
Progress: 135418731374 states checked.
Progress: 135443773683 states checked.
Progress: 135468772287 states checked.
Progress: 135493729852 states checked.
Progress: 135518742003 states checked.
Progress: 135543738608 states checked.
Progress: 135568758667 states checked.
Progress: 135593781936 states checked.
Progress: 135618789008 states checked.
Progress: 135643785980 states checked.
Progress: 135668765370 states checked.
Progress: 135693750469 states checked.
Progress: 135718719262 states checked.
Progress: 135743705917 states checked.
Progress: 135768662662 states checked.
Progress: 135793639057 states checked.
Progress: 135818621762 states checked.
Progress: 135843597596 states checked.
Progress: 135868594123 states checked.
Progress: 135893559428 states checked.
Progress: 135918564201 states checked.
Progress: 135943528129 states checked.
Progress: 135968545655 states checked.
Progress: 135993536031 states checked.
Progress: 136018465377 states checked.
Progress: 136043456316 states checked.
Progress: 136068500232 states checked.
Progress: 136093503288 states checked.
Progress: 136118463492 states checked.
Progress: 136143455763 states checked.
Progress: 136168476339 states checked.
Progress: 136193451875 states checked.
Progress: 136218456326 states checked.
Progress: 136243486823 states checked.
Progress: 136268472446 states checked.
Progress: 136293475453 states checked.
Progress: 136318487172 states checked.
Progress: 136343485853 states checked.
Progress: 136368481336 states checked.
Progress: 136393431769 states checked.
Progress: 136418384033 states checked.
Progress: 136443391809 states checked.
Progress: 136468380971 states checked.
Progress: 136493341854 states checked.
Progress: 136518300254 states checked.
Progress: 136543330277 states checked.
Progress: 136568336462 states checked.
Progress: 136593297672 states checked.
Progress: 136618262883 states checked.
Progress: 136643242438 states checked.
Progress: 136668222782 states checked.
Progress: 136693194289 states checked.
Progress: 136718126894 states checked.
Progress: 136743104299 states checked.
Progress: 136768056297 states checked.
Progress: 136793058628 states checked.
Progress: 136818053089 states checked.
Progress: 136843031923 states checked.
Progress: 136868019311 states checked.
Progress: 136893003549 states checked.
Progress: 136917940409 states checked.
Progress: 136942939311 states checked.
Progress: 136967967577 states checked.
Progress: 136992992773 states checked.
Progress: 137018039417 states checked.
Progress: 137043039864 states checked.
Progress: 137068055656 states checked.
Progress: 137093074481 states checked.
Progress: 137118074071 states checked.
Progress: 137143050832 states checked.
Progress: 137168030549 states checked.
Progress: 137193014162 states checked.
Progress: 137218034592 states checked.
Progress: 137243048004 states checked.
Progress: 137268005940 states checked.
Progress: 137292956550 states checked.
Progress: 137317955741 states checked.
Progress: 137342938011 states checked.
Progress: 137367884413 states checked.
Progress: 137392856603 states checked.
Progress: 137417836755 states checked.
Progress: 137442837207 states checked.
Progress: 137467852577 states checked.
Progress: 137492820096 states checked.
Progress: 137517780764 states checked.
Progress: 137542748009 states checked.
Progress: 137567699462 states checked.
Progress: 137592634243 states checked.
Progress: 137617592551 states checked.
Progress: 137642548011 states checked.
Progress: 137667567868 states checked.
Progress: 137692554695 states checked.
Progress: 137717531223 states checked.
Progress: 137742548539 states checked.
Progress: 137767542027 states checked.
Progress: 137792509206 states checked.
Progress: 137817436115 states checked.
Progress: 137842408523 states checked.
Progress: 137867385651 states checked.
Progress: 137892335463 states checked.
Progress: 137917340717 states checked.
Progress: 137942304067 states checked.
Progress: 137967257494 states checked.
Progress: 137992227258 states checked.
Progress: 138017215369 states checked.
Progress: 138042168098 states checked.
Progress: 138067130164 states checked.
Progress: 138092128868 states checked.
Progress: 138117080442 states checked.
Progress: 138142001037 states checked.
Progress: 138166948811 states checked.
Progress: 138191916825 states checked.
Progress: 138216864275 states checked.
Progress: 138241785484 states checked.
Progress: 138266754935 states checked.
Progress: 138291759853 states checked.
Progress: 138316712179 states checked.
Progress: 138341689351 states checked.
Progress: 138366643315 states checked.
Progress: 138391604667 states checked.
Progress: 138416591366 states checked.
Progress: 138441579311 states checked.
Progress: 138466597061 states checked.
Progress: 138491620455 states checked.
Progress: 138516600225 states checked.
Progress: 138541594123 states checked.
Progress: 138566555683 states checked.
Progress: 138591545619 states checked.
Progress: 138616530537 states checked.
Progress: 138641503287 states checked.
Progress: 138666455588 states checked.
Progress: 138691458014 states checked.
Progress: 138716432822 states checked.
Progress: 138741438198 states checked.
Progress: 138766434546 states checked.
Progress: 138791457432 states checked.
Progress: 138816450326 states checked.
Progress: 138841443452 states checked.
Progress: 138866422295 states checked.
Progress: 138891420558 states checked.
Progress: 138916421827 states checked.
Progress: 138941404177 states checked.
Progress: 138966394526 states checked.
Progress: 138991370307 states checked.
Progress: 139016364892 states checked.
Progress: 139041325404 states checked.
Progress: 139066349713 states checked.
Progress: 139091372919 states checked.
Progress: 139116351369 states checked.
Progress: 139141347152 states checked.
Progress: 139166323535 states checked.
Progress: 139191322754 states checked.
Progress: 139216289029 states checked.
Progress: 139241265184 states checked.
Progress: 139266245032 states checked.
Progress: 139291238038 states checked.
Progress: 139316255568 states checked.
Progress: 139341278828 states checked.
Progress: 139366290231 states checked.
Progress: 139391296012 states checked.
Progress: 139416311742 states checked.
Progress: 139441325701 states checked.
Progress: 139466326455 states checked.
Progress: 139491289602 states checked.
Progress: 139516254687 states checked.
Progress: 139541228141 states checked.
Progress: 139566252851 states checked.
Progress: 139591238747 states checked.
Progress: 139616228522 states checked.
Progress: 139641211501 states checked.
Progress: 139666217818 states checked.
Progress: 139691220865 states checked.
Progress: 139716247095 states checked.
Progress: 139741215369 states checked.
Progress: 139766177978 states checked.
Progress: 139791159026 states checked.
Progress: 139816160912 states checked.
Progress: 139841133978 states checked.
Progress: 139866150561 states checked.
Progress: 139891161408 states checked.
Progress: 139916170196 states checked.
Progress: 139941193454 states checked.
Progress: 139966202120 states checked.
Progress: 139991178995 states checked.
Progress: 140016173978 states checked.
Progress: 140041140793 states checked.
Progress: 140066136204 states checked.
Progress: 140091127615 states checked.
Progress: 140116088238 states checked.
Progress: 140141087365 states checked.
Progress: 140166070757 states checked.
Progress: 140191079598 states checked.
Progress: 140216124136 states checked.
Progress: 140241160003 states checked.
Progress: 140266151166 states checked.
Progress: 140291124256 states checked.
Progress: 140316095440 states checked.
Progress: 140341112984 states checked.
Progress: 140366076022 states checked.
Progress: 140391092342 states checked.
Progress: 140416111925 states checked.
Progress: 140441121961 states checked.
Progress: 140466106980 states checked.
Progress: 140491029846 states checked.
Progress: 140515887985 states checked.
Progress: 140540767137 states checked.
Progress: 140565639988 states checked.
Progress: 140590548722 states checked.
Progress: 140615458481 states checked.
Progress: 140640371003 states checked.
Progress: 140665282800 states checked.
Progress: 140690227840 states checked.
Progress: 140715151293 states checked.
Progress: 140740071215 states checked.
Progress: 140765010121 states checked.
Progress: 140789904122 states checked.
Progress: 140814837531 states checked.
Progress: 140839772336 states checked.
Progress: 140864649262 states checked.
Progress: 140889443163 states checked.
Progress: 140914230855 states checked.
Progress: 140938982905 states checked.
Progress: 140963740326 states checked.
Progress: 140988469304 states checked.
Progress: 141013231987 states checked.
Progress: 141038055274 states checked.
Progress: 141062813188 states checked.
Progress: 141087601568 states checked.
Progress: 141112424321 states checked.
Progress: 141137219492 states checked.
Progress: 141161988232 states checked.
Progress: 141186856584 states checked.
Progress: 141211724016 states checked.
Progress: 141236616166 states checked.
Progress: 141261571042 states checked.
Progress: 141286642676 states checked.
Progress: 141311731512 states checked.
Progress: 141336724530 states checked.
Progress: 141361790365 states checked.
Progress: 141386799575 states checked.
Progress: 141411877460 states checked.
Progress: 141436930986 states checked.
Progress: 141461931931 states checked.
Progress: 141486973212 states checked.
Progress: 141512048891 states checked.
Progress: 141537151194 states checked.
Progress: 141562205136 states checked.
Progress: 141587282667 states checked.
Progress: 141612289371 states checked.
Progress: 141637359764 states checked.
Progress: 141662430837 states checked.
Progress: 141687479118 states checked.
Progress: 141712480794 states checked.
Progress: 141737520246 states checked.
Progress: 141762571838 states checked.
Progress: 141787648606 states checked.
Progress: 141812706225 states checked.
Progress: 141837762070 states checked.
Progress: 141862805166 states checked.
Progress: 141887796664 states checked.
Progress: 141912837588 states checked.
Progress: 141937890255 states checked.
Progress: 141962941400 states checked.
Progress: 141987990122 states checked.
Progress: 142013028493 states checked.
Progress: 142038092602 states checked.
Progress: 142063116364 states checked.
Progress: 142088166829 states checked.
Progress: 142113237724 states checked.
Progress: 142138151018 states checked.
Progress: 142163191858 states checked.
Progress: 142188226645 states checked.
Progress: 142213264422 states checked.
Progress: 142238302043 states checked.
Progress: 142263313348 states checked.
Progress: 142288408109 states checked.
Progress: 142313458368 states checked.
Progress: 142338555362 states checked.
Progress: 142363670181 states checked.
Progress: 142388681095 states checked.
Progress: 142413702225 states checked.
Progress: 142438784288 states checked.
Progress: 142463771735 states checked.
Progress: 142488709161 states checked.
Progress: 142513808286 states checked.
Progress: 142538822364 states checked.
Progress: 142563884021 states checked.
Progress: 142588940397 states checked.
Progress: 142614012802 states checked.
Progress: 142639059180 states checked.
Progress: 142664126102 states checked.
Progress: 142689192300 states checked.
Progress: 142714249218 states checked.
Progress: 142739333976 states checked.
Progress: 142764352166 states checked.
Progress: 142789391134 states checked.
Progress: 142814481794 states checked.
Progress: 142839546213 states checked.
Progress: 142864575988 states checked.
Progress: 142889660626 states checked.
Progress: 142914711593 states checked.
Progress: 142939811370 states checked.
Progress: 142964877231 states checked.
Progress: 142989937242 states checked.
Progress: 143014957912 states checked.
Progress: 143039991204 states checked.
Progress: 143065036045 states checked.
Progress: 143090100605 states checked.
Progress: 143115154680 states checked.
Progress: 143140230315 states checked.
Progress: 143165304399 states checked.
Progress: 143190382131 states checked.
Progress: 143215421578 states checked.
Progress: 143240505258 states checked.
Progress: 143265596701 states checked.
Progress: 143290687770 states checked.
Progress: 143315749430 states checked.
Progress: 143340797204 states checked.
Progress: 143365866089 states checked.
Progress: 143390878335 states checked.
Progress: 143415879922 states checked.
Progress: 143440957226 states checked.
Progress: 143466026041 states checked.
Progress: 143491079011 states checked.
Progress: 143516164330 states checked.
Progress: 143541256398 states checked.
Progress: 143566314903 states checked.
Progress: 143591405382 states checked.
Progress: 143616488678 states checked.
Progress: 143641555682 states checked.
Progress: 143666573863 states checked.
Progress: 143691592742 states checked.
Progress: 143716610462 states checked.
Progress: 143741634488 states checked.
Progress: 143766692235 states checked.
Progress: 143791770868 states checked.
Progress: 143816816627 states checked.
Progress: 143841830567 states checked.
Progress: 143866858014 states checked.
Progress: 143891929978 states checked.
Progress: 143916981383 states checked.
Progress: 143942013215 states checked.
Progress: 143967073220 states checked.
Progress: 143992151392 states checked.
Progress: 144017245804 states checked.
Progress: 144042324260 states checked.
