TLC2 Version 2.19 of 08 August 2024 (rev: 5a47802)
Warning: Please run the Java VM which executes TLC with a throughput optimized garbage collector by passing the "-XX:+UseParallelGC" property.
(Use the -nowarning option to disable this warning.)
Running Random Simulation with seed 3524370580549427045 with 20 workers on 72 cores with 30208MB heap and 64MB offheap memory [pid: 376461] (Linux 6.12.69+deb13-cloud-amd64 amd64, Debian 21.0.10 x86_64).
Parsing file /home/alexandre.siret/AccordTLASpec/SpecAccord/RecoveryAndCommitSpec/AccordSpec.tla
Parsing file /tmp/TLC.tla
Parsing file /tmp/Naturals.tla
Parsing file /tmp/Sequences.tla
Parsing file /tmp/FiniteSets.tla
Semantic processing of module Naturals
Semantic processing of module Sequences
Semantic processing of module FiniteSets
Semantic processing of module TLC
Semantic processing of module AccordSpec
Starting... (2026-03-30 10:47:25)
Computed 1 initial states...
Progress: 7776317 states checked.
Progress: 15749615 states checked.
Progress: 23712822 states checked.
Progress: 31702163 states checked.
Progress: 39698077 states checked.
Progress: 47667842 states checked.
Progress: 55544565 states checked.
Progress: 62270814 states checked.
Progress: 69603973 states checked.
Progress: 77588085 states checked.
Progress: 85609512 states checked.
Progress: 93628241 states checked.
Progress: 101476966 states checked.
Progress: 108083592 states checked.
Progress: 114574092 states checked.
Progress: 121519318 states checked.
Progress: 128567806 states checked.
Progress: 135986216 states checked.
Progress: 143981184 states checked.
Progress: 151968753 states checked.
Progress: 159956033 states checked.
Progress: 167947099 states checked.
Progress: 175943548 states checked.
Progress: 183896874 states checked.
Progress: 191284631 states checked.
Progress: 197203842 states checked.
Progress: 203211888 states checked.
Progress: 209353455 states checked.
Progress: 215457455 states checked.
Progress: 221472417 states checked.
Progress: 228943758 states checked.
Progress: 236900786 states checked.
Progress: 244831525 states checked.
Progress: 252804759 states checked.
Progress: 260794164 states checked.
Progress: 268801462 states checked.
Progress: 276781814 states checked.
Progress: 284739205 states checked.
Progress: 292689261 states checked.
Progress: 300638208 states checked.
Progress: 308591348 states checked.
Progress: 316562678 states checked.
Progress: 324566790 states checked.
Progress: 332562081 states checked.
Progress: 340582016 states checked.
Progress: 348595269 states checked.
Progress: 356613316 states checked.
Progress: 364619116 states checked.
Progress: 372617618 states checked.
Progress: 380623228 states checked.
Progress: 388616364 states checked.
Progress: 396627989 states checked.
Progress: 404638473 states checked.
Progress: 412622809 states checked.
Progress: 420619466 states checked.
Progress: 428623645 states checked.
Progress: 436602033 states checked.
Progress: 444563300 states checked.
Progress: 452525462 states checked.
Progress: 460501211 states checked.
Progress: 468488235 states checked.
Progress: 476475278 states checked.
Progress: 484491890 states checked.
Progress: 492490340 states checked.
Progress: 500474514 states checked.
Progress: 508479068 states checked.
Progress: 516469997 states checked.
Progress: 524476054 states checked.
Progress: 532472684 states checked.
Progress: 540311744 states checked.
Progress: 546455829 states checked.
Progress: 552447507 states checked.
Progress: 558814719 states checked.
Progress: 565132848 states checked.
Progress: 571321013 states checked.
Progress: 577410751 states checked.
Progress: 583825497 states checked.
Progress: 590252831 states checked.
Progress: 598101281 states checked.
Progress: 606064771 states checked.
Progress: 614068037 states checked.
Progress: 622071706 states checked.
Progress: 630083796 states checked.
Progress: 638092179 states checked.
Progress: 646099080 states checked.
Progress: 654102548 states checked.
Progress: 662096190 states checked.
Progress: 670087271 states checked.
Progress: 678020424 states checked.
Progress: 684432830 states checked.
Progress: 690331511 states checked.
Progress: 696467982 states checked.
Progress: 702646216 states checked.
Progress: 708689455 states checked.
Progress: 714810447 states checked.
Progress: 720944755 states checked.
Progress: 727271042 states checked.
Progress: 733826923 states checked.
Progress: 740396287 states checked.
Progress: 747239965 states checked.
Progress: 754143883 states checked.
Progress: 761047114 states checked.
Progress: 767996815 states checked.
Progress: 774788426 states checked.
Progress: 781582370 states checked.
Progress: 788272345 states checked.
Progress: 794851015 states checked.
Progress: 801475455 states checked.
Progress: 807738306 states checked.
Progress: 814233244 states checked.
Progress: 820769944 states checked.
Progress: 827645462 states checked.
Progress: 834472680 states checked.
Progress: 841368074 states checked.
Progress: 848286634 states checked.
Progress: 855362032 states checked.
Progress: 862577690 states checked.
Progress: 869679079 states checked.
Progress: 876733969 states checked.
Progress: 883916319 states checked.
Progress: 891123804 states checked.
Progress: 898263827 states checked.
Progress: 905507778 states checked.
Progress: 912334707 states checked.
Progress: 919226803 states checked.
Progress: 926394470 states checked.
Progress: 933269627 states checked.
Progress: 940135868 states checked.
Progress: 946838797 states checked.
Progress: 953833271 states checked.
Progress: 960891427 states checked.
Progress: 967758293 states checked.
Progress: 975158217 states checked.
Progress: 982178724 states checked.
Progress: 989382448 states checked.
Progress: 996597949 states checked.
Progress: 1003767457 states checked.
Progress: 1010737758 states checked.
Progress: 1017962955 states checked.
Progress: 1025276749 states checked.
Progress: 1032585121 states checked.
Progress: 1039604873 states checked.
Progress: 1046748150 states checked.
Progress: 1053923951 states checked.
Progress: 1061108577 states checked.
Progress: 1068205672 states checked.
Progress: 1075517094 states checked.
Progress: 1082631071 states checked.
Progress: 1089760206 states checked.
Progress: 1096921968 states checked.
Progress: 1104062381 states checked.
Progress: 1111107228 states checked.
Progress: 1118221244 states checked.
Progress: 1125207580 states checked.
Progress: 1132329148 states checked.
Progress: 1139672165 states checked.
Progress: 1146897002 states checked.
Progress: 1154189478 states checked.
Progress: 1161286266 states checked.
Progress: 1168581954 states checked.
Progress: 1175839189 states checked.
Progress: 1183012066 states checked.
Progress: 1190257524 states checked.
Progress: 1197453277 states checked.
Progress: 1204770091 states checked.
Progress: 1212181389 states checked.
Progress: 1219524097 states checked.
Progress: 1226844886 states checked.
Progress: 1234247239 states checked.
Progress: 1241461897 states checked.
Progress: 1248819576 states checked.
Progress: 1256058537 states checked.
Progress: 1263424647 states checked.
Progress: 1270703781 states checked.
Progress: 1278052186 states checked.
Progress: 1285339569 states checked.
Progress: 1292567471 states checked.
Progress: 1299911505 states checked.
Progress: 1307195058 states checked.
Progress: 1314634382 states checked.
Progress: 1322000717 states checked.
Progress: 1329336825 states checked.
Progress: 1336564423 states checked.
Progress: 1343951623 states checked.
Progress: 1351382500 states checked.
Progress: 1358874576 states checked.
Progress: 1366274984 states checked.
Progress: 1373583718 states checked.
Progress: 1380926973 states checked.
Progress: 1388183598 states checked.
Progress: 1395519374 states checked.
Progress: 1402779273 states checked.
Progress: 1410056326 states checked.
Progress: 1417391413 states checked.
Progress: 1424718431 states checked.
Progress: 1432034289 states checked.
Progress: 1439378420 states checked.
Progress: 1446733120 states checked.
Progress: 1454155654 states checked.
Progress: 1461572161 states checked.
Progress: 1468946654 states checked.
Progress: 1476335581 states checked.
Progress: 1483572653 states checked.
Progress: 1490950779 states checked.
Progress: 1498323529 states checked.
Progress: 1505658077 states checked.
Progress: 1513080507 states checked.
Progress: 1520406841 states checked.
Progress: 1527691805 states checked.
Progress: 1535008639 states checked.
Progress: 1542433893 states checked.
Progress: 1549757522 states checked.
Progress: 1557103927 states checked.
Progress: 1564448414 states checked.
Progress: 1571762708 states checked.
Progress: 1579008397 states checked.
Progress: 1586382976 states checked.
Progress: 1593705837 states checked.
Progress: 1601211109 states checked.
Progress: 1608660463 states checked.
Progress: 1616022454 states checked.
Progress: 1623366159 states checked.
Progress: 1630710849 states checked.
Progress: 1638224701 states checked.
Progress: 1645543679 states checked.
Progress: 1652948720 states checked.
Progress: 1660363214 states checked.
Progress: 1667717704 states checked.
Progress: 1675021115 states checked.
Progress: 1682495352 states checked.
Progress: 1690015398 states checked.
Progress: 1697394210 states checked.
Progress: 1704661314 states checked.
Progress: 1712066892 states checked.
Progress: 1719354761 states checked.
Progress: 1726763594 states checked.
Progress: 1734100876 states checked.
Progress: 1741489117 states checked.
Progress: 1748960819 states checked.
Progress: 1756435490 states checked.
Progress: 1763915210 states checked.
Progress: 1771387800 states checked.
Progress: 1778944653 states checked.
Progress: 1786638508 states checked.
Progress: 1794147857 states checked.
Progress: 1801477542 states checked.
Progress: 1808920352 states checked.
Progress: 1816410926 states checked.
Progress: 1824040406 states checked.
Progress: 1831534714 states checked.
Progress: 1838900829 states checked.
Progress: 1846315102 states checked.
Progress: 1853769407 states checked.
Progress: 1861297394 states checked.
Progress: 1868815287 states checked.
Progress: 1876063400 states checked.
Progress: 1883573621 states checked.
Progress: 1891134436 states checked.
Progress: 1898562432 states checked.
Progress: 1906314853 states checked.
Progress: 1913593818 states checked.
Progress: 1920854323 states checked.
Progress: 1928120692 states checked.
Progress: 1935554300 states checked.
Progress: 1942891855 states checked.
Progress: 1950424110 states checked.
Progress: 1957892819 states checked.
Progress: 1965243810 states checked.
Progress: 1972645603 states checked.
Progress: 1980036381 states checked.
Progress: 1987401108 states checked.
Progress: 1994678441 states checked.
Progress: 2002162220 states checked.
Progress: 2009424236 states checked.
Progress: 2016742364 states checked.
Progress: 2024007415 states checked.
Progress: 2031375356 states checked.
Progress: 2039073803 states checked.
Progress: 2046692862 states checked.
Progress: 2054271192 states checked.
Progress: 2061719218 states checked.
Progress: 2069136171 states checked.
Progress: 2076603875 states checked.
Progress: 2084058922 states checked.
Progress: 2091483781 states checked.
Progress: 2098970022 states checked.
Progress: 2106367710 states checked.
Progress: 2113686669 states checked.
Progress: 2121012719 states checked.
Progress: 2128328938 states checked.
Progress: 2135695225 states checked.
Progress: 2143014473 states checked.
Progress: 2150317055 states checked.
Progress: 2157759435 states checked.
Progress: 2165193397 states checked.
Progress: 2172556641 states checked.
Progress: 2179865853 states checked.
Progress: 2187327964 states checked.
Progress: 2194740656 states checked.
Progress: 2202155299 states checked.
Progress: 2209714385 states checked.
Progress: 2217146877 states checked.
Progress: 2224512078 states checked.
Progress: 2232110168 states checked.
Progress: 2239935816 states checked.
Progress: 2247468211 states checked.
Progress: 2254921770 states checked.
Progress: 2262506592 states checked.
Progress: 2270100836 states checked.
Progress: 2277481352 states checked.
Progress: 2284856493 states checked.
Progress: 2292230542 states checked.
Progress: 2299710923 states checked.
Progress: 2307226992 states checked.
Progress: 2314543560 states checked.
Progress: 2321881611 states checked.
Progress: 2329333493 states checked.
Progress: 2336782222 states checked.
Progress: 2344033201 states checked.
Progress: 2351258292 states checked.
Progress: 2358583840 states checked.
Progress: 2365996040 states checked.
Progress: 2373306226 states checked.
Progress: 2380752806 states checked.
Progress: 2388345933 states checked.
Progress: 2396186693 states checked.
Progress: 2403902132 states checked.
Progress: 2411417470 states checked.
Progress: 2418715728 states checked.
Progress: 2425935995 states checked.
Progress: 2433217993 states checked.
Progress: 2440659981 states checked.
Progress: 2448041096 states checked.
Progress: 2455883712 states checked.
Progress: 2463300327 states checked.
Progress: 2470666750 states checked.
Progress: 2478032454 states checked.
Progress: 2485290344 states checked.
Progress: 2492659262 states checked.
Progress: 2500187918 states checked.
Progress: 2507638845 states checked.
Progress: 2514961712 states checked.
Progress: 2522328511 states checked.
Progress: 2529855437 states checked.
Progress: 2537130328 states checked.
Progress: 2544455883 states checked.
Progress: 2551839045 states checked.
Progress: 2559159894 states checked.
Progress: 2566504966 states checked.
Progress: 2573716965 states checked.
Progress: 2581281806 states checked.
Progress: 2589001479 states checked.
Progress: 2596452714 states checked.
Progress: 2603748099 states checked.
Progress: 2611009092 states checked.
Progress: 2618229613 states checked.
Progress: 2625469395 states checked.
Progress: 2632690127 states checked.
Progress: 2640019783 states checked.
Progress: 2647378313 states checked.
Progress: 2654530227 states checked.
Progress: 2661754056 states checked.
Progress: 2669003104 states checked.
Progress: 2676173271 states checked.
Progress: 2683498964 states checked.
Progress: 2690798911 states checked.
Progress: 2698092266 states checked.
Progress: 2705432198 states checked.
Progress: 2712682281 states checked.
Progress: 2719996922 states checked.
Progress: 2727283647 states checked.
Progress: 2734553099 states checked.
Progress: 2741720284 states checked.
Progress: 2749016796 states checked.
Progress: 2756280699 states checked.
Progress: 2763610964 states checked.
Progress: 2770898226 states checked.
Progress: 2778140545 states checked.
Progress: 2785493622 states checked.
Progress: 2792821338 states checked.
Progress: 2800153846 states checked.
Progress: 2807429759 states checked.
Progress: 2814664165 states checked.
Progress: 2821988499 states checked.
Progress: 2829253416 states checked.
Progress: 2836490688 states checked.
Progress: 2843729955 states checked.
Progress: 2851034479 states checked.
Progress: 2858327003 states checked.
Progress: 2865671530 states checked.
Progress: 2872964475 states checked.
Progress: 2880171682 states checked.
Progress: 2887495129 states checked.
Progress: 2894699924 states checked.
Progress: 2902026068 states checked.
Progress: 2909332894 states checked.
Progress: 2916732637 states checked.
Progress: 2924042470 states checked.
Progress: 2931392379 states checked.
Progress: 2938932098 states checked.
Progress: 2946359933 states checked.
Progress: 2953659652 states checked.
Progress: 2961061977 states checked.
Progress: 2968400336 states checked.
Progress: 2975596484 states checked.
Progress: 2982991817 states checked.
Progress: 2990344341 states checked.
Progress: 2997751406 states checked.
Progress: 3005191070 states checked.
Progress: 3012511612 states checked.
Progress: 3019907739 states checked.
Progress: 3027202791 states checked.
Progress: 3034497275 states checked.
Progress: 3041853797 states checked.
Progress: 3049131850 states checked.
Progress: 3056324877 states checked.
Progress: 3063647938 states checked.
Progress: 3070940045 states checked.
Progress: 3078169402 states checked.
Progress: 3085341594 states checked.
Progress: 3092525227 states checked.
Progress: 3099808238 states checked.
Progress: 3107121503 states checked.
Progress: 3114431405 states checked.
Progress: 3121705551 states checked.
Progress: 3129035751 states checked.
Progress: 3136301309 states checked.
Progress: 3143584285 states checked.
Progress: 3150917000 states checked.
Progress: 3158275142 states checked.
Progress: 3165568744 states checked.
Progress: 3172867676 states checked.
Progress: 3180233563 states checked.
Progress: 3187470681 states checked.
Progress: 3194750313 states checked.
Progress: 3202062753 states checked.
Progress: 3209352198 states checked.
Progress: 3216611507 states checked.
Progress: 3223940956 states checked.
Progress: 3231255404 states checked.
Progress: 3238446149 states checked.
Progress: 3245766304 states checked.
Progress: 3253083312 states checked.
Progress: 3260391955 states checked.
Progress: 3267574997 states checked.
Progress: 3274826156 states checked.
Progress: 3282080786 states checked.
Progress: 3289229274 states checked.
Progress: 3296479569 states checked.
Progress: 3303779815 states checked.
Progress: 3311025562 states checked.
Progress: 3318307399 states checked.
Progress: 3325504852 states checked.
Progress: 3332901782 states checked.
Progress: 3340206300 states checked.
Progress: 3347363991 states checked.
Progress: 3354700011 states checked.
Progress: 3361903762 states checked.
Progress: 3369316888 states checked.
Progress: 3376518262 states checked.
Progress: 3383901748 states checked.
Progress: 3391118286 states checked.
Progress: 3398364621 states checked.
Progress: 3405711614 states checked.
Progress: 3412926793 states checked.
Progress: 3420195825 states checked.
Progress: 3427592201 states checked.
Progress: 3434846695 states checked.
Progress: 3442130862 states checked.
Progress: 3449417023 states checked.
Progress: 3456771434 states checked.
Progress: 3464002823 states checked.
Progress: 3471255273 states checked.
Progress: 3478461104 states checked.
Progress: 3485680815 states checked.
Progress: 3493033330 states checked.
Progress: 3500352857 states checked.
Progress: 3507561764 states checked.
Progress: 3514876291 states checked.
Progress: 3522052559 states checked.
Progress: 3529196162 states checked.
Progress: 3536455580 states checked.
Progress: 3543709879 states checked.
Progress: 3551035938 states checked.
Progress: 3558220426 states checked.
Progress: 3565413658 states checked.
Progress: 3572761308 states checked.
Progress: 3579910767 states checked.
Progress: 3587107944 states checked.
Progress: 3594428804 states checked.
Progress: 3601686657 states checked.
Progress: 3608844567 states checked.
Progress: 3615968146 states checked.
Progress: 3623326872 states checked.
Progress: 3630641501 states checked.
Progress: 3637878070 states checked.
Progress: 3645258947 states checked.
Progress: 3652472248 states checked.
Progress: 3659693352 states checked.
Progress: 3666892670 states checked.
Progress: 3674075277 states checked.
Progress: 3681282802 states checked.
Progress: 3688356041 states checked.
Progress: 3695638459 states checked.
Progress: 3702799813 states checked.
Progress: 3710058992 states checked.
Progress: 3717403221 states checked.
Progress: 3724598863 states checked.
Progress: 3731873709 states checked.
Progress: 3739045626 states checked.
Progress: 3746288158 states checked.
Progress: 3753602639 states checked.
Progress: 3760957848 states checked.
Progress: 3768205044 states checked.
Progress: 3775487443 states checked.
Progress: 3782727164 states checked.
Progress: 3789878423 states checked.
Progress: 3797035693 states checked.
Progress: 3804153111 states checked.
Progress: 3811460219 states checked.
Progress: 3818738697 states checked.
Progress: 3826076699 states checked.
Progress: 3833297980 states checked.
Progress: 3840571575 states checked.
Progress: 3847859071 states checked.
Progress: 3855086413 states checked.
Progress: 3862332435 states checked.
Progress: 3869660532 states checked.
Progress: 3876834390 states checked.
Progress: 3884112709 states checked.
Progress: 3891518409 states checked.
Progress: 3898644400 states checked.
Progress: 3905949860 states checked.
Progress: 3913338046 states checked.
Progress: 3920654218 states checked.
Progress: 3927857439 states checked.
Progress: 3935045687 states checked.
Progress: 3942252782 states checked.
Progress: 3949356028 states checked.
Progress: 3956563274 states checked.
Progress: 3963773197 states checked.
Progress: 3971013091 states checked.
Progress: 3978225110 states checked.
Progress: 3985779002 states checked.
Progress: 3993074936 states checked.
Progress: 4000378897 states checked.
Progress: 4007560082 states checked.
Progress: 4014772192 states checked.
Progress: 4021987688 states checked.
Progress: 4029309869 states checked.
Progress: 4036400977 states checked.
Progress: 4043603750 states checked.
Progress: 4050881409 states checked.
Progress: 4058168633 states checked.
Progress: 4065339197 states checked.
Progress: 4072572854 states checked.
Progress: 4079824970 states checked.
Progress: 4087006097 states checked.
Progress: 4094299215 states checked.
Progress: 4101521347 states checked.
Progress: 4108761427 states checked.
Progress: 4116024970 states checked.
Progress: 4123255133 states checked.
Progress: 4130507611 states checked.
Progress: 4137694821 states checked.
Progress: 4144956064 states checked.
Progress: 4152223303 states checked.
Progress: 4159416048 states checked.
Progress: 4166679943 states checked.
Progress: 4174017078 states checked.
Progress: 4181289627 states checked.
Progress: 4188626895 states checked.
Progress: 4195863864 states checked.
Progress: 4203070070 states checked.
Progress: 4210421797 states checked.
Progress: 4217586748 states checked.
Progress: 4224890583 states checked.
Progress: 4232184805 states checked.
Progress: 4239364032 states checked.
Progress: 4246681505 states checked.
Progress: 4253931641 states checked.
Progress: 4261231997 states checked.
Progress: 4268386137 states checked.
Progress: 4275608677 states checked.
Progress: 4282728458 states checked.
Progress: 4290013060 states checked.
Progress: 4297277367 states checked.
Progress: 4304457456 states checked.
Progress: 4311606802 states checked.
Progress: 4318842176 states checked.
Progress: 4326173076 states checked.
Progress: 4333347871 states checked.
Progress: 4340597503 states checked.
Progress: 4347922402 states checked.
Progress: 4355211086 states checked.
Progress: 4362349849 states checked.
Progress: 4369646444 states checked.
Progress: 4376874742 states checked.
Progress: 4384225640 states checked.
Progress: 4391521220 states checked.
Progress: 4398821353 states checked.
Progress: 4406174384 states checked.
Progress: 4413610543 states checked.
Progress: 4421099304 states checked.
Progress: 4428546707 states checked.
Progress: 4435867711 states checked.
Progress: 4443329622 states checked.
Progress: 4450920941 states checked.
Progress: 4458454504 states checked.
Progress: 4466087617 states checked.
Progress: 4473803064 states checked.
Progress: 4481685222 states checked.
Progress: 4489591283 states checked.
Progress: 4497500417 states checked.
Progress: 4505400267 states checked.
Progress: 4513359614 states checked.
Progress: 4521334912 states checked.
Progress: 4529327175 states checked.
Progress: 4537292267 states checked.
Progress: 4545283601 states checked.
Progress: 4553270465 states checked.
Progress: 4561273763 states checked.
Progress: 4569286654 states checked.
Progress: 4577296966 states checked.
Progress: 4585287825 states checked.
Progress: 4593291726 states checked.
Progress: 4601288228 states checked.
Progress: 4609306495 states checked.
Progress: 4617292429 states checked.
Progress: 4625288856 states checked.
Progress: 4633290472 states checked.
Progress: 4641294424 states checked.
Progress: 4649294389 states checked.
Progress: 4657295574 states checked.
Progress: 4665299253 states checked.
Progress: 4673308907 states checked.
Progress: 4681312810 states checked.
Progress: 4689297130 states checked.
Progress: 4697284296 states checked.
Progress: 4705285601 states checked.
Progress: 4713292795 states checked.
Progress: 4721314487 states checked.
Progress: 4729330830 states checked.
Progress: 4737342351 states checked.
Progress: 4745371095 states checked.
Progress: 4753384534 states checked.
Progress: 4761392015 states checked.
Progress: 4769387929 states checked.
Progress: 4777410419 states checked.
Progress: 4785427681 states checked.
Progress: 4793418642 states checked.
Progress: 4801428843 states checked.
Progress: 4809413183 states checked.
Progress: 4817418799 states checked.
Progress: 4825423466 states checked.
Progress: 4833425312 states checked.
Progress: 4841426405 states checked.
Progress: 4849423285 states checked.
Progress: 4857404276 states checked.
Progress: 4865386420 states checked.
Progress: 4873380747 states checked.
Progress: 4881340985 states checked.
Progress: 4889318231 states checked.
Progress: 4897318346 states checked.
Progress: 4905315980 states checked.
Progress: 4913328732 states checked.
Progress: 4921329580 states checked.
Progress: 4929356565 states checked.
Progress: 4937359178 states checked.
Progress: 4945374431 states checked.
Progress: 4953365680 states checked.
Progress: 4961371278 states checked.
Progress: 4969367055 states checked.
Progress: 4977354142 states checked.
Progress: 4985365278 states checked.
Progress: 4993356972 states checked.
Progress: 5001348998 states checked.
Progress: 5009328193 states checked.
Progress: 5017301542 states checked.
Progress: 5025299580 states checked.
Progress: 5033288022 states checked.
Progress: 5041283884 states checked.
Progress: 5049295778 states checked.
Progress: 5057251791 states checked.
Progress: 5065211861 states checked.
Progress: 5073175305 states checked.
Progress: 5081155359 states checked.
Progress: 5089138581 states checked.
Progress: 5097135712 states checked.
Progress: 5105137022 states checked.
Progress: 5113149231 states checked.
Progress: 5121150202 states checked.
Progress: 5129159219 states checked.
Progress: 5137161515 states checked.
Progress: 5145180663 states checked.
Progress: 5153208692 states checked.
Progress: 5161245039 states checked.
Progress: 5169236938 states checked.
Progress: 5177247932 states checked.
Progress: 5185260268 states checked.
Progress: 5193283513 states checked.
Progress: 5201284058 states checked.
Progress: 5209285882 states checked.
Progress: 5217296342 states checked.
Progress: 5225311793 states checked.
Progress: 5233322558 states checked.
Progress: 5241354271 states checked.
Progress: 5249384487 states checked.
Progress: 5257415869 states checked.
Progress: 5265413061 states checked.
Progress: 5273414956 states checked.
Progress: 5281406384 states checked.
Progress: 5289397581 states checked.
Progress: 5297384366 states checked.
Progress: 5305376245 states checked.
Progress: 5313371790 states checked.
Progress: 5321340815 states checked.
Progress: 5329320802 states checked.
Progress: 5337326007 states checked.
Progress: 5345321156 states checked.
Progress: 5353299586 states checked.
Progress: 5361288835 states checked.
Progress: 5369307234 states checked.
Progress: 5377305674 states checked.
Progress: 5385294856 states checked.
Progress: 5393302247 states checked.
Progress: 5401339474 states checked.
Progress: 5409350387 states checked.
Progress: 5417357211 states checked.
Progress: 5425383368 states checked.
Progress: 5433413571 states checked.
Progress: 5441455220 states checked.
Progress: 5449496189 states checked.
Progress: 5457522064 states checked.
Progress: 5465548991 states checked.
Progress: 5473548132 states checked.
Progress: 5481550641 states checked.
Progress: 5489547075 states checked.
Progress: 5497556023 states checked.
Progress: 5505591591 states checked.
Progress: 5513632642 states checked.
Progress: 5521664705 states checked.
Progress: 5529689982 states checked.
Progress: 5537664728 states checked.
Progress: 5545657699 states checked.
Progress: 5553684550 states checked.
Progress: 5561714561 states checked.
Progress: 5569719204 states checked.
Progress: 5577694784 states checked.
Progress: 5585678232 states checked.
Progress: 5593660375 states checked.
Progress: 5601631079 states checked.
Progress: 5609621060 states checked.
Progress: 5617614093 states checked.
Progress: 5625604533 states checked.
Progress: 5633603850 states checked.
Progress: 5641591766 states checked.
Progress: 5649568542 states checked.
Progress: 5657557986 states checked.
Progress: 5665564393 states checked.
Progress: 5673551912 states checked.
Progress: 5681540268 states checked.
Progress: 5689543061 states checked.
Progress: 5697532974 states checked.
Progress: 5705508270 states checked.
Progress: 5713500126 states checked.
Progress: 5721453062 states checked.
Progress: 5729419571 states checked.
Progress: 5737422348 states checked.
Progress: 5745381313 states checked.
Progress: 5753376415 states checked.
Progress: 5761350012 states checked.
Progress: 5769354048 states checked.
Progress: 5777344711 states checked.
Progress: 5785349203 states checked.
Progress: 5793357925 states checked.
Progress: 5801379776 states checked.
Progress: 5809372617 states checked.
Progress: 5817360633 states checked.
Progress: 5825359593 states checked.
Progress: 5833363783 states checked.
Progress: 5841379585 states checked.
Progress: 5849397828 states checked.
Progress: 5857421290 states checked.
Progress: 5865437590 states checked.
Progress: 5873448257 states checked.
Progress: 5881445172 states checked.
Progress: 5889455362 states checked.
Progress: 5897460044 states checked.
Progress: 5905467391 states checked.
Progress: 5913449919 states checked.
Progress: 5921458637 states checked.
Progress: 5929432739 states checked.
Progress: 5937420882 states checked.
Progress: 5945412026 states checked.
Progress: 5953408091 states checked.
Progress: 5961403982 states checked.
Progress: 5969374393 states checked.
Progress: 5977353403 states checked.
Progress: 5985351227 states checked.
Progress: 5993337636 states checked.
Progress: 6001338835 states checked.
Progress: 6009316907 states checked.
Progress: 6017314624 states checked.
Progress: 6025303406 states checked.
Progress: 6033308130 states checked.
Progress: 6041294353 states checked.
Progress: 6049278939 states checked.
Progress: 6057282586 states checked.
Progress: 6065246920 states checked.
Progress: 6073255403 states checked.
Progress: 6081263266 states checked.
Progress: 6089263638 states checked.
Progress: 6097269741 states checked.
Progress: 6105268125 states checked.
Progress: 6113272540 states checked.
Progress: 6121248676 states checked.
Progress: 6129254998 states checked.
Progress: 6137244054 states checked.
Progress: 6145225361 states checked.
Progress: 6153204814 states checked.
Progress: 6161194655 states checked.
Progress: 6169201745 states checked.
Progress: 6177201420 states checked.
Progress: 6185200514 states checked.
Progress: 6193216690 states checked.
Progress: 6201227800 states checked.
Progress: 6209259294 states checked.
Progress: 6217267852 states checked.
Progress: 6225296636 states checked.
Progress: 6233310784 states checked.
Progress: 6241328381 states checked.
Progress: 6249352589 states checked.
Progress: 6257370651 states checked.
Progress: 6265392939 states checked.
Progress: 6273419053 states checked.
Progress: 6281478155 states checked.
Progress: 6289525489 states checked.
Progress: 6297571352 states checked.
Progress: 6305612774 states checked.
Progress: 6313648449 states checked.
Progress: 6321678865 states checked.
Progress: 6329732954 states checked.
Progress: 6337761158 states checked.
Progress: 6345768799 states checked.
Progress: 6353802811 states checked.
Progress: 6361840393 states checked.
Progress: 6369867719 states checked.
Progress: 6377908845 states checked.
Progress: 6385920410 states checked.
Progress: 6393927359 states checked.
Progress: 6401952568 states checked.
Progress: 6409986035 states checked.
Progress: 6418018928 states checked.
Progress: 6426042774 states checked.
Progress: 6434085113 states checked.
Progress: 6442130618 states checked.
Progress: 6450173289 states checked.
Progress: 6458223476 states checked.
Progress: 6466260577 states checked.
Progress: 6474264890 states checked.
Progress: 6482249921 states checked.
Progress: 6490255729 states checked.
Progress: 6498282731 states checked.
Progress: 6506297486 states checked.
Progress: 6514333695 states checked.
Progress: 6522351090 states checked.
Progress: 6530352309 states checked.
Progress: 6538358741 states checked.
Progress: 6546372199 states checked.
Progress: 6554363812 states checked.
Progress: 6562318059 states checked.
Progress: 6570296921 states checked.
Progress: 6578320991 states checked.
Progress: 6586326231 states checked.
Progress: 6594331473 states checked.
Progress: 6602320445 states checked.
Progress: 6610301313 states checked.
Progress: 6618305025 states checked.
Progress: 6626308350 states checked.
Progress: 6634308506 states checked.
Progress: 6642290929 states checked.
Progress: 6650289059 states checked.
Progress: 6658306222 states checked.
Progress: 6666334756 states checked.
Progress: 6674364314 states checked.
Progress: 6682383324 states checked.
Progress: 6690391225 states checked.
Progress: 6698374695 states checked.
Progress: 6706389685 states checked.
Progress: 6714395421 states checked.
Progress: 6722377730 states checked.
Progress: 6730364728 states checked.
Progress: 6738374266 states checked.
Progress: 6746387176 states checked.
Progress: 6754410240 states checked.
Progress: 6762413661 states checked.
Progress: 6770415132 states checked.
Progress: 6778410785 states checked.
Progress: 6786407395 states checked.
Progress: 6794403359 states checked.
Progress: 6802397899 states checked.
Progress: 6810414585 states checked.
Progress: 6818438600 states checked.
Progress: 6826422310 states checked.
Progress: 6834421462 states checked.
Progress: 6842427707 states checked.
Progress: 6850425892 states checked.
Progress: 6858433355 states checked.
Progress: 6866453723 states checked.
Progress: 6874455926 states checked.
Progress: 6882474189 states checked.
Progress: 6890484687 states checked.
Progress: 6898490548 states checked.
Progress: 6906523240 states checked.
Progress: 6914546533 states checked.
Progress: 6922574538 states checked.
Progress: 6930604842 states checked.
Progress: 6938632622 states checked.
Progress: 6946632733 states checked.
Progress: 6954664068 states checked.
Progress: 6962681949 states checked.
Progress: 6970713816 states checked.
Progress: 6978734644 states checked.
Progress: 6986767599 states checked.
Progress: 6994791492 states checked.
Progress: 7002798965 states checked.
Progress: 7010813743 states checked.
Progress: 7018817043 states checked.
Progress: 7026813760 states checked.
Progress: 7034812780 states checked.
Progress: 7042784425 states checked.
Progress: 7050775847 states checked.
Progress: 7058768851 states checked.
Progress: 7066756195 states checked.
Progress: 7074763435 states checked.
Progress: 7082764316 states checked.
Progress: 7090761160 states checked.
Progress: 7098754837 states checked.
Progress: 7106755937 states checked.
Progress: 7114739515 states checked.
Progress: 7122746176 states checked.
Progress: 7130752304 states checked.
Progress: 7138736171 states checked.
Progress: 7146726624 states checked.
Progress: 7154695949 states checked.
Progress: 7162674904 states checked.
Progress: 7170666286 states checked.
Progress: 7178683153 states checked.
Progress: 7186698645 states checked.
Progress: 7194724580 states checked.
Progress: 7202765826 states checked.
Progress: 7210814914 states checked.
Progress: 7218863583 states checked.
Progress: 7226885092 states checked.
Progress: 7234900566 states checked.
Progress: 7242937452 states checked.
Progress: 7250974600 states checked.
Progress: 7258995649 states checked.
Progress: 7267033567 states checked.
Progress: 7275066541 states checked.
Progress: 7283090702 states checked.
Progress: 7291106603 states checked.
Progress: 7299130621 states checked.
Progress: 7307155812 states checked.
Progress: 7315193317 states checked.
Progress: 7323215293 states checked.
Progress: 7331266982 states checked.
Progress: 7339302541 states checked.
Progress: 7347327235 states checked.
Progress: 7355343978 states checked.
Progress: 7363367975 states checked.
Progress: 7371396686 states checked.
Progress: 7379421595 states checked.
Progress: 7387441796 states checked.
Progress: 7395471717 states checked.
Progress: 7403518320 states checked.
Progress: 7411566021 states checked.
Progress: 7419604964 states checked.
Progress: 7427639517 states checked.
Progress: 7435687738 states checked.
Progress: 7443725836 states checked.
Progress: 7451745148 states checked.
Progress: 7459754526 states checked.
Progress: 7467747769 states checked.
Progress: 7475728311 states checked.
Progress: 7483728866 states checked.
Progress: 7491730414 states checked.
Progress: 7499737063 states checked.
Progress: 7507744872 states checked.
Progress: 7515758678 states checked.
Progress: 7523760831 states checked.
Progress: 7531768458 states checked.
Progress: 7539775786 states checked.
Progress: 7547782883 states checked.
Progress: 7555799505 states checked.
Progress: 7563807835 states checked.
Progress: 7571819139 states checked.
Progress: 7579813141 states checked.
Progress: 7587811689 states checked.
Progress: 7595812711 states checked.
Progress: 7603816810 states checked.
Progress: 7611848236 states checked.
Progress: 7619889904 states checked.
Progress: 7627922409 states checked.
Progress: 7635962334 states checked.
Progress: 7644008755 states checked.
Progress: 7652046799 states checked.
Progress: 7660051579 states checked.
Progress: 7668073283 states checked.
Progress: 7676113449 states checked.
Progress: 7684147209 states checked.
Progress: 7692159921 states checked.
Progress: 7700167942 states checked.
Progress: 7708186962 states checked.
Progress: 7716205172 states checked.
Progress: 7724233403 states checked.
Progress: 7732252921 states checked.
Progress: 7740276451 states checked.
Progress: 7748292459 states checked.
Progress: 7756305588 states checked.
Progress: 7764311148 states checked.
Progress: 7772335571 states checked.
Progress: 7780357046 states checked.
Progress: 7788363300 states checked.
Progress: 7796362850 states checked.
Progress: 7804382258 states checked.
Progress: 7812409332 states checked.
Progress: 7820423631 states checked.
Progress: 7828431874 states checked.
Progress: 7836462358 states checked.
Progress: 7844486449 states checked.
Progress: 7852508020 states checked.
Progress: 7860552145 states checked.
Progress: 7868566809 states checked.
Progress: 7876579631 states checked.
Progress: 7884590483 states checked.
Progress: 7892592125 states checked.
Progress: 7900620023 states checked.
Progress: 7908661378 states checked.
Progress: 7916694844 states checked.
Progress: 7924725383 states checked.
Progress: 7932764046 states checked.
Progress: 7940787535 states checked.
Progress: 7948845033 states checked.
Progress: 7956891371 states checked.
Progress: 7964928707 states checked.
Progress: 7972959231 states checked.
Progress: 7980991757 states checked.
Progress: 7989011143 states checked.
Progress: 7997035024 states checked.
Progress: 8005068911 states checked.
Progress: 8013105889 states checked.
Progress: 8021146802 states checked.
Progress: 8029182293 states checked.
Progress: 8037201428 states checked.
Progress: 8045240634 states checked.
Progress: 8053266543 states checked.
Progress: 8061299595 states checked.
Progress: 8069323547 states checked.
Progress: 8077349801 states checked.
Progress: 8085372454 states checked.
Progress: 8093395257 states checked.
Progress: 8101447905 states checked.
Progress: 8109506664 states checked.
Progress: 8117567742 states checked.
Progress: 8125600721 states checked.
Progress: 8133636770 states checked.
Progress: 8141667636 states checked.
Progress: 8149694858 states checked.
Progress: 8157712305 states checked.
Progress: 8165723762 states checked.
Progress: 8173755483 states checked.
Progress: 8181773341 states checked.
Progress: 8189780439 states checked.
Progress: 8197802685 states checked.
Progress: 8205820158 states checked.
Progress: 8213851561 states checked.
Progress: 8221859188 states checked.
Progress: 8229881880 states checked.
Progress: 8237893951 states checked.
Progress: 8245912840 states checked.
Progress: 8253938104 states checked.
Progress: 8261911542 states checked.
Progress: 8269911284 states checked.
Progress: 8277906136 states checked.
Progress: 8285908806 states checked.
Progress: 8293923723 states checked.
Progress: 8301944551 states checked.
Progress: 8309957646 states checked.
Progress: 8317970100 states checked.
Progress: 8326005206 states checked.
Progress: 8334043429 states checked.
Progress: 8342074117 states checked.
Progress: 8350084991 states checked.
Progress: 8358086759 states checked.
Progress: 8366077498 states checked.
Progress: 8374067675 states checked.
Progress: 8382076267 states checked.
Progress: 8390105410 states checked.
Progress: 8398127721 states checked.
Progress: 8406167073 states checked.
Progress: 8414211803 states checked.
Progress: 8422241248 states checked.
Progress: 8430259579 states checked.
Progress: 8438286656 states checked.
Progress: 8446303949 states checked.
Progress: 8454330737 states checked.
Progress: 8462357224 states checked.
Progress: 8470382104 states checked.
Progress: 8478413904 states checked.
Progress: 8486438151 states checked.
Progress: 8494457303 states checked.
Progress: 8502447180 states checked.
Progress: 8510438136 states checked.
Progress: 8518425318 states checked.
Progress: 8526425019 states checked.
Progress: 8534437586 states checked.
Progress: 8542445152 states checked.
Progress: 8550485662 states checked.
Progress: 8558518459 states checked.
Progress: 8566565150 states checked.
Progress: 8574607261 states checked.
Progress: 8582616052 states checked.
Progress: 8590630382 states checked.
Progress: 8598666837 states checked.
Progress: 8606688888 states checked.
Progress: 8614712352 states checked.
Progress: 8622729709 states checked.
Progress: 8630759561 states checked.
Progress: 8638781637 states checked.
Progress: 8646781234 states checked.
Progress: 8654793994 states checked.
Progress: 8662815495 states checked.
Progress: 8670839704 states checked.
Progress: 8678861058 states checked.
Progress: 8686907171 states checked.
Progress: 8694929361 states checked.
Progress: 8702944768 states checked.
Progress: 8710948655 states checked.
Progress: 8718980758 states checked.
Progress: 8727010990 states checked.
Progress: 8735033582 states checked.
Progress: 8743049167 states checked.
Progress: 8751058213 states checked.
Progress: 8759071235 states checked.
Progress: 8767074305 states checked.
Progress: 8775081514 states checked.
Progress: 8783084513 states checked.
Progress: 8791088207 states checked.
Progress: 8799087276 states checked.
Progress: 8807070274 states checked.
Progress: 8815049319 states checked.
Progress: 8823046913 states checked.
Progress: 8831042696 states checked.
Progress: 8839054418 states checked.
Progress: 8847082080 states checked.
Progress: 8855092016 states checked.
Progress: 8863113821 states checked.
Progress: 8871119804 states checked.
Progress: 8879149340 states checked.
Progress: 8887127012 states checked.
Progress: 8895126888 states checked.
Progress: 8903147793 states checked.
Progress: 8911169406 states checked.
Progress: 8919194026 states checked.
Progress: 8927225022 states checked.
Progress: 8935281418 states checked.
Progress: 8943330176 states checked.
Progress: 8951329944 states checked.
Progress: 8959339904 states checked.
Progress: 8967365958 states checked.
Progress: 8975398797 states checked.
Progress: 8983448055 states checked.
Progress: 8991471192 states checked.
Progress: 8999469308 states checked.
Progress: 9007487817 states checked.
Progress: 9015489809 states checked.
Progress: 9023498144 states checked.
Progress: 9031524244 states checked.
Progress: 9039560561 states checked.
Progress: 9047570395 states checked.
Progress: 9055589731 states checked.
Progress: 9063598933 states checked.
Progress: 9071614396 states checked.
Progress: 9079652136 states checked.
Progress: 9087659462 states checked.
Progress: 9095684003 states checked.
Progress: 9103706856 states checked.
Progress: 9111740625 states checked.
Progress: 9119792565 states checked.
Progress: 9127824161 states checked.
Progress: 9135826139 states checked.
Progress: 9143836426 states checked.
Progress: 9151862093 states checked.
Progress: 9159883695 states checked.
Progress: 9167917940 states checked.
Progress: 9175917380 states checked.
Progress: 9183941316 states checked.
Progress: 9191963457 states checked.
Progress: 9200011971 states checked.
Progress: 9208046210 states checked.
Progress: 9216081968 states checked.
Progress: 9224139579 states checked.
Progress: 9232174796 states checked.
Progress: 9240226902 states checked.
Progress: 9248274235 states checked.
Progress: 9256329272 states checked.
Progress: 9264373936 states checked.
Progress: 9272432383 states checked.
Progress: 9280462354 states checked.
Progress: 9288477268 states checked.
Progress: 9296516448 states checked.
Progress: 9304552913 states checked.
Progress: 9312573858 states checked.
Progress: 9320599800 states checked.
Progress: 9328627099 states checked.
Progress: 9336636576 states checked.
Progress: 9344667806 states checked.
Progress: 9352658937 states checked.
Progress: 9360670402 states checked.
Progress: 9368704588 states checked.
Progress: 9376729179 states checked.
Progress: 9384770484 states checked.
Progress: 9392807562 states checked.
Progress: 9400845471 states checked.
Progress: 9408882490 states checked.
Progress: 9416920010 states checked.
Progress: 9424952636 states checked.
Progress: 9432981215 states checked.
Progress: 9441010841 states checked.
Progress: 9449024545 states checked.
Progress: 9457043732 states checked.
Progress: 9465074358 states checked.
Progress: 9473089998 states checked.
Progress: 9481110572 states checked.
Progress: 9489144545 states checked.
Progress: 9497180214 states checked.
Progress: 9505210544 states checked.
Progress: 9513227973 states checked.
Progress: 9521241532 states checked.
Progress: 9529257794 states checked.
Progress: 9537272533 states checked.
Progress: 9545295289 states checked.
Progress: 9553319228 states checked.
Progress: 9561334482 states checked.
Progress: 9569364326 states checked.
Progress: 9577398324 states checked.
Progress: 9585424190 states checked.
Progress: 9593444796 states checked.
Progress: 9601459330 states checked.
Progress: 9609517400 states checked.
Progress: 9617542219 states checked.
Progress: 9625565046 states checked.
Progress: 9633601407 states checked.
Progress: 9641623785 states checked.
Progress: 9649680565 states checked.
Progress: 9657744626 states checked.
Progress: 9665779819 states checked.
Progress: 9673813340 states checked.
Progress: 9681835437 states checked.
Progress: 9689868295 states checked.
Progress: 9697889705 states checked.
Progress: 9705924518 states checked.
Progress: 9713961964 states checked.
Progress: 9721984719 states checked.
Progress: 9730009800 states checked.
Progress: 9738034677 states checked.
Progress: 9746061699 states checked.
Progress: 9754089989 states checked.
Progress: 9762124964 states checked.
Progress: 9770166663 states checked.
Progress: 9778200493 states checked.
Progress: 9786233576 states checked.
Progress: 9794262937 states checked.
Progress: 9802304039 states checked.
Progress: 9810332286 states checked.
Progress: 9818340515 states checked.
Progress: 9826362718 states checked.
Progress: 9834394347 states checked.
Progress: 9842427208 states checked.
Progress: 9850454407 states checked.
Progress: 9858459438 states checked.
Progress: 9866498007 states checked.
Progress: 9874551703 states checked.
Progress: 9882601144 states checked.
Progress: 9890623262 states checked.
Progress: 9898606632 states checked.
Progress: 9906593590 states checked.
Progress: 9914629020 states checked.
Progress: 9922650469 states checked.
Progress: 9930667936 states checked.
Progress: 9938708430 states checked.
Progress: 9946728427 states checked.
Progress: 9954759681 states checked.
Progress: 9962796913 states checked.
Progress: 9970824100 states checked.
Progress: 9978848092 states checked.
Progress: 9986877879 states checked.
Progress: 9994909972 states checked.
Progress: 10002901486 states checked.
Progress: 10010889990 states checked.
Progress: 10018878917 states checked.
Progress: 10026882172 states checked.
Progress: 10034892602 states checked.
Progress: 10042913167 states checked.
Progress: 10050933085 states checked.
Progress: 10058965244 states checked.
Progress: 10067006049 states checked.
Progress: 10075019972 states checked.
Progress: 10083043619 states checked.
Progress: 10091062094 states checked.
Progress: 10099093833 states checked.
Progress: 10107109522 states checked.
Progress: 10115124502 states checked.
Progress: 10123155543 states checked.
Progress: 10131183786 states checked.
Progress: 10139213617 states checked.
Progress: 10147252872 states checked.
Progress: 10155277086 states checked.
Progress: 10163332586 states checked.
Progress: 10171382288 states checked.
Progress: 10179424817 states checked.
Progress: 10187469892 states checked.
Progress: 10195490598 states checked.
Progress: 10203522234 states checked.
Progress: 10211531460 states checked.
Progress: 10219550468 states checked.
Progress: 10227576836 states checked.
Progress: 10235579904 states checked.
Progress: 10243605596 states checked.
Progress: 10251634984 states checked.
Progress: 10259665542 states checked.
Progress: 10267703371 states checked.
Progress: 10275739668 states checked.
Progress: 10283778293 states checked.
Progress: 10291818042 states checked.
Progress: 10299843702 states checked.
Progress: 10307858308 states checked.
Progress: 10315869656 states checked.
Progress: 10323879068 states checked.
Progress: 10331895213 states checked.
Progress: 10339882124 states checked.
Progress: 10347875400 states checked.
Progress: 10355903830 states checked.
Progress: 10363962520 states checked.
Progress: 10372012650 states checked.
Progress: 10380058208 states checked.
Progress: 10388106150 states checked.
Progress: 10396162578 states checked.
Progress: 10404199465 states checked.
Progress: 10412243695 states checked.
Progress: 10420268636 states checked.
Progress: 10428283534 states checked.
Progress: 10436313277 states checked.
Progress: 10444342420 states checked.
Progress: 10452373243 states checked.
Progress: 10460400394 states checked.
Progress: 10468438258 states checked.
Progress: 10476456561 states checked.
Progress: 10484464111 states checked.
Progress: 10492448323 states checked.
Progress: 10500470306 states checked.
Progress: 10508501801 states checked.
Progress: 10516537942 states checked.
Progress: 10524565626 states checked.
Progress: 10532587700 states checked.
Progress: 10540602131 states checked.
Progress: 10548640062 states checked.
Progress: 10556670921 states checked.
Progress: 10564685886 states checked.
Progress: 10572718970 states checked.
Progress: 10580739701 states checked.
Progress: 10588757573 states checked.
Progress: 10596798776 states checked.
Progress: 10604830013 states checked.
Progress: 10612875047 states checked.
Progress: 10620912894 states checked.
Progress: 10628947777 states checked.
Progress: 10636969699 states checked.
Progress: 10644970756 states checked.
Progress: 10652999565 states checked.
Progress: 10661036247 states checked.
Progress: 10669072327 states checked.
Progress: 10677102914 states checked.
Progress: 10685127491 states checked.
Progress: 10693144987 states checked.
Progress: 10701179830 states checked.
Progress: 10709204777 states checked.
Progress: 10717200537 states checked.
Progress: 10725208422 states checked.
Progress: 10733211086 states checked.
Progress: 10741222983 states checked.
Progress: 10749258547 states checked.
Progress: 10757286725 states checked.
Progress: 10765297223 states checked.
Progress: 10773319664 states checked.
Progress: 10781339233 states checked.
Progress: 10789338342 states checked.
Progress: 10797342857 states checked.
Progress: 10805344034 states checked.
Progress: 10813363757 states checked.
Progress: 10821413177 states checked.
Progress: 10829443959 states checked.
Progress: 10837458330 states checked.
Progress: 10845457061 states checked.
Progress: 10853441683 states checked.
Progress: 10861388739 states checked.
Progress: 10869386706 states checked.
Progress: 10877405690 states checked.
Progress: 10885434427 states checked.
Progress: 10893452407 states checked.
Progress: 10901403560 states checked.
Progress: 10909393501 states checked.
Progress: 10917398557 states checked.
Progress: 10925413226 states checked.
Progress: 10933429403 states checked.
Progress: 10941412653 states checked.
Progress: 10949416561 states checked.
Progress: 10957417567 states checked.
Progress: 10965414944 states checked.
Progress: 10973427151 states checked.
Progress: 10981446314 states checked.
Progress: 10989448627 states checked.
Progress: 10997463691 states checked.
Progress: 11005456606 states checked.
Progress: 11013460228 states checked.
Progress: 11021460822 states checked.
Progress: 11029455883 states checked.
Progress: 11037478404 states checked.
Progress: 11045483164 states checked.
Progress: 11053499272 states checked.
Progress: 11061512398 states checked.
Progress: 11069512614 states checked.
Progress: 11077508598 states checked.
Progress: 11085523224 states checked.
Progress: 11093534444 states checked.
Progress: 11101543530 states checked.
Progress: 11109535726 states checked.
Progress: 11117522717 states checked.
Progress: 11125544026 states checked.
Progress: 11133564472 states checked.
Progress: 11141579468 states checked.
Progress: 11149606305 states checked.
Progress: 11157613161 states checked.
Progress: 11165627594 states checked.
Progress: 11173627594 states checked.
Progress: 11181643776 states checked.
Progress: 11189626932 states checked.
Progress: 11197622479 states checked.
Progress: 11205637315 states checked.
Progress: 11213636527 states checked.
Progress: 11221640183 states checked.
Progress: 11229647304 states checked.
Progress: 11237634296 states checked.
Progress: 11245649887 states checked.
Progress: 11253649286 states checked.
Progress: 11261643408 states checked.
Progress: 11269646897 states checked.
Progress: 11277639755 states checked.
Progress: 11285628544 states checked.
Progress: 11293621139 states checked.
Progress: 11301638598 states checked.
Progress: 11309658525 states checked.
Progress: 11317680448 states checked.
Progress: 11325677744 states checked.
Progress: 11333671588 states checked.
Progress: 11341660842 states checked.
Progress: 11349639987 states checked.
Progress: 11357584721 states checked.
Progress: 11365583238 states checked.
Progress: 11373588412 states checked.
Progress: 11381590177 states checked.
Progress: 11389579658 states checked.
Progress: 11397578598 states checked.
Progress: 11405531226 states checked.
Progress: 11413515877 states checked.
Progress: 11421493629 states checked.
Progress: 11429488812 states checked.
Progress: 11437486458 states checked.
Progress: 11445476302 states checked.
Progress: 11453473427 states checked.
Progress: 11461474304 states checked.
Progress: 11469473139 states checked.
Progress: 11477467100 states checked.
Progress: 11485457474 states checked.
Progress: 11493428793 states checked.
Progress: 11501404654 states checked.
Progress: 11509400324 states checked.
Progress: 11517411390 states checked.
Progress: 11525418372 states checked.
Progress: 11533419589 states checked.
Progress: 11541414199 states checked.
Progress: 11549412793 states checked.
Progress: 11557404815 states checked.
Progress: 11565399249 states checked.
Progress: 11573410961 states checked.
Progress: 11581410317 states checked.
Progress: 11589422114 states checked.
Progress: 11597417214 states checked.
Progress: 11605394819 states checked.
Progress: 11613409240 states checked.
Progress: 11621412283 states checked.
Progress: 11629425438 states checked.
Progress: 11637442486 states checked.
Progress: 11645454074 states checked.
Progress: 11653455992 states checked.
Progress: 11661485144 states checked.
Progress: 11669508764 states checked.
Progress: 11677545381 states checked.
Progress: 11685561149 states checked.
Progress: 11693589569 states checked.
Progress: 11701590587 states checked.
Progress: 11709592230 states checked.
Progress: 11717587267 states checked.
Progress: 11725581655 states checked.
Progress: 11733562110 states checked.
Progress: 11741561951 states checked.
Progress: 11749539776 states checked.
Progress: 11757528437 states checked.
Progress: 11765506033 states checked.
Progress: 11773511712 states checked.
Progress: 11781503211 states checked.
Progress: 11789483205 states checked.
Progress: 11797493604 states checked.
Progress: 11805503969 states checked.
Progress: 11813514666 states checked.
Progress: 11821517163 states checked.
Progress: 11829508294 states checked.
Progress: 11837475774 states checked.
Progress: 11845459946 states checked.
Progress: 11853437449 states checked.
Progress: 11861441383 states checked.
Progress: 11869423662 states checked.
Progress: 11877427938 states checked.
Progress: 11885414178 states checked.
Progress: 11893407271 states checked.
Progress: 11901414067 states checked.
Progress: 11909414280 states checked.
Progress: 11917407836 states checked.
Progress: 11925404750 states checked.
Progress: 11933362681 states checked.
Progress: 11941344266 states checked.
Progress: 11949326406 states checked.
Progress: 11957321511 states checked.
Progress: 11965295519 states checked.
Progress: 11973287011 states checked.
Progress: 11981286245 states checked.
Progress: 11989287596 states checked.
Progress: 11997262766 states checked.
Progress: 12005279391 states checked.
Progress: 12013274641 states checked.
Progress: 12021277762 states checked.
Progress: 12029251148 states checked.
Progress: 12037224918 states checked.
Progress: 12045205046 states checked.
Progress: 12053224281 states checked.
Progress: 12061229708 states checked.
Progress: 12069211985 states checked.
Progress: 12077176517 states checked.
Progress: 12085171730 states checked.
Progress: 12093173794 states checked.
Progress: 12101180158 states checked.
Progress: 12109175357 states checked.
Progress: 12117182479 states checked.
Progress: 12125185343 states checked.
Progress: 12133182410 states checked.
Progress: 12141201014 states checked.
Progress: 12149222370 states checked.
Progress: 12157237033 states checked.
Progress: 12165226470 states checked.
Progress: 12173214638 states checked.
Progress: 12181194468 states checked.
Progress: 12189168696 states checked.
Progress: 12197181568 states checked.
Progress: 12205167986 states checked.
Progress: 12213168383 states checked.
Progress: 12221146137 states checked.
Progress: 12229148402 states checked.
Progress: 12237129326 states checked.
Progress: 12245133881 states checked.
Progress: 12253132395 states checked.
Progress: 12261131585 states checked.
Progress: 12269099843 states checked.
Progress: 12277078386 states checked.
Progress: 12285061780 states checked.
Progress: 12293078519 states checked.
Progress: 12301079614 states checked.
Progress: 12309069432 states checked.
Progress: 12317064893 states checked.
Progress: 12325049703 states checked.
Progress: 12333053777 states checked.
Progress: 12341065695 states checked.
Progress: 12349056103 states checked.
Progress: 12357050637 states checked.
Progress: 12365022553 states checked.
Progress: 12373002023 states checked.
Progress: 12380997024 states checked.
Progress: 12389000330 states checked.
Progress: 12396975553 states checked.
Progress: 12404930216 states checked.
Progress: 12412923253 states checked.
Progress: 12420925141 states checked.
Progress: 12428906564 states checked.
Progress: 12436912513 states checked.
Progress: 12444895451 states checked.
Progress: 12452898906 states checked.
Progress: 12460891909 states checked.
Progress: 12468896289 states checked.
Progress: 12476901824 states checked.
Progress: 12484898083 states checked.
Progress: 12492910671 states checked.
Progress: 12500936096 states checked.
Progress: 12508944247 states checked.
Progress: 12516930501 states checked.
Progress: 12524928329 states checked.
Progress: 12532926699 states checked.
Progress: 12540925892 states checked.
Progress: 12548929237 states checked.
Progress: 12556934757 states checked.
Progress: 12564933942 states checked.
Progress: 12572923848 states checked.
Progress: 12580910076 states checked.
Progress: 12588910395 states checked.
Progress: 12596906475 states checked.
Progress: 12604882871 states checked.
Progress: 12612880939 states checked.
Progress: 12620879859 states checked.
Progress: 12628867877 states checked.
Progress: 12636852404 states checked.
Progress: 12644792476 states checked.
Progress: 12652810395 states checked.
Progress: 12660806218 states checked.
Progress: 12668795877 states checked.
Progress: 12676796023 states checked.
Progress: 12684790076 states checked.
Progress: 12692793683 states checked.
Progress: 12700786364 states checked.
Progress: 12708772975 states checked.
Progress: 12716764493 states checked.
Progress: 12724783001 states checked.
Progress: 12732804105 states checked.
Progress: 12740805421 states checked.
Progress: 12748811605 states checked.
Progress: 12756796574 states checked.
Progress: 12764779476 states checked.
Progress: 12772746581 states checked.
Progress: 12780739191 states checked.
Progress: 12788726442 states checked.
Progress: 12796723824 states checked.
Progress: 12804737961 states checked.
Progress: 12812755709 states checked.
Progress: 12820770723 states checked.
Progress: 12828801425 states checked.
Progress: 12836813584 states checked.
Progress: 12844829030 states checked.
Progress: 12852842757 states checked.
Progress: 12860856222 states checked.
Progress: 12868849256 states checked.
Progress: 12876850742 states checked.
Progress: 12884846125 states checked.
Progress: 12892843548 states checked.
Progress: 12900835554 states checked.
Progress: 12908848846 states checked.
Progress: 12916864176 states checked.
Progress: 12924843537 states checked.
Progress: 12932833902 states checked.
Progress: 12940840920 states checked.
Progress: 12948836987 states checked.
Progress: 12956825582 states checked.
Progress: 12964824312 states checked.
Progress: 12972816332 states checked.
Progress: 12980826931 states checked.
Progress: 12988845686 states checked.
Progress: 12996859950 states checked.
Progress: 13004863228 states checked.
Progress: 13012867011 states checked.
Progress: 13020875892 states checked.
Progress: 13028879518 states checked.
Progress: 13036876128 states checked.
Progress: 13044872936 states checked.
Progress: 13052878891 states checked.
Progress: 13060893655 states checked.
Progress: 13068909915 states checked.
Progress: 13076919394 states checked.
Progress: 13084930837 states checked.
Progress: 13092932089 states checked.
Progress: 13100943677 states checked.
Progress: 13108945972 states checked.
Progress: 13116962814 states checked.
Progress: 13124978742 states checked.
Progress: 13132999053 states checked.
Progress: 13141001325 states checked.
Progress: 13149008726 states checked.
Progress: 13157005248 states checked.
Progress: 13165010534 states checked.
Progress: 13173017601 states checked.
Progress: 13181023680 states checked.
Progress: 13189024026 states checked.
Progress: 13197023716 states checked.
Progress: 13205024897 states checked.
Progress: 13213046373 states checked.
Progress: 13221037160 states checked.
Progress: 13229033020 states checked.
Progress: 13237066042 states checked.
Progress: 13245088049 states checked.
Progress: 13253117123 states checked.
Progress: 13261130222 states checked.
Progress: 13269132847 states checked.
Progress: 13277133213 states checked.
Progress: 13285176456 states checked.
Progress: 13293217805 states checked.
Progress: 13301229059 states checked.
Progress: 13309260229 states checked.
Progress: 13317280550 states checked.
Progress: 13325302114 states checked.
Progress: 13333343225 states checked.
Progress: 13341367866 states checked.
Progress: 13349384766 states checked.
Progress: 13357405280 states checked.
Progress: 13365418761 states checked.
Progress: 13373438365 states checked.
Progress: 13381437649 states checked.
Progress: 13389447012 states checked.
Progress: 13397458641 states checked.
Progress: 13405460577 states checked.
Progress: 13413448171 states checked.
Progress: 13421436823 states checked.
Progress: 13429439871 states checked.
Progress: 13437429602 states checked.
Progress: 13445433125 states checked.
Progress: 13453400919 states checked.
Progress: 13461384851 states checked.
Progress: 13469387278 states checked.
Progress: 13477383542 states checked.
Progress: 13485385156 states checked.
Progress: 13493375300 states checked.
Progress: 13501370568 states checked.
Progress: 13509358330 states checked.
Progress: 13517334790 states checked.
Progress: 13525341752 states checked.
Progress: 13533347016 states checked.
Progress: 13541350056 states checked.
Progress: 13549344970 states checked.
Progress: 13557381795 states checked.
Progress: 13565389110 states checked.
Progress: 13573426309 states checked.
Progress: 13581442012 states checked.
Progress: 13589430309 states checked.
Progress: 13597449303 states checked.
Progress: 13605461483 states checked.
Progress: 13613466903 states checked.
Progress: 13621455222 states checked.
Progress: 13629461597 states checked.
Progress: 13637467240 states checked.
Progress: 13645501070 states checked.
Progress: 13653526638 states checked.
Progress: 13661541857 states checked.
Progress: 13669562970 states checked.
Progress: 13677579001 states checked.
Progress: 13685592858 states checked.
Progress: 13693600035 states checked.
Progress: 13701597971 states checked.
Progress: 13709618041 states checked.
Progress: 13717654100 states checked.
Progress: 13725675815 states checked.
Progress: 13733694656 states checked.
Progress: 13741693348 states checked.
Progress: 13749687776 states checked.
Progress: 13757698577 states checked.
Progress: 13765694269 states checked.
Progress: 13773708616 states checked.
Progress: 13781735628 states checked.
Progress: 13789764495 states checked.
Progress: 13797786834 states checked.
Progress: 13805796058 states checked.
Progress: 13813802463 states checked.
Progress: 13821816891 states checked.
Progress: 13829837866 states checked.
Progress: 13837816197 states checked.
Progress: 13845815152 states checked.
Progress: 13853826820 states checked.
Progress: 13861849888 states checked.
Progress: 13869851839 states checked.
Progress: 13877857541 states checked.
Progress: 13885857933 states checked.
Progress: 13893857904 states checked.
Progress: 13901857447 states checked.
Progress: 13909859846 states checked.
Progress: 13917865286 states checked.
Progress: 13925882874 states checked.
Progress: 13933902944 states checked.
Progress: 13941886192 states checked.
Progress: 13949897203 states checked.
Progress: 13957884501 states checked.
Progress: 13965887151 states checked.
Progress: 13973881037 states checked.
Progress: 13981880122 states checked.
Progress: 13989882401 states checked.
Progress: 13997881625 states checked.
Progress: 14005865047 states checked.
Progress: 14013854704 states checked.
Progress: 14021850258 states checked.
Progress: 14029850543 states checked.
Progress: 14037828842 states checked.
Progress: 14045840695 states checked.
Progress: 14053830248 states checked.
Progress: 14061804536 states checked.
Progress: 14069795580 states checked.
Progress: 14077787845 states checked.
Progress: 14085774957 states checked.
Progress: 14093784591 states checked.
Progress: 14101821208 states checked.
Progress: 14109830567 states checked.
Progress: 14117814946 states checked.
Progress: 14125803967 states checked.
Progress: 14133792297 states checked.
Progress: 14141808654 states checked.
Progress: 14149813407 states checked.
Progress: 14157812978 states checked.
Progress: 14165838377 states checked.
Progress: 14173852469 states checked.
Progress: 14181844690 states checked.
Progress: 14189865220 states checked.
Progress: 14197904802 states checked.
Progress: 14205921877 states checked.
Progress: 14213921747 states checked.
Progress: 14221919629 states checked.
Progress: 14229917512 states checked.
Progress: 14237912493 states checked.
Progress: 14245906012 states checked.
Progress: 14253891960 states checked.
Progress: 14261866710 states checked.
Progress: 14269853847 states checked.
Progress: 14277833127 states checked.
Progress: 14285847404 states checked.
Progress: 14293849183 states checked.
Progress: 14301844401 states checked.
Progress: 14309843334 states checked.
Progress: 14317840984 states checked.
Progress: 14325831271 states checked.
Progress: 14333849150 states checked.
Progress: 14341836531 states checked.
Progress: 14349823292 states checked.
Progress: 14357811073 states checked.
Progress: 14365837714 states checked.
Progress: 14373833854 states checked.
Progress: 14381845385 states checked.
Progress: 14389845517 states checked.
Progress: 14397829884 states checked.
Progress: 14405821447 states checked.
Progress: 14413805246 states checked.
Progress: 14421810035 states checked.
Progress: 14429807762 states checked.
Progress: 14437801651 states checked.
Progress: 14445806187 states checked.
Progress: 14453829586 states checked.
Progress: 14461829005 states checked.
Progress: 14469841328 states checked.
Progress: 14477839927 states checked.
Progress: 14485818868 states checked.
Progress: 14493812748 states checked.
Progress: 14501812152 states checked.
Progress: 14509797746 states checked.
Progress: 14517796664 states checked.
Progress: 14525780056 states checked.
Progress: 14533769347 states checked.
Progress: 14541781798 states checked.
Progress: 14549795219 states checked.
Progress: 14557826440 states checked.
Progress: 14565852018 states checked.
Progress: 14573859820 states checked.
Progress: 14581853374 states checked.
Progress: 14589845470 states checked.
Progress: 14597827216 states checked.
Progress: 14605837458 states checked.
Progress: 14613840174 states checked.
Progress: 14621830900 states checked.
Progress: 14629841173 states checked.
Progress: 14637840037 states checked.
Progress: 14645839604 states checked.
Progress: 14653817850 states checked.
Progress: 14661817344 states checked.
Progress: 14669817862 states checked.
Progress: 14677820377 states checked.
Progress: 14685823647 states checked.
Progress: 14693827098 states checked.
Progress: 14701821881 states checked.
Progress: 14709829009 states checked.
Progress: 14717819383 states checked.
Progress: 14725803842 states checked.
Progress: 14733829332 states checked.
Progress: 14741839728 states checked.
Progress: 14749831518 states checked.
Progress: 14757839134 states checked.
Progress: 14765861650 states checked.
Progress: 14773884406 states checked.
Progress: 14781889844 states checked.
Progress: 14789896159 states checked.
Progress: 14797899379 states checked.
Progress: 14805889546 states checked.
Progress: 14813896324 states checked.
Progress: 14821894536 states checked.
Progress: 14829898656 states checked.
Progress: 14837899453 states checked.
Progress: 14845898807 states checked.
Progress: 14853905662 states checked.
Progress: 14861929125 states checked.
Progress: 14869927445 states checked.
Progress: 14877940813 states checked.
Progress: 14885963077 states checked.
Progress: 14893972091 states checked.
Progress: 14901988110 states checked.
Progress: 14909985821 states checked.
Progress: 14917981176 states checked.
Progress: 14926013384 states checked.
Progress: 14934039293 states checked.
Progress: 14942045150 states checked.
Progress: 14950038598 states checked.
Progress: 14958039033 states checked.
Progress: 14966033841 states checked.
Progress: 14974040615 states checked.
Progress: 14982075468 states checked.
Progress: 14990068446 states checked.
Progress: 14998076092 states checked.
Progress: 15006091251 states checked.
Progress: 15014098725 states checked.
Progress: 15022093573 states checked.
Progress: 15030106225 states checked.
Progress: 15038110117 states checked.
Progress: 15046124903 states checked.
Progress: 15054113339 states checked.
Progress: 15062096349 states checked.
Progress: 15070082465 states checked.
Progress: 15078083347 states checked.
Progress: 15086104587 states checked.
Progress: 15094109455 states checked.
Progress: 15102128291 states checked.
Progress: 15110134799 states checked.
Progress: 15118113078 states checked.
Progress: 15126104834 states checked.
Progress: 15134084510 states checked.
Progress: 15142053269 states checked.
Progress: 15150040461 states checked.
Progress: 15158038810 states checked.
Progress: 15166015806 states checked.
Progress: 15174012646 states checked.
Progress: 15181993544 states checked.
Progress: 15189969889 states checked.
Progress: 15197951669 states checked.
Progress: 15205943625 states checked.
Progress: 15213933126 states checked.
Progress: 15221923911 states checked.
Progress: 15229922515 states checked.
Progress: 15237911315 states checked.
Progress: 15245902165 states checked.
Progress: 15253887636 states checked.
Progress: 15261859286 states checked.
Progress: 15269828384 states checked.
Progress: 15277812034 states checked.
Progress: 15285788754 states checked.
Progress: 15293797359 states checked.
Progress: 15301763352 states checked.
Progress: 15309755603 states checked.
Progress: 15317745862 states checked.
Progress: 15325734761 states checked.
Progress: 15333740795 states checked.
Progress: 15341741742 states checked.
Progress: 15349733826 states checked.
Progress: 15357730707 states checked.
Progress: 15365711973 states checked.
Progress: 15373732668 states checked.
Progress: 15381725678 states checked.
Progress: 15389708954 states checked.
Progress: 15397687295 states checked.
Progress: 15405682127 states checked.
Progress: 15413701583 states checked.
Progress: 15421705678 states checked.
Progress: 15429698516 states checked.
Progress: 15437697673 states checked.
Progress: 15445702464 states checked.
Progress: 15453724021 states checked.
Progress: 15461746924 states checked.
Progress: 15469769225 states checked.
Progress: 15477778398 states checked.
Progress: 15485780607 states checked.
Progress: 15493783983 states checked.
Progress: 15501780085 states checked.
Progress: 15509780404 states checked.
Progress: 15517759198 states checked.
Progress: 15525756094 states checked.
Progress: 15533755660 states checked.
Progress: 15541730313 states checked.
Progress: 15549719747 states checked.
Progress: 15557730334 states checked.
Progress: 15565770147 states checked.
Progress: 15573781223 states checked.
Progress: 15581799854 states checked.
Progress: 15589804093 states checked.
Progress: 15597817737 states checked.
Progress: 15605833065 states checked.
Progress: 15613828382 states checked.
Progress: 15621818734 states checked.
Progress: 15629823366 states checked.
Progress: 15637812993 states checked.
Progress: 15645813032 states checked.
Progress: 15653810897 states checked.
Progress: 15661799481 states checked.
Progress: 15669814732 states checked.
Progress: 15677808236 states checked.
Progress: 15685795662 states checked.
Progress: 15693758226 states checked.
Progress: 15701733298 states checked.
Progress: 15709729458 states checked.
Progress: 15717720443 states checked.
Progress: 15725726701 states checked.
Progress: 15733728062 states checked.
Progress: 15741716883 states checked.
Progress: 15749712105 states checked.
Progress: 15757717603 states checked.
Progress: 15765738905 states checked.
Progress: 15773747430 states checked.
Progress: 15781759934 states checked.
Progress: 15789765146 states checked.
Progress: 15797774429 states checked.
Progress: 15805779826 states checked.
Progress: 15813794703 states checked.
Progress: 15821827264 states checked.
Progress: 15829847392 states checked.
Progress: 15837870636 states checked.
Progress: 15845891435 states checked.
Progress: 15853906922 states checked.
Progress: 15861925199 states checked.
Progress: 15869942013 states checked.
Progress: 15877949197 states checked.
Progress: 15885950280 states checked.
Progress: 15893948338 states checked.
Progress: 15901952110 states checked.
Progress: 15909976641 states checked.
Progress: 15917964958 states checked.
Progress: 15925967724 states checked.
Progress: 15933958171 states checked.
Progress: 15941954710 states checked.
Progress: 15949959528 states checked.
Progress: 15957946142 states checked.
Progress: 15965937757 states checked.
Progress: 15973944050 states checked.
Progress: 15981932941 states checked.
Progress: 15989920746 states checked.
Progress: 15997939798 states checked.
Progress: 16005970114 states checked.
Progress: 16013998406 states checked.
Progress: 16022017322 states checked.
Progress: 16030025009 states checked.
Progress: 16038039395 states checked.
Progress: 16046046545 states checked.
Progress: 16054032772 states checked.
Progress: 16062042359 states checked.
Progress: 16070049281 states checked.
Progress: 16078059055 states checked.
Progress: 16086050355 states checked.
Progress: 16094052825 states checked.
Progress: 16102084527 states checked.
Progress: 16110106956 states checked.
Progress: 16118105322 states checked.
Progress: 16126090626 states checked.
Progress: 16134106440 states checked.
Progress: 16142113092 states checked.
Progress: 16150111282 states checked.
Progress: 16158123655 states checked.
Progress: 16166123076 states checked.
Progress: 16174131324 states checked.
Progress: 16182113322 states checked.
Progress: 16190092158 states checked.
Progress: 16198105822 states checked.
Progress: 16206114148 states checked.
Progress: 16214112819 states checked.
Progress: 16222116520 states checked.
Progress: 16230112335 states checked.
Progress: 16238096764 states checked.
Progress: 16246103262 states checked.
Progress: 16254102617 states checked.
Progress: 16262112251 states checked.
Progress: 16270119191 states checked.
Progress: 16278121992 states checked.
Progress: 16286117174 states checked.
Progress: 16294037405 states checked.
Progress: 16302010280 states checked.
Progress: 16309997216 states checked.
Progress: 16318007337 states checked.
Progress: 16326043028 states checked.
Progress: 16334053634 states checked.
Progress: 16342067958 states checked.
Progress: 16350093289 states checked.
Progress: 16358146852 states checked.
Progress: 16366189093 states checked.
Progress: 16374218243 states checked.
Progress: 16382248780 states checked.
Progress: 16390295894 states checked.
Progress: 16398320043 states checked.
Progress: 16406348288 states checked.
Progress: 16414389365 states checked.
Progress: 16422412332 states checked.
Progress: 16430457852 states checked.
Progress: 16438478590 states checked.
Progress: 16446522231 states checked.
Progress: 16454566584 states checked.
Progress: 16462594555 states checked.
Progress: 16470629999 states checked.
Progress: 16478661404 states checked.
Progress: 16486698420 states checked.
Progress: 16494738013 states checked.
Progress: 16502773160 states checked.
Progress: 16510815702 states checked.
Progress: 16518877115 states checked.
Progress: 16526924430 states checked.
Progress: 16534968332 states checked.
Progress: 16543004198 states checked.
Progress: 16551045027 states checked.
Progress: 16559085793 states checked.
Progress: 16567128349 states checked.
Progress: 16575168462 states checked.
Progress: 16583180094 states checked.
Progress: 16591212749 states checked.
Progress: 16599254113 states checked.
Progress: 16607265817 states checked.
Progress: 16615277163 states checked.
Progress: 16623300562 states checked.
Progress: 16631329253 states checked.
Progress: 16639343400 states checked.
Progress: 16647372007 states checked.
Progress: 16655385094 states checked.
Progress: 16663421605 states checked.
Progress: 16671424935 states checked.
Progress: 16679456215 states checked.
Progress: 16687490985 states checked.
Progress: 16695498202 states checked.
Progress: 16703498105 states checked.
Progress: 16711499913 states checked.
Progress: 16719539882 states checked.
Progress: 16727558176 states checked.
Progress: 16735564083 states checked.
Progress: 16743596885 states checked.
Progress: 16751637381 states checked.
Progress: 16759665105 states checked.
Progress: 16767705493 states checked.
Progress: 16775737495 states checked.
Progress: 16783762305 states checked.
Progress: 16791797620 states checked.
Progress: 16799833818 states checked.
Progress: 16807873608 states checked.
Progress: 16815912247 states checked.
Progress: 16823953413 states checked.
Progress: 16832005079 states checked.
Progress: 16840021491 states checked.
Progress: 16848057977 states checked.
Progress: 16856089309 states checked.
Progress: 16864137633 states checked.
Progress: 16872156435 states checked.
Progress: 16880188617 states checked.
Progress: 16888229239 states checked.
Progress: 16896272472 states checked.
Progress: 16904324038 states checked.
Progress: 16912359748 states checked.
Progress: 16920388683 states checked.
Progress: 16928403475 states checked.
Progress: 16936434601 states checked.
Progress: 16944453823 states checked.
Progress: 16952484056 states checked.
Progress: 16960531672 states checked.
Progress: 16968582090 states checked.
Progress: 16976609142 states checked.
Progress: 16984618473 states checked.
Progress: 16992650946 states checked.
Progress: 17000671320 states checked.
Progress: 17008697571 states checked.
Progress: 17016751685 states checked.
Progress: 17024806403 states checked.
Progress: 17032862899 states checked.
Progress: 17040898213 states checked.
Progress: 17048942369 states checked.
Progress: 17056983416 states checked.
Progress: 17065003485 states checked.
Progress: 17073008762 states checked.
Progress: 17081034518 states checked.
Progress: 17089074492 states checked.
Progress: 17097115312 states checked.
Progress: 17105150493 states checked.
Progress: 17113188653 states checked.
Progress: 17121247325 states checked.
Progress: 17129269823 states checked.
Progress: 17137285966 states checked.
Progress: 17145302254 states checked.
Progress: 17153319882 states checked.
Progress: 17161379059 states checked.
Progress: 17169404644 states checked.
Progress: 17177428255 states checked.
Progress: 17185461717 states checked.
Progress: 17193477260 states checked.
Progress: 17201490275 states checked.
Progress: 17209506774 states checked.
Progress: 17217542694 states checked.
Progress: 17225564224 states checked.
Progress: 17233611691 states checked.
Progress: 17241646981 states checked.
Progress: 17249673579 states checked.
Progress: 17257710846 states checked.
Progress: 17265784966 states checked.
Progress: 17273844757 states checked.
Progress: 17281880458 states checked.
Progress: 17289944264 states checked.
Progress: 17298005297 states checked.
Progress: 17306060019 states checked.
Progress: 17314090974 states checked.
Progress: 17322135707 states checked.
Progress: 17330171497 states checked.
Progress: 17338233645 states checked.
Progress: 17346269145 states checked.
Progress: 17354311387 states checked.
Progress: 17362353045 states checked.
Progress: 17370407848 states checked.
Progress: 17378436353 states checked.
Progress: 17386497862 states checked.
Progress: 17394546495 states checked.
Progress: 17402595639 states checked.
Progress: 17410650985 states checked.
Progress: 17418702246 states checked.
Progress: 17426759239 states checked.
Progress: 17434810143 states checked.
Progress: 17442847616 states checked.
Progress: 17450902606 states checked.
Progress: 17458932492 states checked.
Progress: 17466949660 states checked.
Progress: 17474982125 states checked.
Progress: 17483020511 states checked.
Progress: 17491054582 states checked.
Progress: 17499105628 states checked.
Progress: 17507151910 states checked.
Progress: 17515189067 states checked.
Progress: 17523220019 states checked.
Progress: 17531262767 states checked.
Progress: 17539334609 states checked.
Progress: 17547390075 states checked.
Progress: 17555433952 states checked.
Progress: 17563478494 states checked.
Progress: 17571519550 states checked.
Progress: 17579530456 states checked.
Progress: 17587558287 states checked.
Progress: 17595599960 states checked.
Progress: 17603646651 states checked.
Progress: 17611685765 states checked.
Progress: 17619715508 states checked.
Progress: 17627760985 states checked.
Progress: 17635785626 states checked.
Progress: 17643835081 states checked.
Progress: 17651875767 states checked.
Progress: 17659928251 states checked.
Progress: 17667994136 states checked.
Progress: 17676047645 states checked.
Progress: 17684106594 states checked.
Progress: 17692152765 states checked.
Progress: 17700192828 states checked.
Progress: 17708230370 states checked.
Progress: 17716281734 states checked.
Progress: 17724334996 states checked.
Progress: 17732372070 states checked.
Progress: 17740411388 states checked.
Progress: 17748435654 states checked.
Progress: 17756461774 states checked.
Progress: 17764510510 states checked.
Progress: 17772555583 states checked.
Progress: 17780579899 states checked.
Progress: 17788604478 states checked.
Progress: 17796624609 states checked.
Progress: 17804648502 states checked.
Progress: 17812679616 states checked.
Progress: 17820720645 states checked.
Progress: 17828778920 states checked.
Progress: 17836836362 states checked.
Progress: 17844913566 states checked.
Progress: 17852968229 states checked.
Progress: 17861010633 states checked.
Progress: 17869061763 states checked.
Progress: 17877105276 states checked.
Progress: 17885147044 states checked.
Progress: 17893202070 states checked.
Progress: 17901261761 states checked.
Progress: 17909316017 states checked.
Progress: 17917354996 states checked.
Progress: 17925383772 states checked.
Progress: 17933425196 states checked.
Progress: 17941463112 states checked.
Progress: 17949491526 states checked.
Progress: 17957543037 states checked.
Progress: 17965572090 states checked.
Progress: 17973601273 states checked.
Progress: 17981636716 states checked.
Progress: 17989678352 states checked.
Progress: 17997729308 states checked.
Progress: 18005757854 states checked.
Progress: 18013783202 states checked.
Progress: 18021823681 states checked.
Progress: 18029852376 states checked.
Progress: 18037875817 states checked.
Progress: 18045920938 states checked.
Progress: 18053966902 states checked.
Progress: 18062024680 states checked.
Progress: 18070053033 states checked.
Progress: 18078080852 states checked.
Progress: 18086115253 states checked.
Progress: 18094166817 states checked.
Progress: 18102215167 states checked.
Progress: 18110249980 states checked.
Progress: 18118293271 states checked.
Progress: 18126325711 states checked.
Progress: 18134365864 states checked.
Progress: 18142413587 states checked.
Progress: 18150453191 states checked.
Progress: 18158510355 states checked.
Progress: 18166552940 states checked.
Progress: 18174606842 states checked.
Progress: 18182651915 states checked.
Progress: 18190706649 states checked.
Progress: 18198759693 states checked.
Progress: 18206809809 states checked.
Progress: 18214849572 states checked.
Progress: 18222891888 states checked.
Progress: 18230930119 states checked.
Progress: 18238959801 states checked.
Progress: 18247007254 states checked.
Progress: 18255062661 states checked.
Progress: 18263100912 states checked.
Progress: 18271122041 states checked.
Progress: 18279136015 states checked.
Progress: 18287165162 states checked.
Progress: 18295199813 states checked.
Progress: 18303231802 states checked.
Progress: 18311242987 states checked.
Progress: 18319280661 states checked.
Progress: 18327318567 states checked.
Progress: 18335368102 states checked.
Progress: 18343407111 states checked.
Progress: 18351457843 states checked.
Progress: 18359514618 states checked.
Progress: 18367581021 states checked.
Progress: 18375644866 states checked.
Progress: 18383696318 states checked.
Progress: 18391744018 states checked.
Progress: 18399782837 states checked.
Progress: 18407826381 states checked.
Progress: 18415860858 states checked.
Progress: 18423923055 states checked.
Progress: 18431958833 states checked.
Progress: 18439995447 states checked.
Progress: 18448053570 states checked.
Progress: 18456107229 states checked.
Progress: 18464147127 states checked.
Progress: 18472176877 states checked.
Progress: 18480223785 states checked.
Progress: 18488260573 states checked.
Progress: 18496306868 states checked.
Progress: 18504360913 states checked.
Progress: 18512422237 states checked.
Progress: 18520465833 states checked.
Progress: 18528499463 states checked.
Progress: 18536546736 states checked.
Progress: 18544570150 states checked.
Progress: 18552607272 states checked.
Progress: 18560640707 states checked.
Progress: 18568676624 states checked.
Progress: 18576724384 states checked.
Progress: 18584777565 states checked.
Progress: 18592835390 states checked.
Progress: 18600890406 states checked.
Progress: 18608934957 states checked.
Progress: 18616974135 states checked.
Progress: 18625008592 states checked.
Progress: 18633074291 states checked.
Progress: 18641127312 states checked.
Progress: 18649160255 states checked.
Progress: 18657211378 states checked.
Progress: 18665235775 states checked.
Progress: 18673234644 states checked.
Progress: 18681268934 states checked.
Progress: 18689302270 states checked.
Progress: 18697295628 states checked.
Progress: 18705282402 states checked.
Progress: 18713246138 states checked.
Progress: 18721205430 states checked.
Progress: 18729203500 states checked.
Progress: 18737224598 states checked.
Progress: 18745261728 states checked.
Progress: 18753309271 states checked.
Progress: 18761351956 states checked.
Progress: 18769404711 states checked.
Progress: 18777453854 states checked.
Progress: 18785488520 states checked.
Progress: 18793539683 states checked.
Progress: 18801551757 states checked.
Progress: 18809574107 states checked.
Progress: 18817610987 states checked.
Progress: 18825632074 states checked.
Progress: 18833676058 states checked.
Progress: 18841713131 states checked.
Progress: 18849741438 states checked.
Progress: 18857770213 states checked.
Progress: 18865791559 states checked.
Progress: 18873822357 states checked.
Progress: 18881868759 states checked.
Progress: 18889915343 states checked.
Progress: 18897948870 states checked.
Progress: 18905990189 states checked.
Progress: 18914042811 states checked.
Progress: 18922094068 states checked.
Progress: 18930157876 states checked.
Progress: 18938222183 states checked.
Progress: 18946274536 states checked.
Progress: 18954316725 states checked.
Progress: 18962351478 states checked.
Progress: 18970406741 states checked.
Progress: 18978431279 states checked.
Progress: 18986480621 states checked.
Progress: 18994507546 states checked.
Progress: 19002533566 states checked.
Progress: 19010574717 states checked.
Progress: 19018629801 states checked.
Progress: 19026663707 states checked.
Progress: 19034741648 states checked.
Progress: 19042800997 states checked.
Progress: 19050867714 states checked.
Progress: 19058931475 states checked.
Progress: 19067004880 states checked.
Progress: 19075060512 states checked.
Progress: 19083121050 states checked.
Progress: 19091175194 states checked.
Progress: 19099229975 states checked.
Progress: 19107270680 states checked.
Progress: 19115330482 states checked.
Progress: 19123390038 states checked.
Progress: 19131441602 states checked.
Progress: 19139472953 states checked.
Progress: 19147496328 states checked.
Progress: 19155552690 states checked.
Progress: 19163595972 states checked.
Progress: 19171631965 states checked.
Progress: 19179676768 states checked.
Progress: 19187716321 states checked.
Progress: 19195750317 states checked.
Progress: 19203786278 states checked.
Progress: 19211816384 states checked.
Progress: 19219867690 states checked.
Progress: 19227913781 states checked.
Progress: 19235959967 states checked.
Progress: 19243990027 states checked.
Progress: 19252028067 states checked.
Progress: 19260069049 states checked.
Progress: 19268094366 states checked.
Progress: 19276121484 states checked.
Progress: 19284163872 states checked.
Progress: 19292204675 states checked.
Progress: 19300230642 states checked.
Progress: 19308266902 states checked.
Progress: 19316307852 states checked.
Progress: 19324330978 states checked.
Progress: 19332355072 states checked.
Progress: 19340391243 states checked.
Progress: 19348409007 states checked.
Progress: 19356436687 states checked.
Progress: 19364458322 states checked.
Progress: 19372502562 states checked.
Progress: 19380528308 states checked.
Progress: 19388549046 states checked.
Progress: 19396596937 states checked.
Progress: 19404608823 states checked.
Progress: 19412611702 states checked.
Progress: 19420652718 states checked.
Progress: 19428683677 states checked.
Progress: 19436689882 states checked.
Progress: 19444713146 states checked.
Progress: 19452749502 states checked.
Progress: 19460791334 states checked.
Progress: 19468848593 states checked.
Progress: 19476902054 states checked.
Progress: 19484936748 states checked.
Progress: 19492949055 states checked.
Progress: 19500984300 states checked.
Progress: 19509020886 states checked.
Progress: 19517058078 states checked.
Progress: 19525097080 states checked.
Progress: 19533138299 states checked.
Progress: 19541178793 states checked.
Progress: 19549208527 states checked.
Progress: 19557225434 states checked.
Progress: 19565255431 states checked.
Progress: 19573293738 states checked.
Progress: 19581324008 states checked.
Progress: 19589370206 states checked.
Progress: 19597407329 states checked.
Progress: 19605455265 states checked.
Progress: 19613505318 states checked.
Progress: 19621553309 states checked.
Progress: 19629603837 states checked.
Progress: 19637637926 states checked.
Progress: 19645669779 states checked.
Progress: 19653700559 states checked.
Progress: 19661749213 states checked.
Progress: 19669798372 states checked.
Progress: 19677831420 states checked.
Progress: 19685872060 states checked.
Progress: 19693915112 states checked.
Progress: 19701964632 states checked.
Progress: 19710002934 states checked.
Progress: 19718047288 states checked.
Progress: 19726105268 states checked.
Progress: 19734154763 states checked.
Progress: 19742227444 states checked.
Progress: 19750292212 states checked.
Progress: 19758326980 states checked.
Progress: 19766353734 states checked.
Progress: 19774377295 states checked.
Progress: 19782404377 states checked.
Progress: 19790441215 states checked.
Progress: 19798468521 states checked.
Progress: 19806534328 states checked.
Progress: 19814568324 states checked.
Progress: 19822603135 states checked.
Progress: 19830635877 states checked.
Progress: 19838669762 states checked.
Progress: 19846708050 states checked.
Progress: 19854735908 states checked.
Progress: 19862762005 states checked.
Progress: 19870787177 states checked.
Progress: 19878814901 states checked.
Progress: 19886829104 states checked.
Progress: 19894865855 states checked.
Progress: 19902879049 states checked.
Progress: 19910904987 states checked.
Progress: 19918937444 states checked.
Progress: 19926960107 states checked.
Progress: 19934988335 states checked.
Progress: 19943032992 states checked.
Progress: 19951078366 states checked.
Progress: 19959125076 states checked.
Progress: 19967157545 states checked.
Progress: 19975209340 states checked.
Progress: 19983264852 states checked.
Progress: 19991301853 states checked.
Progress: 19999335847 states checked.
Progress: 20007355986 states checked.
Progress: 20015377349 states checked.
Progress: 20023406174 states checked.
Progress: 20031438448 states checked.
Progress: 20039471540 states checked.
Progress: 20047512895 states checked.
Progress: 20055515565 states checked.
Progress: 20063549864 states checked.
Progress: 20071608129 states checked.
Progress: 20079646831 states checked.
Progress: 20087702660 states checked.
Progress: 20095717808 states checked.
Progress: 20103750718 states checked.
Progress: 20111788245 states checked.
Progress: 20119850361 states checked.
Progress: 20127881907 states checked.
Progress: 20135908647 states checked.
Progress: 20143944889 states checked.
Progress: 20151987352 states checked.
Progress: 20160026411 states checked.
Progress: 20168079673 states checked.
Progress: 20176113930 states checked.
Progress: 20184136591 states checked.
Progress: 20192171181 states checked.
Progress: 20200227897 states checked.
Progress: 20208284684 states checked.
Progress: 20216324547 states checked.
Progress: 20224376272 states checked.
Progress: 20232410258 states checked.
Progress: 20240467723 states checked.
Progress: 20248513769 states checked.
Progress: 20256536609 states checked.
Progress: 20264597443 states checked.
Progress: 20272654851 states checked.
Progress: 20280722205 states checked.
Progress: 20288789047 states checked.
Progress: 20296825617 states checked.
Progress: 20304875794 states checked.
Progress: 20312921966 states checked.
Progress: 20320986555 states checked.
Progress: 20329048116 states checked.
Progress: 20337093900 states checked.
Progress: 20345139800 states checked.
Progress: 20353174036 states checked.
Progress: 20361211949 states checked.
Progress: 20369255951 states checked.
Progress: 20377291614 states checked.
Progress: 20385319163 states checked.
Progress: 20393348856 states checked.
Progress: 20401377449 states checked.
Progress: 20409412194 states checked.
Progress: 20417444113 states checked.
Progress: 20425467377 states checked.
Progress: 20433524329 states checked.
Progress: 20441548630 states checked.
Progress: 20449565358 states checked.
Progress: 20457610990 states checked.
Progress: 20465679914 states checked.
Progress: 20473731470 states checked.
Progress: 20481762997 states checked.
Progress: 20489816125 states checked.
Progress: 20497849711 states checked.
Progress: 20505881061 states checked.
Progress: 20513936696 states checked.
Progress: 20521958273 states checked.
Progress: 20529996340 states checked.
Progress: 20538034626 states checked.
Progress: 20546077229 states checked.
Progress: 20554126872 states checked.
Progress: 20562194355 states checked.
Progress: 20570253523 states checked.
Progress: 20578313620 states checked.
Progress: 20586365036 states checked.
Progress: 20594410524 states checked.
Progress: 20602462078 states checked.
Progress: 20610504212 states checked.
Progress: 20618531339 states checked.
Progress: 20626589809 states checked.
Progress: 20634641492 states checked.
Progress: 20642712283 states checked.
Progress: 20650764404 states checked.
Progress: 20658809303 states checked.
Progress: 20666853294 states checked.
Progress: 20674895088 states checked.
Progress: 20682947297 states checked.
Progress: 20690999874 states checked.
Progress: 20699067679 states checked.
Progress: 20707108644 states checked.
Progress: 20715134683 states checked.
Progress: 20723161956 states checked.
Progress: 20731184467 states checked.
Progress: 20739223490 states checked.
Progress: 20747254579 states checked.
Progress: 20755290769 states checked.
Progress: 20763321118 states checked.
Progress: 20771348591 states checked.
Progress: 20779404076 states checked.
Progress: 20787448604 states checked.
Progress: 20795550869 states checked.
Progress: 20803648362 states checked.
Progress: 20811700738 states checked.
Progress: 20819784731 states checked.
Progress: 20827858708 states checked.
Progress: 20835944873 states checked.
Progress: 20843997561 states checked.
Progress: 20852063883 states checked.
Progress: 20860157896 states checked.
Progress: 20868263983 states checked.
Progress: 20876339222 states checked.
Progress: 20884396272 states checked.
Progress: 20892461277 states checked.
Progress: 20900530929 states checked.
Progress: 20908587044 states checked.
Progress: 20916630471 states checked.
Progress: 20924701248 states checked.
Progress: 20932775567 states checked.
Progress: 20940832433 states checked.
Progress: 20948901728 states checked.
Progress: 20956980408 states checked.
Progress: 20965047378 states checked.
Progress: 20973080645 states checked.
Progress: 20981128828 states checked.
Progress: 20989219677 states checked.
Progress: 20997288704 states checked.
Progress: 21005351155 states checked.
Progress: 21013402166 states checked.
Progress: 21021471854 states checked.
Progress: 21029536374 states checked.
Progress: 21037593385 states checked.
Progress: 21045639627 states checked.
Progress: 21053706519 states checked.
Progress: 21061765453 states checked.
Progress: 21069841150 states checked.
Progress: 21077903135 states checked.
Progress: 21085974293 states checked.
Progress: 21094038028 states checked.
Progress: 21102116314 states checked.
Progress: 21110187671 states checked.
Progress: 21118251527 states checked.
Progress: 21126302534 states checked.
Progress: 21134362806 states checked.
Progress: 21142418014 states checked.
Progress: 21150477029 states checked.
Progress: 21158529571 states checked.
Progress: 21166536798 states checked.
Progress: 21174534087 states checked.
Progress: 21182548274 states checked.
Progress: 21190584621 states checked.
Progress: 21198668138 states checked.
Progress: 21206718624 states checked.
Progress: 21214793480 states checked.
Progress: 21222840819 states checked.
Progress: 21230885319 states checked.
Progress: 21238951143 states checked.
Progress: 21246982663 states checked.
Progress: 21255028759 states checked.
Progress: 21263087613 states checked.
Progress: 21271146337 states checked.
Progress: 21279218281 states checked.
Progress: 21287252610 states checked.
Progress: 21295278305 states checked.
Progress: 21303348846 states checked.
Progress: 21311417389 states checked.
Progress: 21319491996 states checked.
Progress: 21327561778 states checked.
Progress: 21335633760 states checked.
Progress: 21343693691 states checked.
Progress: 21351760267 states checked.
Progress: 21359835616 states checked.
Progress: 21367901709 states checked.
Progress: 21375927735 states checked.
Progress: 21383951660 states checked.
Progress: 21391984792 states checked.
Progress: 21399997219 states checked.
Progress: 21408031232 states checked.
Progress: 21416085529 states checked.
Progress: 21424105504 states checked.
Progress: 21432113080 states checked.
Progress: 21440156884 states checked.
Progress: 21448210309 states checked.
Progress: 21456287656 states checked.
Progress: 21464335559 states checked.
Progress: 21472378746 states checked.
Progress: 21480423772 states checked.
Progress: 21488489232 states checked.
Progress: 21496529433 states checked.
Progress: 21504544006 states checked.
Progress: 21512577410 states checked.
Progress: 21520600103 states checked.
Progress: 21528640614 states checked.
Progress: 21536648812 states checked.
Progress: 21544665449 states checked.
Progress: 21552687315 states checked.
Progress: 21560744170 states checked.
Progress: 21568803642 states checked.
Progress: 21576875180 states checked.
Progress: 21584930214 states checked.
Progress: 21592984747 states checked.
Progress: 21601041428 states checked.
Progress: 21609103028 states checked.
Progress: 21617144185 states checked.
Progress: 21625184779 states checked.
Progress: 21633240468 states checked.
Progress: 21641294773 states checked.
Progress: 21649353756 states checked.
Progress: 21657413051 states checked.
Progress: 21665451585 states checked.
Progress: 21673498201 states checked.
Progress: 21681543408 states checked.
Progress: 21689588913 states checked.
Progress: 21697614328 states checked.
Progress: 21705636617 states checked.
Progress: 21713644356 states checked.
Progress: 21721704869 states checked.
Progress: 21729761655 states checked.
Progress: 21737807766 states checked.
Progress: 21745866983 states checked.
Progress: 21753870753 states checked.
Progress: 21761896787 states checked.
Progress: 21769966718 states checked.
Progress: 21778050117 states checked.
Progress: 21786115227 states checked.
Progress: 21794165417 states checked.
Progress: 21802198157 states checked.
Progress: 21810257236 states checked.
Progress: 21818294478 states checked.
Progress: 21826333998 states checked.
Progress: 21834385027 states checked.
Progress: 21842431144 states checked.
Progress: 21850492335 states checked.
Progress: 21858558431 states checked.
Progress: 21866593369 states checked.
Progress: 21874642674 states checked.
Progress: 21882705375 states checked.
Progress: 21890777510 states checked.
Progress: 21898814749 states checked.
Progress: 21906852600 states checked.
Progress: 21914907577 states checked.
Progress: 21922959772 states checked.
Progress: 21931005918 states checked.
Progress: 21939061355 states checked.
Progress: 21947118339 states checked.
Progress: 21955160501 states checked.
Progress: 21963214270 states checked.
Progress: 21971267180 states checked.
Progress: 21979304389 states checked.
Progress: 21987371299 states checked.
Progress: 21995390295 states checked.
Progress: 22003400980 states checked.
Progress: 22011418197 states checked.
Progress: 22019455691 states checked.
Progress: 22027502298 states checked.
Progress: 22035566414 states checked.
Progress: 22043621387 states checked.
Progress: 22051692564 states checked.
Progress: 22059748324 states checked.
Progress: 22067785388 states checked.
Progress: 22075842887 states checked.
Progress: 22083858153 states checked.
Progress: 22091872306 states checked.
Progress: 22099917552 states checked.
Progress: 22107972616 states checked.
Progress: 22116038311 states checked.
Progress: 22124093284 states checked.
Progress: 22132126490 states checked.
Progress: 22140168718 states checked.
Progress: 22148221730 states checked.
Progress: 22156240673 states checked.
Progress: 22164272552 states checked.
Progress: 22172317639 states checked.
Progress: 22180358612 states checked.
Progress: 22188403708 states checked.
Progress: 22196455128 states checked.
Progress: 22204482519 states checked.
