TLC2 Version 2.19 of 08 August 2024 (rev: 5a47802)
Warning: Please run the Java VM which executes TLC with a throughput optimized garbage collector by passing the "-XX:+UseParallelGC" property.
(Use the -nowarning option to disable this warning.)
Running Random Simulation with seed 6747003158431932073 with 20 workers on 72 cores with 30208MB heap and 64MB offheap memory [pid: 376035] (Linux 6.12.69+deb13-cloud-amd64 amd64, Debian 21.0.10 x86_64).
Parsing file /home/alexandre.siret/AccordTLASpec/SpecAccord/RecoveryAndCommitSpec/AccordSpec.tla
Parsing file /tmp/TLC.tla
Parsing file /tmp/Naturals.tla
Parsing file /tmp/Sequences.tla
Parsing file /tmp/FiniteSets.tla
Semantic processing of module Naturals
Semantic processing of module Sequences
Semantic processing of module FiniteSets
Semantic processing of module TLC
Semantic processing of module AccordSpec
Starting... (2026-03-30 10:45:48)
Computed 1 initial states...
Progress: 13957856 states checked.
Progress: 28327333 states checked.
Progress: 42708112 states checked.
Progress: 57097554 states checked.
Progress: 71467829 states checked.
Progress: 85902833 states checked.
Progress: 100347120 states checked.
Progress: 114839742 states checked.
Progress: 128947232 states checked.
Progress: 140332161 states checked.
Progress: 154298459 states checked.
Progress: 168810016 states checked.
Progress: 183236924 states checked.
Progress: 197701471 states checked.
Progress: 211438101 states checked.
Progress: 222583257 states checked.
Progress: 234355241 states checked.
Progress: 246705511 states checked.
Progress: 259386237 states checked.
Progress: 273414728 states checked.
Progress: 287937087 states checked.
Progress: 302395291 states checked.
Progress: 316898703 states checked.
Progress: 331399671 states checked.
Progress: 345897248 states checked.
Progress: 360320874 states checked.
Progress: 372570329 states checked.
Progress: 383281897 states checked.
Progress: 393989192 states checked.
Progress: 404490738 states checked.
Progress: 415460337 states checked.
Progress: 426460707 states checked.
Progress: 440940695 states checked.
Progress: 455455422 states checked.
Progress: 469971998 states checked.
Progress: 484493181 states checked.
Progress: 499015887 states checked.
Progress: 513521414 states checked.
Progress: 528009155 states checked.
Progress: 542494364 states checked.
Progress: 556970823 states checked.
Progress: 571513826 states checked.
Progress: 586035431 states checked.
Progress: 600538082 states checked.
Progress: 615014711 states checked.
Progress: 629559491 states checked.
Progress: 644097318 states checked.
Progress: 658534410 states checked.
Progress: 672995573 states checked.
Progress: 687471227 states checked.
Progress: 702001108 states checked.
Progress: 716500185 states checked.
Progress: 731020558 states checked.
Progress: 745561100 states checked.
Progress: 760083855 states checked.
Progress: 774563879 states checked.
Progress: 789015874 states checked.
Progress: 803433508 states checked.
Progress: 817749967 states checked.
Progress: 832192801 states checked.
Progress: 846667347 states checked.
Progress: 861145519 states checked.
Progress: 875602857 states checked.
Progress: 890033573 states checked.
Progress: 904417471 states checked.
Progress: 918867466 states checked.
Progress: 933333908 states checked.
Progress: 947765979 states checked.
Progress: 962253218 states checked.
Progress: 976738525 states checked.
Progress: 991130077 states checked.
Progress: 1003945408 states checked.
Progress: 1014772393 states checked.
Progress: 1025413178 states checked.
Progress: 1036584660 states checked.
Progress: 1047451626 states checked.
Progress: 1058239547 states checked.
Progress: 1069055981 states checked.
Progress: 1080611165 states checked.
Progress: 1092932087 states checked.
Progress: 1107384115 states checked.
Progress: 1121839063 states checked.
Progress: 1136275012 states checked.
Progress: 1150715000 states checked.
Progress: 1165162722 states checked.
Progress: 1179538187 states checked.
Progress: 1193996106 states checked.
Progress: 1208456428 states checked.
Progress: 1222927382 states checked.
Progress: 1237352750 states checked.
Progress: 1251043876 states checked.
Progress: 1261839049 states checked.
Progress: 1273344526 states checked.
Progress: 1284196416 states checked.
Progress: 1294602530 states checked.
Progress: 1305744626 states checked.
Progress: 1316352324 states checked.
Progress: 1327663852 states checked.
Progress: 1338785854 states checked.
Progress: 1350709308 states checked.
Progress: 1362710566 states checked.
Progress: 1375265203 states checked.
Progress: 1387583372 states checked.
Progress: 1400091247 states checked.
Progress: 1412475551 states checked.
Progress: 1424895980 states checked.
Progress: 1437475897 states checked.
Progress: 1449475628 states checked.
Progress: 1460862283 states checked.
Progress: 1472602712 states checked.
Progress: 1483805916 states checked.
Progress: 1495481168 states checked.
Progress: 1507315278 states checked.
Progress: 1519238504 states checked.
Progress: 1531065778 states checked.
Progress: 1543131439 states checked.
Progress: 1555236813 states checked.
Progress: 1568029419 states checked.
Progress: 1580915950 states checked.
Progress: 1593709068 states checked.
Progress: 1606298449 states checked.
Progress: 1618654511 states checked.
Progress: 1631173773 states checked.
Progress: 1643799772 states checked.
Progress: 1656062404 states checked.
Progress: 1667944542 states checked.
Progress: 1680290786 states checked.
Progress: 1693008889 states checked.
Progress: 1705267804 states checked.
Progress: 1717222451 states checked.
Progress: 1729359010 states checked.
Progress: 1741839076 states checked.
Progress: 1754339938 states checked.
Progress: 1766420960 states checked.
Progress: 1779271104 states checked.
Progress: 1792091566 states checked.
Progress: 1804405495 states checked.
Progress: 1817295667 states checked.
Progress: 1829669673 states checked.
Progress: 1842445461 states checked.
Progress: 1855296984 states checked.
Progress: 1867993679 states checked.
Progress: 1880687566 states checked.
Progress: 1893237927 states checked.
Progress: 1905965348 states checked.
Progress: 1918287969 states checked.
Progress: 1931347886 states checked.
Progress: 1944016362 states checked.
Progress: 1956745389 states checked.
Progress: 1969487545 states checked.
Progress: 1982402277 states checked.
Progress: 1994755712 states checked.
Progress: 2007308721 states checked.
Progress: 2019705803 states checked.
Progress: 2032299146 states checked.
Progress: 2045245862 states checked.
Progress: 2058253902 states checked.
Progress: 2071339641 states checked.
Progress: 2084158475 states checked.
Progress: 2096920971 states checked.
Progress: 2109489961 states checked.
Progress: 2122246384 states checked.
Progress: 2134948131 states checked.
Progress: 2147684517 states checked.
Progress: 2160660026 states checked.
Progress: 2173555707 states checked.
Progress: 2186756120 states checked.
Progress: 2199967439 states checked.
Progress: 2213104566 states checked.
Progress: 2226454908 states checked.
Progress: 2239005461 states checked.
Progress: 2251893489 states checked.
Progress: 2264485308 states checked.
Progress: 2277402139 states checked.
Progress: 2290093540 states checked.
Progress: 2303143338 states checked.
Progress: 2316262882 states checked.
Progress: 2329210106 states checked.
Progress: 2342139308 states checked.
Progress: 2355190028 states checked.
Progress: 2368383633 states checked.
Progress: 2381338469 states checked.
Progress: 2394227796 states checked.
Progress: 2407097037 states checked.
Progress: 2420010312 states checked.
Progress: 2433190980 states checked.
Progress: 2446304862 states checked.
Progress: 2459056762 states checked.
Progress: 2471699029 states checked.
Progress: 2484713507 states checked.
Progress: 2497606318 states checked.
Progress: 2510550092 states checked.
Progress: 2523794500 states checked.
Progress: 2536832795 states checked.
Progress: 2549943585 states checked.
Progress: 2562841658 states checked.
Progress: 2575711022 states checked.
Progress: 2588714601 states checked.
Progress: 2601733109 states checked.
Progress: 2614839425 states checked.
Progress: 2627952513 states checked.
Progress: 2640958260 states checked.
Progress: 2653850010 states checked.
Progress: 2667086897 states checked.
Progress: 2680085484 states checked.
Progress: 2693111815 states checked.
Progress: 2706075511 states checked.
Progress: 2719097592 states checked.
Progress: 2731919253 states checked.
Progress: 2744946764 states checked.
Progress: 2757746864 states checked.
Progress: 2770683553 states checked.
Progress: 2783614318 states checked.
Progress: 2796697886 states checked.
Progress: 2810004518 states checked.
Progress: 2823259628 states checked.
Progress: 2836230777 states checked.
Progress: 2849321429 states checked.
Progress: 2862044619 states checked.
Progress: 2875070378 states checked.
Progress: 2888379104 states checked.
Progress: 2901395314 states checked.
Progress: 2914534055 states checked.
Progress: 2927571282 states checked.
Progress: 2940861948 states checked.
Progress: 2954194001 states checked.
Progress: 2967322806 states checked.
Progress: 2980215415 states checked.
Progress: 2993377720 states checked.
Progress: 3006602747 states checked.
Progress: 3019766379 states checked.
Progress: 3032891743 states checked.
Progress: 3046299036 states checked.
Progress: 3059506701 states checked.
Progress: 3072641382 states checked.
Progress: 3085602397 states checked.
Progress: 3098709291 states checked.
Progress: 3111639387 states checked.
Progress: 3124739602 states checked.
Progress: 3137986732 states checked.
Progress: 3150979904 states checked.
Progress: 3164145570 states checked.
Progress: 3177248222 states checked.
Progress: 3190755312 states checked.
Progress: 3204199460 states checked.
Progress: 3218462634 states checked.
Progress: 3231524591 states checked.
Progress: 3244453864 states checked.
Progress: 3257566588 states checked.
Progress: 3270856958 states checked.
Progress: 3284686449 states checked.
Progress: 3297667069 states checked.
Progress: 3310507136 states checked.
Progress: 3323648666 states checked.
Progress: 3336797940 states checked.
Progress: 3350054017 states checked.
Progress: 3362920424 states checked.
Progress: 3376063239 states checked.
Progress: 3389396547 states checked.
Progress: 3402975175 states checked.
Progress: 3416622085 states checked.
Progress: 3430160346 states checked.
Progress: 3443064516 states checked.
Progress: 3456051604 states checked.
Progress: 3469203639 states checked.
Progress: 3482088947 states checked.
Progress: 3495311948 states checked.
Progress: 3508559045 states checked.
Progress: 3521856970 states checked.
Progress: 3534814548 states checked.
Progress: 3547725543 states checked.
Progress: 3560707251 states checked.
Progress: 3573547288 states checked.
Progress: 3586474005 states checked.
Progress: 3599532687 states checked.
Progress: 3612533707 states checked.
Progress: 3625652865 states checked.
Progress: 3638839205 states checked.
Progress: 3652269218 states checked.
Progress: 3665768249 states checked.
Progress: 3679588061 states checked.
Progress: 3692703891 states checked.
Progress: 3705767297 states checked.
Progress: 3718865066 states checked.
Progress: 3732012432 states checked.
Progress: 3745220613 states checked.
Progress: 3758541078 states checked.
Progress: 3771838312 states checked.
Progress: 3784612338 states checked.
Progress: 3797637751 states checked.
Progress: 3810686321 states checked.
Progress: 3823596690 states checked.
Progress: 3836637101 states checked.
Progress: 3849751159 states checked.
Progress: 3862794293 states checked.
Progress: 3875930893 states checked.
Progress: 3888911627 states checked.
Progress: 3901928197 states checked.
Progress: 3914879939 states checked.
Progress: 3928003638 states checked.
Progress: 3940817270 states checked.
Progress: 3954586438 states checked.
Progress: 3968011752 states checked.
Progress: 3980993791 states checked.
Progress: 3993987448 states checked.
Progress: 4008005050 states checked.
Progress: 4021772299 states checked.
Progress: 4035238243 states checked.
Progress: 4048927664 states checked.
Progress: 4062215663 states checked.
Progress: 4076002352 states checked.
Progress: 4089107043 states checked.
Progress: 4102058681 states checked.
Progress: 4115362765 states checked.
Progress: 4128517832 states checked.
Progress: 4142023298 states checked.
Progress: 4155117610 states checked.
Progress: 4168326895 states checked.
Progress: 4181808465 states checked.
Progress: 4195055652 states checked.
Progress: 4208359774 states checked.
Progress: 4221571266 states checked.
Progress: 4234586536 states checked.
Progress: 4247763109 states checked.
Progress: 4260933325 states checked.
Progress: 4274211456 states checked.
Progress: 4288015675 states checked.
Progress: 4302455211 states checked.
Progress: 4315961011 states checked.
Progress: 4329320185 states checked.
Progress: 4342442550 states checked.
Progress: 4355591642 states checked.
Progress: 4368827011 states checked.
Progress: 4382253642 states checked.
Progress: 4395959237 states checked.
Progress: 4410018966 states checked.
Progress: 4423275076 states checked.
Progress: 4436381988 states checked.
Progress: 4449474654 states checked.
Progress: 4462649731 states checked.
Progress: 4475880095 states checked.
Progress: 4489140654 states checked.
Progress: 4502422977 states checked.
Progress: 4515783916 states checked.
Progress: 4528971173 states checked.
Progress: 4542289996 states checked.
Progress: 4555338618 states checked.
Progress: 4568649524 states checked.
Progress: 4581927678 states checked.
Progress: 4595110551 states checked.
Progress: 4608327094 states checked.
Progress: 4621602868 states checked.
Progress: 4635276621 states checked.
Progress: 4649167711 states checked.
Progress: 4662106820 states checked.
Progress: 4675178152 states checked.
Progress: 4688355233 states checked.
Progress: 4701426846 states checked.
Progress: 4714550300 states checked.
Progress: 4727572401 states checked.
Progress: 4740725254 states checked.
Progress: 4753783303 states checked.
Progress: 4766410376 states checked.
Progress: 4779509864 states checked.
Progress: 4792585548 states checked.
Progress: 4805733881 states checked.
Progress: 4818679669 states checked.
Progress: 4831673123 states checked.
Progress: 4844525091 states checked.
Progress: 4857727903 states checked.
Progress: 4870806861 states checked.
Progress: 4883695888 states checked.
Progress: 4896633108 states checked.
Progress: 4909558543 states checked.
Progress: 4922603239 states checked.
Progress: 4935493055 states checked.
Progress: 4948715470 states checked.
Progress: 4961669956 states checked.
Progress: 4974628047 states checked.
Progress: 4987715854 states checked.
Progress: 5000669520 states checked.
Progress: 5013552214 states checked.
Progress: 5026619492 states checked.
Progress: 5039791685 states checked.
Progress: 5052924410 states checked.
Progress: 5065916829 states checked.
Progress: 5078957496 states checked.
Progress: 5091914023 states checked.
Progress: 5104747670 states checked.
Progress: 5117920493 states checked.
Progress: 5131214558 states checked.
Progress: 5144124879 states checked.
Progress: 5157152490 states checked.
Progress: 5170223603 states checked.
Progress: 5183407114 states checked.
Progress: 5196528186 states checked.
Progress: 5209515488 states checked.
Progress: 5222514894 states checked.
Progress: 5235290159 states checked.
Progress: 5248347758 states checked.
Progress: 5261829137 states checked.
Progress: 5274878621 states checked.
Progress: 5287639269 states checked.
Progress: 5300526007 states checked.
Progress: 5313628057 states checked.
Progress: 5326798052 states checked.
Progress: 5339947328 states checked.
Progress: 5353194354 states checked.
Progress: 5366435417 states checked.
Progress: 5379635188 states checked.
Progress: 5392824704 states checked.
Progress: 5405838023 states checked.
Progress: 5419110314 states checked.
Progress: 5432120792 states checked.
Progress: 5445108529 states checked.
Progress: 5458219896 states checked.
Progress: 5471138945 states checked.
Progress: 5484240866 states checked.
Progress: 5497209322 states checked.
Progress: 5509959058 states checked.
Progress: 5522990638 states checked.
Progress: 5536110146 states checked.
Progress: 5549033201 states checked.
Progress: 5561985843 states checked.
Progress: 5575029621 states checked.
Progress: 5587912642 states checked.
Progress: 5600854420 states checked.
Progress: 5613742151 states checked.
Progress: 5626625198 states checked.
Progress: 5639444542 states checked.
Progress: 5652057604 states checked.
Progress: 5665061597 states checked.
Progress: 5677998135 states checked.
Progress: 5691181385 states checked.
Progress: 5704368616 states checked.
Progress: 5717368267 states checked.
Progress: 5730026106 states checked.
Progress: 5742777742 states checked.
Progress: 5755767084 states checked.
Progress: 5768584641 states checked.
Progress: 5781563278 states checked.
Progress: 5794524978 states checked.
Progress: 5807464272 states checked.
Progress: 5820376794 states checked.
Progress: 5833165567 states checked.
Progress: 5846117732 states checked.
Progress: 5858894579 states checked.
Progress: 5871843611 states checked.
Progress: 5884632880 states checked.
Progress: 5897542882 states checked.
Progress: 5910537911 states checked.
Progress: 5923313082 states checked.
Progress: 5935968840 states checked.
Progress: 5949031969 states checked.
Progress: 5961898594 states checked.
Progress: 5975030049 states checked.
Progress: 5988038045 states checked.
Progress: 6000806724 states checked.
Progress: 6013774976 states checked.
Progress: 6026577533 states checked.
Progress: 6039113930 states checked.
Progress: 6052129629 states checked.
Progress: 6064897385 states checked.
Progress: 6077755689 states checked.
Progress: 6090650228 states checked.
Progress: 6103443649 states checked.
Progress: 6116562629 states checked.
Progress: 6129530842 states checked.
Progress: 6142382896 states checked.
Progress: 6155335584 states checked.
Progress: 6168423960 states checked.
Progress: 6181592586 states checked.
Progress: 6194690108 states checked.
Progress: 6207459653 states checked.
Progress: 6220148449 states checked.
Progress: 6233177305 states checked.
Progress: 6246125408 states checked.
Progress: 6259175571 states checked.
Progress: 6272138355 states checked.
Progress: 6284921106 states checked.
Progress: 6297802882 states checked.
Progress: 6310672790 states checked.
Progress: 6323542144 states checked.
Progress: 6336620031 states checked.
Progress: 6349494870 states checked.
Progress: 6362475295 states checked.
Progress: 6375473913 states checked.
Progress: 6388237864 states checked.
Progress: 6400990651 states checked.
Progress: 6414140386 states checked.
Progress: 6427149240 states checked.
Progress: 6440064439 states checked.
Progress: 6453130709 states checked.
Progress: 6465807115 states checked.
Progress: 6478806178 states checked.
Progress: 6491719414 states checked.
Progress: 6504563978 states checked.
Progress: 6517347219 states checked.
Progress: 6530028349 states checked.
Progress: 6543041824 states checked.
Progress: 6556036101 states checked.
Progress: 6568985672 states checked.
Progress: 6582035765 states checked.
Progress: 6595024831 states checked.
Progress: 6608055915 states checked.
Progress: 6621081463 states checked.
Progress: 6634012526 states checked.
Progress: 6646641916 states checked.
Progress: 6659347262 states checked.
Progress: 6672167139 states checked.
Progress: 6684742160 states checked.
Progress: 6697566298 states checked.
Progress: 6710099298 states checked.
Progress: 6722783457 states checked.
Progress: 6735666892 states checked.
Progress: 6748677666 states checked.
Progress: 6761531090 states checked.
Progress: 6774540052 states checked.
Progress: 6787317701 states checked.
Progress: 6800252121 states checked.
Progress: 6813197110 states checked.
Progress: 6825972441 states checked.
Progress: 6838858465 states checked.
Progress: 6851657058 states checked.
Progress: 6864609901 states checked.
Progress: 6877463783 states checked.
Progress: 6890312319 states checked.
Progress: 6903155906 states checked.
Progress: 6916077537 states checked.
Progress: 6928979641 states checked.
Progress: 6942001471 states checked.
Progress: 6954885417 states checked.
Progress: 6967872856 states checked.
Progress: 6980889896 states checked.
Progress: 6993724534 states checked.
Progress: 7006654160 states checked.
Progress: 7019507733 states checked.
Progress: 7032689814 states checked.
Progress: 7045419041 states checked.
Progress: 7058520094 states checked.
Progress: 7071383112 states checked.
Progress: 7084407220 states checked.
Progress: 7097317549 states checked.
Progress: 7110315270 states checked.
Progress: 7123265506 states checked.
Progress: 7136276445 states checked.
Progress: 7148961527 states checked.
Progress: 7161610010 states checked.
Progress: 7174492881 states checked.
Progress: 7187566496 states checked.
Progress: 7200322396 states checked.
Progress: 7213267094 states checked.
Progress: 7226114055 states checked.
Progress: 7238888547 states checked.
Progress: 7251692762 states checked.
Progress: 7264538989 states checked.
Progress: 7277409471 states checked.
Progress: 7290232140 states checked.
Progress: 7303072337 states checked.
Progress: 7315712285 states checked.
Progress: 7328300436 states checked.
Progress: 7341038550 states checked.
Progress: 7353910477 states checked.
Progress: 7366773864 states checked.
Progress: 7379700624 states checked.
Progress: 7392547228 states checked.
Progress: 7405595383 states checked.
Progress: 7418487667 states checked.
Progress: 7431447018 states checked.
Progress: 7443930698 states checked.
Progress: 7456781177 states checked.
Progress: 7469565029 states checked.
Progress: 7482470631 states checked.
Progress: 7495313716 states checked.
Progress: 7508124685 states checked.
Progress: 7520751746 states checked.
Progress: 7533629851 states checked.
Progress: 7546473471 states checked.
Progress: 7559513606 states checked.
Progress: 7572395331 states checked.
Progress: 7585148271 states checked.
Progress: 7597822037 states checked.
Progress: 7610623423 states checked.
Progress: 7623628037 states checked.
Progress: 7636479870 states checked.
Progress: 7649469718 states checked.
Progress: 7662129578 states checked.
Progress: 7674804281 states checked.
Progress: 7687603914 states checked.
Progress: 7700443026 states checked.
Progress: 7713362502 states checked.
Progress: 7726186453 states checked.
Progress: 7738734432 states checked.
Progress: 7751666496 states checked.
Progress: 7764727113 states checked.
Progress: 7777462982 states checked.
Progress: 7790286082 states checked.
Progress: 7803154136 states checked.
Progress: 7815997656 states checked.
Progress: 7829005891 states checked.
Progress: 7842075525 states checked.
Progress: 7855106617 states checked.
Progress: 7867921728 states checked.
Progress: 7880829996 states checked.
Progress: 7893938510 states checked.
Progress: 7907008224 states checked.
Progress: 7919965554 states checked.
Progress: 7932966218 states checked.
Progress: 7946298309 states checked.
Progress: 7959865508 states checked.
Progress: 7973426472 states checked.
Progress: 7987139059 states checked.
Progress: 8001214959 states checked.
Progress: 8015468764 states checked.
Progress: 8029793945 states checked.
Progress: 8044105818 states checked.
Progress: 8058469665 states checked.
Progress: 8072932623 states checked.
Progress: 8087412455 states checked.
Progress: 8101854325 states checked.
Progress: 8116332569 states checked.
Progress: 8130837779 states checked.
Progress: 8145354259 states checked.
Progress: 8159828275 states checked.
Progress: 8174302017 states checked.
Progress: 8188813615 states checked.
Progress: 8203310474 states checked.
Progress: 8217851048 states checked.
Progress: 8232401383 states checked.
Progress: 8246938901 states checked.
Progress: 8261425737 states checked.
Progress: 8275931353 states checked.
Progress: 8290444110 states checked.
Progress: 8304936508 states checked.
Progress: 8319414883 states checked.
Progress: 8333894869 states checked.
Progress: 8348395179 states checked.
Progress: 8362854882 states checked.
Progress: 8377330924 states checked.
Progress: 8391814970 states checked.
Progress: 8406331119 states checked.
Progress: 8420815717 states checked.
Progress: 8435303852 states checked.
Progress: 8449810710 states checked.
Progress: 8464358417 states checked.
Progress: 8478875760 states checked.
Progress: 8493402982 states checked.
Progress: 8507915428 states checked.
Progress: 8522484288 states checked.
Progress: 8536990557 states checked.
Progress: 8551473587 states checked.
Progress: 8565962417 states checked.
Progress: 8580413518 states checked.
Progress: 8594866859 states checked.
Progress: 8609380688 states checked.
Progress: 8623883410 states checked.
Progress: 8638369681 states checked.
Progress: 8652869429 states checked.
Progress: 8667367880 states checked.
Progress: 8681852316 states checked.
Progress: 8696414896 states checked.
Progress: 8710963430 states checked.
Progress: 8725491643 states checked.
Progress: 8740031503 states checked.
Progress: 8754555341 states checked.
Progress: 8769104395 states checked.
Progress: 8783602440 states checked.
Progress: 8798122664 states checked.
Progress: 8812653858 states checked.
Progress: 8827126155 states checked.
Progress: 8841573046 states checked.
Progress: 8856082569 states checked.
Progress: 8870595258 states checked.
Progress: 8885094170 states checked.
Progress: 8899629568 states checked.
Progress: 8914121600 states checked.
Progress: 8928584426 states checked.
Progress: 8943111694 states checked.
Progress: 8957608706 states checked.
Progress: 8972133564 states checked.
Progress: 8986606635 states checked.
Progress: 9001075423 states checked.
Progress: 9015562228 states checked.
Progress: 9029982951 states checked.
Progress: 9044470628 states checked.
Progress: 9058977398 states checked.
Progress: 9073501348 states checked.
Progress: 9087986650 states checked.
Progress: 9102482306 states checked.
Progress: 9116949916 states checked.
Progress: 9131414103 states checked.
Progress: 9145917784 states checked.
Progress: 9160453000 states checked.
Progress: 9174946109 states checked.
Progress: 9189475838 states checked.
Progress: 9204006788 states checked.
Progress: 9218567071 states checked.
Progress: 9233173633 states checked.
Progress: 9247705022 states checked.
Progress: 9262232767 states checked.
Progress: 9276708469 states checked.
Progress: 9291182721 states checked.
Progress: 9305710751 states checked.
Progress: 9320237404 states checked.
Progress: 9334768285 states checked.
Progress: 9349304101 states checked.
Progress: 9363859994 states checked.
Progress: 9378438638 states checked.
Progress: 9392982083 states checked.
Progress: 9407534719 states checked.
Progress: 9422067931 states checked.
Progress: 9436632330 states checked.
Progress: 9451191827 states checked.
Progress: 9465744379 states checked.
Progress: 9480235257 states checked.
Progress: 9494743730 states checked.
Progress: 9509313265 states checked.
Progress: 9523848649 states checked.
Progress: 9538376190 states checked.
Progress: 9552919981 states checked.
Progress: 9567483592 states checked.
Progress: 9582022200 states checked.
Progress: 9596604732 states checked.
Progress: 9611157646 states checked.
Progress: 9625723022 states checked.
Progress: 9640273457 states checked.
Progress: 9654767856 states checked.
Progress: 9669283796 states checked.
Progress: 9683808569 states checked.
Progress: 9698336561 states checked.
Progress: 9712879670 states checked.
Progress: 9727417730 states checked.
Progress: 9741929179 states checked.
Progress: 9756478128 states checked.
Progress: 9771054152 states checked.
Progress: 9785559634 states checked.
Progress: 9800054797 states checked.
Progress: 9814510965 states checked.
Progress: 9828940493 states checked.
Progress: 9843380408 states checked.
Progress: 9857839423 states checked.
Progress: 9872369933 states checked.
Progress: 9886935150 states checked.
Progress: 9901497650 states checked.
Progress: 9916023392 states checked.
Progress: 9930531193 states checked.
Progress: 9945067651 states checked.
Progress: 9959620087 states checked.
Progress: 9974126219 states checked.
Progress: 9988648652 states checked.
Progress: 10003164768 states checked.
Progress: 10017707919 states checked.
Progress: 10032224148 states checked.
Progress: 10046789768 states checked.
Progress: 10061354255 states checked.
Progress: 10075915264 states checked.
Progress: 10090472144 states checked.
Progress: 10105049104 states checked.
Progress: 10119634371 states checked.
Progress: 10134152559 states checked.
Progress: 10148672031 states checked.
Progress: 10163235248 states checked.
Progress: 10177801388 states checked.
Progress: 10192352440 states checked.
Progress: 10206901572 states checked.
Progress: 10221425194 states checked.
Progress: 10235972964 states checked.
Progress: 10250580368 states checked.
Progress: 10265173333 states checked.
Progress: 10279737231 states checked.
Progress: 10294315360 states checked.
Progress: 10308902256 states checked.
Progress: 10323529694 states checked.
Progress: 10338146391 states checked.
Progress: 10352763540 states checked.
Progress: 10367339267 states checked.
Progress: 10381899239 states checked.
Progress: 10396429446 states checked.
Progress: 10410938601 states checked.
Progress: 10425493410 states checked.
Progress: 10440078568 states checked.
Progress: 10454657171 states checked.
Progress: 10469237692 states checked.
Progress: 10483789975 states checked.
Progress: 10498359300 states checked.
Progress: 10512856017 states checked.
Progress: 10527324774 states checked.
Progress: 10541824669 states checked.
Progress: 10556343298 states checked.
Progress: 10570898691 states checked.
Progress: 10585419966 states checked.
Progress: 10599921586 states checked.
Progress: 10614422290 states checked.
Progress: 10628909051 states checked.
Progress: 10643377475 states checked.
Progress: 10657927496 states checked.
Progress: 10672422925 states checked.
Progress: 10686895714 states checked.
Progress: 10701363716 states checked.
Progress: 10715899561 states checked.
Progress: 10730449117 states checked.
Progress: 10744985694 states checked.
Progress: 10759533494 states checked.
Progress: 10774059095 states checked.
Progress: 10788568333 states checked.
Progress: 10803065463 states checked.
Progress: 10817584180 states checked.
Progress: 10832095811 states checked.
Progress: 10846563512 states checked.
Progress: 10861033934 states checked.
Progress: 10875504626 states checked.
Progress: 10890008277 states checked.
Progress: 10904551208 states checked.
Progress: 10919042844 states checked.
Progress: 10933503057 states checked.
Progress: 10948008277 states checked.
Progress: 10962521933 states checked.
Progress: 10977017862 states checked.
Progress: 10991516264 states checked.
Progress: 11006043998 states checked.
Progress: 11020596162 states checked.
Progress: 11035135478 states checked.
Progress: 11049678129 states checked.
Progress: 11064215061 states checked.
Progress: 11078749139 states checked.
Progress: 11093283335 states checked.
Progress: 11107819118 states checked.
Progress: 11122364421 states checked.
Progress: 11136906349 states checked.
Progress: 11151417977 states checked.
Progress: 11165922546 states checked.
Progress: 11180451116 states checked.
Progress: 11194946987 states checked.
Progress: 11209471175 states checked.
Progress: 11223893821 states checked.
Progress: 11238333167 states checked.
Progress: 11252803523 states checked.
Progress: 11267326983 states checked.
Progress: 11281785423 states checked.
Progress: 11296278581 states checked.
Progress: 11310794927 states checked.
Progress: 11325276909 states checked.
Progress: 11339764382 states checked.
Progress: 11354234933 states checked.
Progress: 11368751958 states checked.
Progress: 11383306679 states checked.
Progress: 11397818265 states checked.
Progress: 11412368949 states checked.
Progress: 11426870186 states checked.
Progress: 11441446765 states checked.
Progress: 11455984639 states checked.
Progress: 11470501454 states checked.
Progress: 11485081161 states checked.
Progress: 11499637494 states checked.
Progress: 11514159942 states checked.
Progress: 11528711039 states checked.
Progress: 11543247446 states checked.
Progress: 11557767659 states checked.
Progress: 11572242596 states checked.
Progress: 11586712342 states checked.
Progress: 11601183253 states checked.
Progress: 11615676853 states checked.
Progress: 11630176847 states checked.
Progress: 11644705388 states checked.
Progress: 11659200971 states checked.
Progress: 11673728596 states checked.
Progress: 11688202650 states checked.
Progress: 11702708642 states checked.
Progress: 11717211030 states checked.
Progress: 11731691465 states checked.
Progress: 11746249502 states checked.
Progress: 11760774231 states checked.
Progress: 11775296211 states checked.
Progress: 11789795496 states checked.
Progress: 11804312886 states checked.
Progress: 11818798659 states checked.
Progress: 11833291164 states checked.
Progress: 11847780835 states checked.
Progress: 11862295696 states checked.
Progress: 11876800711 states checked.
Progress: 11891343185 states checked.
Progress: 11905926598 states checked.
Progress: 11920512084 states checked.
Progress: 11935098856 states checked.
Progress: 11949643112 states checked.
Progress: 11964215780 states checked.
Progress: 11978755459 states checked.
Progress: 11993275531 states checked.
Progress: 12007832426 states checked.
Progress: 12022369953 states checked.
Progress: 12036937670 states checked.
Progress: 12051476176 states checked.
Progress: 12066037196 states checked.
Progress: 12080618042 states checked.
Progress: 12095198426 states checked.
Progress: 12109770941 states checked.
Progress: 12124334052 states checked.
Progress: 12138927153 states checked.
Progress: 12153526235 states checked.
Progress: 12168093345 states checked.
Progress: 12182610790 states checked.
Progress: 12197174835 states checked.
Progress: 12211728606 states checked.
Progress: 12226307670 states checked.
Progress: 12240910822 states checked.
Progress: 12255515271 states checked.
Progress: 12270147734 states checked.
Progress: 12284742167 states checked.
Progress: 12299341219 states checked.
Progress: 12313971612 states checked.
Progress: 12328577888 states checked.
Progress: 12343186814 states checked.
Progress: 12357777799 states checked.
Progress: 12372413064 states checked.
Progress: 12387066955 states checked.
Progress: 12401729624 states checked.
Progress: 12416373552 states checked.
Progress: 12431041476 states checked.
Progress: 12445651221 states checked.
Progress: 12460294826 states checked.
Progress: 12474929046 states checked.
Progress: 12489565686 states checked.
Progress: 12504176314 states checked.
Progress: 12518782331 states checked.
Progress: 12533375091 states checked.
Progress: 12547962217 states checked.
Progress: 12562499939 states checked.
Progress: 12576999732 states checked.
Progress: 12591562646 states checked.
Progress: 12606090073 states checked.
Progress: 12620652660 states checked.
Progress: 12635210275 states checked.
Progress: 12649788251 states checked.
Progress: 12664366427 states checked.
Progress: 12678931682 states checked.
Progress: 12693502925 states checked.
Progress: 12708105850 states checked.
Progress: 12722682051 states checked.
Progress: 12737287223 states checked.
Progress: 12751906284 states checked.
Progress: 12766460488 states checked.
Progress: 12781015966 states checked.
Progress: 12795608976 states checked.
Progress: 12810184612 states checked.
Progress: 12824755660 states checked.
Progress: 12839347925 states checked.
Progress: 12853967191 states checked.
Progress: 12868540431 states checked.
Progress: 12883046520 states checked.
Progress: 12897533600 states checked.
Progress: 12912043961 states checked.
Progress: 12926601199 states checked.
Progress: 12941160928 states checked.
Progress: 12955705568 states checked.
Progress: 12970282000 states checked.
Progress: 12984873348 states checked.
Progress: 12999395706 states checked.
Progress: 13014021959 states checked.
Progress: 13028608495 states checked.
Progress: 13043178730 states checked.
Progress: 13057751806 states checked.
Progress: 13072318561 states checked.
Progress: 13086929774 states checked.
Progress: 13101544810 states checked.
Progress: 13116132864 states checked.
Progress: 13130651802 states checked.
Progress: 13145203584 states checked.
Progress: 13159753773 states checked.
Progress: 13174336622 states checked.
Progress: 13188905176 states checked.
Progress: 13203488640 states checked.
Progress: 13218046978 states checked.
Progress: 13232580700 states checked.
Progress: 13247087522 states checked.
Progress: 13261643067 states checked.
Progress: 13276240655 states checked.
Progress: 13290774864 states checked.
Progress: 13305308406 states checked.
Progress: 13319841602 states checked.
Progress: 13334373045 states checked.
Progress: 13348903792 states checked.
Progress: 13363433223 states checked.
Progress: 13378008517 states checked.
Progress: 13392560302 states checked.
Progress: 13407103146 states checked.
Progress: 13421694535 states checked.
Progress: 13436216861 states checked.
Progress: 13450754789 states checked.
Progress: 13465328694 states checked.
Progress: 13479864181 states checked.
Progress: 13494429572 states checked.
Progress: 13509008968 states checked.
Progress: 13523545608 states checked.
Progress: 13538061736 states checked.
Progress: 13552621510 states checked.
Progress: 13567175452 states checked.
Progress: 13581665168 states checked.
Progress: 13596216527 states checked.
Progress: 13610710973 states checked.
Progress: 13625224188 states checked.
Progress: 13639734920 states checked.
Progress: 13654259766 states checked.
Progress: 13668776056 states checked.
Progress: 13683310424 states checked.
Progress: 13697848159 states checked.
Progress: 13712396310 states checked.
Progress: 13726947294 states checked.
Progress: 13741469994 states checked.
Progress: 13755950929 states checked.
Progress: 13770451441 states checked.
Progress: 13784990673 states checked.
Progress: 13799535277 states checked.
Progress: 13814089481 states checked.
Progress: 13828615550 states checked.
Progress: 13843186373 states checked.
Progress: 13857713871 states checked.
Progress: 13872310863 states checked.
Progress: 13886869314 states checked.
Progress: 13901458239 states checked.
Progress: 13916063364 states checked.
Progress: 13930662181 states checked.
Progress: 13945259027 states checked.
Progress: 13959823682 states checked.
Progress: 13974407015 states checked.
Progress: 13988988529 states checked.
Progress: 14003551519 states checked.
Progress: 14018104487 states checked.
Progress: 14032661805 states checked.
Progress: 14047218012 states checked.
Progress: 14061786294 states checked.
Progress: 14076419123 states checked.
Progress: 14091055028 states checked.
Progress: 14105651529 states checked.
Progress: 14120236426 states checked.
Progress: 14134759222 states checked.
Progress: 14149289815 states checked.
Progress: 14163866320 states checked.
Progress: 14178430356 states checked.
Progress: 14193039323 states checked.
Progress: 14207662810 states checked.
Progress: 14222255197 states checked.
Progress: 14236836276 states checked.
Progress: 14251471681 states checked.
Progress: 14266131955 states checked.
Progress: 14280801775 states checked.
Progress: 14295442556 states checked.
Progress: 14310068142 states checked.
Progress: 14324700734 states checked.
Progress: 14339326314 states checked.
Progress: 14353966980 states checked.
Progress: 14368601446 states checked.
Progress: 14383210686 states checked.
Progress: 14397846345 states checked.
Progress: 14412468272 states checked.
Progress: 14427098898 states checked.
Progress: 14441728087 states checked.
Progress: 14456326056 states checked.
Progress: 14470916712 states checked.
Progress: 14485510253 states checked.
Progress: 14500120719 states checked.
Progress: 14514737881 states checked.
Progress: 14529361072 states checked.
Progress: 14543971339 states checked.
Progress: 14558562459 states checked.
Progress: 14573159613 states checked.
Progress: 14587770850 states checked.
Progress: 14602379165 states checked.
Progress: 14616993014 states checked.
Progress: 14631611145 states checked.
Progress: 14646229363 states checked.
Progress: 14660821849 states checked.
Progress: 14675466699 states checked.
Progress: 14690103068 states checked.
Progress: 14704733458 states checked.
Progress: 14719387042 states checked.
Progress: 14733997996 states checked.
Progress: 14748596275 states checked.
Progress: 14763250183 states checked.
Progress: 14777858553 states checked.
Progress: 14792405865 states checked.
Progress: 14807005375 states checked.
Progress: 14821616583 states checked.
Progress: 14836211777 states checked.
Progress: 14850792167 states checked.
Progress: 14865333041 states checked.
Progress: 14879950526 states checked.
Progress: 14894526009 states checked.
Progress: 14909118172 states checked.
Progress: 14923712943 states checked.
Progress: 14938251769 states checked.
Progress: 14952800662 states checked.
Progress: 14967357691 states checked.
Progress: 14981857119 states checked.
Progress: 14996448105 states checked.
Progress: 15011036903 states checked.
Progress: 15025655123 states checked.
Progress: 15040237093 states checked.
Progress: 15054823615 states checked.
Progress: 15069404661 states checked.
Progress: 15084015214 states checked.
Progress: 15098614073 states checked.
Progress: 15113228279 states checked.
Progress: 15127836831 states checked.
Progress: 15142446071 states checked.
Progress: 15157017661 states checked.
Progress: 15171616124 states checked.
Progress: 15186188296 states checked.
Progress: 15200763301 states checked.
Progress: 15215379436 states checked.
Progress: 15229934277 states checked.
Progress: 15244451442 states checked.
Progress: 15259015231 states checked.
Progress: 15273617589 states checked.
Progress: 15288220138 states checked.
Progress: 15302803041 states checked.
Progress: 15317361499 states checked.
Progress: 15331881926 states checked.
Progress: 15346396204 states checked.
Progress: 15360935960 states checked.
Progress: 15375484931 states checked.
Progress: 15390065978 states checked.
Progress: 15404625751 states checked.
Progress: 15419142164 states checked.
Progress: 15433693013 states checked.
Progress: 15448249294 states checked.
Progress: 15462770288 states checked.
Progress: 15477321596 states checked.
Progress: 15491902667 states checked.
Progress: 15506482045 states checked.
Progress: 15521063866 states checked.
Progress: 15535651444 states checked.
Progress: 15550275853 states checked.
Progress: 15564891879 states checked.
Progress: 15579469083 states checked.
Progress: 15594060251 states checked.
Progress: 15608601124 states checked.
Progress: 15623149804 states checked.
Progress: 15637676877 states checked.
Progress: 15652230745 states checked.
Progress: 15666839812 states checked.
Progress: 15681412040 states checked.
Progress: 15696016478 states checked.
Progress: 15710538733 states checked.
Progress: 15725106701 states checked.
Progress: 15739667428 states checked.
Progress: 15754198002 states checked.
Progress: 15768711525 states checked.
Progress: 15783262616 states checked.
Progress: 15797820806 states checked.
Progress: 15812381299 states checked.
Progress: 15826939357 states checked.
Progress: 15841487380 states checked.
Progress: 15856040391 states checked.
Progress: 15870598998 states checked.
Progress: 15885144011 states checked.
Progress: 15899676969 states checked.
Progress: 15914258142 states checked.
Progress: 15928830874 states checked.
Progress: 15943399936 states checked.
Progress: 15957987187 states checked.
Progress: 15972603371 states checked.
Progress: 15987174581 states checked.
Progress: 16001746192 states checked.
Progress: 16016339617 states checked.
Progress: 16030900934 states checked.
Progress: 16045465208 states checked.
Progress: 16060072066 states checked.
Progress: 16074625266 states checked.
Progress: 16089236580 states checked.
Progress: 16103839389 states checked.
Progress: 16118393442 states checked.
Progress: 16133006572 states checked.
Progress: 16147606864 states checked.
Progress: 16162224673 states checked.
Progress: 16176816860 states checked.
Progress: 16191417816 states checked.
Progress: 16205997586 states checked.
Progress: 16220510234 states checked.
Progress: 16235051985 states checked.
Progress: 16249583585 states checked.
Progress: 16264119834 states checked.
Progress: 16278696688 states checked.
Progress: 16293262425 states checked.
Progress: 16307832450 states checked.
Progress: 16322381118 states checked.
Progress: 16336995941 states checked.
Progress: 16351611240 states checked.
Progress: 16366202970 states checked.
Progress: 16380821860 states checked.
Progress: 16395416002 states checked.
Progress: 16409994631 states checked.
Progress: 16424597654 states checked.
Progress: 16439153820 states checked.
Progress: 16453728497 states checked.
Progress: 16468261462 states checked.
Progress: 16482837722 states checked.
Progress: 16497450598 states checked.
Progress: 16512031511 states checked.
Progress: 16526609947 states checked.
Progress: 16541137309 states checked.
Progress: 16555702262 states checked.
Progress: 16570270829 states checked.
Progress: 16584833896 states checked.
Progress: 16599349128 states checked.
Progress: 16613857190 states checked.
Progress: 16628339404 states checked.
Progress: 16642830653 states checked.
Progress: 16657302558 states checked.
Progress: 16671802122 states checked.
Progress: 16686258605 states checked.
Progress: 16700775460 states checked.
Progress: 16715274453 states checked.
Progress: 16729797582 states checked.
Progress: 16744327506 states checked.
Progress: 16758884216 states checked.
Progress: 16773466630 states checked.
Progress: 16788037195 states checked.
Progress: 16802616399 states checked.
Progress: 16817209038 states checked.
Progress: 16831803506 states checked.
Progress: 16846425860 states checked.
Progress: 16861000318 states checked.
Progress: 16875581536 states checked.
Progress: 16890196973 states checked.
Progress: 16904799776 states checked.
Progress: 16919365750 states checked.
Progress: 16933979282 states checked.
Progress: 16948580683 states checked.
Progress: 16963116114 states checked.
Progress: 16977637947 states checked.
Progress: 16992174437 states checked.
Progress: 17006726070 states checked.
Progress: 17021291151 states checked.
Progress: 17035846111 states checked.
Progress: 17050397190 states checked.
Progress: 17064932273 states checked.
Progress: 17079462610 states checked.
Progress: 17094033952 states checked.
Progress: 17108577539 states checked.
Progress: 17123114229 states checked.
Progress: 17137664271 states checked.
Progress: 17152250842 states checked.
Progress: 17166782806 states checked.
Progress: 17181355156 states checked.
Progress: 17195889123 states checked.
Progress: 17210461200 states checked.
Progress: 17225073005 states checked.
Progress: 17239672060 states checked.
Progress: 17254290828 states checked.
Progress: 17268881352 states checked.
Progress: 17283474140 states checked.
Progress: 17298063238 states checked.
Progress: 17312610948 states checked.
Progress: 17327235227 states checked.
Progress: 17341797597 states checked.
Progress: 17356379101 states checked.
Progress: 17370960013 states checked.
Progress: 17385593952 states checked.
Progress: 17400162030 states checked.
Progress: 17414735396 states checked.
Progress: 17429303591 states checked.
Progress: 17443848841 states checked.
Progress: 17458385852 states checked.
Progress: 17472949529 states checked.
Progress: 17487527502 states checked.
Progress: 17502108183 states checked.
Progress: 17516647222 states checked.
Progress: 17531217155 states checked.
Progress: 17545753128 states checked.
Progress: 17560324027 states checked.
Progress: 17574880660 states checked.
Progress: 17589446918 states checked.
Progress: 17603995998 states checked.
Progress: 17618543130 states checked.
Progress: 17633082752 states checked.
Progress: 17647658760 states checked.
Progress: 17662212674 states checked.
Progress: 17676772645 states checked.
Progress: 17691281371 states checked.
Progress: 17705795043 states checked.
Progress: 17720317853 states checked.
Progress: 17734868859 states checked.
Progress: 17749404052 states checked.
Progress: 17763925565 states checked.
Progress: 17778450387 states checked.
Progress: 17792976502 states checked.
Progress: 17807486208 states checked.
Progress: 17822033139 states checked.
Progress: 17836599665 states checked.
Progress: 17851105220 states checked.
Progress: 17865643851 states checked.
Progress: 17880206023 states checked.
Progress: 17894802021 states checked.
Progress: 17909402713 states checked.
Progress: 17923962121 states checked.
Progress: 17938593985 states checked.
Progress: 17953158937 states checked.
Progress: 17967727453 states checked.
Progress: 17982340545 states checked.
Progress: 17996974255 states checked.
Progress: 18011558032 states checked.
Progress: 18026125506 states checked.
Progress: 18040663910 states checked.
Progress: 18055201498 states checked.
Progress: 18069764888 states checked.
Progress: 18084368870 states checked.
Progress: 18098956455 states checked.
Progress: 18113528089 states checked.
Progress: 18128130925 states checked.
Progress: 18142689973 states checked.
Progress: 18157262064 states checked.
Progress: 18171817309 states checked.
Progress: 18186407435 states checked.
Progress: 18201018736 states checked.
Progress: 18215634735 states checked.
Progress: 18230224651 states checked.
Progress: 18244808353 states checked.
Progress: 18259371982 states checked.
Progress: 18273965366 states checked.
Progress: 18288535097 states checked.
Progress: 18303129793 states checked.
Progress: 18317738985 states checked.
Progress: 18332294564 states checked.
Progress: 18346858738 states checked.
Progress: 18361411333 states checked.
Progress: 18375990933 states checked.
Progress: 18390596040 states checked.
Progress: 18405209765 states checked.
Progress: 18419805627 states checked.
Progress: 18434422155 states checked.
Progress: 18449062375 states checked.
Progress: 18463695188 states checked.
Progress: 18478311354 states checked.
Progress: 18492925879 states checked.
Progress: 18507539709 states checked.
Progress: 18522148683 states checked.
Progress: 18536782950 states checked.
Progress: 18551372002 states checked.
Progress: 18565962011 states checked.
Progress: 18580551771 states checked.
Progress: 18595130323 states checked.
Progress: 18609654354 states checked.
Progress: 18624162481 states checked.
Progress: 18638620314 states checked.
Progress: 18653097246 states checked.
Progress: 18667616129 states checked.
Progress: 18682111166 states checked.
Progress: 18696556808 states checked.
Progress: 18711015621 states checked.
Progress: 18725502144 states checked.
Progress: 18740004888 states checked.
Progress: 18754506541 states checked.
Progress: 18768992545 states checked.
Progress: 18783491085 states checked.
Progress: 18797984797 states checked.
Progress: 18812488603 states checked.
Progress: 18826955877 states checked.
Progress: 18841427059 states checked.
Progress: 18855986680 states checked.
Progress: 18870573589 states checked.
Progress: 18885156976 states checked.
Progress: 18899740491 states checked.
Progress: 18914315740 states checked.
Progress: 18928898199 states checked.
Progress: 18943454311 states checked.
Progress: 18958031189 states checked.
Progress: 18972556235 states checked.
Progress: 18987127489 states checked.
Progress: 19001712775 states checked.
Progress: 19016250828 states checked.
Progress: 19030786231 states checked.
Progress: 19045341505 states checked.
Progress: 19059881120 states checked.
Progress: 19074384600 states checked.
Progress: 19088853697 states checked.
Progress: 19103435748 states checked.
Progress: 19117974519 states checked.
Progress: 19132542285 states checked.
Progress: 19147036761 states checked.
Progress: 19161473692 states checked.
Progress: 19175941916 states checked.
Progress: 19190390497 states checked.
Progress: 19204857419 states checked.
Progress: 19219341326 states checked.
Progress: 19233877146 states checked.
Progress: 19248395714 states checked.
Progress: 19262916294 states checked.
Progress: 19277455521 states checked.
Progress: 19291975089 states checked.
Progress: 19306499493 states checked.
Progress: 19321032223 states checked.
Progress: 19335611698 states checked.
Progress: 19350196254 states checked.
Progress: 19364785218 states checked.
Progress: 19379324896 states checked.
Progress: 19393903408 states checked.
Progress: 19408497890 states checked.
Progress: 19423075937 states checked.
Progress: 19437648578 states checked.
Progress: 19452207415 states checked.
Progress: 19466767741 states checked.
Progress: 19481357807 states checked.
Progress: 19495884119 states checked.
Progress: 19510425421 states checked.
Progress: 19524980598 states checked.
Progress: 19539433705 states checked.
Progress: 19553906044 states checked.
Progress: 19568432991 states checked.
Progress: 19582943988 states checked.
Progress: 19597425463 states checked.
Progress: 19611908677 states checked.
Progress: 19626473316 states checked.
Progress: 19641040466 states checked.
Progress: 19655527873 states checked.
Progress: 19670027629 states checked.
Progress: 19684566062 states checked.
Progress: 19699064796 states checked.
Progress: 19713575271 states checked.
Progress: 19728066758 states checked.
Progress: 19742580099 states checked.
Progress: 19757045627 states checked.
Progress: 19771530537 states checked.
Progress: 19786003147 states checked.
Progress: 19800483309 states checked.
Progress: 19814982065 states checked.
Progress: 19829428331 states checked.
Progress: 19843910491 states checked.
Progress: 19858466382 states checked.
Progress: 19872949340 states checked.
Progress: 19887457283 states checked.
Progress: 19901926938 states checked.
Progress: 19916415392 states checked.
Progress: 19930933567 states checked.
Progress: 19945456732 states checked.
Progress: 19959952196 states checked.
Progress: 19974422234 states checked.
Progress: 19988899413 states checked.
Progress: 20003430280 states checked.
Progress: 20018011048 states checked.
Progress: 20032556889 states checked.
Progress: 20047095094 states checked.
Progress: 20061568960 states checked.
Progress: 20076031952 states checked.
Progress: 20090485455 states checked.
Progress: 20104943978 states checked.
Progress: 20119424007 states checked.
Progress: 20133909845 states checked.
Progress: 20148427449 states checked.
Progress: 20162893480 states checked.
Progress: 20177344509 states checked.
Progress: 20191851855 states checked.
Progress: 20206337309 states checked.
Progress: 20220808643 states checked.
Progress: 20235277985 states checked.
Progress: 20249786481 states checked.
Progress: 20264263304 states checked.
Progress: 20278721951 states checked.
Progress: 20293192933 states checked.
Progress: 20307743392 states checked.
Progress: 20322187941 states checked.
Progress: 20336618005 states checked.
Progress: 20351123195 states checked.
Progress: 20365630581 states checked.
Progress: 20380117330 states checked.
Progress: 20394633523 states checked.
Progress: 20409130217 states checked.
Progress: 20423607515 states checked.
Progress: 20438070176 states checked.
Progress: 20452585082 states checked.
Progress: 20467020880 states checked.
Progress: 20481447623 states checked.
Progress: 20495911341 states checked.
Progress: 20510346478 states checked.
Progress: 20524747348 states checked.
Progress: 20539140664 states checked.
Progress: 20553498511 states checked.
Progress: 20567922172 states checked.
Progress: 20582340577 states checked.
Progress: 20596743817 states checked.
Progress: 20611144655 states checked.
Progress: 20625559914 states checked.
Progress: 20639962091 states checked.
Progress: 20654350964 states checked.
Progress: 20668759454 states checked.
Progress: 20683202608 states checked.
Progress: 20697644589 states checked.
Progress: 20712118162 states checked.
Progress: 20726565669 states checked.
Progress: 20740993699 states checked.
Progress: 20755425820 states checked.
Progress: 20769865897 states checked.
Progress: 20784368548 states checked.
Progress: 20798854628 states checked.
Progress: 20813293835 states checked.
Progress: 20827818823 states checked.
Progress: 20842328607 states checked.
Progress: 20856826001 states checked.
Progress: 20871321410 states checked.
Progress: 20885845464 states checked.
Progress: 20900297166 states checked.
Progress: 20914747914 states checked.
Progress: 20929208728 states checked.
Progress: 20943702256 states checked.
Progress: 20958229303 states checked.
Progress: 20972743789 states checked.
Progress: 20987242595 states checked.
Progress: 21001732683 states checked.
Progress: 21016234095 states checked.
Progress: 21030683625 states checked.
Progress: 21045148178 states checked.
Progress: 21059608731 states checked.
Progress: 21074126364 states checked.
Progress: 21088667279 states checked.
Progress: 21103199985 states checked.
Progress: 21117695266 states checked.
Progress: 21132187311 states checked.
Progress: 21146673401 states checked.
Progress: 21161153389 states checked.
Progress: 21175661506 states checked.
Progress: 21190147036 states checked.
Progress: 21204623563 states checked.
Progress: 21219079384 states checked.
Progress: 21233511581 states checked.
Progress: 21247961999 states checked.
Progress: 21262391815 states checked.
Progress: 21276866155 states checked.
Progress: 21291270022 states checked.
Progress: 21305757373 states checked.
Progress: 21320216517 states checked.
Progress: 21334662137 states checked.
Progress: 21349186990 states checked.
Progress: 21363692778 states checked.
Progress: 21378233728 states checked.
Progress: 21392740224 states checked.
Progress: 21407237419 states checked.
Progress: 21421712319 states checked.
Progress: 21436181265 states checked.
Progress: 21450666115 states checked.
Progress: 21465166397 states checked.
Progress: 21479617249 states checked.
Progress: 21494103076 states checked.
Progress: 21508528514 states checked.
Progress: 21522988781 states checked.
Progress: 21537459751 states checked.
Progress: 21551882726 states checked.
Progress: 21566367151 states checked.
Progress: 21580844779 states checked.
Progress: 21595302960 states checked.
Progress: 21609791846 states checked.
Progress: 21624277616 states checked.
Progress: 21638842746 states checked.
Progress: 21653367265 states checked.
Progress: 21667840253 states checked.
Progress: 21682336135 states checked.
Progress: 21696828620 states checked.
Progress: 21711350207 states checked.
Progress: 21725869417 states checked.
Progress: 21740410533 states checked.
Progress: 21754862139 states checked.
Progress: 21769323580 states checked.
Progress: 21783818926 states checked.
Progress: 21798292021 states checked.
Progress: 21812747937 states checked.
Progress: 21827194109 states checked.
Progress: 21841649124 states checked.
Progress: 21856113514 states checked.
Progress: 21870557143 states checked.
Progress: 21885015617 states checked.
Progress: 21899481371 states checked.
Progress: 21913953701 states checked.
Progress: 21928447082 states checked.
Progress: 21942965120 states checked.
Progress: 21957394369 states checked.
Progress: 21971876734 states checked.
Progress: 21986329601 states checked.
Progress: 22000792948 states checked.
Progress: 22015299831 states checked.
Progress: 22029839076 states checked.
Progress: 22044330081 states checked.
Progress: 22058771293 states checked.
Progress: 22073217665 states checked.
Progress: 22087656835 states checked.
Progress: 22102140200 states checked.
Progress: 22116634175 states checked.
Progress: 22131115351 states checked.
Progress: 22145586724 states checked.
Progress: 22160022306 states checked.
Progress: 22174467606 states checked.
Progress: 22188948029 states checked.
Progress: 22203435693 states checked.
Progress: 22217942953 states checked.
Progress: 22232467741 states checked.
Progress: 22246986991 states checked.
Progress: 22261478562 states checked.
Progress: 22275972901 states checked.
Progress: 22290433271 states checked.
Progress: 22304836609 states checked.
Progress: 22319329221 states checked.
Progress: 22333831665 states checked.
Progress: 22348317894 states checked.
Progress: 22362790922 states checked.
Progress: 22377283205 states checked.
Progress: 22391739393 states checked.
Progress: 22406217032 states checked.
Progress: 22420746725 states checked.
Progress: 22435271381 states checked.
Progress: 22449697851 states checked.
Progress: 22464179025 states checked.
Progress: 22478636866 states checked.
Progress: 22493080054 states checked.
Progress: 22507557947 states checked.
Progress: 22522028674 states checked.
Progress: 22536505175 states checked.
Progress: 22550946278 states checked.
Progress: 22565412542 states checked.
Progress: 22579882317 states checked.
Progress: 22594347326 states checked.
Progress: 22608794579 states checked.
Progress: 22623281335 states checked.
Progress: 22637824199 states checked.
Progress: 22652264480 states checked.
Progress: 22666723838 states checked.
Progress: 22681183026 states checked.
Progress: 22695652888 states checked.
Progress: 22710096466 states checked.
Progress: 22724525129 states checked.
Progress: 22738970167 states checked.
Progress: 22753424001 states checked.
Progress: 22767929835 states checked.
Progress: 22782412639 states checked.
Progress: 22796926695 states checked.
Progress: 22811433613 states checked.
Progress: 22825840008 states checked.
Progress: 22840317860 states checked.
Progress: 22854839252 states checked.
Progress: 22869298415 states checked.
Progress: 22883810264 states checked.
Progress: 22898270160 states checked.
Progress: 22912685511 states checked.
Progress: 22927159180 states checked.
Progress: 22941588942 states checked.
Progress: 22955993569 states checked.
Progress: 22970442394 states checked.
Progress: 22984945630 states checked.
Progress: 22999442822 states checked.
Progress: 23013852679 states checked.
Progress: 23028310821 states checked.
Progress: 23042784508 states checked.
Progress: 23057189657 states checked.
Progress: 23071686064 states checked.
Progress: 23086162668 states checked.
Progress: 23100612298 states checked.
Progress: 23115117148 states checked.
Progress: 23129599882 states checked.
Progress: 23144090588 states checked.
Progress: 23158572157 states checked.
Progress: 23173065775 states checked.
Progress: 23187519085 states checked.
Progress: 23202019669 states checked.
Progress: 23216533728 states checked.
Progress: 23230956955 states checked.
Progress: 23245430556 states checked.
Progress: 23259881543 states checked.
Progress: 23274355540 states checked.
Progress: 23288853399 states checked.
Progress: 23303371207 states checked.
Progress: 23317818624 states checked.
Progress: 23332301878 states checked.
Progress: 23346773578 states checked.
Progress: 23361266831 states checked.
Progress: 23375743805 states checked.
Progress: 23390289842 states checked.
Progress: 23404795231 states checked.
Progress: 23419287663 states checked.
Progress: 23433779308 states checked.
Progress: 23448216148 states checked.
Progress: 23462693079 states checked.
Progress: 23477171553 states checked.
Progress: 23491651675 states checked.
Progress: 23506179869 states checked.
Progress: 23520714333 states checked.
Progress: 23535215596 states checked.
Progress: 23549727528 states checked.
Progress: 23564236682 states checked.
Progress: 23578740665 states checked.
Progress: 23593230207 states checked.
Progress: 23607693069 states checked.
Progress: 23622132908 states checked.
Progress: 23636590858 states checked.
Progress: 23651032652 states checked.
Progress: 23665498179 states checked.
Progress: 23679978669 states checked.
Progress: 23694474059 states checked.
Progress: 23708993919 states checked.
Progress: 23723495478 states checked.
Progress: 23737995047 states checked.
Progress: 23752475952 states checked.
Progress: 23766966672 states checked.
Progress: 23781499347 states checked.
Progress: 23796046755 states checked.
Progress: 23810595192 states checked.
Progress: 23825086200 states checked.
Progress: 23839627862 states checked.
Progress: 23854132204 states checked.
Progress: 23868646694 states checked.
Progress: 23883152249 states checked.
Progress: 23897650176 states checked.
Progress: 23912110902 states checked.
Progress: 23926553999 states checked.
Progress: 23941024968 states checked.
Progress: 23955513806 states checked.
Progress: 23969976678 states checked.
Progress: 23984426011 states checked.
Progress: 23998946330 states checked.
Progress: 24013465522 states checked.
Progress: 24027965446 states checked.
Progress: 24042444793 states checked.
Progress: 24056943154 states checked.
Progress: 24071411150 states checked.
Progress: 24085908650 states checked.
Progress: 24100402251 states checked.
Progress: 24114921299 states checked.
Progress: 24129455543 states checked.
Progress: 24143914633 states checked.
Progress: 24158370030 states checked.
Progress: 24172779465 states checked.
Progress: 24187259190 states checked.
Progress: 24201770364 states checked.
Progress: 24216225189 states checked.
Progress: 24230658297 states checked.
Progress: 24245141671 states checked.
Progress: 24259663656 states checked.
Progress: 24274160694 states checked.
Progress: 24288656864 states checked.
Progress: 24303197939 states checked.
Progress: 24317753946 states checked.
Progress: 24332292225 states checked.
Progress: 24346791941 states checked.
Progress: 24361332603 states checked.
Progress: 24375881035 states checked.
Progress: 24390387585 states checked.
Progress: 24404887617 states checked.
Progress: 24419409944 states checked.
Progress: 24433926309 states checked.
Progress: 24448450207 states checked.
Progress: 24462962180 states checked.
Progress: 24477475239 states checked.
Progress: 24491931838 states checked.
Progress: 24506404725 states checked.
Progress: 24520883075 states checked.
Progress: 24535377718 states checked.
Progress: 24549838343 states checked.
Progress: 24564340485 states checked.
Progress: 24578875571 states checked.
Progress: 24593350991 states checked.
Progress: 24607863333 states checked.
Progress: 24622377144 states checked.
Progress: 24636893791 states checked.
Progress: 24651376136 states checked.
Progress: 24665848040 states checked.
Progress: 24680332704 states checked.
Progress: 24694848114 states checked.
Progress: 24709301425 states checked.
Progress: 24723811335 states checked.
Progress: 24738328736 states checked.
Progress: 24752784130 states checked.
Progress: 24767332480 states checked.
Progress: 24781871315 states checked.
Progress: 24796398504 states checked.
Progress: 24810842569 states checked.
Progress: 24825337454 states checked.
Progress: 24839864291 states checked.
Progress: 24854377687 states checked.
Progress: 24868896079 states checked.
Progress: 24883358936 states checked.
Progress: 24897862636 states checked.
Progress: 24912333760 states checked.
Progress: 24926775457 states checked.
Progress: 24941303425 states checked.
Progress: 24955792544 states checked.
Progress: 24970261264 states checked.
Progress: 24984760654 states checked.
Progress: 24999232622 states checked.
Progress: 25013691987 states checked.
Progress: 25028198234 states checked.
Progress: 25042652993 states checked.
Progress: 25057137346 states checked.
Progress: 25071610454 states checked.
Progress: 25086093541 states checked.
Progress: 25100570321 states checked.
Progress: 25115041924 states checked.
Progress: 25129540174 states checked.
Progress: 25143994530 states checked.
Progress: 25158456065 states checked.
Progress: 25172928180 states checked.
Progress: 25187413840 states checked.
Progress: 25201913720 states checked.
Progress: 25216351541 states checked.
Progress: 25230853807 states checked.
Progress: 25245392977 states checked.
Progress: 25259915869 states checked.
Progress: 25274384242 states checked.
Progress: 25288845944 states checked.
Progress: 25303289536 states checked.
Progress: 25317762792 states checked.
Progress: 25332221582 states checked.
Progress: 25346695772 states checked.
Progress: 25361195270 states checked.
Progress: 25375617816 states checked.
Progress: 25390114628 states checked.
Progress: 25404614594 states checked.
Progress: 25419062274 states checked.
Progress: 25433494483 states checked.
Progress: 25447964934 states checked.
Progress: 25462433576 states checked.
Progress: 25476881712 states checked.
Progress: 25491361959 states checked.
Progress: 25505858784 states checked.
Progress: 25520330388 states checked.
Progress: 25534787109 states checked.
Progress: 25549284026 states checked.
Progress: 25563802795 states checked.
Progress: 25578335630 states checked.
Progress: 25592864416 states checked.
Progress: 25607369774 states checked.
Progress: 25621841650 states checked.
Progress: 25636343561 states checked.
Progress: 25650860881 states checked.
Progress: 25665308651 states checked.
Progress: 25679796311 states checked.
Progress: 25694307000 states checked.
Progress: 25708814921 states checked.
Progress: 25723288022 states checked.
Progress: 25737801960 states checked.
Progress: 25752329741 states checked.
Progress: 25766827588 states checked.
Progress: 25781330473 states checked.
Progress: 25795788885 states checked.
Progress: 25810224162 states checked.
Progress: 25824661997 states checked.
Progress: 25839164896 states checked.
Progress: 25853716183 states checked.
Progress: 25868212359 states checked.
Progress: 25882703673 states checked.
Progress: 25897212348 states checked.
Progress: 25911702248 states checked.
Progress: 25926209387 states checked.
Progress: 25940711104 states checked.
Progress: 25955231502 states checked.
Progress: 25969781013 states checked.
Progress: 25984343345 states checked.
Progress: 25998886093 states checked.
Progress: 26013427476 states checked.
Progress: 26027933952 states checked.
Progress: 26042440730 states checked.
Progress: 26056905814 states checked.
Progress: 26071407865 states checked.
Progress: 26085918486 states checked.
Progress: 26100422285 states checked.
Progress: 26114870427 states checked.
Progress: 26129360084 states checked.
Progress: 26143859286 states checked.
Progress: 26158402877 states checked.
Progress: 26172909504 states checked.
Progress: 26187342175 states checked.
Progress: 26201794015 states checked.
Progress: 26216281229 states checked.
Progress: 26230705187 states checked.
Progress: 26245187483 states checked.
Progress: 26259693099 states checked.
Progress: 26274137649 states checked.
Progress: 26288585844 states checked.
Progress: 26303057073 states checked.
Progress: 26317544526 states checked.
Progress: 26331964485 states checked.
Progress: 26346436292 states checked.
Progress: 26360927664 states checked.
Progress: 26375412299 states checked.
Progress: 26389877693 states checked.
Progress: 26404350095 states checked.
Progress: 26418838608 states checked.
Progress: 26433327899 states checked.
Progress: 26447867043 states checked.
Progress: 26462392625 states checked.
Progress: 26476887045 states checked.
Progress: 26491372499 states checked.
Progress: 26505897252 states checked.
Progress: 26520424583 states checked.
Progress: 26534903251 states checked.
Progress: 26549416537 states checked.
Progress: 26563980502 states checked.
Progress: 26578524727 states checked.
Progress: 26593046574 states checked.
Progress: 26607555154 states checked.
Progress: 26622059794 states checked.
Progress: 26636603539 states checked.
Progress: 26651078521 states checked.
Progress: 26665509245 states checked.
Progress: 26680051804 states checked.
Progress: 26694537646 states checked.
Progress: 26709080416 states checked.
Progress: 26723563533 states checked.
Progress: 26738062701 states checked.
Progress: 26752516179 states checked.
Progress: 26766960364 states checked.
Progress: 26781435498 states checked.
Progress: 26795875235 states checked.
Progress: 26810384329 states checked.
Progress: 26824882899 states checked.
Progress: 26839367586 states checked.
Progress: 26853885837 states checked.
Progress: 26868376645 states checked.
Progress: 26882841797 states checked.
Progress: 26897316928 states checked.
Progress: 26911796501 states checked.
Progress: 26926288375 states checked.
Progress: 26940689855 states checked.
Progress: 26955171445 states checked.
Progress: 26969671700 states checked.
Progress: 26984153358 states checked.
Progress: 26998604687 states checked.
Progress: 27013061171 states checked.
Progress: 27027554204 states checked.
Progress: 27042060378 states checked.
Progress: 27056555981 states checked.
Progress: 27071052701 states checked.
Progress: 27085507629 states checked.
Progress: 27100009371 states checked.
Progress: 27114489532 states checked.
Progress: 27129008103 states checked.
Progress: 27143499006 states checked.
Progress: 27157942147 states checked.
Progress: 27172377882 states checked.
Progress: 27186876198 states checked.
Progress: 27201315817 states checked.
Progress: 27215766039 states checked.
Progress: 27230282671 states checked.
Progress: 27244824092 states checked.
Progress: 27259299298 states checked.
Progress: 27273791653 states checked.
Progress: 27288292498 states checked.
Progress: 27302701138 states checked.
Progress: 27317193003 states checked.
Progress: 27331663522 states checked.
Progress: 27346167180 states checked.
Progress: 27360662319 states checked.
Progress: 27375180090 states checked.
Progress: 27389693977 states checked.
Progress: 27404197883 states checked.
Progress: 27418707470 states checked.
Progress: 27433230763 states checked.
Progress: 27447760309 states checked.
Progress: 27462255795 states checked.
Progress: 27476744295 states checked.
Progress: 27491249123 states checked.
Progress: 27505772875 states checked.
Progress: 27520295637 states checked.
Progress: 27534800026 states checked.
Progress: 27549264994 states checked.
Progress: 27563770463 states checked.
Progress: 27578256844 states checked.
Progress: 27592742382 states checked.
Progress: 27607270231 states checked.
Progress: 27621752348 states checked.
Progress: 27636187479 states checked.
Progress: 27650655021 states checked.
Progress: 27665175812 states checked.
Progress: 27679616757 states checked.
Progress: 27694061085 states checked.
Progress: 27708585869 states checked.
Progress: 27723060267 states checked.
Progress: 27737590329 states checked.
Progress: 27752122296 states checked.
Progress: 27766595202 states checked.
Progress: 27781044263 states checked.
Progress: 27795588177 states checked.
Progress: 27810129228 states checked.
Progress: 27824648443 states checked.
Progress: 27839132168 states checked.
Progress: 27853656264 states checked.
Progress: 27868097118 states checked.
Progress: 27882536646 states checked.
Progress: 27897016582 states checked.
Progress: 27911447909 states checked.
Progress: 27925898129 states checked.
Progress: 27940375866 states checked.
Progress: 27954825077 states checked.
Progress: 27969208491 states checked.
Progress: 27983648904 states checked.
Progress: 27998119987 states checked.
Progress: 28012596762 states checked.
Progress: 28027041166 states checked.
Progress: 28041486518 states checked.
Progress: 28055915992 states checked.
Progress: 28070394435 states checked.
Progress: 28084913995 states checked.
Progress: 28099430609 states checked.
Progress: 28113904983 states checked.
Progress: 28128384711 states checked.
Progress: 28142855553 states checked.
Progress: 28157290650 states checked.
Progress: 28171735256 states checked.
Progress: 28186247803 states checked.
Progress: 28200733119 states checked.
Progress: 28215171380 states checked.
Progress: 28229654226 states checked.
Progress: 28244160016 states checked.
Progress: 28258611827 states checked.
Progress: 28273099877 states checked.
Progress: 28287593882 states checked.
Progress: 28302142481 states checked.
Progress: 28316678982 states checked.
Progress: 28331250048 states checked.
Progress: 28345779883 states checked.
Progress: 28360302206 states checked.
Progress: 28374787382 states checked.
Progress: 28389327137 states checked.
Progress: 28403824151 states checked.
Progress: 28418350191 states checked.
Progress: 28432868937 states checked.
Progress: 28447416513 states checked.
Progress: 28461957729 states checked.
Progress: 28476496312 states checked.
Progress: 28491035200 states checked.
Progress: 28505487835 states checked.
Progress: 28519997958 states checked.
Progress: 28534537652 states checked.
Progress: 28549071181 states checked.
Progress: 28563527150 states checked.
Progress: 28577993469 states checked.
Progress: 28592433220 states checked.
Progress: 28606928644 states checked.
Progress: 28621467910 states checked.
Progress: 28635985583 states checked.
Progress: 28650503608 states checked.
Progress: 28665011687 states checked.
Progress: 28679534983 states checked.
Progress: 28694084949 states checked.
Progress: 28708634036 states checked.
Progress: 28723135267 states checked.
Progress: 28737643026 states checked.
Progress: 28752219638 states checked.
Progress: 28766776388 states checked.
Progress: 28781332873 states checked.
Progress: 28795859227 states checked.
Progress: 28810413734 states checked.
Progress: 28824978293 states checked.
Progress: 28839520483 states checked.
Progress: 28854032904 states checked.
Progress: 28868571739 states checked.
Progress: 28883089171 states checked.
Progress: 28897536208 states checked.
Progress: 28912021324 states checked.
Progress: 28926488995 states checked.
Progress: 28940967484 states checked.
Progress: 28955429516 states checked.
Progress: 28969904820 states checked.
Progress: 28984409282 states checked.
Progress: 28998914853 states checked.
Progress: 29013386590 states checked.
Progress: 29027885949 states checked.
Progress: 29042320740 states checked.
Progress: 29056813633 states checked.
Progress: 29071342426 states checked.
Progress: 29085877253 states checked.
Progress: 29100384676 states checked.
Progress: 29114889149 states checked.
Progress: 29129376831 states checked.
Progress: 29143871441 states checked.
Progress: 29158318077 states checked.
Progress: 29172747379 states checked.
Progress: 29187187998 states checked.
Progress: 29201599549 states checked.
Progress: 29215992293 states checked.
Progress: 29230472365 states checked.
Progress: 29245011709 states checked.
Progress: 29259515751 states checked.
Progress: 29273974237 states checked.
Progress: 29288481329 states checked.
Progress: 29302912187 states checked.
Progress: 29317388887 states checked.
Progress: 29331865212 states checked.
Progress: 29346330649 states checked.
Progress: 29360774287 states checked.
Progress: 29375234633 states checked.
Progress: 29389708382 states checked.
Progress: 29404172319 states checked.
Progress: 29418581776 states checked.
Progress: 29433000209 states checked.
Progress: 29447425728 states checked.
Progress: 29461929226 states checked.
Progress: 29476380407 states checked.
Progress: 29490841653 states checked.
Progress: 29505322621 states checked.
Progress: 29519816724 states checked.
Progress: 29534302833 states checked.
Progress: 29548817001 states checked.
Progress: 29563357026 states checked.
Progress: 29577920100 states checked.
Progress: 29592449774 states checked.
Progress: 29606955211 states checked.
Progress: 29621480068 states checked.
Progress: 29635998235 states checked.
Progress: 29650521459 states checked.
Progress: 29665005409 states checked.
Progress: 29679439891 states checked.
Progress: 29693946593 states checked.
Progress: 29708459244 states checked.
Progress: 29722988864 states checked.
Progress: 29737488268 states checked.
Progress: 29751947250 states checked.
Progress: 29766471252 states checked.
Progress: 29781008951 states checked.
Progress: 29795453503 states checked.
Progress: 29809950454 states checked.
Progress: 29824452349 states checked.
Progress: 29838941628 states checked.
Progress: 29853421067 states checked.
Progress: 29867940461 states checked.
Progress: 29882490998 states checked.
Progress: 29896971616 states checked.
Progress: 29911440503 states checked.
Progress: 29925971285 states checked.
Progress: 29940465417 states checked.
Progress: 29954922668 states checked.
Progress: 29969356650 states checked.
Progress: 29983855820 states checked.
Progress: 29998310862 states checked.
Progress: 30012804035 states checked.
Progress: 30027315757 states checked.
Progress: 30041781016 states checked.
Progress: 30056257605 states checked.
Progress: 30070761106 states checked.
Progress: 30085189167 states checked.
Progress: 30099597981 states checked.
Progress: 30114085550 states checked.
Progress: 30128555224 states checked.
Progress: 30143050090 states checked.
Progress: 30157500819 states checked.
Progress: 30172036600 states checked.
Progress: 30186479671 states checked.
Progress: 30200990534 states checked.
Progress: 30215442459 states checked.
Progress: 30229886874 states checked.
Progress: 30244284837 states checked.
Progress: 30258768469 states checked.
Progress: 30273262762 states checked.
Progress: 30287763366 states checked.
Progress: 30302254298 states checked.
Progress: 30316715423 states checked.
Progress: 30331246825 states checked.
Progress: 30345738182 states checked.
Progress: 30360217678 states checked.
Progress: 30374732686 states checked.
Progress: 30389285293 states checked.
Progress: 30403753070 states checked.
Progress: 30418247737 states checked.
Progress: 30432720118 states checked.
Progress: 30447169484 states checked.
Progress: 30461681784 states checked.
Progress: 30476140610 states checked.
Progress: 30490640017 states checked.
Progress: 30505129207 states checked.
Progress: 30519644388 states checked.
Progress: 30534099988 states checked.
Progress: 30548632939 states checked.
Progress: 30563134369 states checked.
Progress: 30577616955 states checked.
Progress: 30592096955 states checked.
Progress: 30606623208 states checked.
Progress: 30621117482 states checked.
Progress: 30635634077 states checked.
Progress: 30650150260 states checked.
Progress: 30664620591 states checked.
Progress: 30679114702 states checked.
Progress: 30693593615 states checked.
Progress: 30708072787 states checked.
Progress: 30722507366 states checked.
Progress: 30737029204 states checked.
Progress: 30751547049 states checked.
Progress: 30766033172 states checked.
Progress: 30780582952 states checked.
Progress: 30795100109 states checked.
Progress: 30809638715 states checked.
Progress: 30824158882 states checked.
Progress: 30838675545 states checked.
Progress: 30853166873 states checked.
Progress: 30867682583 states checked.
Progress: 30882211164 states checked.
Progress: 30896656721 states checked.
Progress: 30911186729 states checked.
Progress: 30925684128 states checked.
Progress: 30940233936 states checked.
Progress: 30954776926 states checked.
Progress: 30969291541 states checked.
Progress: 30983835550 states checked.
Progress: 30998373099 states checked.
Progress: 31012940182 states checked.
Progress: 31027535260 states checked.
Progress: 31042096811 states checked.
Progress: 31056609694 states checked.
Progress: 31071102573 states checked.
Progress: 31085622676 states checked.
Progress: 31100155117 states checked.
Progress: 31114725215 states checked.
Progress: 31129319065 states checked.
Progress: 31143855884 states checked.
Progress: 31158397632 states checked.
Progress: 31172946766 states checked.
Progress: 31187493990 states checked.
Progress: 31201985886 states checked.
Progress: 31216499147 states checked.
Progress: 31231022176 states checked.
Progress: 31245480455 states checked.
Progress: 31259979045 states checked.
Progress: 31274490898 states checked.
Progress: 31289031594 states checked.
Progress: 31303520595 states checked.
Progress: 31317981396 states checked.
Progress: 31332485045 states checked.
Progress: 31347001262 states checked.
Progress: 31361519912 states checked.
Progress: 31376024987 states checked.
Progress: 31390587793 states checked.
Progress: 31405124491 states checked.
Progress: 31419691356 states checked.
Progress: 31434229509 states checked.
Progress: 31448742446 states checked.
Progress: 31463270957 states checked.
Progress: 31477782951 states checked.
Progress: 31492264898 states checked.
Progress: 31506749228 states checked.
Progress: 31521268470 states checked.
Progress: 31535773265 states checked.
Progress: 31550223824 states checked.
Progress: 31564753880 states checked.
Progress: 31579313777 states checked.
Progress: 31593873210 states checked.
Progress: 31608404854 states checked.
Progress: 31622936779 states checked.
Progress: 31637465479 states checked.
Progress: 31651933514 states checked.
Progress: 31666445890 states checked.
Progress: 31680991063 states checked.
Progress: 31695506492 states checked.
Progress: 31710016595 states checked.
Progress: 31724564722 states checked.
Progress: 31739086238 states checked.
Progress: 31753582089 states checked.
Progress: 31768124987 states checked.
Progress: 31782647898 states checked.
Progress: 31797164668 states checked.
Progress: 31811710097 states checked.
Progress: 31826211294 states checked.
Progress: 31840702029 states checked.
Progress: 31855145398 states checked.
Progress: 31869669342 states checked.
Progress: 31884205585 states checked.
Progress: 31898742434 states checked.
Progress: 31913242727 states checked.
Progress: 31927791429 states checked.
Progress: 31942374323 states checked.
Progress: 31956900248 states checked.
Progress: 31971402897 states checked.
Progress: 31985891734 states checked.
Progress: 32000430097 states checked.
Progress: 32014985096 states checked.
Progress: 32029595289 states checked.
Progress: 32044182078 states checked.
Progress: 32058768774 states checked.
Progress: 32073330090 states checked.
Progress: 32087841419 states checked.
Progress: 32102413420 states checked.
Progress: 32116957854 states checked.
Progress: 32131485113 states checked.
Progress: 32146035387 states checked.
Progress: 32160569029 states checked.
Progress: 32175081665 states checked.
Progress: 32189602720 states checked.
Progress: 32204090201 states checked.
Progress: 32218584876 states checked.
Progress: 32233107990 states checked.
Progress: 32247537040 states checked.
Progress: 32262054171 states checked.
Progress: 32276567949 states checked.
Progress: 32291016226 states checked.
Progress: 32305541875 states checked.
Progress: 32320073302 states checked.
Progress: 32334583831 states checked.
Progress: 32349092355 states checked.
Progress: 32363581851 states checked.
Progress: 32378065414 states checked.
Progress: 32392555532 states checked.
Progress: 32407077000 states checked.
Progress: 32421555253 states checked.
Progress: 32436052345 states checked.
Progress: 32450606185 states checked.
Progress: 32465163201 states checked.
Progress: 32479698104 states checked.
Progress: 32494237877 states checked.
Progress: 32508775369 states checked.
Progress: 32523341906 states checked.
Progress: 32537887365 states checked.
Progress: 32552432043 states checked.
Progress: 32566963903 states checked.
Progress: 32581451814 states checked.
Progress: 32595948897 states checked.
Progress: 32610465766 states checked.
Progress: 32624953682 states checked.
Progress: 32639400136 states checked.
Progress: 32653894147 states checked.
Progress: 32668443544 states checked.
Progress: 32682953562 states checked.
Progress: 32697471077 states checked.
Progress: 32711998995 states checked.
Progress: 32726555777 states checked.
Progress: 32741086994 states checked.
Progress: 32755645981 states checked.
Progress: 32770230826 states checked.
Progress: 32784764012 states checked.
Progress: 32799315064 states checked.
Progress: 32813849626 states checked.
Progress: 32828350591 states checked.
Progress: 32842820886 states checked.
Progress: 32857304658 states checked.
Progress: 32871812636 states checked.
Progress: 32886354748 states checked.
Progress: 32900882417 states checked.
Progress: 32915414551 states checked.
Progress: 32929934125 states checked.
Progress: 32944480009 states checked.
Progress: 32959022669 states checked.
Progress: 32973521625 states checked.
Progress: 32988031637 states checked.
Progress: 33002525504 states checked.
Progress: 33017055737 states checked.
Progress: 33031563539 states checked.
Progress: 33046106311 states checked.
Progress: 33060643124 states checked.
Progress: 33075115592 states checked.
Progress: 33089630475 states checked.
Progress: 33104085653 states checked.
Progress: 33118578765 states checked.
Progress: 33133058371 states checked.
Progress: 33147591512 states checked.
Progress: 33162075425 states checked.
Progress: 33176593302 states checked.
Progress: 33191139175 states checked.
Progress: 33205642555 states checked.
Progress: 33220079556 states checked.
Progress: 33234570884 states checked.
Progress: 33249058498 states checked.
Progress: 33263588902 states checked.
Progress: 33278126333 states checked.
Progress: 33292662907 states checked.
Progress: 33307195878 states checked.
Progress: 33321666688 states checked.
Progress: 33336205268 states checked.
Progress: 33350712804 states checked.
Progress: 33365240281 states checked.
Progress: 33379702690 states checked.
Progress: 33394200452 states checked.
Progress: 33408725213 states checked.
Progress: 33423248495 states checked.
Progress: 33437788296 states checked.
Progress: 33452307770 states checked.
Progress: 33466867062 states checked.
Progress: 33481392721 states checked.
Progress: 33495908928 states checked.
Progress: 33510396851 states checked.
Progress: 33524893460 states checked.
Progress: 33539406504 states checked.
Progress: 33553939080 states checked.
Progress: 33568478470 states checked.
Progress: 33583007420 states checked.
Progress: 33597536753 states checked.
Progress: 33612055800 states checked.
Progress: 33626590737 states checked.
Progress: 33641109480 states checked.
Progress: 33655631156 states checked.
Progress: 33670173219 states checked.
Progress: 33684686468 states checked.
Progress: 33699207561 states checked.
Progress: 33713574928 states checked.
Progress: 33728089527 states checked.
Progress: 33742619792 states checked.
Progress: 33757122686 states checked.
Progress: 33771471107 states checked.
Progress: 33785894362 states checked.
Progress: 33800301653 states checked.
Progress: 33814712836 states checked.
Progress: 33829179019 states checked.
Progress: 33843696809 states checked.
Progress: 33858182783 states checked.
Progress: 33872680850 states checked.
Progress: 33887199429 states checked.
Progress: 33901748910 states checked.
Progress: 33916297639 states checked.
Progress: 33930824288 states checked.
Progress: 33945353301 states checked.
Progress: 33959899198 states checked.
Progress: 33974456074 states checked.
Progress: 33989017486 states checked.
Progress: 34003566600 states checked.
Progress: 34018021819 states checked.
Progress: 34032532311 states checked.
Progress: 34047045274 states checked.
Progress: 34061553319 states checked.
Progress: 34076064667 states checked.
Progress: 34090550736 states checked.
Progress: 34105006859 states checked.
Progress: 34119551422 states checked.
Progress: 34134076954 states checked.
Progress: 34148610234 states checked.
Progress: 34163142088 states checked.
Progress: 34177668077 states checked.
Progress: 34192170839 states checked.
Progress: 34206666542 states checked.
Progress: 34221181598 states checked.
Progress: 34235691586 states checked.
Progress: 34250179512 states checked.
Progress: 34264668830 states checked.
Progress: 34279142988 states checked.
Progress: 34293663282 states checked.
Progress: 34308167373 states checked.
Progress: 34322692386 states checked.
Progress: 34337218644 states checked.
Progress: 34351764389 states checked.
Progress: 34366290366 states checked.
Progress: 34380831256 states checked.
Progress: 34395393209 states checked.
Progress: 34409933016 states checked.
Progress: 34424439477 states checked.
Progress: 34438982780 states checked.
Progress: 34453534652 states checked.
Progress: 34468074415 states checked.
Progress: 34482587470 states checked.
Progress: 34497141983 states checked.
Progress: 34511639609 states checked.
Progress: 34526158706 states checked.
Progress: 34540653444 states checked.
Progress: 34555201369 states checked.
Progress: 34569737851 states checked.
Progress: 34584195987 states checked.
Progress: 34598642563 states checked.
Progress: 34613140394 states checked.
Progress: 34627658822 states checked.
Progress: 34642192306 states checked.
Progress: 34656662646 states checked.
Progress: 34671163177 states checked.
Progress: 34685722265 states checked.
Progress: 34700246529 states checked.
Progress: 34714816431 states checked.
Progress: 34729326036 states checked.
Progress: 34743897496 states checked.
Progress: 34758496684 states checked.
Progress: 34773085144 states checked.
Progress: 34787654842 states checked.
Progress: 34802206125 states checked.
Progress: 34816736737 states checked.
Progress: 34831258976 states checked.
Progress: 34845746103 states checked.
Progress: 34860269537 states checked.
Progress: 34874834858 states checked.
Progress: 34889404684 states checked.
Progress: 34903945120 states checked.
Progress: 34918441866 states checked.
Progress: 34932944197 states checked.
Progress: 34947427275 states checked.
Progress: 34961943520 states checked.
Progress: 34976464899 states checked.
Progress: 34990976117 states checked.
Progress: 35005507794 states checked.
Progress: 35020037228 states checked.
Progress: 35034579384 states checked.
Progress: 35049144451 states checked.
Progress: 35063692911 states checked.
Progress: 35078228826 states checked.
Progress: 35092781357 states checked.
Progress: 35107323356 states checked.
Progress: 35121884012 states checked.
Progress: 35136440920 states checked.
Progress: 35150982893 states checked.
Progress: 35165543608 states checked.
Progress: 35180054674 states checked.
Progress: 35194590747 states checked.
Progress: 35209081037 states checked.
Progress: 35223575851 states checked.
Progress: 35238092139 states checked.
Progress: 35252621516 states checked.
Progress: 35267179865 states checked.
Progress: 35281721820 states checked.
Progress: 35296283289 states checked.
Progress: 35310794763 states checked.
Progress: 35325377788 states checked.
Progress: 35339896129 states checked.
Progress: 35354450071 states checked.
Progress: 35369013370 states checked.
Progress: 35383563836 states checked.
Progress: 35398098815 states checked.
Progress: 35412628081 states checked.
Progress: 35427163633 states checked.
Progress: 35441695419 states checked.
Progress: 35456274962 states checked.
Progress: 35470848632 states checked.
Progress: 35485377273 states checked.
Progress: 35499899682 states checked.
Progress: 35514495162 states checked.
Progress: 35529046116 states checked.
Progress: 35543600962 states checked.
Progress: 35558114240 states checked.
Progress: 35572639929 states checked.
Progress: 35587152152 states checked.
Progress: 35601671533 states checked.
Progress: 35616206543 states checked.
Progress: 35630739480 states checked.
Progress: 35645252848 states checked.
Progress: 35659780649 states checked.
Progress: 35674278163 states checked.
Progress: 35688807676 states checked.
Progress: 35703355555 states checked.
Progress: 35717915789 states checked.
Progress: 35732476202 states checked.
Progress: 35746982498 states checked.
Progress: 35761508384 states checked.
Progress: 35776069014 states checked.
Progress: 35790597548 states checked.
Progress: 35805122356 states checked.
Progress: 35819671180 states checked.
Progress: 35834230056 states checked.
Progress: 35848769915 states checked.
Progress: 35863309588 states checked.
Progress: 35877832123 states checked.
Progress: 35892331022 states checked.
Progress: 35906836775 states checked.
Progress: 35921379284 states checked.
Progress: 35935907796 states checked.
Progress: 35950383736 states checked.
Progress: 35964809462 states checked.
Progress: 35979246905 states checked.
Progress: 35993732242 states checked.
Progress: 36008249901 states checked.
Progress: 36022783724 states checked.
Progress: 36037307920 states checked.
Progress: 36051853409 states checked.
Progress: 36066344974 states checked.
Progress: 36080849300 states checked.
Progress: 36095404398 states checked.
Progress: 36109983466 states checked.
Progress: 36124545264 states checked.
Progress: 36139082089 states checked.
Progress: 36153630933 states checked.
Progress: 36168164479 states checked.
Progress: 36182688308 states checked.
Progress: 36197227658 states checked.
Progress: 36211760451 states checked.
Progress: 36226301385 states checked.
Progress: 36240849692 states checked.
Progress: 36255402662 states checked.
Progress: 36269948150 states checked.
Progress: 36284451898 states checked.
Progress: 36298981887 states checked.
Progress: 36313490597 states checked.
Progress: 36328051792 states checked.
Progress: 36342572713 states checked.
Progress: 36357098859 states checked.
Progress: 36371684688 states checked.
Progress: 36386227843 states checked.
Progress: 36400765301 states checked.
Progress: 36415309991 states checked.
Progress: 36429815007 states checked.
Progress: 36444335373 states checked.
Progress: 36458881642 states checked.
Progress: 36473434375 states checked.
Progress: 36488033610 states checked.
Progress: 36502587604 states checked.
Progress: 36517093370 states checked.
Progress: 36531647051 states checked.
Progress: 36546171387 states checked.
Progress: 36560676871 states checked.
Progress: 36575192664 states checked.
Progress: 36589684149 states checked.
Progress: 36604144145 states checked.
Progress: 36618635164 states checked.
Progress: 36633204831 states checked.
Progress: 36647713637 states checked.
Progress: 36662240059 states checked.
Progress: 36676732813 states checked.
Progress: 36691233224 states checked.
Progress: 36705729675 states checked.
Progress: 36720231330 states checked.
Progress: 36734740989 states checked.
Progress: 36749238765 states checked.
Progress: 36763743944 states checked.
Progress: 36778187384 states checked.
Progress: 36792697477 states checked.
Progress: 36807243471 states checked.
Progress: 36821747839 states checked.
Progress: 36836264465 states checked.
Progress: 36850802944 states checked.
Progress: 36865324941 states checked.
Progress: 36879849613 states checked.
Progress: 36894374015 states checked.
Progress: 36908923875 states checked.
Progress: 36923425291 states checked.
Progress: 36937958025 states checked.
Progress: 36952470527 states checked.
Progress: 36966992093 states checked.
Progress: 36981524133 states checked.
Progress: 36996050761 states checked.
Progress: 37010597722 states checked.
Progress: 37025108373 states checked.
Progress: 37039660041 states checked.
Progress: 37054226800 states checked.
Progress: 37068796573 states checked.
Progress: 37083358342 states checked.
Progress: 37097852885 states checked.
Progress: 37112338480 states checked.
Progress: 37126868778 states checked.
Progress: 37141335221 states checked.
Progress: 37155818595 states checked.
Progress: 37170322548 states checked.
Progress: 37184858394 states checked.
Progress: 37199374496 states checked.
Progress: 37213874540 states checked.
Progress: 37228354260 states checked.
Progress: 37242847214 states checked.
Progress: 37257367855 states checked.
Progress: 37271906573 states checked.
Progress: 37286400461 states checked.
Progress: 37300915744 states checked.
Progress: 37315459095 states checked.
Progress: 37330008306 states checked.
Progress: 37344565482 states checked.
Progress: 37359097603 states checked.
Progress: 37373637281 states checked.
Progress: 37388131809 states checked.
Progress: 37402691039 states checked.
Progress: 37417249824 states checked.
Progress: 37431808627 states checked.
Progress: 37446340524 states checked.
Progress: 37460851696 states checked.
Progress: 37475404469 states checked.
Progress: 37489948425 states checked.
Progress: 37504439776 states checked.
Progress: 37518928650 states checked.
Progress: 37533460770 states checked.
Error: Invariant Ordering is violated.
Error: The behavior up to this point is:
State 1: <Initial predicate>
/\ phase = <<<<<<1, 1>>, <<1, 1>>, <<1, 1>>>>, <<<<1, 1>>, <<1, 1>>, <<1, 1>>>>>>
/\ abal = <<<<<<0, 0>>, <<0, 0>>, <<0, 0>>>>, <<<<0, 0>>, <<0, 0>>, <<0, 0>>>>>>
/\ initTimestamp = << [id |-> <<0, 0>>, t |-> 0],
   [id |-> <<0, 0>>, t |-> 2],
   [id |-> <<0, 0>>, t |-> 1] >>
/\ bal = <<<<<<0, 0>>, <<0, 0>>, <<0, 0>>>>, <<<<0, 0>>, <<0, 0>>, <<0, 0>>>>>>
/\ txn = << <<<<bottom, bottom>>, <<bottom, bottom>>, <<bottom, bottom>>>>,
   <<<<bottom, bottom>>, <<bottom, bottom>>, <<bottom, bottom>>>> >>
/\ postWaitingFlag = << <<<<FALSE, FALSE>>, <<FALSE, FALSE>>, <<FALSE, FALSE>>>>,
   <<<<FALSE, FALSE>>, <<FALSE, FALSE>>, <<FALSE, FALSE>>>> >>
/\ Wvar = << <<<<{}, {}>>, <<{}, {}>>, <<{}, {}>>>>,
   <<<<{}, {}>>, <<{}, {}>>, <<{}, {}>>>> >>
/\ dep = << <<<<{}, {}>>, <<{}, {}>>, <<{}, {}>>>>,
   <<<<{}, {}>>, <<{}, {}>>, <<{}, {}>>>> >>
/\ recoveryAttemptBal = <<<<<<0, 0>>, <<0, 0>>, <<0, 0>>>>, <<<<0, 0>>, <<0, 0>>, <<0, 0>>>>>>
/\ submitted = {}
/\ Dvar = << <<<<{}, {}>>, <<{}, {}>>, <<{}, {}>>>>,
   <<<<{}, {}>>, <<{}, {}>>, <<{}, {}>>>> >>
/\ msgs = {}
/\ Qvar = << <<<<{}, {}>>, <<{}, {}>>, <<{}, {}>>>>,
   <<<<{}, {}>>, <<{}, {}>>, <<{}, {}>>>> >>
/\ ts = << << <<[id |-> <<0, 0>>, t |-> 0], [id |-> <<0, 0>>, t |-> 0]>>,
      <<[id |-> <<0, 0>>, t |-> 0], [id |-> <<0, 0>>, t |-> 0]>>,
      <<[id |-> <<0, 0>>, t |-> 0], [id |-> <<0, 0>>, t |-> 0]>> >>,
   << <<[id |-> <<0, 0>>, t |-> 0], [id |-> <<0, 0>>, t |-> 0]>>,
      <<[id |-> <<0, 0>>, t |-> 0], [id |-> <<0, 0>>, t |-> 0]>>,
      <<[id |-> <<0, 0>>, t |-> 0], [id |-> <<0, 0>>, t |-> 0]>> >> >>
/\ TXvar = << <<<<bottom, bottom>>, <<bottom, bottom>>, <<bottom, bottom>>>>,
   <<<<bottom, bottom>>, <<bottom, bottom>>, <<bottom, bottom>>>> >>
/\ recovered = <<<<<<0, 0>>, <<0, 0>>, <<0, 0>>>>, <<<<0, 0>>, <<0, 0>>, <<0, 0>>>>>>
/\ initCoord = <<<<0, 0>>, <<0, 0>>>>

State 2: <Submit line 286, col 5 to line 314, col 105 of module AccordSpec>
/\ phase = <<<<<<1, 1>>, <<1, 1>>, <<1, 1>>>>, <<<<1, 1>>, <<2, 1>>, <<1, 1>>>>>>
/\ abal = <<<<<<0, 0>>, <<0, 0>>, <<0, 0>>>>, <<<<0, 0>>, <<0, 0>>, <<0, 0>>>>>>
/\ initTimestamp = << [id |-> <<2, 2>>, t |-> 0],
   [id |-> <<0, 0>>, t |-> 2],
   [id |-> <<0, 0>>, t |-> 1] >>
/\ bal = <<<<<<0, 0>>, <<0, 0>>, <<0, 0>>>>, <<<<0, 0>>, <<0, 0>>, <<0, 0>>>>>>
/\ txn = << <<<<bottom, bottom>>, <<bottom, bottom>>, <<bottom, bottom>>>>,
   <<<<bottom, bottom>>, <<1, bottom>>, <<bottom, bottom>>>> >>
/\ postWaitingFlag = << <<<<FALSE, FALSE>>, <<FALSE, FALSE>>, <<FALSE, FALSE>>>>,
   <<<<FALSE, FALSE>>, <<FALSE, FALSE>>, <<FALSE, FALSE>>>> >>
/\ Wvar = << <<<<{}, {}>>, <<{}, {}>>, <<{}, {}>>>>,
   <<<<{}, {}>>, <<{}, {}>>, <<{}, {}>>>> >>
/\ dep = << <<<<{}, {}>>, <<{}, {}>>, <<{}, {}>>>>,
   <<<<{}, {}>>, <<{}, {}>>, <<{}, {}>>>> >>
/\ recoveryAttemptBal = <<<<<<0, 0>>, <<0, 0>>, <<0, 0>>>>, <<<<0, 0>>, <<0, 0>>, <<0, 0>>>>>>
/\ submitted = {1}
/\ Dvar = << <<<<{}, {}>>, <<{}, {}>>, <<{}, {}>>>>,
   <<<<{}, {}>>, <<{}, {}>>, <<{}, {}>>>> >>
/\ msgs = { [ shardfrom |-> 2,
    type |-> 1,
    from |-> 2,
    shardto |-> 1,
    to |-> 1,
    body |-> [id |-> 1, tx |-> 1, D0 |-> {}] ],
  [ shardfrom |-> 2,
    type |-> 1,
    from |-> 2,
    shardto |-> 1,
    to |-> 2,
    body |-> [id |-> 1, tx |-> 1, D0 |-> {}] ],
  [ shardfrom |-> 2,
    type |-> 1,
    from |-> 2,
    shardto |-> 1,
    to |-> 3,
    body |-> [id |-> 1, tx |-> 1, D0 |-> {}] ],
  [ shardfrom |-> 2,
    type |-> 1,
    from |-> 2,
    shardto |-> 2,
    to |-> 1,
    body |-> [id |-> 1, tx |-> 1, D0 |-> {}] ],
  [ shardfrom |-> 2,
    type |-> 1,
    from |-> 2,
    shardto |-> 2,
    to |-> 3,
    body |-> [id |-> 1, tx |-> 1, D0 |-> {}] ],
  [ shardfrom |-> 2,
    type |-> 2,
    from |-> 2,
    shardto |-> 2,
    to |-> 2,
    body |-> [id |-> 1, tq |-> [id |-> <<2, 2>>, t |-> 0], Dq |-> {}] ] }
/\ Qvar = << <<<<{}, {}>>, <<{}, {}>>, <<{}, {}>>>>,
   <<<<{}, {}>>, <<{}, {}>>, <<{}, {}>>>> >>
/\ ts = << << <<[id |-> <<0, 0>>, t |-> 0], [id |-> <<0, 0>>, t |-> 0]>>,
      <<[id |-> <<0, 0>>, t |-> 0], [id |-> <<0, 0>>, t |-> 0]>>,
      <<[id |-> <<0, 0>>, t |-> 0], [id |-> <<0, 0>>, t |-> 0]>> >>,
   << <<[id |-> <<0, 0>>, t |-> 0], [id |-> <<0, 0>>, t |-> 0]>>,
      <<[id |-> <<2, 2>>, t |-> 0], [id |-> <<0, 0>>, t |-> 0]>>,
      <<[id |-> <<0, 0>>, t |-> 0], [id |-> <<0, 0>>, t |-> 0]>> >> >>
/\ TXvar = << <<<<bottom, bottom>>, <<bottom, bottom>>, <<bottom, bottom>>>>,
   <<<<bottom, bottom>>, <<bottom, bottom>>, <<bottom, bottom>>>> >>
/\ recovered = <<<<<<0, 0>>, <<0, 0>>, <<0, 0>>>>, <<<<0, 0>>, <<0, 0>>, <<0, 0>>>>>>
/\ initCoord = <<<<2, 2>>, <<0, 0>>>>

State 3: <Submit line 286, col 5 to line 314, col 105 of module AccordSpec>
/\ phase = <<<<<<1, 2>>, <<1, 1>>, <<1, 1>>>>, <<<<1, 1>>, <<2, 1>>, <<1, 1>>>>>>
/\ abal = <<<<<<0, 0>>, <<0, 0>>, <<0, 0>>>>, <<<<0, 0>>, <<0, 0>>, <<0, 0>>>>>>
/\ initTimestamp = << [id |-> <<2, 2>>, t |-> 0],
   [id |-> <<1, 1>>, t |-> 2],
   [id |-> <<0, 0>>, t |-> 1] >>
/\ bal = <<<<<<0, 0>>, <<0, 0>>, <<0, 0>>>>, <<<<0, 0>>, <<0, 0>>, <<0, 0>>>>>>
/\ txn = << <<<<bottom, 2>>, <<bottom, bottom>>, <<bottom, bottom>>>>,
   <<<<bottom, bottom>>, <<1, bottom>>, <<bottom, bottom>>>> >>
/\ postWaitingFlag = << <<<<FALSE, FALSE>>, <<FALSE, FALSE>>, <<FALSE, FALSE>>>>,
   <<<<FALSE, FALSE>>, <<FALSE, FALSE>>, <<FALSE, FALSE>>>> >>
/\ Wvar = << <<<<{}, {}>>, <<{}, {}>>, <<{}, {}>>>>,
   <<<<{}, {}>>, <<{}, {}>>, <<{}, {}>>>> >>
/\ dep = << <<<<{}, {}>>, <<{}, {}>>, <<{}, {}>>>>,
   <<<<{}, {}>>, <<{}, {}>>, <<{}, {}>>>> >>
/\ recoveryAttemptBal = <<<<<<0, 0>>, <<0, 0>>, <<0, 0>>>>, <<<<0, 0>>, <<0, 0>>, <<0, 0>>>>>>
/\ submitted = {1, 2}
/\ Dvar = << <<<<{}, {}>>, <<{}, {}>>, <<{}, {}>>>>,
   <<<<{}, {}>>, <<{}, {}>>, <<{}, {}>>>> >>
/\ msgs = { [ shardfrom |-> 1,
    type |-> 1,
    from |-> 1,
    shardto |-> 1,
    to |-> 2,
    body |-> [id |-> 2, tx |-> 2, D0 |-> {}] ],
  [ shardfrom |-> 1,
    type |-> 1,
    from |-> 1,
    shardto |-> 1,
    to |-> 3,
    body |-> [id |-> 2, tx |-> 2, D0 |-> {}] ],
  [ shardfrom |-> 1,
    type |-> 2,
    from |-> 1,
    shardto |-> 1,
    to |-> 1,
    body |-> [id |-> 2, tq |-> [id |-> <<1, 1>>, t |-> 2], Dq |-> {}] ],
  [ shardfrom |-> 2,
    type |-> 1,
    from |-> 2,
    shardto |-> 1,
    to |-> 1,
    body |-> [id |-> 1, tx |-> 1, D0 |-> {}] ],
  [ shardfrom |-> 2,
    type |-> 1,
    from |-> 2,
    shardto |-> 1,
    to |-> 2,
    body |-> [id |-> 1, tx |-> 1, D0 |-> {}] ],
  [ shardfrom |-> 2,
    type |-> 1,
    from |-> 2,
    shardto |-> 1,
    to |-> 3,
    body |-> [id |-> 1, tx |-> 1, D0 |-> {}] ],
  [ shardfrom |-> 2,
    type |-> 1,
    from |-> 2,
    shardto |-> 2,
    to |-> 1,
    body |-> [id |-> 1, tx |-> 1, D0 |-> {}] ],
  [ shardfrom |-> 2,
    type |-> 1,
    from |-> 2,
    shardto |-> 2,
    to |-> 3,
    body |-> [id |-> 1, tx |-> 1, D0 |-> {}] ],
  [ shardfrom |-> 2,
    type |-> 2,
    from |-> 2,
    shardto |-> 2,
    to |-> 2,
    body |-> [id |-> 1, tq |-> [id |-> <<2, 2>>, t |-> 0], Dq |-> {}] ] }
/\ Qvar = << <<<<{}, {}>>, <<{}, {}>>, <<{}, {}>>>>,
   <<<<{}, {}>>, <<{}, {}>>, <<{}, {}>>>> >>
/\ ts = << << <<[id |-> <<0, 0>>, t |-> 0], [id |-> <<1, 1>>, t |-> 2]>>,
      <<[id |-> <<0, 0>>, t |-> 0], [id |-> <<0, 0>>, t |-> 0]>>,
      <<[id |-> <<0, 0>>, t |-> 0], [id |-> <<0, 0>>, t |-> 0]>> >>,
   << <<[id |-> <<0, 0>>, t |-> 0], [id |-> <<0, 0>>, t |-> 0]>>,
      <<[id |-> <<2, 2>>, t |-> 0], [id |-> <<0, 0>>, t |-> 0]>>,
      <<[id |-> <<0, 0>>, t |-> 0], [id |-> <<0, 0>>, t |-> 0]>> >> >>
/\ TXvar = << <<<<bottom, bottom>>, <<bottom, bottom>>, <<bottom, bottom>>>>,
   <<<<bottom, bottom>>, <<bottom, bottom>>, <<bottom, bottom>>>> >>
/\ recovered = <<<<<<0, 0>>, <<0, 0>>, <<0, 0>>>>, <<<<0, 0>>, <<0, 0>>, <<0, 0>>>>>>
/\ initCoord = <<<<2, 2>>, <<1, 1>>>>

State 4: <Next line 769, col 8 to line 774, col 27 of module AccordSpec>
/\ phase = <<<<<<1, 2>>, <<1, 1>>, <<1, 2>>>>, <<<<1, 1>>, <<2, 1>>, <<1, 1>>>>>>
/\ abal = <<<<<<0, 0>>, <<0, 0>>, <<0, 0>>>>, <<<<0, 0>>, <<0, 0>>, <<0, 0>>>>>>
/\ initTimestamp = << [id |-> <<2, 2>>, t |-> 0],
   [id |-> <<1, 1>>, t |-> 2],
   [id |-> <<0, 0>>, t |-> 1] >>
/\ bal = <<<<<<0, 0>>, <<0, 0>>, <<0, 0>>>>, <<<<0, 0>>, <<0, 0>>, <<0, 0>>>>>>
/\ txn = << <<<<bottom, 2>>, <<bottom, bottom>>, <<bottom, 2>>>>,
   <<<<bottom, bottom>>, <<1, bottom>>, <<bottom, bottom>>>> >>
/\ postWaitingFlag = << <<<<FALSE, FALSE>>, <<FALSE, FALSE>>, <<FALSE, FALSE>>>>,
   <<<<FALSE, FALSE>>, <<FALSE, FALSE>>, <<FALSE, FALSE>>>> >>
/\ Wvar = << <<<<{}, {}>>, <<{}, {}>>, <<{}, {}>>>>,
   <<<<{}, {}>>, <<{}, {}>>, <<{}, {}>>>> >>
/\ dep = << <<<<{}, {}>>, <<{}, {}>>, <<{}, {}>>>>,
   <<<<{}, {}>>, <<{}, {}>>, <<{}, {}>>>> >>
/\ recoveryAttemptBal = <<<<<<0, 0>>, <<0, 0>>, <<0, 0>>>>, <<<<0, 0>>, <<0, 0>>, <<0, 0>>>>>>
/\ submitted = {1, 2}
/\ Dvar = << <<<<{}, {}>>, <<{}, {}>>, <<{}, {}>>>>,
   <<<<{}, {}>>, <<{}, {}>>, <<{}, {}>>>> >>
/\ msgs = { [ shardfrom |-> 1,
    type |-> 1,
    from |-> 1,
    shardto |-> 1,
    to |-> 2,
    body |-> [id |-> 2, tx |-> 2, D0 |-> {}] ],
  [ shardfrom |-> 1,
    type |-> 2,
    from |-> 1,
    shardto |-> 1,
    to |-> 1,
    body |-> [id |-> 2, tq |-> [id |-> <<1, 1>>, t |-> 2], Dq |-> {}] ],
  [ shardfrom |-> 1,
    type |-> 2,
    from |-> 3,
    shardto |-> 1,
    to |-> 1,
    body |-> [id |-> 2, tq |-> [id |-> <<1, 1>>, t |-> 2], Dq |-> {}] ],
  [ shardfrom |-> 2,
    type |-> 1,
    from |-> 2,
    shardto |-> 1,
    to |-> 1,
    body |-> [id |-> 1, tx |-> 1, D0 |-> {}] ],
  [ shardfrom |-> 2,
    type |-> 1,
    from |-> 2,
    shardto |-> 1,
    to |-> 2,
    body |-> [id |-> 1, tx |-> 1, D0 |-> {}] ],
  [ shardfrom |-> 2,
    type |-> 1,
    from |-> 2,
    shardto |-> 1,
    to |-> 3,
    body |-> [id |-> 1, tx |-> 1, D0 |-> {}] ],
  [ shardfrom |-> 2,
    type |-> 1,
    from |-> 2,
    shardto |-> 2,
    to |-> 1,
    body |-> [id |-> 1, tx |-> 1, D0 |-> {}] ],
  [ shardfrom |-> 2,
    type |-> 1,
    from |-> 2,
    shardto |-> 2,
    to |-> 3,
    body |-> [id |-> 1, tx |-> 1, D0 |-> {}] ],
  [ shardfrom |-> 2,
    type |-> 2,
    from |-> 2,
    shardto |-> 2,
    to |-> 2,
    body |-> [id |-> 1, tq |-> [id |-> <<2, 2>>, t |-> 0], Dq |-> {}] ] }
/\ Qvar = << <<<<{}, {}>>, <<{}, {}>>, <<{}, {}>>>>,
   <<<<{}, {}>>, <<{}, {}>>, <<{}, {}>>>> >>
/\ ts = << << <<[id |-> <<0, 0>>, t |-> 0], [id |-> <<1, 1>>, t |-> 2]>>,
      <<[id |-> <<0, 0>>, t |-> 0], [id |-> <<0, 0>>, t |-> 0]>>,
      <<[id |-> <<0, 0>>, t |-> 0], [id |-> <<1, 1>>, t |-> 2]>> >>,
   << <<[id |-> <<0, 0>>, t |-> 0], [id |-> <<0, 0>>, t |-> 0]>>,
      <<[id |-> <<2, 2>>, t |-> 0], [id |-> <<0, 0>>, t |-> 0]>>,
      <<[id |-> <<0, 0>>, t |-> 0], [id |-> <<0, 0>>, t |-> 0]>> >> >>
/\ TXvar = << <<<<bottom, bottom>>, <<bottom, bottom>>, <<bottom, bottom>>>>,
   <<<<bottom, bottom>>, <<bottom, bottom>>, <<bottom, bottom>>>> >>
/\ recovered = <<<<<<0, 0>>, <<0, 0>>, <<0, 0>>>>, <<<<0, 0>>, <<0, 0>>, <<0, 0>>>>>>
/\ initCoord = <<<<2, 2>>, <<1, 1>>>>

State 5: <StartRecover line 476, col 5 to line 510, col 123 of module AccordSpec>
/\ phase = <<<<<<1, 2>>, <<1, 1>>, <<1, 2>>>>, <<<<1, 1>>, <<2, 1>>, <<1, 1>>>>>>
/\ abal = <<<<<<0, 0>>, <<0, 0>>, <<0, 0>>>>, <<<<0, 0>>, <<0, 0>>, <<0, 0>>>>>>
/\ initTimestamp = << [id |-> <<2, 2>>, t |-> 0],
   [id |-> <<1, 1>>, t |-> 2],
   [id |-> <<0, 0>>, t |-> 1] >>
/\ bal = <<<<<<0, 7>>, <<0, 0>>, <<0, 0>>>>, <<<<0, 0>>, <<0, 0>>, <<0, 0>>>>>>
/\ txn = << <<<<bottom, 2>>, <<bottom, bottom>>, <<bottom, 2>>>>,
   <<<<bottom, bottom>>, <<1, bottom>>, <<bottom, bottom>>>> >>
/\ postWaitingFlag = << <<<<FALSE, FALSE>>, <<FALSE, FALSE>>, <<FALSE, FALSE>>>>,
   <<<<FALSE, FALSE>>, <<FALSE, FALSE>>, <<FALSE, FALSE>>>> >>
/\ Wvar = << <<<<{}, {}>>, <<{}, {}>>, <<{}, {}>>>>,
   <<<<{}, {}>>, <<{}, {}>>, <<{}, {}>>>> >>
/\ dep = << <<<<{}, {}>>, <<{}, {}>>, <<{}, {}>>>>,
   <<<<{}, {}>>, <<{}, {}>>, <<{}, {}>>>> >>
/\ recoveryAttemptBal = <<<<<<0, 0>>, <<0, 0>>, <<0, 0>>>>, <<<<0, 0>>, <<0, 0>>, <<0, 0>>>>>>
/\ submitted = {1, 2}
/\ Dvar = << <<<<{}, {}>>, <<{}, {}>>, <<{}, {}>>>>,
   <<<<{}, {}>>, <<{}, {}>>, <<{}, {}>>>> >>
/\ msgs = { [ shardfrom |-> 1,
    type |-> 1,
    from |-> 1,
    shardto |-> 1,
    to |-> 2,
    body |-> [id |-> 2, tx |-> 2, D0 |-> {}] ],
  [ shardfrom |-> 1,
    type |-> 2,
    from |-> 1,
    shardto |-> 1,
    to |-> 1,
    body |-> [id |-> 2, tq |-> [id |-> <<1, 1>>, t |-> 2], Dq |-> {}] ],
  [ shardfrom |-> 1,
    type |-> 2,
    from |-> 3,
    shardto |-> 1,
    to |-> 1,
    body |-> [id |-> 2, tq |-> [id |-> <<1, 1>>, t |-> 2], Dq |-> {}] ],
  [ shardfrom |-> 1,
    type |-> 8,
    from |-> 1,
    shardto |-> 1,
    to |-> 2,
    body |-> [id |-> 2, b |-> 7, tx |-> 2] ],
  [ shardfrom |-> 1,
    type |-> 8,
    from |-> 1,
    shardto |-> 1,
    to |-> 3,
    body |-> [id |-> 2, b |-> 7, tx |-> 2] ],
  [ shardfrom |-> 1,
    type |-> 9,
    from |-> 1,
    shardto |-> 1,
    to |-> 1,
    body |->
        [ id |-> 2,
          b |-> 7,
          tq |-> [id |-> <<1, 1>>, t |-> 2],
          abalq |-> 0,
          txq |-> 2,
          depq |-> {},
          phaseq |-> 2,
          rejectq |-> FALSE,
          Wq |-> {},
          WPq |-> {} ] ],
  [ shardfrom |-> 2,
    type |-> 1,
    from |-> 2,
    shardto |-> 1,
    to |-> 1,
    body |-> [id |-> 1, tx |-> 1, D0 |-> {}] ],
  [ shardfrom |-> 2,
    type |-> 1,
    from |-> 2,
    shardto |-> 1,
    to |-> 2,
    body |-> [id |-> 1, tx |-> 1, D0 |-> {}] ],
  [ shardfrom |-> 2,
    type |-> 1,
    from |-> 2,
    shardto |-> 1,
    to |-> 3,
    body |-> [id |-> 1, tx |-> 1, D0 |-> {}] ],
  [ shardfrom |-> 2,
    type |-> 1,
    from |-> 2,
    shardto |-> 2,
    to |-> 1,
    body |-> [id |-> 1, tx |-> 1, D0 |-> {}] ],
  [ shardfrom |-> 2,
    type |-> 1,
    from |-> 2,
    shardto |-> 2,
    to |-> 3,
    body |-> [id |-> 1, tx |-> 1, D0 |-> {}] ],
  [ shardfrom |-> 2,
    type |-> 2,
    from |-> 2,
    shardto |-> 2,
    to |-> 2,
    body |-> [id |-> 1, tq |-> [id |-> <<2, 2>>, t |-> 0], Dq |-> {}] ] }
/\ Qvar = << <<<<{}, {}>>, <<{}, {}>>, <<{}, {}>>>>,
   <<<<{}, {}>>, <<{}, {}>>, <<{}, {}>>>> >>
/\ ts = << << <<[id |-> <<0, 0>>, t |-> 0], [id |-> <<1, 1>>, t |-> 2]>>,
      <<[id |-> <<0, 0>>, t |-> 0], [id |-> <<0, 0>>, t |-> 0]>>,
      <<[id |-> <<0, 0>>, t |-> 0], [id |-> <<1, 1>>, t |-> 2]>> >>,
   << <<[id |-> <<0, 0>>, t |-> 0], [id |-> <<0, 0>>, t |-> 0]>>,
      <<[id |-> <<2, 2>>, t |-> 0], [id |-> <<0, 0>>, t |-> 0]>>,
      <<[id |-> <<0, 0>>, t |-> 0], [id |-> <<0, 0>>, t |-> 0]>> >> >>
/\ TXvar = << <<<<bottom, bottom>>, <<bottom, bottom>>, <<bottom, bottom>>>>,
   <<<<bottom, bottom>>, <<bottom, bottom>>, <<bottom, bottom>>>> >>
/\ recovered = <<<<<<0, 1>>, <<0, 0>>, <<0, 0>>>>, <<<<0, 0>>, <<0, 0>>, <<0, 0>>>>>>
/\ initCoord = <<<<2, 2>>, <<1, 1>>>>

State 6: <StartRecover line 476, col 5 to line 510, col 123 of module AccordSpec>
/\ phase = <<<<<<1, 2>>, <<1, 1>>, <<1, 2>>>>, <<<<1, 1>>, <<2, 1>>, <<1, 1>>>>>>
/\ abal = <<<<<<0, 0>>, <<0, 0>>, <<0, 0>>>>, <<<<0, 0>>, <<0, 0>>, <<0, 0>>>>>>
/\ initTimestamp = << [id |-> <<2, 2>>, t |-> 0],
   [id |-> <<1, 1>>, t |-> 2],
   [id |-> <<0, 0>>, t |-> 1] >>
/\ bal = <<<<<<0, 7>>, <<0, 0>>, <<0, 0>>>>, <<<<0, 0>>, <<11, 0>>, <<0, 0>>>>>>
/\ txn = << <<<<bottom, 2>>, <<bottom, bottom>>, <<bottom, 2>>>>,
   <<<<bottom, bottom>>, <<1, bottom>>, <<bottom, bottom>>>> >>
/\ postWaitingFlag = << <<<<FALSE, FALSE>>, <<FALSE, FALSE>>, <<FALSE, FALSE>>>>,
   <<<<FALSE, FALSE>>, <<FALSE, FALSE>>, <<FALSE, FALSE>>>> >>
/\ Wvar = << <<<<{}, {}>>, <<{}, {}>>, <<{}, {}>>>>,
   <<<<{}, {}>>, <<{}, {}>>, <<{}, {}>>>> >>
/\ dep = << <<<<{}, {}>>, <<{}, {}>>, <<{}, {}>>>>,
   <<<<{}, {}>>, <<{}, {}>>, <<{}, {}>>>> >>
/\ recoveryAttemptBal = <<<<<<0, 0>>, <<0, 0>>, <<0, 0>>>>, <<<<0, 0>>, <<0, 0>>, <<0, 0>>>>>>
/\ submitted = {1, 2}
/\ Dvar = << <<<<{}, {}>>, <<{}, {}>>, <<{}, {}>>>>,
   <<<<{}, {}>>, <<{}, {}>>, <<{}, {}>>>> >>
/\ msgs = { [ shardfrom |-> 1,
    type |-> 1,
    from |-> 1,
    shardto |-> 1,
    to |-> 2,
    body |-> [id |-> 2, tx |-> 2, D0 |-> {}] ],
  [ shardfrom |-> 1,
    type |-> 2,
    from |-> 1,
    shardto |-> 1,
    to |-> 1,
    body |-> [id |-> 2, tq |-> [id |-> <<1, 1>>, t |-> 2], Dq |-> {}] ],
  [ shardfrom |-> 1,
    type |-> 2,
    from |-> 3,
    shardto |-> 1,
    to |-> 1,
    body |-> [id |-> 2, tq |-> [id |-> <<1, 1>>, t |-> 2], Dq |-> {}] ],
  [ shardfrom |-> 1,
    type |-> 8,
    from |-> 1,
    shardto |-> 1,
    to |-> 2,
    body |-> [id |-> 2, b |-> 7, tx |-> 2] ],
  [ shardfrom |-> 1,
    type |-> 8,
    from |-> 1,
    shardto |-> 1,
    to |-> 3,
    body |-> [id |-> 2, b |-> 7, tx |-> 2] ],
  [ shardfrom |-> 1,
    type |-> 9,
    from |-> 1,
    shardto |-> 1,
    to |-> 1,
    body |->
        [ id |-> 2,
          b |-> 7,
          tq |-> [id |-> <<1, 1>>, t |-> 2],
          abalq |-> 0,
          txq |-> 2,
          depq |-> {},
          phaseq |-> 2,
          rejectq |-> FALSE,
          Wq |-> {},
          WPq |-> {} ] ],
  [ shardfrom |-> 2,
    type |-> 1,
    from |-> 2,
    shardto |-> 1,
    to |-> 1,
    body |-> [id |-> 1, tx |-> 1, D0 |-> {}] ],
  [ shardfrom |-> 2,
    type |-> 1,
    from |-> 2,
    shardto |-> 1,
    to |-> 2,
    body |-> [id |-> 1, tx |-> 1, D0 |-> {}] ],
  [ shardfrom |-> 2,
    type |-> 1,
    from |-> 2,
    shardto |-> 1,
    to |-> 3,
    body |-> [id |-> 1, tx |-> 1, D0 |-> {}] ],
  [ shardfrom |-> 2,
    type |-> 1,
    from |-> 2,
    shardto |-> 2,
    to |-> 1,
    body |-> [id |-> 1, tx |-> 1, D0 |-> {}] ],
  [ shardfrom |-> 2,
    type |-> 1,
    from |-> 2,
    shardto |-> 2,
    to |-> 3,
    body |-> [id |-> 1, tx |-> 1, D0 |-> {}] ],
  [ shardfrom |-> 2,
    type |-> 2,
    from |-> 2,
    shardto |-> 2,
    to |-> 2,
    body |-> [id |-> 1, tq |-> [id |-> <<2, 2>>, t |-> 0], Dq |-> {}] ],
  [ shardfrom |-> 2,
    type |-> 8,
    from |-> 2,
    shardto |-> 1,
    to |-> 1,
    body |-> [id |-> 1, b |-> 11, tx |-> 1] ],
  [ shardfrom |-> 2,
    type |-> 8,
    from |-> 2,
    shardto |-> 1,
    to |-> 2,
    body |-> [id |-> 1, b |-> 11, tx |-> 1] ],
  [ shardfrom |-> 2,
    type |-> 8,
    from |-> 2,
    shardto |-> 1,
    to |-> 3,
    body |-> [id |-> 1, b |-> 11, tx |-> 1] ],
  [ shardfrom |-> 2,
    type |-> 8,
    from |-> 2,
    shardto |-> 2,
    to |-> 1,
    body |-> [id |-> 1, b |-> 11, tx |-> 1] ],
  [ shardfrom |-> 2,
    type |-> 8,
    from |-> 2,
    shardto |-> 2,
    to |-> 3,
    body |-> [id |-> 1, b |-> 11, tx |-> 1] ],
  [ shardfrom |-> 2,
    type |-> 9,
    from |-> 2,
    shardto |-> 2,
    to |-> 2,
    body |->
        [ id |-> 1,
          b |-> 11,
          tq |-> [id |-> <<2, 2>>, t |-> 0],
          abalq |-> 0,
          txq |-> 1,
          depq |-> {},
          phaseq |-> 2,
          rejectq |-> FALSE,
          Wq |-> {},
          WPq |-> {} ] ] }
/\ Qvar = << <<<<{}, {}>>, <<{}, {}>>, <<{}, {}>>>>,
   <<<<{}, {}>>, <<{}, {}>>, <<{}, {}>>>> >>
/\ ts = << << <<[id |-> <<0, 0>>, t |-> 0], [id |-> <<1, 1>>, t |-> 2]>>,
      <<[id |-> <<0, 0>>, t |-> 0], [id |-> <<0, 0>>, t |-> 0]>>,
      <<[id |-> <<0, 0>>, t |-> 0], [id |-> <<1, 1>>, t |-> 2]>> >>,
   << <<[id |-> <<0, 0>>, t |-> 0], [id |-> <<0, 0>>, t |-> 0]>>,
      <<[id |-> <<2, 2>>, t |-> 0], [id |-> <<0, 0>>, t |-> 0]>>,
      <<[id |-> <<0, 0>>, t |-> 0], [id |-> <<0, 0>>, t |-> 0]>> >> >>
/\ TXvar = << <<<<bottom, bottom>>, <<bottom, bottom>>, <<bottom, bottom>>>>,
   <<<<bottom, bottom>>, <<bottom, bottom>>, <<bottom, bottom>>>> >>
/\ recovered = <<<<<<0, 1>>, <<0, 0>>, <<0, 0>>>>, <<<<0, 0>>, <<1, 0>>, <<0, 0>>>>>>
/\ initCoord = <<<<2, 2>>, <<1, 1>>>>

State 7: <StartRecover line 476, col 5 to line 510, col 123 of module AccordSpec>
/\ phase = <<<<<<1, 2>>, <<1, 1>>, <<1, 2>>>>, <<<<1, 1>>, <<2, 1>>, <<1, 1>>>>>>
/\ abal = <<<<<<0, 0>>, <<0, 0>>, <<0, 0>>>>, <<<<0, 0>>, <<0, 0>>, <<0, 0>>>>>>
/\ initTimestamp = << [id |-> <<2, 2>>, t |-> 0],
   [id |-> <<1, 1>>, t |-> 2],
   [id |-> <<0, 0>>, t |-> 1] >>
/\ bal = <<<<<<0, 7>>, <<0, 0>>, <<0, 9>>>>, <<<<0, 0>>, <<11, 0>>, <<0, 0>>>>>>
/\ txn = << <<<<bottom, 2>>, <<bottom, bottom>>, <<bottom, 2>>>>,
   <<<<bottom, bottom>>, <<1, bottom>>, <<bottom, bottom>>>> >>
/\ postWaitingFlag = << <<<<FALSE, FALSE>>, <<FALSE, FALSE>>, <<FALSE, FALSE>>>>,
   <<<<FALSE, FALSE>>, <<FALSE, FALSE>>, <<FALSE, FALSE>>>> >>
/\ Wvar = << <<<<{}, {}>>, <<{}, {}>>, <<{}, {}>>>>,
   <<<<{}, {}>>, <<{}, {}>>, <<{}, {}>>>> >>
/\ dep = << <<<<{}, {}>>, <<{}, {}>>, <<{}, {}>>>>,
   <<<<{}, {}>>, <<{}, {}>>, <<{}, {}>>>> >>
/\ recoveryAttemptBal = <<<<<<0, 0>>, <<0, 0>>, <<0, 0>>>>, <<<<0, 0>>, <<0, 0>>, <<0, 0>>>>>>
/\ submitted = {1, 2}
/\ Dvar = << <<<<{}, {}>>, <<{}, {}>>, <<{}, {}>>>>,
   <<<<{}, {}>>, <<{}, {}>>, <<{}, {}>>>> >>
/\ msgs = { [ shardfrom |-> 1,
    type |-> 1,
    from |-> 1,
    shardto |-> 1,
    to |-> 2,
    body |-> [id |-> 2, tx |-> 2, D0 |-> {}] ],
  [ shardfrom |-> 1,
    type |-> 2,
    from |-> 1,
    shardto |-> 1,
    to |-> 1,
    body |-> [id |-> 2, tq |-> [id |-> <<1, 1>>, t |-> 2], Dq |-> {}] ],
  [ shardfrom |-> 1,
    type |-> 2,
    from |-> 3,
    shardto |-> 1,
    to |-> 1,
    body |-> [id |-> 2, tq |-> [id |-> <<1, 1>>, t |-> 2], Dq |-> {}] ],
  [ shardfrom |-> 1,
    type |-> 8,
    from |-> 1,
    shardto |-> 1,
    to |-> 2,
    body |-> [id |-> 2, b |-> 7, tx |-> 2] ],
  [ shardfrom |-> 1,
    type |-> 8,
    from |-> 1,
    shardto |-> 1,
    to |-> 3,
    body |-> [id |-> 2, b |-> 7, tx |-> 2] ],
  [ shardfrom |-> 1,
    type |-> 8,
    from |-> 3,
    shardto |-> 1,
    to |-> 1,
    body |-> [id |-> 2, b |-> 9, tx |-> 2] ],
  [ shardfrom |-> 1,
    type |-> 8,
    from |-> 3,
    shardto |-> 1,
    to |-> 2,
    body |-> [id |-> 2, b |-> 9, tx |-> 2] ],
  [ shardfrom |-> 1,
    type |-> 9,
    from |-> 1,
    shardto |-> 1,
    to |-> 1,
    body |->
        [ id |-> 2,
          b |-> 7,
          tq |-> [id |-> <<1, 1>>, t |-> 2],
          abalq |-> 0,
          txq |-> 2,
          depq |-> {},
          phaseq |-> 2,
          rejectq |-> FALSE,
          Wq |-> {},
          WPq |-> {} ] ],
  [ shardfrom |-> 1,
    type |-> 9,
    from |-> 3,
    shardto |-> 1,
    to |-> 3,
    body |->
        [ id |-> 2,
          b |-> 9,
          tq |-> [id |-> <<1, 1>>, t |-> 2],
          abalq |-> 0,
          txq |-> 2,
          depq |-> {},
          phaseq |-> 2,
          rejectq |-> FALSE,
          Wq |-> {},
          WPq |-> {} ] ],
  [ shardfrom |-> 2,
    type |-> 1,
    from |-> 2,
    shardto |-> 1,
    to |-> 1,
    body |-> [id |-> 1, tx |-> 1, D0 |-> {}] ],
  [ shardfrom |-> 2,
    type |-> 1,
    from |-> 2,
    shardto |-> 1,
    to |-> 2,
    body |-> [id |-> 1, tx |-> 1, D0 |-> {}] ],
  [ shardfrom |-> 2,
    type |-> 1,
    from |-> 2,
    shardto |-> 1,
    to |-> 3,
    body |-> [id |-> 1, tx |-> 1, D0 |-> {}] ],
  [ shardfrom |-> 2,
    type |-> 1,
    from |-> 2,
    shardto |-> 2,
    to |-> 1,
    body |-> [id |-> 1, tx |-> 1, D0 |-> {}] ],
  [ shardfrom |-> 2,
    type |-> 1,
    from |-> 2,
    shardto |-> 2,
    to |-> 3,
    body |-> [id |-> 1, tx |-> 1, D0 |-> {}] ],
  [ shardfrom |-> 2,
    type |-> 2,
    from |-> 2,
    shardto |-> 2,
    to |-> 2,
    body |-> [id |-> 1, tq |-> [id |-> <<2, 2>>, t |-> 0], Dq |-> {}] ],
  [ shardfrom |-> 2,
    type |-> 8,
    from |-> 2,
    shardto |-> 1,
    to |-> 1,
    body |-> [id |-> 1, b |-> 11, tx |-> 1] ],
  [ shardfrom |-> 2,
    type |-> 8,
    from |-> 2,
    shardto |-> 1,
    to |-> 2,
    body |-> [id |-> 1, b |-> 11, tx |-> 1] ],
  [ shardfrom |-> 2,
    type |-> 8,
    from |-> 2,
    shardto |-> 1,
    to |-> 3,
    body |-> [id |-> 1, b |-> 11, tx |-> 1] ],
  [ shardfrom |-> 2,
    type |-> 8,
    from |-> 2,
    shardto |-> 2,
    to |-> 1,
    body |-> [id |-> 1, b |-> 11, tx |-> 1] ],
  [ shardfrom |-> 2,
    type |-> 8,
    from |-> 2,
    shardto |-> 2,
    to |-> 3,
    body |-> [id |-> 1, b |-> 11, tx |-> 1] ],
  [ shardfrom |-> 2,
    type |-> 9,
    from |-> 2,
    shardto |-> 2,
    to |-> 2,
    body |->
        [ id |-> 1,
          b |-> 11,
          tq |-> [id |-> <<2, 2>>, t |-> 0],
          abalq |-> 0,
          txq |-> 1,
          depq |-> {},
          phaseq |-> 2,
          rejectq |-> FALSE,
          Wq |-> {},
          WPq |-> {} ] ] }
/\ Qvar = << <<<<{}, {}>>, <<{}, {}>>, <<{}, {}>>>>,
   <<<<{}, {}>>, <<{}, {}>>, <<{}, {}>>>> >>
/\ ts = << << <<[id |-> <<0, 0>>, t |-> 0], [id |-> <<1, 1>>, t |-> 2]>>,
      <<[id |-> <<0, 0>>, t |-> 0], [id |-> <<0, 0>>, t |-> 0]>>,
      <<[id |-> <<0, 0>>, t |-> 0], [id |-> <<1, 1>>, t |-> 2]>> >>,
   << <<[id |-> <<0, 0>>, t |-> 0], [id |-> <<0, 0>>, t |-> 0]>>,
      <<[id |-> <<2, 2>>, t |-> 0], [id |-> <<0, 0>>, t |-> 0]>>,
      <<[id |-> <<0, 0>>, t |-> 0], [id |-> <<0, 0>>, t |-> 0]>> >> >>
/\ TXvar = << <<<<bottom, bottom>>, <<bottom, bottom>>, <<bottom, bottom>>>>,
   <<<<bottom, bottom>>, <<bottom, bottom>>, <<bottom, bottom>>>> >>
/\ recovered = <<<<<<0, 1>>, <<0, 0>>, <<0, 1>>>>, <<<<0, 0>>, <<1, 0>>, <<0, 0>>>>>>
/\ initCoord = <<<<2, 2>>, <<1, 1>>>>

State 8: <Next line 769, col 8 to line 774, col 27 of module AccordSpec>
/\ phase = <<<<<<1, 2>>, <<1, 1>>, <<1, 2>>>>, <<<<1, 1>>, <<2, 1>>, <<1, 1>>>>>>
/\ abal = <<<<<<0, 0>>, <<0, 0>>, <<0, 0>>>>, <<<<0, 0>>, <<0, 0>>, <<0, 0>>>>>>
/\ initTimestamp = << [id |-> <<2, 2>>, t |-> 0],
   [id |-> <<1, 1>>, t |-> 2],
   [id |-> <<0, 0>>, t |-> 1] >>
/\ bal = <<<<<<0, 7>>, <<0, 0>>, <<0, 9>>>>, <<<<11, 0>>, <<11, 0>>, <<0, 0>>>>>>
/\ txn = << <<<<bottom, 2>>, <<bottom, bottom>>, <<bottom, 2>>>>,
   <<<<1, bottom>>, <<1, bottom>>, <<bottom, bottom>>>> >>
/\ postWaitingFlag = << <<<<FALSE, FALSE>>, <<FALSE, FALSE>>, <<FALSE, FALSE>>>>,
   <<<<FALSE, FALSE>>, <<FALSE, FALSE>>, <<FALSE, FALSE>>>> >>
/\ Wvar = << <<<<{}, {}>>, <<{}, {}>>, <<{}, {}>>>>,
   <<<<{}, {}>>, <<{}, {}>>, <<{}, {}>>>> >>
/\ dep = << <<<<{}, {}>>, <<{}, {}>>, <<{}, {}>>>>,
   <<<<{}, {}>>, <<{}, {}>>, <<{}, {}>>>> >>
/\ recoveryAttemptBal = <<<<<<0, 0>>, <<0, 0>>, <<0, 0>>>>, <<<<0, 0>>, <<0, 0>>, <<0, 0>>>>>>
/\ submitted = {1, 2}
/\ Dvar = << <<<<{}, {}>>, <<{}, {}>>, <<{}, {}>>>>,
   <<<<{}, {}>>, <<{}, {}>>, <<{}, {}>>>> >>
/\ msgs = { [ shardfrom |-> 1,
    type |-> 1,
    from |-> 1,
    shardto |-> 1,
    to |-> 2,
    body |-> [id |-> 2, tx |-> 2, D0 |-> {}] ],
  [ shardfrom |-> 1,
    type |-> 2,
    from |-> 1,
    shardto |-> 1,
    to |-> 1,
    body |-> [id |-> 2, tq |-> [id |-> <<1, 1>>, t |-> 2], Dq |-> {}] ],
  [ shardfrom |-> 1,
    type |-> 2,
    from |-> 3,
    shardto |-> 1,
    to |-> 1,
    body |-> [id |-> 2, tq |-> [id |-> <<1, 1>>, t |-> 2], Dq |-> {}] ],
  [ shardfrom |-> 1,
    type |-> 8,
    from |-> 1,
    shardto |-> 1,
    to |-> 2,
    body |-> [id |-> 2, b |-> 7, tx |-> 2] ],
  [ shardfrom |-> 1,
    type |-> 8,
    from |-> 1,
    shardto |-> 1,
    to |-> 3,
    body |-> [id |-> 2, b |-> 7, tx |-> 2] ],
  [ shardfrom |-> 1,
    type |-> 8,
    from |-> 3,
    shardto |-> 1,
    to |-> 1,
    body |-> [id |-> 2, b |-> 9, tx |-> 2] ],
  [ shardfrom |-> 1,
    type |-> 8,
    from |-> 3,
    shardto |-> 1,
    to |-> 2,
    body |-> [id |-> 2, b |-> 9, tx |-> 2] ],
  [ shardfrom |-> 1,
    type |-> 9,
    from |-> 1,
    shardto |-> 1,
    to |-> 1,
    body |->
        [ id |-> 2,
          b |-> 7,
          tq |-> [id |-> <<1, 1>>, t |-> 2],
          abalq |-> 0,
          txq |-> 2,
          depq |-> {},
          phaseq |-> 2,
          rejectq |-> FALSE,
          Wq |-> {},
          WPq |-> {} ] ],
  [ shardfrom |-> 1,
    type |-> 9,
    from |-> 3,
    shardto |-> 1,
    to |-> 3,
    body |->
        [ id |-> 2,
          b |-> 9,
          tq |-> [id |-> <<1, 1>>, t |-> 2],
          abalq |-> 0,
          txq |-> 2,
          depq |-> {},
          phaseq |-> 2,
          rejectq |-> FALSE,
          Wq |-> {},
          WPq |-> {} ] ],
  [ shardfrom |-> 2,
    type |-> 1,
    from |-> 2,
    shardto |-> 1,
    to |-> 1,
    body |-> [id |-> 1, tx |-> 1, D0 |-> {}] ],
  [ shardfrom |-> 2,
    type |-> 1,
    from |-> 2,
    shardto |-> 1,
    to |-> 2,
    body |-> [id |-> 1, tx |-> 1, D0 |-> {}] ],
  [ shardfrom |-> 2,
    type |-> 1,
    from |-> 2,
    shardto |-> 1,
    to |-> 3,
    body |-> [id |-> 1, tx |-> 1, D0 |-> {}] ],
  [ shardfrom |-> 2,
    type |-> 1,
    from |-> 2,
    shardto |-> 2,
    to |-> 1,
    body |-> [id |-> 1, tx |-> 1, D0 |-> {}] ],
  [ shardfrom |-> 2,
    type |-> 1,
    from |-> 2,
    shardto |-> 2,
    to |-> 3,
    body |-> [id |-> 1, tx |-> 1, D0 |-> {}] ],
  [ shardfrom |-> 2,
    type |-> 2,
    from |-> 2,
    shardto |-> 2,
    to |-> 2,
    body |-> [id |-> 1, tq |-> [id |-> <<2, 2>>, t |-> 0], Dq |-> {}] ],
  [ shardfrom |-> 2,
    type |-> 8,
    from |-> 2,
    shardto |-> 1,
    to |-> 1,
    body |-> [id |-> 1, b |-> 11, tx |-> 1] ],
  [ shardfrom |-> 2,
    type |-> 8,
    from |-> 2,
    shardto |-> 1,
    to |-> 2,
    body |-> [id |-> 1, b |-> 11, tx |-> 1] ],
  [ shardfrom |-> 2,
    type |-> 8,
    from |-> 2,
    shardto |-> 1,
    to |-> 3,
    body |-> [id |-> 1, b |-> 11, tx |-> 1] ],
  [ shardfrom |-> 2,
    type |-> 8,
    from |-> 2,
    shardto |-> 2,
    to |-> 3,
    body |-> [id |-> 1, b |-> 11, tx |-> 1] ],
  [ shardfrom |-> 2,
    type |-> 9,
    from |-> 1,
    shardto |-> 2,
    to |-> 2,
    body |->
        [ id |-> 1,
          b |-> 11,
          tq |-> [id |-> <<0, 0>>, t |-> 0],
          abalq |-> 0,
          txq |-> 1,
          depq |-> {},
          phaseq |-> 1,
          rejectq |-> FALSE,
          Wq |-> {},
          WPq |-> {} ] ],
  [ shardfrom |-> 2,
    type |-> 9,
    from |-> 2,
    shardto |-> 2,
    to |-> 2,
    body |->
        [ id |-> 1,
          b |-> 11,
          tq |-> [id |-> <<2, 2>>, t |-> 0],
          abalq |-> 0,
          txq |-> 1,
          depq |-> {},
          phaseq |-> 2,
          rejectq |-> FALSE,
          Wq |-> {},
          WPq |-> {} ] ] }
/\ Qvar = << <<<<{}, {}>>, <<{}, {}>>, <<{}, {}>>>>,
   <<<<{}, {}>>, <<{}, {}>>, <<{}, {}>>>> >>
/\ ts = << << <<[id |-> <<0, 0>>, t |-> 0], [id |-> <<1, 1>>, t |-> 2]>>,
      <<[id |-> <<0, 0>>, t |-> 0], [id |-> <<0, 0>>, t |-> 0]>>,
      <<[id |-> <<0, 0>>, t |-> 0], [id |-> <<1, 1>>, t |-> 2]>> >>,
   << <<[id |-> <<0, 0>>, t |-> 0], [id |-> <<0, 0>>, t |-> 0]>>,
      <<[id |-> <<2, 2>>, t |-> 0], [id |-> <<0, 0>>, t |-> 0]>>,
      <<[id |-> <<0, 0>>, t |-> 0], [id |-> <<0, 0>>, t |-> 0]>> >> >>
/\ TXvar = << <<<<bottom, bottom>>, <<bottom, bottom>>, <<bottom, bottom>>>>,
   <<<<bottom, bottom>>, <<bottom, bottom>>, <<bottom, bottom>>>> >>
/\ recovered = <<<<<<0, 1>>, <<0, 0>>, <<0, 1>>>>, <<<<0, 0>>, <<1, 0>>, <<0, 0>>>>>>
/\ initCoord = <<<<2, 2>>, <<1, 1>>>>

State 9: <Next line 769, col 8 to line 774, col 27 of module AccordSpec>
/\ phase = <<<<<<1, 2>>, <<1, 1>>, <<1, 2>>>>, <<<<1, 1>>, <<2, 1>>, <<1, 1>>>>>>
/\ abal = <<<<<<0, 0>>, <<0, 0>>, <<0, 0>>>>, <<<<0, 0>>, <<0, 0>>, <<0, 0>>>>>>
/\ initTimestamp = << [id |-> <<2, 2>>, t |-> 0],
   [id |-> <<1, 1>>, t |-> 2],
   [id |-> <<0, 0>>, t |-> 1] >>
/\ bal = <<<<<<0, 7>>, <<0, 9>>, <<0, 9>>>>, <<<<11, 0>>, <<11, 0>>, <<0, 0>>>>>>
/\ txn = << <<<<bottom, 2>>, <<bottom, 2>>, <<bottom, 2>>>>,
   <<<<1, bottom>>, <<1, bottom>>, <<bottom, bottom>>>> >>
/\ postWaitingFlag = << <<<<FALSE, FALSE>>, <<FALSE, FALSE>>, <<FALSE, FALSE>>>>,
   <<<<FALSE, FALSE>>, <<FALSE, FALSE>>, <<FALSE, FALSE>>>> >>
/\ Wvar = << <<<<{}, {}>>, <<{}, {}>>, <<{}, {}>>>>,
   <<<<{}, {}>>, <<{}, {}>>, <<{}, {}>>>> >>
/\ dep = << <<<<{}, {}>>, <<{}, {}>>, <<{}, {}>>>>,
   <<<<{}, {}>>, <<{}, {}>>, <<{}, {}>>>> >>
/\ recoveryAttemptBal = <<<<<<0, 0>>, <<0, 0>>, <<0, 0>>>>, <<<<0, 0>>, <<0, 0>>, <<0, 0>>>>>>
/\ submitted = {1, 2}
/\ Dvar = << <<<<{}, {}>>, <<{}, {}>>, <<{}, {}>>>>,
   <<<<{}, {}>>, <<{}, {}>>, <<{}, {}>>>> >>
/\ msgs = { [ shardfrom |-> 1,
    type |-> 1,
    from |-> 1,
    shardto |-> 1,
    to |-> 2,
    body |-> [id |-> 2, tx |-> 2, D0 |-> {}] ],
  [ shardfrom |-> 1,
    type |-> 2,
    from |-> 1,
    shardto |-> 1,
    to |-> 1,
    body |-> [id |-> 2, tq |-> [id |-> <<1, 1>>, t |-> 2], Dq |-> {}] ],
  [ shardfrom |-> 1,
    type |-> 2,
    from |-> 3,
    shardto |-> 1,
    to |-> 1,
    body |-> [id |-> 2, tq |-> [id |-> <<1, 1>>, t |-> 2], Dq |-> {}] ],
  [ shardfrom |-> 1,
    type |-> 8,
    from |-> 1,
    shardto |-> 1,
    to |-> 2,
    body |-> [id |-> 2, b |-> 7, tx |-> 2] ],
  [ shardfrom |-> 1,
    type |-> 8,
    from |-> 1,
    shardto |-> 1,
    to |-> 3,
    body |-> [id |-> 2, b |-> 7, tx |-> 2] ],
  [ shardfrom |-> 1,
    type |-> 8,
    from |-> 3,
    shardto |-> 1,
    to |-> 1,
    body |-> [id |-> 2, b |-> 9, tx |-> 2] ],
  [ shardfrom |-> 1,
    type |-> 9,
    from |-> 1,
    shardto |-> 1,
    to |-> 1,
    body |->
        [ id |-> 2,
          b |-> 7,
          tq |-> [id |-> <<1, 1>>, t |-> 2],
          abalq |-> 0,
          txq |-> 2,
          depq |-> {},
          phaseq |-> 2,
          rejectq |-> FALSE,
          Wq |-> {},
          WPq |-> {} ] ],
  [ shardfrom |-> 1,
    type |-> 9,
    from |-> 2,
    shardto |-> 1,
    to |-> 3,
    body |->
        [ id |-> 2,
          b |-> 9,
          tq |-> [id |-> <<0, 0>>, t |-> 0],
          abalq |-> 0,
          txq |-> 2,
          depq |-> {},
          phaseq |-> 1,
          rejectq |-> FALSE,
          Wq |-> {},
          WPq |-> {} ] ],
  [ shardfrom |-> 1,
    type |-> 9,
    from |-> 3,
    shardto |-> 1,
    to |-> 3,
    body |->
        [ id |-> 2,
          b |-> 9,
          tq |-> [id |-> <<1, 1>>, t |-> 2],
          abalq |-> 0,
          txq |-> 2,
          depq |-> {},
          phaseq |-> 2,
          rejectq |-> FALSE,
          Wq |-> {},
          WPq |-> {} ] ],
  [ shardfrom |-> 2,
    type |-> 1,
    from |-> 2,
    shardto |-> 1,
    to |-> 1,
    body |-> [id |-> 1, tx |-> 1, D0 |-> {}] ],
  [ shardfrom |-> 2,
    type |-> 1,
    from |-> 2,
    shardto |-> 1,
    to |-> 2,
    body |-> [id |-> 1, tx |-> 1, D0 |-> {}] ],
  [ shardfrom |-> 2,
    type |-> 1,
    from |-> 2,
    shardto |-> 1,
    to |-> 3,
    body |-> [id |-> 1, tx |-> 1, D0 |-> {}] ],
  [ shardfrom |-> 2,
    type |-> 1,
    from |-> 2,
    shardto |-> 2,
    to |-> 1,
    body |-> [id |-> 1, tx |-> 1, D0 |-> {}] ],
  [ shardfrom |-> 2,
    type |-> 1,
    from |-> 2,
    shardto |-> 2,
    to |-> 3,
    body |-> [id |-> 1, tx |-> 1, D0 |-> {}] ],
  [ shardfrom |-> 2,
    type |-> 2,
    from |-> 2,
    shardto |-> 2,
    to |-> 2,
    body |-> [id |-> 1, tq |-> [id |-> <<2, 2>>, t |-> 0], Dq |-> {}] ],
  [ shardfrom |-> 2,
    type |-> 8,
    from |-> 2,
    shardto |-> 1,
    to |-> 1,
    body |-> [id |-> 1, b |-> 11, tx |-> 1] ],
  [ shardfrom |-> 2,
    type |-> 8,
    from |-> 2,
    shardto |-> 1,
    to |-> 2,
    body |-> [id |-> 1, b |-> 11, tx |-> 1] ],
  [ shardfrom |-> 2,
    type |-> 8,
    from |-> 2,
    shardto |-> 1,
    to |-> 3,
    body |-> [id |-> 1, b |-> 11, tx |-> 1] ],
  [ shardfrom |-> 2,
    type |-> 8,
    from |-> 2,
    shardto |-> 2,
    to |-> 3,
    body |-> [id |-> 1, b |-> 11, tx |-> 1] ],
  [ shardfrom |-> 2,
    type |-> 9,
    from |-> 1,
    shardto |-> 2,
    to |-> 2,
    body |->
        [ id |-> 1,
          b |-> 11,
          tq |-> [id |-> <<0, 0>>, t |-> 0],
          abalq |-> 0,
          txq |-> 1,
          depq |-> {},
          phaseq |-> 1,
          rejectq |-> FALSE,
          Wq |-> {},
          WPq |-> {} ] ],
  [ shardfrom |-> 2,
    type |-> 9,
    from |-> 2,
    shardto |-> 2,
    to |-> 2,
    body |->
        [ id |-> 1,
          b |-> 11,
          tq |-> [id |-> <<2, 2>>, t |-> 0],
          abalq |-> 0,
          txq |-> 1,
          depq |-> {},
          phaseq |-> 2,
          rejectq |-> FALSE,
          Wq |-> {},
          WPq |-> {} ] ] }
/\ Qvar = << <<<<{}, {}>>, <<{}, {}>>, <<{}, {}>>>>,
   <<<<{}, {}>>, <<{}, {}>>, <<{}, {}>>>> >>
/\ ts = << << <<[id |-> <<0, 0>>, t |-> 0], [id |-> <<1, 1>>, t |-> 2]>>,
      <<[id |-> <<0, 0>>, t |-> 0], [id |-> <<0, 0>>, t |-> 0]>>,
      <<[id |-> <<0, 0>>, t |-> 0], [id |-> <<1, 1>>, t |-> 2]>> >>,
   << <<[id |-> <<0, 0>>, t |-> 0], [id |-> <<0, 0>>, t |-> 0]>>,
      <<[id |-> <<2, 2>>, t |-> 0], [id |-> <<0, 0>>, t |-> 0]>>,
      <<[id |-> <<0, 0>>, t |-> 0], [id |-> <<0, 0>>, t |-> 0]>> >> >>
/\ TXvar = << <<<<bottom, bottom>>, <<bottom, bottom>>, <<bottom, bottom>>>>,
   <<<<bottom, bottom>>, <<bottom, bottom>>, <<bottom, bottom>>>> >>
/\ recovered = <<<<<<0, 1>>, <<0, 0>>, <<0, 1>>>>, <<<<0, 0>>, <<1, 0>>, <<0, 0>>>>>>
/\ initCoord = <<<<2, 2>>, <<1, 1>>>>

State 10: <HandleRecoverOK line 551, col 5 to line 650, col 68 of module AccordSpec>
/\ phase = <<<<<<1, 2>>, <<1, 1>>, <<1, 2>>>>, <<<<1, 1>>, <<2, 1>>, <<1, 1>>>>>>
/\ abal = <<<<<<0, 0>>, <<0, 0>>, <<0, 0>>>>, <<<<0, 0>>, <<0, 0>>, <<0, 0>>>>>>
/\ initTimestamp = << [id |-> <<2, 2>>, t |-> 0],
   [id |-> <<1, 1>>, t |-> 2],
   [id |-> <<0, 0>>, t |-> 1] >>
/\ bal = <<<<<<0, 7>>, <<0, 9>>, <<0, 9>>>>, <<<<11, 0>>, <<11, 0>>, <<0, 0>>>>>>
/\ txn = << <<<<bottom, 2>>, <<bottom, 2>>, <<bottom, 2>>>>,
   <<<<1, bottom>>, <<1, bottom>>, <<bottom, bottom>>>> >>
/\ postWaitingFlag = << <<<<FALSE, FALSE>>, <<FALSE, FALSE>>, <<FALSE, TRUE>>>>,
   <<<<FALSE, FALSE>>, <<FALSE, FALSE>>, <<FALSE, FALSE>>>> >>
/\ Wvar = << <<<<{}, {}>>, <<{}, {}>>, <<{}, {}>>>>,
   <<<<{}, {}>>, <<{}, {}>>, <<{}, {}>>>> >>
/\ dep = << <<<<{}, {}>>, <<{}, {}>>, <<{}, {}>>>>,
   <<<<{}, {}>>, <<{}, {}>>, <<{}, {}>>>> >>
/\ recoveryAttemptBal = <<<<<<0, 0>>, <<0, 0>>, <<0, 9>>>>, <<<<0, 0>>, <<0, 0>>, <<0, 0>>>>>>
/\ submitted = {1, 2}
/\ Dvar = << <<<<{}, {}>>, <<{}, {}>>, <<{}, {}>>>>,
   <<<<{}, {}>>, <<{}, {}>>, <<{}, {}>>>> >>
/\ msgs = { [ shardfrom |-> 1,
    type |-> 1,
    from |-> 1,
    shardto |-> 1,
    to |-> 2,
    body |-> [id |-> 2, tx |-> 2, D0 |-> {}] ],
  [ shardfrom |-> 1,
    type |-> 2,
    from |-> 1,
    shardto |-> 1,
    to |-> 1,
    body |-> [id |-> 2, tq |-> [id |-> <<1, 1>>, t |-> 2], Dq |-> {}] ],
  [ shardfrom |-> 1,
    type |-> 2,
    from |-> 3,
    shardto |-> 1,
    to |-> 1,
    body |-> [id |-> 2, tq |-> [id |-> <<1, 1>>, t |-> 2], Dq |-> {}] ],
  [ shardfrom |-> 1,
    type |-> 8,
    from |-> 1,
    shardto |-> 1,
    to |-> 2,
    body |-> [id |-> 2, b |-> 7, tx |-> 2] ],
  [ shardfrom |-> 1,
    type |-> 8,
    from |-> 1,
    shardto |-> 1,
    to |-> 3,
    body |-> [id |-> 2, b |-> 7, tx |-> 2] ],
  [ shardfrom |-> 1,
    type |-> 8,
    from |-> 3,
    shardto |-> 1,
    to |-> 1,
    body |-> [id |-> 2, b |-> 9, tx |-> 2] ],
  [ shardfrom |-> 1,
    type |-> 9,
    from |-> 1,
    shardto |-> 1,
    to |-> 1,
    body |->
        [ id |-> 2,
          b |-> 7,
          tq |-> [id |-> <<1, 1>>, t |-> 2],
          abalq |-> 0,
          txq |-> 2,
          depq |-> {},
          phaseq |-> 2,
          rejectq |-> FALSE,
          Wq |-> {},
          WPq |-> {} ] ],
  [ shardfrom |-> 2,
    type |-> 1,
    from |-> 2,
    shardto |-> 1,
    to |-> 1,
    body |-> [id |-> 1, tx |-> 1, D0 |-> {}] ],
  [ shardfrom |-> 2,
    type |-> 1,
    from |-> 2,
    shardto |-> 1,
    to |-> 2,
    body |-> [id |-> 1, tx |-> 1, D0 |-> {}] ],
  [ shardfrom |-> 2,
    type |-> 1,
    from |-> 2,
    shardto |-> 1,
    to |-> 3,
    body |-> [id |-> 1, tx |-> 1, D0 |-> {}] ],
  [ shardfrom |-> 2,
    type |-> 1,
    from |-> 2,
    shardto |-> 2,
    to |-> 1,
    body |-> [id |-> 1, tx |-> 1, D0 |-> {}] ],
  [ shardfrom |-> 2,
    type |-> 1,
    from |-> 2,
    shardto |-> 2,
    to |-> 3,
    body |-> [id |-> 1, tx |-> 1, D0 |-> {}] ],
  [ shardfrom |-> 2,
    type |-> 2,
    from |-> 2,
    shardto |-> 2,
    to |-> 2,
    body |-> [id |-> 1, tq |-> [id |-> <<2, 2>>, t |-> 0], Dq |-> {}] ],
  [ shardfrom |-> 2,
    type |-> 8,
    from |-> 2,
    shardto |-> 1,
    to |-> 1,
    body |-> [id |-> 1, b |-> 11, tx |-> 1] ],
  [ shardfrom |-> 2,
    type |-> 8,
    from |-> 2,
    shardto |-> 1,
    to |-> 2,
    body |-> [id |-> 1, b |-> 11, tx |-> 1] ],
  [ shardfrom |-> 2,
    type |-> 8,
    from |-> 2,
    shardto |-> 1,
    to |-> 3,
    body |-> [id |-> 1, b |-> 11, tx |-> 1] ],
  [ shardfrom |-> 2,
    type |-> 8,
    from |-> 2,
    shardto |-> 2,
    to |-> 3,
    body |-> [id |-> 1, b |-> 11, tx |-> 1] ],
  [ shardfrom |-> 2,
    type |-> 9,
    from |-> 1,
    shardto |-> 2,
    to |-> 2,
    body |->
        [ id |-> 1,
          b |-> 11,
          tq |-> [id |-> <<0, 0>>, t |-> 0],
          abalq |-> 0,
          txq |-> 1,
          depq |-> {},
          phaseq |-> 1,
          rejectq |-> FALSE,
          Wq |-> {},
          WPq |-> {} ] ],
  [ shardfrom |-> 2,
    type |-> 9,
    from |-> 2,
    shardto |-> 2,
    to |-> 2,
    body |->
        [ id |-> 1,
          b |-> 11,
          tq |-> [id |-> <<2, 2>>, t |-> 0],
          abalq |-> 0,
          txq |-> 1,
          depq |-> {},
          phaseq |-> 2,
          rejectq |-> FALSE,
          Wq |-> {},
          WPq |-> {} ] ] }
/\ Qvar = << <<<<{}, {}>>, <<{}, {}>>, <<{}, {<<1, 2>>, <<1, 3>>}>>>>,
   <<<<{}, {}>>, <<{}, {}>>, <<{}, {}>>>> >>
/\ ts = << << <<[id |-> <<0, 0>>, t |-> 0], [id |-> <<1, 1>>, t |-> 2]>>,
      <<[id |-> <<0, 0>>, t |-> 0], [id |-> <<0, 0>>, t |-> 0]>>,
      <<[id |-> <<0, 0>>, t |-> 0], [id |-> <<1, 1>>, t |-> 2]>> >>,
   << <<[id |-> <<0, 0>>, t |-> 0], [id |-> <<0, 0>>, t |-> 0]>>,
      <<[id |-> <<2, 2>>, t |-> 0], [id |-> <<0, 0>>, t |-> 0]>>,
      <<[id |-> <<0, 0>>, t |-> 0], [id |-> <<0, 0>>, t |-> 0]>> >> >>
/\ TXvar = << <<<<bottom, bottom>>, <<bottom, bottom>>, <<bottom, 2>>>>,
   <<<<bottom, bottom>>, <<bottom, bottom>>, <<bottom, bottom>>>> >>
/\ recovered = <<<<<<0, 1>>, <<0, 0>>, <<0, 1>>>>, <<<<0, 0>>, <<1, 0>>, <<0, 0>>>>>>
/\ initCoord = <<<<2, 2>>, <<1, 1>>>>

State 11: <HandlePostWaiting line 656, col 5 to line 742, col 114 of module AccordSpec>
/\ phase = <<<<<<1, 2>>, <<1, 1>>, <<1, 3>>>>, <<<<1, 1>>, <<2, 1>>, <<1, 1>>>>>>
/\ abal = <<<<<<0, 0>>, <<0, 0>>, <<0, 9>>>>, <<<<0, 0>>, <<0, 0>>, <<0, 0>>>>>>
/\ initTimestamp = << [id |-> <<2, 2>>, t |-> 0],
   [id |-> <<1, 1>>, t |-> 2],
   [id |-> <<0, 0>>, t |-> 1] >>
/\ bal = <<<<<<0, 7>>, <<0, 9>>, <<0, 9>>>>, <<<<11, 0>>, <<11, 0>>, <<0, 0>>>>>>
/\ txn = << <<<<bottom, 2>>, <<bottom, 2>>, <<bottom, 2>>>>,
   <<<<1, bottom>>, <<1, bottom>>, <<bottom, bottom>>>> >>
/\ postWaitingFlag = << <<<<FALSE, FALSE>>, <<FALSE, FALSE>>, <<FALSE, FALSE>>>>,
   <<<<FALSE, FALSE>>, <<FALSE, FALSE>>, <<FALSE, FALSE>>>> >>
/\ Wvar = << <<<<{}, {}>>, <<{}, {}>>, <<{}, {}>>>>,
   <<<<{}, {}>>, <<{}, {}>>, <<{}, {}>>>> >>
/\ dep = << <<<<{}, {}>>, <<{}, {}>>, <<{}, {}>>>>,
   <<<<{}, {}>>, <<{}, {}>>, <<{}, {}>>>> >>
/\ recoveryAttemptBal = <<<<<<0, 0>>, <<0, 0>>, <<0, 9>>>>, <<<<0, 0>>, <<0, 0>>, <<0, 0>>>>>>
/\ submitted = {1, 2}
/\ Dvar = << <<<<{}, {}>>, <<{}, {}>>, <<{}, {}>>>>,
   <<<<{}, {}>>, <<{}, {}>>, <<{}, {}>>>> >>
/\ msgs = { [ shardfrom |-> 1,
    type |-> 1,
    from |-> 1,
    shardto |-> 1,
    to |-> 2,
    body |-> [id |-> 2, tx |-> 2, D0 |-> {}] ],
  [ shardfrom |-> 1,
    type |-> 2,
    from |-> 1,
    shardto |-> 1,
    to |-> 1,
    body |-> [id |-> 2, tq |-> [id |-> <<1, 1>>, t |-> 2], Dq |-> {}] ],
  [ shardfrom |-> 1,
    type |-> 2,
    from |-> 3,
    shardto |-> 1,
    to |-> 1,
    body |-> [id |-> 2, tq |-> [id |-> <<1, 1>>, t |-> 2], Dq |-> {}] ],
  [ shardfrom |-> 1,
    type |-> 3,
    from |-> 3,
    shardto |-> 1,
    to |-> 1,
    body |->
        [ id |-> 2,
          t |-> [id |-> <<1, 1>>, t |-> 2],
          b |-> 9,
          tx |-> 2,
          D |-> {} ] ],
  [ shardfrom |-> 1,
    type |-> 3,
    from |-> 3,
    shardto |-> 1,
    to |-> 2,
    body |->
        [ id |-> 2,
          t |-> [id |-> <<1, 1>>, t |-> 2],
          b |-> 9,
          tx |-> 2,
          D |-> {} ] ],
  [ shardfrom |-> 1,
    type |-> 4,
    from |-> 3,
    shardto |-> 1,
    to |-> 3,
    body |-> [id |-> 2, b |-> 9, Dq |-> {}] ],
  [ shardfrom |-> 1,
    type |-> 8,
    from |-> 1,
    shardto |-> 1,
    to |-> 2,
    body |-> [id |-> 2, b |-> 7, tx |-> 2] ],
  [ shardfrom |-> 1,
    type |-> 8,
    from |-> 1,
    shardto |-> 1,
    to |-> 3,
    body |-> [id |-> 2, b |-> 7, tx |-> 2] ],
  [ shardfrom |-> 1,
    type |-> 8,
    from |-> 3,
    shardto |-> 1,
    to |-> 1,
    body |-> [id |-> 2, b |-> 9, tx |-> 2] ],
  [ shardfrom |-> 1,
    type |-> 9,
    from |-> 1,
    shardto |-> 1,
    to |-> 1,
    body |->
        [ id |-> 2,
          b |-> 7,
          tq |-> [id |-> <<1, 1>>, t |-> 2],
          abalq |-> 0,
          txq |-> 2,
          depq |-> {},
          phaseq |-> 2,
          rejectq |-> FALSE,
          Wq |-> {},
          WPq |-> {} ] ],
  [ shardfrom |-> 2,
    type |-> 1,
    from |-> 2,
    shardto |-> 1,
    to |-> 1,
    body |-> [id |-> 1, tx |-> 1, D0 |-> {}] ],
  [ shardfrom |-> 2,
    type |-> 1,
    from |-> 2,
    shardto |-> 1,
    to |-> 2,
    body |-> [id |-> 1, tx |-> 1, D0 |-> {}] ],
  [ shardfrom |-> 2,
    type |-> 1,
    from |-> 2,
    shardto |-> 1,
    to |-> 3,
    body |-> [id |-> 1, tx |-> 1, D0 |-> {}] ],
  [ shardfrom |-> 2,
    type |-> 1,
    from |-> 2,
    shardto |-> 2,
    to |-> 1,
    body |-> [id |-> 1, tx |-> 1, D0 |-> {}] ],
  [ shardfrom |-> 2,
    type |-> 1,
    from |-> 2,
    shardto |-> 2,
    to |-> 3,
    body |-> [id |-> 1, tx |-> 1, D0 |-> {}] ],
  [ shardfrom |-> 2,
    type |-> 2,
    from |-> 2,
    shardto |-> 2,
    to |-> 2,
    body |-> [id |-> 1, tq |-> [id |-> <<2, 2>>, t |-> 0], Dq |-> {}] ],
  [ shardfrom |-> 2,
    type |-> 8,
    from |-> 2,
    shardto |-> 1,
    to |-> 1,
    body |-> [id |-> 1, b |-> 11, tx |-> 1] ],
  [ shardfrom |-> 2,
    type |-> 8,
    from |-> 2,
    shardto |-> 1,
    to |-> 2,
    body |-> [id |-> 1, b |-> 11, tx |-> 1] ],
  [ shardfrom |-> 2,
    type |-> 8,
    from |-> 2,
    shardto |-> 1,
    to |-> 3,
    body |-> [id |-> 1, b |-> 11, tx |-> 1] ],
  [ shardfrom |-> 2,
    type |-> 8,
    from |-> 2,
    shardto |-> 2,
    to |-> 3,
    body |-> [id |-> 1, b |-> 11, tx |-> 1] ],
  [ shardfrom |-> 2,
    type |-> 9,
    from |-> 1,
    shardto |-> 2,
    to |-> 2,
    body |->
        [ id |-> 1,
          b |-> 11,
          tq |-> [id |-> <<0, 0>>, t |-> 0],
          abalq |-> 0,
          txq |-> 1,
          depq |-> {},
          phaseq |-> 1,
          rejectq |-> FALSE,
          Wq |-> {},
          WPq |-> {} ] ],
  [ shardfrom |-> 2,
    type |-> 9,
    from |-> 2,
    shardto |-> 2,
    to |-> 2,
    body |->
        [ id |-> 1,
          b |-> 11,
          tq |-> [id |-> <<2, 2>>, t |-> 0],
          abalq |-> 0,
          txq |-> 1,
          depq |-> {},
          phaseq |-> 2,
          rejectq |-> FALSE,
          Wq |-> {},
          WPq |-> {} ] ] }
/\ Qvar = << <<<<{}, {}>>, <<{}, {}>>, <<{}, {<<1, 2>>, <<1, 3>>}>>>>,
   <<<<{}, {}>>, <<{}, {}>>, <<{}, {}>>>> >>
/\ ts = << << <<[id |-> <<0, 0>>, t |-> 0], [id |-> <<1, 1>>, t |-> 2]>>,
      <<[id |-> <<0, 0>>, t |-> 0], [id |-> <<0, 0>>, t |-> 0]>>,
      <<[id |-> <<0, 0>>, t |-> 0], [id |-> <<1, 1>>, t |-> 2]>> >>,
   << <<[id |-> <<0, 0>>, t |-> 0], [id |-> <<0, 0>>, t |-> 0]>>,
      <<[id |-> <<2, 2>>, t |-> 0], [id |-> <<0, 0>>, t |-> 0]>>,
      <<[id |-> <<0, 0>>, t |-> 0], [id |-> <<0, 0>>, t |-> 0]>> >> >>
/\ TXvar = << <<<<bottom, bottom>>, <<bottom, bottom>>, <<bottom, 2>>>>,
   <<<<bottom, bottom>>, <<bottom, bottom>>, <<bottom, bottom>>>> >>
/\ recovered = <<<<<<0, 1>>, <<0, 0>>, <<0, 1>>>>, <<<<0, 0>>, <<1, 0>>, <<0, 0>>>>>>
/\ initCoord = <<<<2, 2>>, <<1, 1>>>>

State 12: <Next line 769, col 8 to line 774, col 27 of module AccordSpec>
/\ phase = <<<<<<1, 2>>, <<2, 1>>, <<1, 3>>>>, <<<<1, 1>>, <<2, 1>>, <<1, 1>>>>>>
/\ abal = <<<<<<0, 0>>, <<0, 0>>, <<0, 9>>>>, <<<<0, 0>>, <<0, 0>>, <<0, 0>>>>>>
/\ initTimestamp = << [id |-> <<2, 2>>, t |-> 0],
   [id |-> <<1, 1>>, t |-> 2],
   [id |-> <<0, 0>>, t |-> 1] >>
/\ bal = <<<<<<0, 7>>, <<0, 9>>, <<0, 9>>>>, <<<<11, 0>>, <<11, 0>>, <<0, 0>>>>>>
/\ txn = << <<<<bottom, 2>>, <<1, 2>>, <<bottom, 2>>>>,
   <<<<1, bottom>>, <<1, bottom>>, <<bottom, bottom>>>> >>
/\ postWaitingFlag = << <<<<FALSE, FALSE>>, <<FALSE, FALSE>>, <<FALSE, FALSE>>>>,
   <<<<FALSE, FALSE>>, <<FALSE, FALSE>>, <<FALSE, FALSE>>>> >>
/\ Wvar = << <<<<{}, {}>>, <<{}, {}>>, <<{}, {}>>>>,
   <<<<{}, {}>>, <<{}, {}>>, <<{}, {}>>>> >>
/\ dep = << <<<<{}, {}>>, <<{}, {}>>, <<{}, {}>>>>,
   <<<<{}, {}>>, <<{}, {}>>, <<{}, {}>>>> >>
/\ recoveryAttemptBal = <<<<<<0, 0>>, <<0, 0>>, <<0, 9>>>>, <<<<0, 0>>, <<0, 0>>, <<0, 0>>>>>>
/\ submitted = {1, 2}
/\ Dvar = << <<<<{}, {}>>, <<{}, {}>>, <<{}, {}>>>>,
   <<<<{}, {}>>, <<{}, {}>>, <<{}, {}>>>> >>
/\ msgs = { [ shardfrom |-> 1,
    type |-> 1,
    from |-> 1,
    shardto |-> 1,
    to |-> 2,
    body |-> [id |-> 2, tx |-> 2, D0 |-> {}] ],
  [ shardfrom |-> 1,
    type |-> 2,
    from |-> 1,
    shardto |-> 1,
    to |-> 1,
    body |-> [id |-> 2, tq |-> [id |-> <<1, 1>>, t |-> 2], Dq |-> {}] ],
  [ shardfrom |-> 1,
    type |-> 2,
    from |-> 2,
    shardto |-> 2,
    to |-> 2,
    body |-> [id |-> 1, tq |-> [id |-> <<2, 2>>, t |-> 0], Dq |-> {}] ],
  [ shardfrom |-> 1,
    type |-> 2,
    from |-> 3,
    shardto |-> 1,
    to |-> 1,
    body |-> [id |-> 2, tq |-> [id |-> <<1, 1>>, t |-> 2], Dq |-> {}] ],
  [ shardfrom |-> 1,
    type |-> 3,
    from |-> 3,
    shardto |-> 1,
    to |-> 1,
    body |->
        [ id |-> 2,
          t |-> [id |-> <<1, 1>>, t |-> 2],
          b |-> 9,
          tx |-> 2,
          D |-> {} ] ],
  [ shardfrom |-> 1,
    type |-> 3,
    from |-> 3,
    shardto |-> 1,
    to |-> 2,
    body |->
        [ id |-> 2,
          t |-> [id |-> <<1, 1>>, t |-> 2],
          b |-> 9,
          tx |-> 2,
          D |-> {} ] ],
  [ shardfrom |-> 1,
    type |-> 4,
    from |-> 3,
    shardto |-> 1,
    to |-> 3,
    body |-> [id |-> 2, b |-> 9, Dq |-> {}] ],
  [ shardfrom |-> 1,
    type |-> 8,
    from |-> 1,
    shardto |-> 1,
    to |-> 2,
    body |-> [id |-> 2, b |-> 7, tx |-> 2] ],
  [ shardfrom |-> 1,
    type |-> 8,
    from |-> 1,
    shardto |-> 1,
    to |-> 3,
    body |-> [id |-> 2, b |-> 7, tx |-> 2] ],
  [ shardfrom |-> 1,
    type |-> 8,
    from |-> 3,
    shardto |-> 1,
    to |-> 1,
    body |-> [id |-> 2, b |-> 9, tx |-> 2] ],
  [ shardfrom |-> 1,
    type |-> 9,
    from |-> 1,
    shardto |-> 1,
    to |-> 1,
    body |->
        [ id |-> 2,
          b |-> 7,
          tq |-> [id |-> <<1, 1>>, t |-> 2],
          abalq |-> 0,
          txq |-> 2,
          depq |-> {},
          phaseq |-> 2,
          rejectq |-> FALSE,
          Wq |-> {},
          WPq |-> {} ] ],
  [ shardfrom |-> 2,
    type |-> 1,
    from |-> 2,
    shardto |-> 1,
    to |-> 1,
    body |-> [id |-> 1, tx |-> 1, D0 |-> {}] ],
  [ shardfrom |-> 2,
    type |-> 1,
    from |-> 2,
    shardto |-> 1,
    to |-> 3,
    body |-> [id |-> 1, tx |-> 1, D0 |-> {}] ],
  [ shardfrom |-> 2,
    type |-> 1,
    from |-> 2,
    shardto |-> 2,
    to |-> 1,
    body |-> [id |-> 1, tx |-> 1, D0 |-> {}] ],
  [ shardfrom |-> 2,
    type |-> 1,
    from |-> 2,
    shardto |-> 2,
    to |-> 3,
    body |-> [id |-> 1, tx |-> 1, D0 |-> {}] ],
  [ shardfrom |-> 2,
    type |-> 2,
    from |-> 2,
    shardto |-> 2,
    to |-> 2,
    body |-> [id |-> 1, tq |-> [id |-> <<2, 2>>, t |-> 0], Dq |-> {}] ],
  [ shardfrom |-> 2,
    type |-> 8,
    from |-> 2,
    shardto |-> 1,
    to |-> 1,
    body |-> [id |-> 1, b |-> 11, tx |-> 1] ],
  [ shardfrom |-> 2,
    type |-> 8,
    from |-> 2,
    shardto |-> 1,
    to |-> 2,
    body |-> [id |-> 1, b |-> 11, tx |-> 1] ],
  [ shardfrom |-> 2,
    type |-> 8,
    from |-> 2,
    shardto |-> 1,
    to |-> 3,
    body |-> [id |-> 1, b |-> 11, tx |-> 1] ],
  [ shardfrom |-> 2,
    type |-> 8,
    from |-> 2,
    shardto |-> 2,
    to |-> 3,
    body |-> [id |-> 1, b |-> 11, tx |-> 1] ],
  [ shardfrom |-> 2,
    type |-> 9,
    from |-> 1,
    shardto |-> 2,
    to |-> 2,
    body |->
        [ id |-> 1,
          b |-> 11,
          tq |-> [id |-> <<0, 0>>, t |-> 0],
          abalq |-> 0,
          txq |-> 1,
          depq |-> {},
          phaseq |-> 1,
          rejectq |-> FALSE,
          Wq |-> {},
          WPq |-> {} ] ],
  [ shardfrom |-> 2,
    type |-> 9,
    from |-> 2,
    shardto |-> 2,
    to |-> 2,
    body |->
        [ id |-> 1,
          b |-> 11,
          tq |-> [id |-> <<2, 2>>, t |-> 0],
          abalq |-> 0,
          txq |-> 1,
          depq |-> {},
          phaseq |-> 2,
          rejectq |-> FALSE,
          Wq |-> {},
          WPq |-> {} ] ] }
/\ Qvar = << <<<<{}, {}>>, <<{}, {}>>, <<{}, {<<1, 2>>, <<1, 3>>}>>>>,
   <<<<{}, {}>>, <<{}, {}>>, <<{}, {}>>>> >>
/\ ts = << << <<[id |-> <<0, 0>>, t |-> 0], [id |-> <<1, 1>>, t |-> 2]>>,
      <<[id |-> <<2, 2>>, t |-> 0], [id |-> <<0, 0>>, t |-> 0]>>,
      <<[id |-> <<0, 0>>, t |-> 0], [id |-> <<1, 1>>, t |-> 2]>> >>,
   << <<[id |-> <<0, 0>>, t |-> 0], [id |-> <<0, 0>>, t |-> 0]>>,
      <<[id |-> <<2, 2>>, t |-> 0], [id |-> <<0, 0>>, t |-> 0]>>,
      <<[id |-> <<0, 0>>, t |-> 0], [id |-> <<0, 0>>, t |-> 0]>> >> >>
/\ TXvar = << <<<<bottom, bottom>>, <<bottom, bottom>>, <<bottom, 2>>>>,
   <<<<bottom, bottom>>, <<bottom, bottom>>, <<bottom, bottom>>>> >>
/\ recovered = <<<<<<0, 1>>, <<0, 0>>, <<0, 1>>>>, <<<<0, 0>>, <<1, 0>>, <<0, 0>>>>>>
/\ initCoord = <<<<2, 2>>, <<1, 1>>>>

State 13: <StartRecover line 476, col 5 to line 510, col 123 of module AccordSpec>
/\ phase = <<<<<<1, 2>>, <<2, 1>>, <<1, 3>>>>, <<<<1, 1>>, <<2, 1>>, <<1, 1>>>>>>
/\ abal = <<<<<<0, 0>>, <<0, 0>>, <<0, 9>>>>, <<<<0, 0>>, <<0, 0>>, <<0, 0>>>>>>
/\ initTimestamp = << [id |-> <<2, 2>>, t |-> 0],
   [id |-> <<1, 1>>, t |-> 2],
   [id |-> <<0, 0>>, t |-> 1] >>
/\ bal = <<<<<<0, 7>>, <<0, 14>>, <<0, 9>>>>, <<<<11, 0>>, <<11, 0>>, <<0, 0>>>>>>
/\ txn = << <<<<bottom, 2>>, <<1, 2>>, <<bottom, 2>>>>,
   <<<<1, bottom>>, <<1, bottom>>, <<bottom, bottom>>>> >>
/\ postWaitingFlag = << <<<<FALSE, FALSE>>, <<FALSE, FALSE>>, <<FALSE, FALSE>>>>,
   <<<<FALSE, FALSE>>, <<FALSE, FALSE>>, <<FALSE, FALSE>>>> >>
/\ Wvar = << <<<<{}, {}>>, <<{}, {}>>, <<{}, {}>>>>,
   <<<<{}, {}>>, <<{}, {}>>, <<{}, {}>>>> >>
/\ dep = << <<<<{}, {}>>, <<{}, {}>>, <<{}, {}>>>>,
   <<<<{}, {}>>, <<{}, {}>>, <<{}, {}>>>> >>
/\ recoveryAttemptBal = <<<<<<0, 0>>, <<0, 0>>, <<0, 9>>>>, <<<<0, 0>>, <<0, 0>>, <<0, 0>>>>>>
/\ submitted = {1, 2}
/\ Dvar = << <<<<{}, {}>>, <<{}, {}>>, <<{}, {}>>>>,
   <<<<{}, {}>>, <<{}, {}>>, <<{}, {}>>>> >>
/\ msgs = { [ shardfrom |-> 1,
    type |-> 1,
    from |-> 1,
    shardto |-> 1,
    to |-> 2,
    body |-> [id |-> 2, tx |-> 2, D0 |-> {}] ],
  [ shardfrom |-> 1,
    type |-> 2,
    from |-> 1,
    shardto |-> 1,
    to |-> 1,
    body |-> [id |-> 2, tq |-> [id |-> <<1, 1>>, t |-> 2], Dq |-> {}] ],
  [ shardfrom |-> 1,
    type |-> 2,
    from |-> 2,
    shardto |-> 2,
    to |-> 2,
    body |-> [id |-> 1, tq |-> [id |-> <<2, 2>>, t |-> 0], Dq |-> {}] ],
  [ shardfrom |-> 1,
    type |-> 2,
    from |-> 3,
    shardto |-> 1,
    to |-> 1,
    body |-> [id |-> 2, tq |-> [id |-> <<1, 1>>, t |-> 2], Dq |-> {}] ],
  [ shardfrom |-> 1,
    type |-> 3,
    from |-> 3,
    shardto |-> 1,
    to |-> 1,
    body |->
        [ id |-> 2,
          t |-> [id |-> <<1, 1>>, t |-> 2],
          b |-> 9,
          tx |-> 2,
          D |-> {} ] ],
  [ shardfrom |-> 1,
    type |-> 3,
    from |-> 3,
    shardto |-> 1,
    to |-> 2,
    body |->
        [ id |-> 2,
          t |-> [id |-> <<1, 1>>, t |-> 2],
          b |-> 9,
          tx |-> 2,
          D |-> {} ] ],
  [ shardfrom |-> 1,
    type |-> 4,
    from |-> 3,
    shardto |-> 1,
    to |-> 3,
    body |-> [id |-> 2, b |-> 9, Dq |-> {}] ],
  [ shardfrom |-> 1,
    type |-> 8,
    from |-> 1,
    shardto |-> 1,
    to |-> 2,
    body |-> [id |-> 2, b |-> 7, tx |-> 2] ],
  [ shardfrom |-> 1,
    type |-> 8,
    from |-> 1,
    shardto |-> 1,
    to |-> 3,
    body |-> [id |-> 2, b |-> 7, tx |-> 2] ],
  [ shardfrom |-> 1,
    type |-> 8,
    from |-> 2,
    shardto |-> 1,
    to |-> 1,
    body |-> [id |-> 2, b |-> 14, tx |-> 0] ],
  [ shardfrom |-> 1,
    type |-> 8,
    from |-> 2,
    shardto |-> 1,
    to |-> 3,
    body |-> [id |-> 2, b |-> 14, tx |-> 0] ],
  [ shardfrom |-> 1,
    type |-> 8,
    from |-> 3,
    shardto |-> 1,
    to |-> 1,
    body |-> [id |-> 2, b |-> 9, tx |-> 2] ],
  [ shardfrom |-> 1,
    type |-> 9,
    from |-> 1,
    shardto |-> 1,
    to |-> 1,
    body |->
        [ id |-> 2,
          b |-> 7,
          tq |-> [id |-> <<1, 1>>, t |-> 2],
          abalq |-> 0,
          txq |-> 2,
          depq |-> {},
          phaseq |-> 2,
          rejectq |-> FALSE,
          Wq |-> {},
          WPq |-> {} ] ],
  [ shardfrom |-> 1,
    type |-> 9,
    from |-> 2,
    shardto |-> 1,
    to |-> 2,
    body |->
        [ id |-> 2,
          b |-> 14,
          tq |-> [id |-> <<0, 0>>, t |-> 0],
          abalq |-> 0,
          txq |-> 2,
          depq |-> {1},
          phaseq |-> 1,
          rejectq |-> FALSE,
          Wq |-> {<<1, 0>>},
          WPq |-> {} ] ],
  [ shardfrom |-> 2,
    type |-> 1,
    from |-> 2,
    shardto |-> 1,
    to |-> 1,
    body |-> [id |-> 1, tx |-> 1, D0 |-> {}] ],
  [ shardfrom |-> 2,
    type |-> 1,
    from |-> 2,
    shardto |-> 1,
    to |-> 3,
    body |-> [id |-> 1, tx |-> 1, D0 |-> {}] ],
  [ shardfrom |-> 2,
    type |-> 1,
    from |-> 2,
    shardto |-> 2,
    to |-> 1,
    body |-> [id |-> 1, tx |-> 1, D0 |-> {}] ],
  [ shardfrom |-> 2,
    type |-> 1,
    from |-> 2,
    shardto |-> 2,
    to |-> 3,
    body |-> [id |-> 1, tx |-> 1, D0 |-> {}] ],
  [ shardfrom |-> 2,
    type |-> 2,
    from |-> 2,
    shardto |-> 2,
    to |-> 2,
    body |-> [id |-> 1, tq |-> [id |-> <<2, 2>>, t |-> 0], Dq |-> {}] ],
  [ shardfrom |-> 2,
    type |-> 8,
    from |-> 2,
    shardto |-> 1,
    to |-> 1,
    body |-> [id |-> 1, b |-> 11, tx |-> 1] ],
  [ shardfrom |-> 2,
    type |-> 8,
    from |-> 2,
    shardto |-> 1,
    to |-> 2,
    body |-> [id |-> 1, b |-> 11, tx |-> 1] ],
  [ shardfrom |-> 2,
    type |-> 8,
    from |-> 2,
    shardto |-> 1,
    to |-> 3,
    body |-> [id |-> 1, b |-> 11, tx |-> 1] ],
  [ shardfrom |-> 2,
    type |-> 8,
    from |-> 2,
    shardto |-> 2,
    to |-> 3,
    body |-> [id |-> 1, b |-> 11, tx |-> 1] ],
  [ shardfrom |-> 2,
    type |-> 9,
    from |-> 1,
    shardto |-> 2,
    to |-> 2,
    body |->
        [ id |-> 1,
          b |-> 11,
          tq |-> [id |-> <<0, 0>>, t |-> 0],
          abalq |-> 0,
          txq |-> 1,
          depq |-> {},
          phaseq |-> 1,
          rejectq |-> FALSE,
          Wq |-> {},
          WPq |-> {} ] ],
  [ shardfrom |-> 2,
    type |-> 9,
    from |-> 2,
    shardto |-> 2,
    to |-> 2,
    body |->
        [ id |-> 1,
          b |-> 11,
          tq |-> [id |-> <<2, 2>>, t |-> 0],
          abalq |-> 0,
          txq |-> 1,
          depq |-> {},
          phaseq |-> 2,
          rejectq |-> FALSE,
          Wq |-> {},
          WPq |-> {} ] ] }
/\ Qvar = << <<<<{}, {}>>, <<{}, {}>>, <<{}, {<<1, 2>>, <<1, 3>>}>>>>,
   <<<<{}, {}>>, <<{}, {}>>, <<{}, {}>>>> >>
/\ ts = << << <<[id |-> <<0, 0>>, t |-> 0], [id |-> <<1, 1>>, t |-> 2]>>,
      <<[id |-> <<2, 2>>, t |-> 0], [id |-> <<0, 0>>, t |-> 0]>>,
      <<[id |-> <<0, 0>>, t |-> 0], [id |-> <<1, 1>>, t |-> 2]>> >>,
   << <<[id |-> <<0, 0>>, t |-> 0], [id |-> <<0, 0>>, t |-> 0]>>,
      <<[id |-> <<2, 2>>, t |-> 0], [id |-> <<0, 0>>, t |-> 0]>>,
      <<[id |-> <<0, 0>>, t |-> 0], [id |-> <<0, 0>>, t |-> 0]>> >> >>
/\ TXvar = << <<<<bottom, bottom>>, <<bottom, bottom>>, <<bottom, 2>>>>,
   <<<<bottom, bottom>>, <<bottom, bottom>>, <<bottom, bottom>>>> >>
/\ recovered = <<<<<<0, 1>>, <<0, 1>>, <<0, 1>>>>, <<<<0, 0>>, <<1, 0>>, <<0, 0>>>>>>
/\ initCoord = <<<<2, 2>>, <<1, 1>>>>

State 14: <Next line 769, col 8 to line 774, col 27 of module AccordSpec>
/\ phase = <<<<<<1, 3>>, <<2, 1>>, <<1, 3>>>>, <<<<1, 1>>, <<2, 1>>, <<1, 1>>>>>>
/\ abal = <<<<<<0, 9>>, <<0, 0>>, <<0, 9>>>>, <<<<0, 0>>, <<0, 0>>, <<0, 0>>>>>>
/\ initTimestamp = << [id |-> <<2, 2>>, t |-> 0],
   [id |-> <<1, 1>>, t |-> 2],
   [id |-> <<0, 0>>, t |-> 1] >>
/\ bal = <<<<<<0, 9>>, <<0, 14>>, <<0, 9>>>>, <<<<11, 0>>, <<11, 0>>, <<0, 0>>>>>>
/\ txn = << <<<<bottom, 2>>, <<1, 2>>, <<bottom, 2>>>>,
   <<<<1, bottom>>, <<1, bottom>>, <<bottom, bottom>>>> >>
/\ postWaitingFlag = << <<<<FALSE, FALSE>>, <<FALSE, FALSE>>, <<FALSE, FALSE>>>>,
   <<<<FALSE, FALSE>>, <<FALSE, FALSE>>, <<FALSE, FALSE>>>> >>
/\ Wvar = << <<<<{}, {}>>, <<{}, {}>>, <<{}, {}>>>>,
   <<<<{}, {}>>, <<{}, {}>>, <<{}, {}>>>> >>
/\ dep = << <<<<{}, {}>>, <<{}, {}>>, <<{}, {}>>>>,
   <<<<{}, {}>>, <<{}, {}>>, <<{}, {}>>>> >>
/\ recoveryAttemptBal = <<<<<<0, 0>>, <<0, 0>>, <<0, 9>>>>, <<<<0, 0>>, <<0, 0>>, <<0, 0>>>>>>
/\ submitted = {1, 2}
/\ Dvar = << <<<<{}, {}>>, <<{}, {}>>, <<{}, {}>>>>,
   <<<<{}, {}>>, <<{}, {}>>, <<{}, {}>>>> >>
/\ msgs = { [ shardfrom |-> 1,
    type |-> 1,
    from |-> 1,
    shardto |-> 1,
    to |-> 2,
    body |-> [id |-> 2, tx |-> 2, D0 |-> {}] ],
  [ shardfrom |-> 1,
    type |-> 2,
    from |-> 1,
    shardto |-> 1,
    to |-> 1,
    body |-> [id |-> 2, tq |-> [id |-> <<1, 1>>, t |-> 2], Dq |-> {}] ],
  [ shardfrom |-> 1,
    type |-> 2,
    from |-> 2,
    shardto |-> 2,
    to |-> 2,
    body |-> [id |-> 1, tq |-> [id |-> <<2, 2>>, t |-> 0], Dq |-> {}] ],
  [ shardfrom |-> 1,
    type |-> 2,
    from |-> 3,
    shardto |-> 1,
    to |-> 1,
    body |-> [id |-> 2, tq |-> [id |-> <<1, 1>>, t |-> 2], Dq |-> {}] ],
  [ shardfrom |-> 1,
    type |-> 3,
    from |-> 3,
    shardto |-> 1,
    to |-> 2,
    body |->
        [ id |-> 2,
          t |-> [id |-> <<1, 1>>, t |-> 2],
          b |-> 9,
          tx |-> 2,
          D |-> {} ] ],
  [ shardfrom |-> 1,
    type |-> 4,
    from |-> 1,
    shardto |-> 1,
    to |-> 3,
    body |-> [id |-> 2, b |-> 9, Dq |-> {}] ],
  [ shardfrom |-> 1,
    type |-> 4,
    from |-> 3,
    shardto |-> 1,
    to |-> 3,
    body |-> [id |-> 2, b |-> 9, Dq |-> {}] ],
  [ shardfrom |-> 1,
    type |-> 8,
    from |-> 1,
    shardto |-> 1,
    to |-> 2,
    body |-> [id |-> 2, b |-> 7, tx |-> 2] ],
  [ shardfrom |-> 1,
    type |-> 8,
    from |-> 1,
    shardto |-> 1,
    to |-> 3,
    body |-> [id |-> 2, b |-> 7, tx |-> 2] ],
  [ shardfrom |-> 1,
    type |-> 8,
    from |-> 2,
    shardto |-> 1,
    to |-> 1,
    body |-> [id |-> 2, b |-> 14, tx |-> 0] ],
  [ shardfrom |-> 1,
    type |-> 8,
    from |-> 2,
    shardto |-> 1,
    to |-> 3,
    body |-> [id |-> 2, b |-> 14, tx |-> 0] ],
  [ shardfrom |-> 1,
    type |-> 8,
    from |-> 3,
    shardto |-> 1,
    to |-> 1,
    body |-> [id |-> 2, b |-> 9, tx |-> 2] ],
  [ shardfrom |-> 1,
    type |-> 9,
    from |-> 1,
    shardto |-> 1,
    to |-> 1,
    body |->
        [ id |-> 2,
          b |-> 7,
          tq |-> [id |-> <<1, 1>>, t |-> 2],
          abalq |-> 0,
          txq |-> 2,
          depq |-> {},
          phaseq |-> 2,
          rejectq |-> FALSE,
          Wq |-> {},
          WPq |-> {} ] ],
  [ shardfrom |-> 1,
    type |-> 9,
    from |-> 2,
    shardto |-> 1,
    to |-> 2,
    body |->
        [ id |-> 2,
          b |-> 14,
          tq |-> [id |-> <<0, 0>>, t |-> 0],
          abalq |-> 0,
          txq |-> 2,
          depq |-> {1},
          phaseq |-> 1,
          rejectq |-> FALSE,
          Wq |-> {<<1, 0>>},
          WPq |-> {} ] ],
  [ shardfrom |-> 2,
    type |-> 1,
    from |-> 2,
    shardto |-> 1,
    to |-> 1,
    body |-> [id |-> 1, tx |-> 1, D0 |-> {}] ],
  [ shardfrom |-> 2,
    type |-> 1,
    from |-> 2,
    shardto |-> 1,
    to |-> 3,
    body |-> [id |-> 1, tx |-> 1, D0 |-> {}] ],
  [ shardfrom |-> 2,
    type |-> 1,
    from |-> 2,
    shardto |-> 2,
    to |-> 1,
    body |-> [id |-> 1, tx |-> 1, D0 |-> {}] ],
  [ shardfrom |-> 2,
    type |-> 1,
    from |-> 2,
    shardto |-> 2,
    to |-> 3,
    body |-> [id |-> 1, tx |-> 1, D0 |-> {}] ],
  [ shardfrom |-> 2,
    type |-> 2,
    from |-> 2,
    shardto |-> 2,
    to |-> 2,
    body |-> [id |-> 1, tq |-> [id |-> <<2, 2>>, t |-> 0], Dq |-> {}] ],
  [ shardfrom |-> 2,
    type |-> 8,
    from |-> 2,
    shardto |-> 1,
    to |-> 1,
    body |-> [id |-> 1, b |-> 11, tx |-> 1] ],
  [ shardfrom |-> 2,
    type |-> 8,
    from |-> 2,
    shardto |-> 1,
    to |-> 2,
    body |-> [id |-> 1, b |-> 11, tx |-> 1] ],
  [ shardfrom |-> 2,
    type |-> 8,
    from |-> 2,
    shardto |-> 1,
    to |-> 3,
    body |-> [id |-> 1, b |-> 11, tx |-> 1] ],
  [ shardfrom |-> 2,
    type |-> 8,
    from |-> 2,
    shardto |-> 2,
    to |-> 3,
    body |-> [id |-> 1, b |-> 11, tx |-> 1] ],
  [ shardfrom |-> 2,
    type |-> 9,
    from |-> 1,
    shardto |-> 2,
    to |-> 2,
    body |->
        [ id |-> 1,
          b |-> 11,
          tq |-> [id |-> <<0, 0>>, t |-> 0],
          abalq |-> 0,
          txq |-> 1,
          depq |-> {},
          phaseq |-> 1,
          rejectq |-> FALSE,
          Wq |-> {},
          WPq |-> {} ] ],
  [ shardfrom |-> 2,
    type |-> 9,
    from |-> 2,
    shardto |-> 2,
    to |-> 2,
    body |->
        [ id |-> 1,
          b |-> 11,
          tq |-> [id |-> <<2, 2>>, t |-> 0],
          abalq |-> 0,
          txq |-> 1,
          depq |-> {},
          phaseq |-> 2,
          rejectq |-> FALSE,
          Wq |-> {},
          WPq |-> {} ] ] }
/\ Qvar = << <<<<{}, {}>>, <<{}, {}>>, <<{}, {<<1, 2>>, <<1, 3>>}>>>>,
   <<<<{}, {}>>, <<{}, {}>>, <<{}, {}>>>> >>
/\ ts = << << <<[id |-> <<0, 0>>, t |-> 0], [id |-> <<1, 1>>, t |-> 2]>>,
      <<[id |-> <<2, 2>>, t |-> 0], [id |-> <<0, 0>>, t |-> 0]>>,
      <<[id |-> <<0, 0>>, t |-> 0], [id |-> <<1, 1>>, t |-> 2]>> >>,
   << <<[id |-> <<0, 0>>, t |-> 0], [id |-> <<0, 0>>, t |-> 0]>>,
      <<[id |-> <<2, 2>>, t |-> 0], [id |-> <<0, 0>>, t |-> 0]>>,
      <<[id |-> <<0, 0>>, t |-> 0], [id |-> <<0, 0>>, t |-> 0]>> >> >>
/\ TXvar = << <<<<bottom, bottom>>, <<bottom, bottom>>, <<bottom, 2>>>>,
   <<<<bottom, bottom>>, <<bottom, bottom>>, <<bottom, bottom>>>> >>
/\ recovered = <<<<<<0, 1>>, <<0, 1>>, <<0, 1>>>>, <<<<0, 0>>, <<1, 0>>, <<0, 0>>>>>>
/\ initCoord = <<<<2, 2>>, <<1, 1>>>>

State 15: <HandleAcceptOK line 405, col 5 to line 418, col 136 of module AccordSpec>
/\ phase = <<<<<<1, 3>>, <<2, 1>>, <<1, 4>>>>, <<<<1, 1>>, <<2, 1>>, <<1, 1>>>>>>
/\ abal = <<<<<<0, 9>>, <<0, 0>>, <<0, 9>>>>, <<<<0, 0>>, <<0, 0>>, <<0, 0>>>>>>
/\ initTimestamp = << [id |-> <<2, 2>>, t |-> 0],
   [id |-> <<1, 1>>, t |-> 2],
   [id |-> <<0, 0>>, t |-> 1] >>
/\ bal = <<<<<<0, 9>>, <<0, 14>>, <<0, 9>>>>, <<<<11, 0>>, <<11, 0>>, <<0, 0>>>>>>
/\ txn = << <<<<bottom, 2>>, <<1, 2>>, <<bottom, 2>>>>,
   <<<<1, bottom>>, <<1, bottom>>, <<bottom, bottom>>>> >>
/\ postWaitingFlag = << <<<<FALSE, FALSE>>, <<FALSE, FALSE>>, <<FALSE, FALSE>>>>,
   <<<<FALSE, FALSE>>, <<FALSE, FALSE>>, <<FALSE, FALSE>>>> >>
/\ Wvar = << <<<<{}, {}>>, <<{}, {}>>, <<{}, {}>>>>,
   <<<<{}, {}>>, <<{}, {}>>, <<{}, {}>>>> >>
/\ dep = << <<<<{}, {}>>, <<{}, {}>>, <<{}, {}>>>>,
   <<<<{}, {}>>, <<{}, {}>>, <<{}, {}>>>> >>
/\ recoveryAttemptBal = <<<<<<0, 0>>, <<0, 0>>, <<0, 9>>>>, <<<<0, 0>>, <<0, 0>>, <<0, 0>>>>>>
/\ submitted = {1, 2}
/\ Dvar = << <<<<{}, {}>>, <<{}, {}>>, <<{}, {}>>>>,
   <<<<{}, {}>>, <<{}, {}>>, <<{}, {}>>>> >>
/\ msgs = { [ shardfrom |-> 1,
    type |-> 1,
    from |-> 1,
    shardto |-> 1,
    to |-> 2,
    body |-> [id |-> 2, tx |-> 2, D0 |-> {}] ],
  [ shardfrom |-> 1,
    type |-> 2,
    from |-> 1,
    shardto |-> 1,
    to |-> 1,
    body |-> [id |-> 2, tq |-> [id |-> <<1, 1>>, t |-> 2], Dq |-> {}] ],
  [ shardfrom |-> 1,
    type |-> 2,
    from |-> 2,
    shardto |-> 2,
    to |-> 2,
    body |-> [id |-> 1, tq |-> [id |-> <<2, 2>>, t |-> 0], Dq |-> {}] ],
  [ shardfrom |-> 1,
    type |-> 2,
    from |-> 3,
    shardto |-> 1,
    to |-> 1,
    body |-> [id |-> 2, tq |-> [id |-> <<1, 1>>, t |-> 2], Dq |-> {}] ],
  [ shardfrom |-> 1,
    type |-> 3,
    from |-> 3,
    shardto |-> 1,
    to |-> 2,
    body |->
        [ id |-> 2,
          t |-> [id |-> <<1, 1>>, t |-> 2],
          b |-> 9,
          tx |-> 2,
          D |-> {} ] ],
  [ shardfrom |-> 1,
    type |-> 5,
    from |-> 3,
    shardto |-> 1,
    to |-> 1,
    body |->
        [ id |-> 2,
          t |-> [id |-> <<1, 1>>, t |-> 2],
          b |-> 9,
          tx |-> 2,
          D |-> {},
          fastOrSlow |-> 1 ] ],
  [ shardfrom |-> 1,
    type |-> 5,
    from |-> 3,
    shardto |-> 1,
    to |-> 2,
    body |->
        [ id |-> 2,
          t |-> [id |-> <<1, 1>>, t |-> 2],
          b |-> 9,
          tx |-> 2,
          D |-> {},
          fastOrSlow |-> 1 ] ],
  [ shardfrom |-> 1,
    type |-> 6,
    from |-> 3,
    shardto |-> 1,
    to |-> 3,
    body |-> [id |-> 2, b |-> 9] ],
  [ shardfrom |-> 1,
    type |-> 8,
    from |-> 1,
    shardto |-> 1,
    to |-> 2,
    body |-> [id |-> 2, b |-> 7, tx |-> 2] ],
  [ shardfrom |-> 1,
    type |-> 8,
    from |-> 1,
    shardto |-> 1,
    to |-> 3,
    body |-> [id |-> 2, b |-> 7, tx |-> 2] ],
  [ shardfrom |-> 1,
    type |-> 8,
    from |-> 2,
    shardto |-> 1,
    to |-> 1,
    body |-> [id |-> 2, b |-> 14, tx |-> 0] ],
  [ shardfrom |-> 1,
    type |-> 8,
    from |-> 2,
    shardto |-> 1,
    to |-> 3,
    body |-> [id |-> 2, b |-> 14, tx |-> 0] ],
  [ shardfrom |-> 1,
    type |-> 8,
    from |-> 3,
    shardto |-> 1,
    to |-> 1,
    body |-> [id |-> 2, b |-> 9, tx |-> 2] ],
  [ shardfrom |-> 1,
    type |-> 9,
    from |-> 1,
    shardto |-> 1,
    to |-> 1,
    body |->
        [ id |-> 2,
          b |-> 7,
          tq |-> [id |-> <<1, 1>>, t |-> 2],
          abalq |-> 0,
          txq |-> 2,
          depq |-> {},
          phaseq |-> 2,
          rejectq |-> FALSE,
          Wq |-> {},
          WPq |-> {} ] ],
  [ shardfrom |-> 1,
    type |-> 9,
    from |-> 2,
    shardto |-> 1,
    to |-> 2,
    body |->
        [ id |-> 2,
          b |-> 14,
          tq |-> [id |-> <<0, 0>>, t |-> 0],
          abalq |-> 0,
          txq |-> 2,
          depq |-> {1},
          phaseq |-> 1,
          rejectq |-> FALSE,
          Wq |-> {<<1, 0>>},
          WPq |-> {} ] ],
  [ shardfrom |-> 2,
    type |-> 1,
    from |-> 2,
    shardto |-> 1,
    to |-> 1,
    body |-> [id |-> 1, tx |-> 1, D0 |-> {}] ],
  [ shardfrom |-> 2,
    type |-> 1,
    from |-> 2,
    shardto |-> 1,
    to |-> 3,
    body |-> [id |-> 1, tx |-> 1, D0 |-> {}] ],
  [ shardfrom |-> 2,
    type |-> 1,
    from |-> 2,
    shardto |-> 2,
    to |-> 1,
    body |-> [id |-> 1, tx |-> 1, D0 |-> {}] ],
  [ shardfrom |-> 2,
    type |-> 1,
    from |-> 2,
    shardto |-> 2,
    to |-> 3,
    body |-> [id |-> 1, tx |-> 1, D0 |-> {}] ],
  [ shardfrom |-> 2,
    type |-> 2,
    from |-> 2,
    shardto |-> 2,
    to |-> 2,
    body |-> [id |-> 1, tq |-> [id |-> <<2, 2>>, t |-> 0], Dq |-> {}] ],
  [ shardfrom |-> 2,
    type |-> 8,
    from |-> 2,
    shardto |-> 1,
    to |-> 1,
    body |-> [id |-> 1, b |-> 11, tx |-> 1] ],
  [ shardfrom |-> 2,
    type |-> 8,
    from |-> 2,
    shardto |-> 1,
    to |-> 2,
    body |-> [id |-> 1, b |-> 11, tx |-> 1] ],
  [ shardfrom |-> 2,
    type |-> 8,
    from |-> 2,
    shardto |-> 1,
    to |-> 3,
    body |-> [id |-> 1, b |-> 11, tx |-> 1] ],
  [ shardfrom |-> 2,
    type |-> 8,
    from |-> 2,
    shardto |-> 2,
    to |-> 3,
    body |-> [id |-> 1, b |-> 11, tx |-> 1] ],
  [ shardfrom |-> 2,
    type |-> 9,
    from |-> 1,
    shardto |-> 2,
    to |-> 2,
    body |->
        [ id |-> 1,
          b |-> 11,
          tq |-> [id |-> <<0, 0>>, t |-> 0],
          abalq |-> 0,
          txq |-> 1,
          depq |-> {},
          phaseq |-> 1,
          rejectq |-> FALSE,
          Wq |-> {},
          WPq |-> {} ] ],
  [ shardfrom |-> 2,
    type |-> 9,
    from |-> 2,
    shardto |-> 2,
    to |-> 2,
    body |->
        [ id |-> 1,
          b |-> 11,
          tq |-> [id |-> <<2, 2>>, t |-> 0],
          abalq |-> 0,
          txq |-> 1,
          depq |-> {},
          phaseq |-> 2,
          rejectq |-> FALSE,
          Wq |-> {},
          WPq |-> {} ] ] }
/\ Qvar = << <<<<{}, {}>>, <<{}, {}>>, <<{}, {<<1, 2>>, <<1, 3>>}>>>>,
   <<<<{}, {}>>, <<{}, {}>>, <<{}, {}>>>> >>
/\ ts = << << <<[id |-> <<0, 0>>, t |-> 0], [id |-> <<1, 1>>, t |-> 2]>>,
      <<[id |-> <<2, 2>>, t |-> 0], [id |-> <<0, 0>>, t |-> 0]>>,
      <<[id |-> <<0, 0>>, t |-> 0], [id |-> <<1, 1>>, t |-> 2]>> >>,
   << <<[id |-> <<0, 0>>, t |-> 0], [id |-> <<0, 0>>, t |-> 0]>>,
      <<[id |-> <<2, 2>>, t |-> 0], [id |-> <<0, 0>>, t |-> 0]>>,
      <<[id |-> <<0, 0>>, t |-> 0], [id |-> <<0, 0>>, t |-> 0]>> >> >>
/\ TXvar = << <<<<bottom, bottom>>, <<bottom, bottom>>, <<bottom, 2>>>>,
   <<<<bottom, bottom>>, <<bottom, bottom>>, <<bottom, bottom>>>> >>
/\ recovered = <<<<<<0, 1>>, <<0, 1>>, <<0, 1>>>>, <<<<0, 0>>, <<1, 0>>, <<0, 0>>>>>>
/\ initCoord = <<<<2, 2>>, <<1, 1>>>>

State 16: <StartRecover line 476, col 5 to line 510, col 123 of module AccordSpec>
/\ phase = <<<<<<1, 3>>, <<2, 1>>, <<1, 4>>>>, <<<<1, 1>>, <<2, 1>>, <<1, 1>>>>>>
/\ abal = <<<<<<0, 9>>, <<0, 0>>, <<0, 9>>>>, <<<<0, 0>>, <<0, 0>>, <<0, 0>>>>>>
/\ initTimestamp = << [id |-> <<2, 2>>, t |-> 0],
   [id |-> <<1, 1>>, t |-> 2],
   [id |-> <<0, 0>>, t |-> 1] >>
/\ bal = <<<<<<0, 9>>, <<0, 14>>, <<0, 9>>>>, <<<<16, 0>>, <<11, 0>>, <<0, 0>>>>>>
/\ txn = << <<<<bottom, 2>>, <<1, 2>>, <<bottom, 2>>>>,
   <<<<1, bottom>>, <<1, bottom>>, <<bottom, bottom>>>> >>
/\ postWaitingFlag = << <<<<FALSE, FALSE>>, <<FALSE, FALSE>>, <<FALSE, FALSE>>>>,
   <<<<FALSE, FALSE>>, <<FALSE, FALSE>>, <<FALSE, FALSE>>>> >>
/\ Wvar = << <<<<{}, {}>>, <<{}, {}>>, <<{}, {}>>>>,
   <<<<{}, {}>>, <<{}, {}>>, <<{}, {}>>>> >>
/\ dep = << <<<<{}, {}>>, <<{}, {}>>, <<{}, {}>>>>,
   <<<<{}, {}>>, <<{}, {}>>, <<{}, {}>>>> >>
/\ recoveryAttemptBal = <<<<<<0, 0>>, <<0, 0>>, <<0, 9>>>>, <<<<0, 0>>, <<0, 0>>, <<0, 0>>>>>>
/\ submitted = {1, 2}
/\ Dvar = << <<<<{}, {}>>, <<{}, {}>>, <<{}, {}>>>>,
   <<<<{}, {}>>, <<{}, {}>>, <<{}, {}>>>> >>
/\ msgs = { [ shardfrom |-> 1,
    type |-> 1,
    from |-> 1,
    shardto |-> 1,
    to |-> 2,
    body |-> [id |-> 2, tx |-> 2, D0 |-> {}] ],
  [ shardfrom |-> 1,
    type |-> 2,
    from |-> 1,
    shardto |-> 1,
    to |-> 1,
    body |-> [id |-> 2, tq |-> [id |-> <<1, 1>>, t |-> 2], Dq |-> {}] ],
  [ shardfrom |-> 1,
    type |-> 2,
    from |-> 2,
    shardto |-> 2,
    to |-> 2,
    body |-> [id |-> 1, tq |-> [id |-> <<2, 2>>, t |-> 0], Dq |-> {}] ],
  [ shardfrom |-> 1,
    type |-> 2,
    from |-> 3,
    shardto |-> 1,
    to |-> 1,
    body |-> [id |-> 2, tq |-> [id |-> <<1, 1>>, t |-> 2], Dq |-> {}] ],
  [ shardfrom |-> 1,
    type |-> 3,
    from |-> 3,
    shardto |-> 1,
    to |-> 2,
    body |->
        [ id |-> 2,
          t |-> [id |-> <<1, 1>>, t |-> 2],
          b |-> 9,
          tx |-> 2,
          D |-> {} ] ],
  [ shardfrom |-> 1,
    type |-> 5,
    from |-> 3,
    shardto |-> 1,
    to |-> 1,
    body |->
        [ id |-> 2,
          t |-> [id |-> <<1, 1>>, t |-> 2],
          b |-> 9,
          tx |-> 2,
          D |-> {},
          fastOrSlow |-> 1 ] ],
  [ shardfrom |-> 1,
    type |-> 5,
    from |-> 3,
    shardto |-> 1,
    to |-> 2,
    body |->
        [ id |-> 2,
          t |-> [id |-> <<1, 1>>, t |-> 2],
          b |-> 9,
          tx |-> 2,
          D |-> {},
          fastOrSlow |-> 1 ] ],
  [ shardfrom |-> 1,
    type |-> 6,
    from |-> 3,
    shardto |-> 1,
    to |-> 3,
    body |-> [id |-> 2, b |-> 9] ],
  [ shardfrom |-> 1,
    type |-> 8,
    from |-> 1,
    shardto |-> 1,
    to |-> 2,
    body |-> [id |-> 2, b |-> 7, tx |-> 2] ],
  [ shardfrom |-> 1,
    type |-> 8,
    from |-> 1,
    shardto |-> 1,
    to |-> 3,
    body |-> [id |-> 2, b |-> 7, tx |-> 2] ],
  [ shardfrom |-> 1,
    type |-> 8,
    from |-> 2,
    shardto |-> 1,
    to |-> 1,
    body |-> [id |-> 2, b |-> 14, tx |-> 0] ],
  [ shardfrom |-> 1,
    type |-> 8,
    from |-> 2,
    shardto |-> 1,
    to |-> 3,
    body |-> [id |-> 2, b |-> 14, tx |-> 0] ],
  [ shardfrom |-> 1,
    type |-> 8,
    from |-> 3,
    shardto |-> 1,
    to |-> 1,
    body |-> [id |-> 2, b |-> 9, tx |-> 2] ],
  [ shardfrom |-> 1,
    type |-> 9,
    from |-> 1,
    shardto |-> 1,
    to |-> 1,
    body |->
        [ id |-> 2,
          b |-> 7,
          tq |-> [id |-> <<1, 1>>, t |-> 2],
          abalq |-> 0,
          txq |-> 2,
          depq |-> {},
          phaseq |-> 2,
          rejectq |-> FALSE,
          Wq |-> {},
          WPq |-> {} ] ],
  [ shardfrom |-> 1,
    type |-> 9,
    from |-> 2,
    shardto |-> 1,
    to |-> 2,
    body |->
        [ id |-> 2,
          b |-> 14,
          tq |-> [id |-> <<0, 0>>, t |-> 0],
          abalq |-> 0,
          txq |-> 2,
          depq |-> {1},
          phaseq |-> 1,
          rejectq |-> FALSE,
          Wq |-> {<<1, 0>>},
          WPq |-> {} ] ],
  [ shardfrom |-> 2,
    type |-> 1,
    from |-> 2,
    shardto |-> 1,
    to |-> 1,
    body |-> [id |-> 1, tx |-> 1, D0 |-> {}] ],
  [ shardfrom |-> 2,
    type |-> 1,
    from |-> 2,
    shardto |-> 1,
    to |-> 3,
    body |-> [id |-> 1, tx |-> 1, D0 |-> {}] ],
  [ shardfrom |-> 2,
    type |-> 1,
    from |-> 2,
    shardto |-> 2,
    to |-> 1,
    body |-> [id |-> 1, tx |-> 1, D0 |-> {}] ],
  [ shardfrom |-> 2,
    type |-> 1,
    from |-> 2,
    shardto |-> 2,
    to |-> 3,
    body |-> [id |-> 1, tx |-> 1, D0 |-> {}] ],
  [ shardfrom |-> 2,
    type |-> 2,
    from |-> 2,
    shardto |-> 2,
    to |-> 2,
    body |-> [id |-> 1, tq |-> [id |-> <<2, 2>>, t |-> 0], Dq |-> {}] ],
  [ shardfrom |-> 2,
    type |-> 8,
    from |-> 1,
    shardto |-> 1,
    to |-> 1,
    body |-> [id |-> 1, b |-> 16, tx |-> 0] ],
  [ shardfrom |-> 2,
    type |-> 8,
    from |-> 1,
    shardto |-> 1,
    to |-> 2,
    body |-> [id |-> 1, b |-> 16, tx |-> 0] ],
  [ shardfrom |-> 2,
    type |-> 8,
    from |-> 1,
    shardto |-> 1,
    to |-> 3,
    body |-> [id |-> 1, b |-> 16, tx |-> 0] ],
  [ shardfrom |-> 2,
    type |-> 8,
    from |-> 1,
    shardto |-> 2,
    to |-> 2,
    body |-> [id |-> 1, b |-> 16, tx |-> 0] ],
  [ shardfrom |-> 2,
    type |-> 8,
    from |-> 1,
    shardto |-> 2,
    to |-> 3,
    body |-> [id |-> 1, b |-> 16, tx |-> 0] ],
  [ shardfrom |-> 2,
    type |-> 8,
    from |-> 2,
    shardto |-> 1,
    to |-> 1,
    body |-> [id |-> 1, b |-> 11, tx |-> 1] ],
  [ shardfrom |-> 2,
    type |-> 8,
    from |-> 2,
    shardto |-> 1,
    to |-> 2,
    body |-> [id |-> 1, b |-> 11, tx |-> 1] ],
  [ shardfrom |-> 2,
    type |-> 8,
    from |-> 2,
    shardto |-> 1,
    to |-> 3,
    body |-> [id |-> 1, b |-> 11, tx |-> 1] ],
  [ shardfrom |-> 2,
    type |-> 8,
    from |-> 2,
    shardto |-> 2,
    to |-> 3,
    body |-> [id |-> 1, b |-> 11, tx |-> 1] ],
  [ shardfrom |-> 2,
    type |-> 9,
    from |-> 1,
    shardto |-> 2,
    to |-> 1,
    body |->
        [ id |-> 1,
          b |-> 16,
          tq |-> [id |-> <<0, 0>>, t |-> 0],
          abalq |-> 0,
          txq |-> 1,
          depq |-> {},
          phaseq |-> 1,
          rejectq |-> FALSE,
          Wq |-> {},
          WPq |-> {} ] ],
  [ shardfrom |-> 2,
    type |-> 9,
    from |-> 1,
    shardto |-> 2,
    to |-> 2,
    body |->
        [ id |-> 1,
          b |-> 11,
          tq |-> [id |-> <<0, 0>>, t |-> 0],
          abalq |-> 0,
          txq |-> 1,
          depq |-> {},
          phaseq |-> 1,
          rejectq |-> FALSE,
          Wq |-> {},
          WPq |-> {} ] ],
  [ shardfrom |-> 2,
    type |-> 9,
    from |-> 2,
    shardto |-> 2,
    to |-> 2,
    body |->
        [ id |-> 1,
          b |-> 11,
          tq |-> [id |-> <<2, 2>>, t |-> 0],
          abalq |-> 0,
          txq |-> 1,
          depq |-> {},
          phaseq |-> 2,
          rejectq |-> FALSE,
          Wq |-> {},
          WPq |-> {} ] ] }
/\ Qvar = << <<<<{}, {}>>, <<{}, {}>>, <<{}, {<<1, 2>>, <<1, 3>>}>>>>,
   <<<<{}, {}>>, <<{}, {}>>, <<{}, {}>>>> >>
/\ ts = << << <<[id |-> <<0, 0>>, t |-> 0], [id |-> <<1, 1>>, t |-> 2]>>,
      <<[id |-> <<2, 2>>, t |-> 0], [id |-> <<0, 0>>, t |-> 0]>>,
      <<[id |-> <<0, 0>>, t |-> 0], [id |-> <<1, 1>>, t |-> 2]>> >>,
   << <<[id |-> <<0, 0>>, t |-> 0], [id |-> <<0, 0>>, t |-> 0]>>,
      <<[id |-> <<2, 2>>, t |-> 0], [id |-> <<0, 0>>, t |-> 0]>>,
      <<[id |-> <<0, 0>>, t |-> 0], [id |-> <<0, 0>>, t |-> 0]>> >> >>
/\ TXvar = << <<<<bottom, bottom>>, <<bottom, bottom>>, <<bottom, 2>>>>,
   <<<<bottom, bottom>>, <<bottom, bottom>>, <<bottom, bottom>>>> >>
/\ recovered = <<<<<<0, 1>>, <<0, 1>>, <<0, 1>>>>, <<<<1, 0>>, <<1, 0>>, <<0, 0>>>>>>
/\ initCoord = <<<<2, 2>>, <<1, 1>>>>

State 17: <Next line 769, col 8 to line 774, col 27 of module AccordSpec>
/\ phase = <<<<<<1, 3>>, <<2, 1>>, <<1, 4>>>>, <<<<1, 1>>, <<2, 1>>, <<1, 1>>>>>>
/\ abal = <<<<<<0, 9>>, <<0, 0>>, <<0, 9>>>>, <<<<0, 0>>, <<0, 0>>, <<0, 0>>>>>>
/\ initTimestamp = << [id |-> <<2, 2>>, t |-> 0],
   [id |-> <<1, 1>>, t |-> 2],
   [id |-> <<0, 0>>, t |-> 1] >>
/\ bal = <<<<<<0, 14>>, <<0, 14>>, <<0, 9>>>>, <<<<16, 0>>, <<11, 0>>, <<0, 0>>>>>>
/\ txn = << <<<<bottom, 2>>, <<1, 2>>, <<bottom, 2>>>>,
   <<<<1, bottom>>, <<1, bottom>>, <<bottom, bottom>>>> >>
/\ postWaitingFlag = << <<<<FALSE, FALSE>>, <<FALSE, FALSE>>, <<FALSE, FALSE>>>>,
   <<<<FALSE, FALSE>>, <<FALSE, FALSE>>, <<FALSE, FALSE>>>> >>
/\ Wvar = << <<<<{}, {}>>, <<{}, {}>>, <<{}, {}>>>>,
   <<<<{}, {}>>, <<{}, {}>>, <<{}, {}>>>> >>
/\ dep = << <<<<{}, {}>>, <<{}, {}>>, <<{}, {}>>>>,
   <<<<{}, {}>>, <<{}, {}>>, <<{}, {}>>>> >>
/\ recoveryAttemptBal = <<<<<<0, 0>>, <<0, 0>>, <<0, 9>>>>, <<<<0, 0>>, <<0, 0>>, <<0, 0>>>>>>
/\ submitted = {1, 2}
/\ Dvar = << <<<<{}, {}>>, <<{}, {}>>, <<{}, {}>>>>,
   <<<<{}, {}>>, <<{}, {}>>, <<{}, {}>>>> >>
/\ msgs = { [ shardfrom |-> 1,
    type |-> 1,
    from |-> 1,
    shardto |-> 1,
    to |-> 2,
    body |-> [id |-> 2, tx |-> 2, D0 |-> {}] ],
  [ shardfrom |-> 1,
    type |-> 2,
    from |-> 1,
    shardto |-> 1,
    to |-> 1,
    body |-> [id |-> 2, tq |-> [id |-> <<1, 1>>, t |-> 2], Dq |-> {}] ],
  [ shardfrom |-> 1,
    type |-> 2,
    from |-> 2,
    shardto |-> 2,
    to |-> 2,
    body |-> [id |-> 1, tq |-> [id |-> <<2, 2>>, t |-> 0], Dq |-> {}] ],
  [ shardfrom |-> 1,
    type |-> 2,
    from |-> 3,
    shardto |-> 1,
    to |-> 1,
    body |-> [id |-> 2, tq |-> [id |-> <<1, 1>>, t |-> 2], Dq |-> {}] ],
  [ shardfrom |-> 1,
    type |-> 3,
    from |-> 3,
    shardto |-> 1,
    to |-> 2,
    body |->
        [ id |-> 2,
          t |-> [id |-> <<1, 1>>, t |-> 2],
          b |-> 9,
          tx |-> 2,
          D |-> {} ] ],
  [ shardfrom |-> 1,
    type |-> 5,
    from |-> 3,
    shardto |-> 1,
    to |-> 1,
    body |->
        [ id |-> 2,
          t |-> [id |-> <<1, 1>>, t |-> 2],
          b |-> 9,
          tx |-> 2,
          D |-> {},
          fastOrSlow |-> 1 ] ],
  [ shardfrom |-> 1,
    type |-> 5,
    from |-> 3,
    shardto |-> 1,
    to |-> 2,
    body |->
        [ id |-> 2,
          t |-> [id |-> <<1, 1>>, t |-> 2],
          b |-> 9,
          tx |-> 2,
          D |-> {},
          fastOrSlow |-> 1 ] ],
  [ shardfrom |-> 1,
    type |-> 6,
    from |-> 3,
    shardto |-> 1,
    to |-> 3,
    body |-> [id |-> 2, b |-> 9] ],
  [ shardfrom |-> 1,
    type |-> 8,
    from |-> 1,
    shardto |-> 1,
    to |-> 2,
    body |-> [id |-> 2, b |-> 7, tx |-> 2] ],
  [ shardfrom |-> 1,
    type |-> 8,
    from |-> 1,
    shardto |-> 1,
    to |-> 3,
    body |-> [id |-> 2, b |-> 7, tx |-> 2] ],
  [ shardfrom |-> 1,
    type |-> 8,
    from |-> 2,
    shardto |-> 1,
    to |-> 3,
    body |-> [id |-> 2, b |-> 14, tx |-> 0] ],
  [ shardfrom |-> 1,
    type |-> 8,
    from |-> 3,
    shardto |-> 1,
    to |-> 1,
    body |-> [id |-> 2, b |-> 9, tx |-> 2] ],
  [ shardfrom |-> 1,
    type |-> 9,
    from |-> 1,
    shardto |-> 1,
    to |-> 1,
    body |->
        [ id |-> 2,
          b |-> 7,
          tq |-> [id |-> <<1, 1>>, t |-> 2],
          abalq |-> 0,
          txq |-> 2,
          depq |-> {},
          phaseq |-> 2,
          rejectq |-> FALSE,
          Wq |-> {},
          WPq |-> {} ] ],
  [ shardfrom |-> 1,
    type |-> 9,
    from |-> 1,
    shardto |-> 1,
    to |-> 2,
    body |->
        [ id |-> 2,
          b |-> 14,
          tq |-> [id |-> <<1, 1>>, t |-> 2],
          abalq |-> 9,
          txq |-> 2,
          depq |-> {},
          phaseq |-> 3,
          rejectq |-> FALSE,
          Wq |-> {},
          WPq |-> {} ] ],
  [ shardfrom |-> 1,
    type |-> 9,
    from |-> 2,
    shardto |-> 1,
    to |-> 2,
    body |->
        [ id |-> 2,
          b |-> 14,
          tq |-> [id |-> <<0, 0>>, t |-> 0],
          abalq |-> 0,
          txq |-> 2,
          depq |-> {1},
          phaseq |-> 1,
          rejectq |-> FALSE,
          Wq |-> {<<1, 0>>},
          WPq |-> {} ] ],
  [ shardfrom |-> 2,
    type |-> 1,
    from |-> 2,
    shardto |-> 1,
    to |-> 1,
    body |-> [id |-> 1, tx |-> 1, D0 |-> {}] ],
  [ shardfrom |-> 2,
    type |-> 1,
    from |-> 2,
    shardto |-> 1,
    to |-> 3,
    body |-> [id |-> 1, tx |-> 1, D0 |-> {}] ],
  [ shardfrom |-> 2,
    type |-> 1,
    from |-> 2,
    shardto |-> 2,
    to |-> 1,
    body |-> [id |-> 1, tx |-> 1, D0 |-> {}] ],
  [ shardfrom |-> 2,
    type |-> 1,
    from |-> 2,
    shardto |-> 2,
    to |-> 3,
    body |-> [id |-> 1, tx |-> 1, D0 |-> {}] ],
  [ shardfrom |-> 2,
    type |-> 2,
    from |-> 2,
    shardto |-> 2,
    to |-> 2,
    body |-> [id |-> 1, tq |-> [id |-> <<2, 2>>, t |-> 0], Dq |-> {}] ],
  [ shardfrom |-> 2,
    type |-> 8,
    from |-> 1,
    shardto |-> 1,
    to |-> 1,
    body |-> [id |-> 1, b |-> 16, tx |-> 0] ],
  [ shardfrom |-> 2,
    type |-> 8,
    from |-> 1,
    shardto |-> 1,
    to |-> 2,
    body |-> [id |-> 1, b |-> 16, tx |-> 0] ],
  [ shardfrom |-> 2,
    type |-> 8,
    from |-> 1,
    shardto |-> 1,
    to |-> 3,
    body |-> [id |-> 1, b |-> 16, tx |-> 0] ],
  [ shardfrom |-> 2,
    type |-> 8,
    from |-> 1,
    shardto |-> 2,
    to |-> 2,
    body |-> [id |-> 1, b |-> 16, tx |-> 0] ],
  [ shardfrom |-> 2,
    type |-> 8,
    from |-> 1,
    shardto |-> 2,
    to |-> 3,
    body |-> [id |-> 1, b |-> 16, tx |-> 0] ],
  [ shardfrom |-> 2,
    type |-> 8,
    from |-> 2,
    shardto |-> 1,
    to |-> 1,
    body |-> [id |-> 1, b |-> 11, tx |-> 1] ],
  [ shardfrom |-> 2,
    type |-> 8,
    from |-> 2,
    shardto |-> 1,
    to |-> 2,
    body |-> [id |-> 1, b |-> 11, tx |-> 1] ],
  [ shardfrom |-> 2,
    type |-> 8,
    from |-> 2,
    shardto |-> 1,
    to |-> 3,
    body |-> [id |-> 1, b |-> 11, tx |-> 1] ],
  [ shardfrom |-> 2,
    type |-> 8,
    from |-> 2,
    shardto |-> 2,
    to |-> 3,
    body |-> [id |-> 1, b |-> 11, tx |-> 1] ],
  [ shardfrom |-> 2,
    type |-> 9,
    from |-> 1,
    shardto |-> 2,
    to |-> 1,
    body |->
        [ id |-> 1,
          b |-> 16,
          tq |-> [id |-> <<0, 0>>, t |-> 0],
          abalq |-> 0,
          txq |-> 1,
          depq |-> {},
          phaseq |-> 1,
          rejectq |-> FALSE,
          Wq |-> {},
          WPq |-> {} ] ],
  [ shardfrom |-> 2,
    type |-> 9,
    from |-> 1,
    shardto |-> 2,
    to |-> 2,
    body |->
        [ id |-> 1,
          b |-> 11,
          tq |-> [id |-> <<0, 0>>, t |-> 0],
          abalq |-> 0,
          txq |-> 1,
          depq |-> {},
          phaseq |-> 1,
          rejectq |-> FALSE,
          Wq |-> {},
          WPq |-> {} ] ],
  [ shardfrom |-> 2,
    type |-> 9,
    from |-> 2,
    shardto |-> 2,
    to |-> 2,
    body |->
        [ id |-> 1,
          b |-> 11,
          tq |-> [id |-> <<2, 2>>, t |-> 0],
          abalq |-> 0,
          txq |-> 1,
          depq |-> {},
          phaseq |-> 2,
          rejectq |-> FALSE,
          Wq |-> {},
          WPq |-> {} ] ] }
/\ Qvar = << <<<<{}, {}>>, <<{}, {}>>, <<{}, {<<1, 2>>, <<1, 3>>}>>>>,
   <<<<{}, {}>>, <<{}, {}>>, <<{}, {}>>>> >>
/\ ts = << << <<[id |-> <<0, 0>>, t |-> 0], [id |-> <<1, 1>>, t |-> 2]>>,
      <<[id |-> <<2, 2>>, t |-> 0], [id |-> <<0, 0>>, t |-> 0]>>,
      <<[id |-> <<0, 0>>, t |-> 0], [id |-> <<1, 1>>, t |-> 2]>> >>,
   << <<[id |-> <<0, 0>>, t |-> 0], [id |-> <<0, 0>>, t |-> 0]>>,
      <<[id |-> <<2, 2>>, t |-> 0], [id |-> <<0, 0>>, t |-> 0]>>,
      <<[id |-> <<0, 0>>, t |-> 0], [id |-> <<0, 0>>, t |-> 0]>> >> >>
/\ TXvar = << <<<<bottom, bottom>>, <<bottom, bottom>>, <<bottom, 2>>>>,
   <<<<bottom, bottom>>, <<bottom, bottom>>, <<bottom, bottom>>>> >>
/\ recovered = <<<<<<0, 1>>, <<0, 1>>, <<0, 1>>>>, <<<<1, 0>>, <<1, 0>>, <<0, 0>>>>>>
/\ initCoord = <<<<2, 2>>, <<1, 1>>>>

State 18: <Next line 769, col 8 to line 774, col 27 of module AccordSpec>
/\ phase = <<<<<<1, 3>>, <<2, 1>>, <<1, 4>>>>, <<<<1, 1>>, <<2, 1>>, <<1, 1>>>>>>
/\ abal = <<<<<<0, 9>>, <<0, 0>>, <<0, 9>>>>, <<<<0, 0>>, <<0, 0>>, <<0, 0>>>>>>
/\ initTimestamp = << [id |-> <<2, 2>>, t |-> 0],
   [id |-> <<1, 1>>, t |-> 2],
   [id |-> <<0, 0>>, t |-> 1] >>
/\ bal = <<<<<<11, 14>>, <<0, 14>>, <<0, 9>>>>, <<<<16, 0>>, <<11, 0>>, <<0, 0>>>>>>
/\ txn = << <<<<1, 2>>, <<1, 2>>, <<bottom, 2>>>>,
   <<<<1, bottom>>, <<1, bottom>>, <<bottom, bottom>>>> >>
/\ postWaitingFlag = << <<<<FALSE, FALSE>>, <<FALSE, FALSE>>, <<FALSE, FALSE>>>>,
   <<<<FALSE, FALSE>>, <<FALSE, FALSE>>, <<FALSE, FALSE>>>> >>
/\ Wvar = << <<<<{}, {}>>, <<{}, {}>>, <<{}, {}>>>>,
   <<<<{}, {}>>, <<{}, {}>>, <<{}, {}>>>> >>
/\ dep = << <<<<{}, {}>>, <<{}, {}>>, <<{}, {}>>>>,
   <<<<{}, {}>>, <<{}, {}>>, <<{}, {}>>>> >>
/\ recoveryAttemptBal = <<<<<<0, 0>>, <<0, 0>>, <<0, 9>>>>, <<<<0, 0>>, <<0, 0>>, <<0, 0>>>>>>
/\ submitted = {1, 2}
/\ Dvar = << <<<<{}, {}>>, <<{}, {}>>, <<{}, {}>>>>,
   <<<<{}, {}>>, <<{}, {}>>, <<{}, {}>>>> >>
/\ msgs = { [ shardfrom |-> 1,
    type |-> 1,
    from |-> 1,
    shardto |-> 1,
    to |-> 2,
    body |-> [id |-> 2, tx |-> 2, D0 |-> {}] ],
  [ shardfrom |-> 1,
    type |-> 2,
    from |-> 1,
    shardto |-> 1,
    to |-> 1,
    body |-> [id |-> 2, tq |-> [id |-> <<1, 1>>, t |-> 2], Dq |-> {}] ],
  [ shardfrom |-> 1,
    type |-> 2,
    from |-> 2,
    shardto |-> 2,
    to |-> 2,
    body |-> [id |-> 1, tq |-> [id |-> <<2, 2>>, t |-> 0], Dq |-> {}] ],
  [ shardfrom |-> 1,
    type |-> 2,
    from |-> 3,
    shardto |-> 1,
    to |-> 1,
    body |-> [id |-> 2, tq |-> [id |-> <<1, 1>>, t |-> 2], Dq |-> {}] ],
  [ shardfrom |-> 1,
    type |-> 3,
    from |-> 3,
    shardto |-> 1,
    to |-> 2,
    body |->
        [ id |-> 2,
          t |-> [id |-> <<1, 1>>, t |-> 2],
          b |-> 9,
          tx |-> 2,
          D |-> {} ] ],
  [ shardfrom |-> 1,
    type |-> 5,
    from |-> 3,
    shardto |-> 1,
    to |-> 1,
    body |->
        [ id |-> 2,
          t |-> [id |-> <<1, 1>>, t |-> 2],
          b |-> 9,
          tx |-> 2,
          D |-> {},
          fastOrSlow |-> 1 ] ],
  [ shardfrom |-> 1,
    type |-> 5,
    from |-> 3,
    shardto |-> 1,
    to |-> 2,
    body |->
        [ id |-> 2,
          t |-> [id |-> <<1, 1>>, t |-> 2],
          b |-> 9,
          tx |-> 2,
          D |-> {},
          fastOrSlow |-> 1 ] ],
  [ shardfrom |-> 1,
    type |-> 6,
    from |-> 3,
    shardto |-> 1,
    to |-> 3,
    body |-> [id |-> 2, b |-> 9] ],
  [ shardfrom |-> 1,
    type |-> 8,
    from |-> 1,
    shardto |-> 1,
    to |-> 2,
    body |-> [id |-> 2, b |-> 7, tx |-> 2] ],
  [ shardfrom |-> 1,
    type |-> 8,
    from |-> 1,
    shardto |-> 1,
    to |-> 3,
    body |-> [id |-> 2, b |-> 7, tx |-> 2] ],
  [ shardfrom |-> 1,
    type |-> 8,
    from |-> 2,
    shardto |-> 1,
    to |-> 3,
    body |-> [id |-> 2, b |-> 14, tx |-> 0] ],
  [ shardfrom |-> 1,
    type |-> 8,
    from |-> 3,
    shardto |-> 1,
    to |-> 1,
    body |-> [id |-> 2, b |-> 9, tx |-> 2] ],
  [ shardfrom |-> 1,
    type |-> 9,
    from |-> 1,
    shardto |-> 1,
    to |-> 1,
    body |->
        [ id |-> 2,
          b |-> 7,
          tq |-> [id |-> <<1, 1>>, t |-> 2],
          abalq |-> 0,
          txq |-> 2,
          depq |-> {},
          phaseq |-> 2,
          rejectq |-> FALSE,
          Wq |-> {},
          WPq |-> {} ] ],
  [ shardfrom |-> 1,
    type |-> 9,
    from |-> 1,
    shardto |-> 1,
    to |-> 2,
    body |->
        [ id |-> 2,
          b |-> 14,
          tq |-> [id |-> <<1, 1>>, t |-> 2],
          abalq |-> 9,
          txq |-> 2,
          depq |-> {},
          phaseq |-> 3,
          rejectq |-> FALSE,
          Wq |-> {},
          WPq |-> {} ] ],
  [ shardfrom |-> 1,
    type |-> 9,
    from |-> 1,
    shardto |-> 2,
    to |-> 2,
    body |->
        [ id |-> 1,
          b |-> 11,
          tq |-> [id |-> <<0, 0>>, t |-> 0],
          abalq |-> 0,
          txq |-> 1,
          depq |-> {},
          phaseq |-> 1,
          rejectq |-> TRUE,
          Wq |-> {},
          WPq |-> {} ] ],
  [ shardfrom |-> 1,
    type |-> 9,
    from |-> 2,
    shardto |-> 1,
    to |-> 2,
    body |->
        [ id |-> 2,
          b |-> 14,
          tq |-> [id |-> <<0, 0>>, t |-> 0],
          abalq |-> 0,
          txq |-> 2,
          depq |-> {1},
          phaseq |-> 1,
          rejectq |-> FALSE,
          Wq |-> {<<1, 0>>},
          WPq |-> {} ] ],
  [ shardfrom |-> 2,
    type |-> 1,
    from |-> 2,
    shardto |-> 1,
    to |-> 1,
    body |-> [id |-> 1, tx |-> 1, D0 |-> {}] ],
  [ shardfrom |-> 2,
    type |-> 1,
    from |-> 2,
    shardto |-> 1,
    to |-> 3,
    body |-> [id |-> 1, tx |-> 1, D0 |-> {}] ],
  [ shardfrom |-> 2,
    type |-> 1,
    from |-> 2,
    shardto |-> 2,
    to |-> 1,
    body |-> [id |-> 1, tx |-> 1, D0 |-> {}] ],
  [ shardfrom |-> 2,
    type |-> 1,
    from |-> 2,
    shardto |-> 2,
    to |-> 3,
    body |-> [id |-> 1, tx |-> 1, D0 |-> {}] ],
  [ shardfrom |-> 2,
    type |-> 2,
    from |-> 2,
    shardto |-> 2,
    to |-> 2,
    body |-> [id |-> 1, tq |-> [id |-> <<2, 2>>, t |-> 0], Dq |-> {}] ],
  [ shardfrom |-> 2,
    type |-> 8,
    from |-> 1,
    shardto |-> 1,
    to |-> 1,
    body |-> [id |-> 1, b |-> 16, tx |-> 0] ],
  [ shardfrom |-> 2,
    type |-> 8,
    from |-> 1,
    shardto |-> 1,
    to |-> 2,
    body |-> [id |-> 1, b |-> 16, tx |-> 0] ],
  [ shardfrom |-> 2,
    type |-> 8,
    from |-> 1,
    shardto |-> 1,
    to |-> 3,
    body |-> [id |-> 1, b |-> 16, tx |-> 0] ],
  [ shardfrom |-> 2,
    type |-> 8,
    from |-> 1,
    shardto |-> 2,
    to |-> 2,
    body |-> [id |-> 1, b |-> 16, tx |-> 0] ],
  [ shardfrom |-> 2,
    type |-> 8,
    from |-> 1,
    shardto |-> 2,
    to |-> 3,
    body |-> [id |-> 1, b |-> 16, tx |-> 0] ],
  [ shardfrom |-> 2,
    type |-> 8,
    from |-> 2,
    shardto |-> 1,
    to |-> 2,
    body |-> [id |-> 1, b |-> 11, tx |-> 1] ],
  [ shardfrom |-> 2,
    type |-> 8,
    from |-> 2,
    shardto |-> 1,
    to |-> 3,
    body |-> [id |-> 1, b |-> 11, tx |-> 1] ],
  [ shardfrom |-> 2,
    type |-> 8,
    from |-> 2,
    shardto |-> 2,
    to |-> 3,
    body |-> [id |-> 1, b |-> 11, tx |-> 1] ],
  [ shardfrom |-> 2,
    type |-> 9,
    from |-> 1,
    shardto |-> 2,
    to |-> 1,
    body |->
        [ id |-> 1,
          b |-> 16,
          tq |-> [id |-> <<0, 0>>, t |-> 0],
          abalq |-> 0,
          txq |-> 1,
          depq |-> {},
          phaseq |-> 1,
          rejectq |-> FALSE,
          Wq |-> {},
          WPq |-> {} ] ],
  [ shardfrom |-> 2,
    type |-> 9,
    from |-> 1,
    shardto |-> 2,
    to |-> 2,
    body |->
        [ id |-> 1,
          b |-> 11,
          tq |-> [id |-> <<0, 0>>, t |-> 0],
          abalq |-> 0,
          txq |-> 1,
          depq |-> {},
          phaseq |-> 1,
          rejectq |-> FALSE,
          Wq |-> {},
          WPq |-> {} ] ],
  [ shardfrom |-> 2,
    type |-> 9,
    from |-> 2,
    shardto |-> 2,
    to |-> 2,
    body |->
        [ id |-> 1,
          b |-> 11,
          tq |-> [id |-> <<2, 2>>, t |-> 0],
          abalq |-> 0,
          txq |-> 1,
          depq |-> {},
          phaseq |-> 2,
          rejectq |-> FALSE,
          Wq |-> {},
          WPq |-> {} ] ] }
/\ Qvar = << <<<<{}, {}>>, <<{}, {}>>, <<{}, {<<1, 2>>, <<1, 3>>}>>>>,
   <<<<{}, {}>>, <<{}, {}>>, <<{}, {}>>>> >>
/\ ts = << << <<[id |-> <<0, 0>>, t |-> 0], [id |-> <<1, 1>>, t |-> 2]>>,
      <<[id |-> <<2, 2>>, t |-> 0], [id |-> <<0, 0>>, t |-> 0]>>,
      <<[id |-> <<0, 0>>, t |-> 0], [id |-> <<1, 1>>, t |-> 2]>> >>,
   << <<[id |-> <<0, 0>>, t |-> 0], [id |-> <<0, 0>>, t |-> 0]>>,
      <<[id |-> <<2, 2>>, t |-> 0], [id |-> <<0, 0>>, t |-> 0]>>,
      <<[id |-> <<0, 0>>, t |-> 0], [id |-> <<0, 0>>, t |-> 0]>> >> >>
/\ TXvar = << <<<<bottom, bottom>>, <<bottom, bottom>>, <<bottom, 2>>>>,
   <<<<bottom, bottom>>, <<bottom, bottom>>, <<bottom, bottom>>>> >>
/\ recovered = <<<<<<0, 1>>, <<0, 1>>, <<0, 1>>>>, <<<<1, 0>>, <<1, 0>>, <<0, 0>>>>>>
/\ initCoord = <<<<2, 2>>, <<1, 1>>>>

State 19: <StartRecover line 476, col 5 to line 510, col 123 of module AccordSpec>
/\ phase = <<<<<<1, 3>>, <<2, 1>>, <<1, 4>>>>, <<<<1, 1>>, <<2, 1>>, <<1, 1>>>>>>
/\ abal = <<<<<<0, 9>>, <<0, 0>>, <<0, 9>>>>, <<<<0, 0>>, <<0, 0>>, <<0, 0>>>>>>
/\ initTimestamp = << [id |-> <<2, 2>>, t |-> 0],
   [id |-> <<1, 1>>, t |-> 2],
   [id |-> <<0, 0>>, t |-> 1] >>
/\ bal = <<<<<<13, 14>>, <<0, 14>>, <<0, 9>>>>, <<<<16, 0>>, <<11, 0>>, <<0, 0>>>>>>
/\ txn = << <<<<1, 2>>, <<1, 2>>, <<bottom, 2>>>>,
   <<<<1, bottom>>, <<1, bottom>>, <<bottom, bottom>>>> >>
/\ postWaitingFlag = << <<<<FALSE, FALSE>>, <<FALSE, FALSE>>, <<FALSE, FALSE>>>>,
   <<<<FALSE, FALSE>>, <<FALSE, FALSE>>, <<FALSE, FALSE>>>> >>
/\ Wvar = << <<<<{}, {}>>, <<{}, {}>>, <<{}, {}>>>>,
   <<<<{}, {}>>, <<{}, {}>>, <<{}, {}>>>> >>
/\ dep = << <<<<{}, {}>>, <<{}, {}>>, <<{}, {}>>>>,
   <<<<{}, {}>>, <<{}, {}>>, <<{}, {}>>>> >>
/\ recoveryAttemptBal = <<<<<<0, 0>>, <<0, 0>>, <<0, 9>>>>, <<<<0, 0>>, <<0, 0>>, <<0, 0>>>>>>
/\ submitted = {1, 2}
/\ Dvar = << <<<<{}, {}>>, <<{}, {}>>, <<{}, {}>>>>,
   <<<<{}, {}>>, <<{}, {}>>, <<{}, {}>>>> >>
/\ msgs = { [ shardfrom |-> 1,
    type |-> 1,
    from |-> 1,
    shardto |-> 1,
    to |-> 2,
    body |-> [id |-> 2, tx |-> 2, D0 |-> {}] ],
  [ shardfrom |-> 1,
    type |-> 2,
    from |-> 1,
    shardto |-> 1,
    to |-> 1,
    body |-> [id |-> 2, tq |-> [id |-> <<1, 1>>, t |-> 2], Dq |-> {}] ],
  [ shardfrom |-> 1,
    type |-> 2,
    from |-> 2,
    shardto |-> 2,
    to |-> 2,
    body |-> [id |-> 1, tq |-> [id |-> <<2, 2>>, t |-> 0], Dq |-> {}] ],
  [ shardfrom |-> 1,
    type |-> 2,
    from |-> 3,
    shardto |-> 1,
    to |-> 1,
    body |-> [id |-> 2, tq |-> [id |-> <<1, 1>>, t |-> 2], Dq |-> {}] ],
  [ shardfrom |-> 1,
    type |-> 3,
    from |-> 3,
    shardto |-> 1,
    to |-> 2,
    body |->
        [ id |-> 2,
          t |-> [id |-> <<1, 1>>, t |-> 2],
          b |-> 9,
          tx |-> 2,
          D |-> {} ] ],
  [ shardfrom |-> 1,
    type |-> 5,
    from |-> 3,
    shardto |-> 1,
    to |-> 1,
    body |->
        [ id |-> 2,
          t |-> [id |-> <<1, 1>>, t |-> 2],
          b |-> 9,
          tx |-> 2,
          D |-> {},
          fastOrSlow |-> 1 ] ],
  [ shardfrom |-> 1,
    type |-> 5,
    from |-> 3,
    shardto |-> 1,
    to |-> 2,
    body |->
        [ id |-> 2,
          t |-> [id |-> <<1, 1>>, t |-> 2],
          b |-> 9,
          tx |-> 2,
          D |-> {},
          fastOrSlow |-> 1 ] ],
  [ shardfrom |-> 1,
    type |-> 6,
    from |-> 3,
    shardto |-> 1,
    to |-> 3,
    body |-> [id |-> 2, b |-> 9] ],
  [ shardfrom |-> 1,
    type |-> 8,
    from |-> 1,
    shardto |-> 1,
    to |-> 2,
    body |-> [id |-> 1, b |-> 13, tx |-> 0] ],
  [ shardfrom |-> 1,
    type |-> 8,
    from |-> 1,
    shardto |-> 1,
    to |-> 2,
    body |-> [id |-> 2, b |-> 7, tx |-> 2] ],
  [ shardfrom |-> 1,
    type |-> 8,
    from |-> 1,
    shardto |-> 1,
    to |-> 3,
    body |-> [id |-> 1, b |-> 13, tx |-> 0] ],
  [ shardfrom |-> 1,
    type |-> 8,
    from |-> 1,
    shardto |-> 1,
    to |-> 3,
    body |-> [id |-> 2, b |-> 7, tx |-> 2] ],
  [ shardfrom |-> 1,
    type |-> 8,
    from |-> 1,
    shardto |-> 2,
    to |-> 1,
    body |-> [id |-> 1, b |-> 13, tx |-> 0] ],
  [ shardfrom |-> 1,
    type |-> 8,
    from |-> 1,
    shardto |-> 2,
    to |-> 2,
    body |-> [id |-> 1, b |-> 13, tx |-> 0] ],
  [ shardfrom |-> 1,
    type |-> 8,
    from |-> 1,
    shardto |-> 2,
    to |-> 3,
    body |-> [id |-> 1, b |-> 13, tx |-> 0] ],
  [ shardfrom |-> 1,
    type |-> 8,
    from |-> 2,
    shardto |-> 1,
    to |-> 3,
    body |-> [id |-> 2, b |-> 14, tx |-> 0] ],
  [ shardfrom |-> 1,
    type |-> 8,
    from |-> 3,
    shardto |-> 1,
    to |-> 1,
    body |-> [id |-> 2, b |-> 9, tx |-> 2] ],
  [ shardfrom |-> 1,
    type |-> 9,
    from |-> 1,
    shardto |-> 1,
    to |-> 1,
    body |->
        [ id |-> 1,
          b |-> 13,
          tq |-> [id |-> <<0, 0>>, t |-> 0],
          abalq |-> 0,
          txq |-> 1,
          depq |-> {},
          phaseq |-> 1,
          rejectq |-> TRUE,
          Wq |-> {},
          WPq |-> {} ] ],
  [ shardfrom |-> 1,
    type |-> 9,
    from |-> 1,
    shardto |-> 1,
    to |-> 1,
    body |->
        [ id |-> 2,
          b |-> 7,
          tq |-> [id |-> <<1, 1>>, t |-> 2],
          abalq |-> 0,
          txq |-> 2,
          depq |-> {},
          phaseq |-> 2,
          rejectq |-> FALSE,
          Wq |-> {},
          WPq |-> {} ] ],
  [ shardfrom |-> 1,
    type |-> 9,
    from |-> 1,
    shardto |-> 1,
    to |-> 2,
    body |->
        [ id |-> 2,
          b |-> 14,
          tq |-> [id |-> <<1, 1>>, t |-> 2],
          abalq |-> 9,
          txq |-> 2,
          depq |-> {},
          phaseq |-> 3,
          rejectq |-> FALSE,
          Wq |-> {},
          WPq |-> {} ] ],
  [ shardfrom |-> 1,
    type |-> 9,
    from |-> 1,
    shardto |-> 2,
    to |-> 2,
    body |->
        [ id |-> 1,
          b |-> 11,
          tq |-> [id |-> <<0, 0>>, t |-> 0],
          abalq |-> 0,
          txq |-> 1,
          depq |-> {},
          phaseq |-> 1,
          rejectq |-> TRUE,
          Wq |-> {},
          WPq |-> {} ] ],
  [ shardfrom |-> 1,
    type |-> 9,
    from |-> 2,
    shardto |-> 1,
    to |-> 2,
    body |->
        [ id |-> 2,
          b |-> 14,
          tq |-> [id |-> <<0, 0>>, t |-> 0],
          abalq |-> 0,
          txq |-> 2,
          depq |-> {1},
          phaseq |-> 1,
          rejectq |-> FALSE,
          Wq |-> {<<1, 0>>},
          WPq |-> {} ] ],
  [ shardfrom |-> 2,
    type |-> 1,
    from |-> 2,
    shardto |-> 1,
    to |-> 1,
    body |-> [id |-> 1, tx |-> 1, D0 |-> {}] ],
  [ shardfrom |-> 2,
    type |-> 1,
    from |-> 2,
    shardto |-> 1,
    to |-> 3,
    body |-> [id |-> 1, tx |-> 1, D0 |-> {}] ],
  [ shardfrom |-> 2,
    type |-> 1,
    from |-> 2,
    shardto |-> 2,
    to |-> 1,
    body |-> [id |-> 1, tx |-> 1, D0 |-> {}] ],
  [ shardfrom |-> 2,
    type |-> 1,
    from |-> 2,
    shardto |-> 2,
    to |-> 3,
    body |-> [id |-> 1, tx |-> 1, D0 |-> {}] ],
  [ shardfrom |-> 2,
    type |-> 2,
    from |-> 2,
    shardto |-> 2,
    to |-> 2,
    body |-> [id |-> 1, tq |-> [id |-> <<2, 2>>, t |-> 0], Dq |-> {}] ],
  [ shardfrom |-> 2,
    type |-> 8,
    from |-> 1,
    shardto |-> 1,
    to |-> 1,
    body |-> [id |-> 1, b |-> 16, tx |-> 0] ],
  [ shardfrom |-> 2,
    type |-> 8,
    from |-> 1,
    shardto |-> 1,
    to |-> 2,
    body |-> [id |-> 1, b |-> 16, tx |-> 0] ],
  [ shardfrom |-> 2,
    type |-> 8,
    from |-> 1,
    shardto |-> 1,
    to |-> 3,
    body |-> [id |-> 1, b |-> 16, tx |-> 0] ],
  [ shardfrom |-> 2,
    type |-> 8,
    from |-> 1,
    shardto |-> 2,
    to |-> 2,
    body |-> [id |-> 1, b |-> 16, tx |-> 0] ],
  [ shardfrom |-> 2,
    type |-> 8,
    from |-> 1,
    shardto |-> 2,
    to |-> 3,
    body |-> [id |-> 1, b |-> 16, tx |-> 0] ],
  [ shardfrom |-> 2,
    type |-> 8,
    from |-> 2,
    shardto |-> 1,
    to |-> 2,
    body |-> [id |-> 1, b |-> 11, tx |-> 1] ],
  [ shardfrom |-> 2,
    type |-> 8,
    from |-> 2,
    shardto |-> 1,
    to |-> 3,
    body |-> [id |-> 1, b |-> 11, tx |-> 1] ],
  [ shardfrom |-> 2,
    type |-> 8,
    from |-> 2,
    shardto |-> 2,
    to |-> 3,
    body |-> [id |-> 1, b |-> 11, tx |-> 1] ],
  [ shardfrom |-> 2,
    type |-> 9,
    from |-> 1,
    shardto |-> 2,
    to |-> 1,
    body |->
        [ id |-> 1,
          b |-> 16,
          tq |-> [id |-> <<0, 0>>, t |-> 0],
          abalq |-> 0,
          txq |-> 1,
          depq |-> {},
          phaseq |-> 1,
          rejectq |-> FALSE,
          Wq |-> {},
          WPq |-> {} ] ],
  [ shardfrom |-> 2,
    type |-> 9,
    from |-> 1,
    shardto |-> 2,
    to |-> 2,
    body |->
        [ id |-> 1,
          b |-> 11,
          tq |-> [id |-> <<0, 0>>, t |-> 0],
          abalq |-> 0,
          txq |-> 1,
          depq |-> {},
          phaseq |-> 1,
          rejectq |-> FALSE,
          Wq |-> {},
          WPq |-> {} ] ],
  [ shardfrom |-> 2,
    type |-> 9,
    from |-> 2,
    shardto |-> 2,
    to |-> 2,
    body |->
        [ id |-> 1,
          b |-> 11,
          tq |-> [id |-> <<2, 2>>, t |-> 0],
          abalq |-> 0,
          txq |-> 1,
          depq |-> {},
          phaseq |-> 2,
          rejectq |-> FALSE,
          Wq |-> {},
          WPq |-> {} ] ] }
/\ Qvar = << <<<<{}, {}>>, <<{}, {}>>, <<{}, {<<1, 2>>, <<1, 3>>}>>>>,
   <<<<{}, {}>>, <<{}, {}>>, <<{}, {}>>>> >>
/\ ts = << << <<[id |-> <<0, 0>>, t |-> 0], [id |-> <<1, 1>>, t |-> 2]>>,
      <<[id |-> <<2, 2>>, t |-> 0], [id |-> <<0, 0>>, t |-> 0]>>,
      <<[id |-> <<0, 0>>, t |-> 0], [id |-> <<1, 1>>, t |-> 2]>> >>,
   << <<[id |-> <<0, 0>>, t |-> 0], [id |-> <<0, 0>>, t |-> 0]>>,
      <<[id |-> <<2, 2>>, t |-> 0], [id |-> <<0, 0>>, t |-> 0]>>,
      <<[id |-> <<0, 0>>, t |-> 0], [id |-> <<0, 0>>, t |-> 0]>> >> >>
/\ TXvar = << <<<<bottom, bottom>>, <<bottom, bottom>>, <<bottom, 2>>>>,
   <<<<bottom, bottom>>, <<bottom, bottom>>, <<bottom, bottom>>>> >>
/\ recovered = <<<<<<1, 1>>, <<0, 1>>, <<0, 1>>>>, <<<<1, 0>>, <<1, 0>>, <<0, 0>>>>>>
/\ initCoord = <<<<2, 2>>, <<1, 1>>>>

State 20: <HandleRecoverOK line 551, col 5 to line 650, col 68 of module AccordSpec>
/\ phase = <<<<<<1, 3>>, <<2, 3>>, <<1, 4>>>>, <<<<1, 1>>, <<2, 1>>, <<1, 1>>>>>>
/\ abal = <<<<<<0, 9>>, <<0, 14>>, <<0, 9>>>>, <<<<0, 0>>, <<0, 0>>, <<0, 0>>>>>>
/\ initTimestamp = << [id |-> <<2, 2>>, t |-> 0],
   [id |-> <<1, 1>>, t |-> 2],
   [id |-> <<0, 0>>, t |-> 1] >>
/\ bal = <<<<<<13, 14>>, <<0, 14>>, <<0, 9>>>>, <<<<16, 0>>, <<11, 0>>, <<0, 0>>>>>>
/\ txn = << <<<<1, 2>>, <<1, 2>>, <<bottom, 2>>>>,
   <<<<1, bottom>>, <<1, bottom>>, <<bottom, bottom>>>> >>
/\ postWaitingFlag = << <<<<FALSE, FALSE>>, <<FALSE, FALSE>>, <<FALSE, FALSE>>>>,
   <<<<FALSE, FALSE>>, <<FALSE, FALSE>>, <<FALSE, FALSE>>>> >>
/\ Wvar = << <<<<{}, {}>>, <<{}, {}>>, <<{}, {}>>>>,
   <<<<{}, {}>>, <<{}, {}>>, <<{}, {}>>>> >>
/\ dep = << <<<<{}, {}>>, <<{}, {}>>, <<{}, {}>>>>,
   <<<<{}, {}>>, <<{}, {}>>, <<{}, {}>>>> >>
/\ recoveryAttemptBal = <<<<<<0, 0>>, <<0, 0>>, <<0, 9>>>>, <<<<0, 0>>, <<0, 0>>, <<0, 0>>>>>>
/\ submitted = {1, 2}
/\ Dvar = << <<<<{}, {}>>, <<{}, {}>>, <<{}, {}>>>>,
   <<<<{}, {}>>, <<{}, {}>>, <<{}, {}>>>> >>
/\ msgs = { [ shardfrom |-> 1,
    type |-> 1,
    from |-> 1,
    shardto |-> 1,
    to |-> 2,
    body |-> [id |-> 2, tx |-> 2, D0 |-> {}] ],
  [ shardfrom |-> 1,
    type |-> 2,
    from |-> 1,
    shardto |-> 1,
    to |-> 1,
    body |-> [id |-> 2, tq |-> [id |-> <<1, 1>>, t |-> 2], Dq |-> {}] ],
  [ shardfrom |-> 1,
    type |-> 2,
    from |-> 2,
    shardto |-> 2,
    to |-> 2,
    body |-> [id |-> 1, tq |-> [id |-> <<2, 2>>, t |-> 0], Dq |-> {}] ],
  [ shardfrom |-> 1,
    type |-> 2,
    from |-> 3,
    shardto |-> 1,
    to |-> 1,
    body |-> [id |-> 2, tq |-> [id |-> <<1, 1>>, t |-> 2], Dq |-> {}] ],
  [ shardfrom |-> 1,
    type |-> 3,
    from |-> 2,
    shardto |-> 1,
    to |-> 1,
    body |->
        [ id |-> 2,
          t |-> [id |-> <<1, 1>>, t |-> 2],
          b |-> 14,
          tx |-> 2,
          D |-> {} ] ],
  [ shardfrom |-> 1,
    type |-> 3,
    from |-> 2,
    shardto |-> 1,
    to |-> 3,
    body |->
        [ id |-> 2,
          t |-> [id |-> <<1, 1>>, t |-> 2],
          b |-> 14,
          tx |-> 2,
          D |-> {} ] ],
  [ shardfrom |-> 1,
    type |-> 3,
    from |-> 3,
    shardto |-> 1,
    to |-> 2,
    body |->
        [ id |-> 2,
          t |-> [id |-> <<1, 1>>, t |-> 2],
          b |-> 9,
          tx |-> 2,
          D |-> {} ] ],
  [ shardfrom |-> 1,
    type |-> 4,
    from |-> 2,
    shardto |-> 1,
    to |-> 2,
    body |-> [id |-> 2, b |-> 14, Dq |-> {1}] ],
  [ shardfrom |-> 1,
    type |-> 5,
    from |-> 3,
    shardto |-> 1,
    to |-> 1,
    body |->
        [ id |-> 2,
          t |-> [id |-> <<1, 1>>, t |-> 2],
          b |-> 9,
          tx |-> 2,
          D |-> {},
          fastOrSlow |-> 1 ] ],
  [ shardfrom |-> 1,
    type |-> 5,
    from |-> 3,
    shardto |-> 1,
    to |-> 2,
    body |->
        [ id |-> 2,
          t |-> [id |-> <<1, 1>>, t |-> 2],
          b |-> 9,
          tx |-> 2,
          D |-> {},
          fastOrSlow |-> 1 ] ],
  [ shardfrom |-> 1,
    type |-> 6,
    from |-> 3,
    shardto |-> 1,
    to |-> 3,
    body |-> [id |-> 2, b |-> 9] ],
  [ shardfrom |-> 1,
    type |-> 8,
    from |-> 1,
    shardto |-> 1,
    to |-> 2,
    body |-> [id |-> 1, b |-> 13, tx |-> 0] ],
  [ shardfrom |-> 1,
    type |-> 8,
    from |-> 1,
    shardto |-> 1,
    to |-> 2,
    body |-> [id |-> 2, b |-> 7, tx |-> 2] ],
  [ shardfrom |-> 1,
    type |-> 8,
    from |-> 1,
    shardto |-> 1,
    to |-> 3,
    body |-> [id |-> 1, b |-> 13, tx |-> 0] ],
  [ shardfrom |-> 1,
    type |-> 8,
    from |-> 1,
    shardto |-> 1,
    to |-> 3,
    body |-> [id |-> 2, b |-> 7, tx |-> 2] ],
  [ shardfrom |-> 1,
    type |-> 8,
    from |-> 1,
    shardto |-> 2,
    to |-> 1,
    body |-> [id |-> 1, b |-> 13, tx |-> 0] ],
  [ shardfrom |-> 1,
    type |-> 8,
    from |-> 1,
    shardto |-> 2,
    to |-> 2,
    body |-> [id |-> 1, b |-> 13, tx |-> 0] ],
  [ shardfrom |-> 1,
    type |-> 8,
    from |-> 1,
    shardto |-> 2,
    to |-> 3,
    body |-> [id |-> 1, b |-> 13, tx |-> 0] ],
  [ shardfrom |-> 1,
    type |-> 8,
    from |-> 2,
    shardto |-> 1,
    to |-> 3,
    body |-> [id |-> 2, b |-> 14, tx |-> 0] ],
  [ shardfrom |-> 1,
    type |-> 8,
    from |-> 3,
    shardto |-> 1,
    to |-> 1,
    body |-> [id |-> 2, b |-> 9, tx |-> 2] ],
  [ shardfrom |-> 1,
    type |-> 9,
    from |-> 1,
    shardto |-> 1,
    to |-> 1,
    body |->
        [ id |-> 1,
          b |-> 13,
          tq |-> [id |-> <<0, 0>>, t |-> 0],
          abalq |-> 0,
          txq |-> 1,
          depq |-> {},
          phaseq |-> 1,
          rejectq |-> TRUE,
          Wq |-> {},
          WPq |-> {} ] ],
  [ shardfrom |-> 1,
    type |-> 9,
    from |-> 1,
    shardto |-> 1,
    to |-> 1,
    body |->
        [ id |-> 2,
          b |-> 7,
          tq |-> [id |-> <<1, 1>>, t |-> 2],
          abalq |-> 0,
          txq |-> 2,
          depq |-> {},
          phaseq |-> 2,
          rejectq |-> FALSE,
          Wq |-> {},
          WPq |-> {} ] ],
  [ shardfrom |-> 1,
    type |-> 9,
    from |-> 1,
    shardto |-> 2,
    to |-> 2,
    body |->
        [ id |-> 1,
          b |-> 11,
          tq |-> [id |-> <<0, 0>>, t |-> 0],
          abalq |-> 0,
          txq |-> 1,
          depq |-> {},
          phaseq |-> 1,
          rejectq |-> TRUE,
          Wq |-> {},
          WPq |-> {} ] ],
  [ shardfrom |-> 2,
    type |-> 1,
    from |-> 2,
    shardto |-> 1,
    to |-> 1,
    body |-> [id |-> 1, tx |-> 1, D0 |-> {}] ],
  [ shardfrom |-> 2,
    type |-> 1,
    from |-> 2,
    shardto |-> 1,
    to |-> 3,
    body |-> [id |-> 1, tx |-> 1, D0 |-> {}] ],
  [ shardfrom |-> 2,
    type |-> 1,
    from |-> 2,
    shardto |-> 2,
    to |-> 1,
    body |-> [id |-> 1, tx |-> 1, D0 |-> {}] ],
  [ shardfrom |-> 2,
    type |-> 1,
    from |-> 2,
    shardto |-> 2,
    to |-> 3,
    body |-> [id |-> 1, tx |-> 1, D0 |-> {}] ],
  [ shardfrom |-> 2,
    type |-> 2,
    from |-> 2,
    shardto |-> 2,
    to |-> 2,
    body |-> [id |-> 1, tq |-> [id |-> <<2, 2>>, t |-> 0], Dq |-> {}] ],
  [ shardfrom |-> 2,
    type |-> 8,
    from |-> 1,
    shardto |-> 1,
    to |-> 1,
    body |-> [id |-> 1, b |-> 16, tx |-> 0] ],
  [ shardfrom |-> 2,
    type |-> 8,
    from |-> 1,
    shardto |-> 1,
    to |-> 2,
    body |-> [id |-> 1, b |-> 16, tx |-> 0] ],
  [ shardfrom |-> 2,
    type |-> 8,
    from |-> 1,
    shardto |-> 1,
    to |-> 3,
    body |-> [id |-> 1, b |-> 16, tx |-> 0] ],
  [ shardfrom |-> 2,
    type |-> 8,
    from |-> 1,
    shardto |-> 2,
    to |-> 2,
    body |-> [id |-> 1, b |-> 16, tx |-> 0] ],
  [ shardfrom |-> 2,
    type |-> 8,
    from |-> 1,
    shardto |-> 2,
    to |-> 3,
    body |-> [id |-> 1, b |-> 16, tx |-> 0] ],
  [ shardfrom |-> 2,
    type |-> 8,
    from |-> 2,
    shardto |-> 1,
    to |-> 2,
    body |-> [id |-> 1, b |-> 11, tx |-> 1] ],
  [ shardfrom |-> 2,
    type |-> 8,
    from |-> 2,
    shardto |-> 1,
    to |-> 3,
    body |-> [id |-> 1, b |-> 11, tx |-> 1] ],
  [ shardfrom |-> 2,
    type |-> 8,
    from |-> 2,
    shardto |-> 2,
    to |-> 3,
    body |-> [id |-> 1, b |-> 11, tx |-> 1] ],
  [ shardfrom |-> 2,
    type |-> 9,
    from |-> 1,
    shardto |-> 2,
    to |-> 1,
    body |->
        [ id |-> 1,
          b |-> 16,
          tq |-> [id |-> <<0, 0>>, t |-> 0],
          abalq |-> 0,
          txq |-> 1,
          depq |-> {},
          phaseq |-> 1,
          rejectq |-> FALSE,
          Wq |-> {},
          WPq |-> {} ] ],
  [ shardfrom |-> 2,
    type |-> 9,
    from |-> 1,
    shardto |-> 2,
    to |-> 2,
    body |->
        [ id |-> 1,
          b |-> 11,
          tq |-> [id |-> <<0, 0>>, t |-> 0],
          abalq |-> 0,
          txq |-> 1,
          depq |-> {},
          phaseq |-> 1,
          rejectq |-> FALSE,
          Wq |-> {},
          WPq |-> {} ] ],
  [ shardfrom |-> 2,
    type |-> 9,
    from |-> 2,
    shardto |-> 2,
    to |-> 2,
    body |->
        [ id |-> 1,
          b |-> 11,
          tq |-> [id |-> <<2, 2>>, t |-> 0],
          abalq |-> 0,
          txq |-> 1,
          depq |-> {},
          phaseq |-> 2,
          rejectq |-> FALSE,
          Wq |-> {},
          WPq |-> {} ] ] }
/\ Qvar = << <<<<{}, {}>>, <<{}, {}>>, <<{}, {<<1, 2>>, <<1, 3>>}>>>>,
   <<<<{}, {}>>, <<{}, {}>>, <<{}, {}>>>> >>
/\ ts = << << <<[id |-> <<0, 0>>, t |-> 0], [id |-> <<1, 1>>, t |-> 2]>>,
      <<[id |-> <<2, 2>>, t |-> 0], [id |-> <<1, 1>>, t |-> 2]>>,
      <<[id |-> <<0, 0>>, t |-> 0], [id |-> <<1, 1>>, t |-> 2]>> >>,
   << <<[id |-> <<0, 0>>, t |-> 0], [id |-> <<0, 0>>, t |-> 0]>>,
      <<[id |-> <<2, 2>>, t |-> 0], [id |-> <<0, 0>>, t |-> 0]>>,
      <<[id |-> <<0, 0>>, t |-> 0], [id |-> <<0, 0>>, t |-> 0]>> >> >>
/\ TXvar = << <<<<bottom, bottom>>, <<bottom, bottom>>, <<bottom, 2>>>>,
   <<<<bottom, bottom>>, <<bottom, bottom>>, <<bottom, bottom>>>> >>
/\ recovered = <<<<<<1, 1>>, <<0, 1>>, <<0, 1>>>>, <<<<1, 0>>, <<1, 0>>, <<0, 0>>>>>>
/\ initCoord = <<<<2, 2>>, <<1, 1>>>>

State 21: <StartRecover line 476, col 5 to line 510, col 123 of module AccordSpec>
/\ phase = <<<<<<1, 3>>, <<2, 3>>, <<1, 4>>>>, <<<<1, 1>>, <<2, 1>>, <<1, 1>>>>>>
/\ abal = <<<<<<0, 9>>, <<0, 14>>, <<0, 9>>>>, <<<<0, 0>>, <<0, 0>>, <<0, 0>>>>>>
/\ initTimestamp = << [id |-> <<2, 2>>, t |-> 0],
   [id |-> <<1, 1>>, t |-> 2],
   [id |-> <<0, 0>>, t |-> 1] >>
/\ bal = <<<<<<13, 14>>, <<8, 14>>, <<0, 9>>>>, <<<<16, 0>>, <<11, 0>>, <<0, 0>>>>>>
/\ txn = << <<<<1, 2>>, <<1, 2>>, <<bottom, 2>>>>,
   <<<<1, bottom>>, <<1, bottom>>, <<bottom, bottom>>>> >>
/\ postWaitingFlag = << <<<<FALSE, FALSE>>, <<FALSE, FALSE>>, <<FALSE, FALSE>>>>,
   <<<<FALSE, FALSE>>, <<FALSE, FALSE>>, <<FALSE, FALSE>>>> >>
/\ Wvar = << <<<<{}, {}>>, <<{}, {}>>, <<{}, {}>>>>,
   <<<<{}, {}>>, <<{}, {}>>, <<{}, {}>>>> >>
/\ dep = << <<<<{}, {}>>, <<{}, {}>>, <<{}, {}>>>>,
   <<<<{}, {}>>, <<{}, {}>>, <<{}, {}>>>> >>
/\ recoveryAttemptBal = <<<<<<0, 0>>, <<0, 0>>, <<0, 9>>>>, <<<<0, 0>>, <<0, 0>>, <<0, 0>>>>>>
/\ submitted = {1, 2}
/\ Dvar = << <<<<{}, {}>>, <<{}, {}>>, <<{}, {}>>>>,
   <<<<{}, {}>>, <<{}, {}>>, <<{}, {}>>>> >>
/\ msgs = { [ shardfrom |-> 1,
    type |-> 1,
    from |-> 1,
    shardto |-> 1,
    to |-> 2,
    body |-> [id |-> 2, tx |-> 2, D0 |-> {}] ],
  [ shardfrom |-> 1,
    type |-> 2,
    from |-> 1,
    shardto |-> 1,
    to |-> 1,
    body |-> [id |-> 2, tq |-> [id |-> <<1, 1>>, t |-> 2], Dq |-> {}] ],
  [ shardfrom |-> 1,
    type |-> 2,
    from |-> 2,
    shardto |-> 2,
    to |-> 2,
    body |-> [id |-> 1, tq |-> [id |-> <<2, 2>>, t |-> 0], Dq |-> {}] ],
  [ shardfrom |-> 1,
    type |-> 2,
    from |-> 3,
    shardto |-> 1,
    to |-> 1,
    body |-> [id |-> 2, tq |-> [id |-> <<1, 1>>, t |-> 2], Dq |-> {}] ],
  [ shardfrom |-> 1,
    type |-> 3,
    from |-> 2,
    shardto |-> 1,
    to |-> 1,
    body |->
        [ id |-> 2,
          t |-> [id |-> <<1, 1>>, t |-> 2],
          b |-> 14,
          tx |-> 2,
          D |-> {} ] ],
  [ shardfrom |-> 1,
    type |-> 3,
    from |-> 2,
    shardto |-> 1,
    to |-> 3,
    body |->
        [ id |-> 2,
          t |-> [id |-> <<1, 1>>, t |-> 2],
          b |-> 14,
          tx |-> 2,
          D |-> {} ] ],
  [ shardfrom |-> 1,
    type |-> 3,
    from |-> 3,
    shardto |-> 1,
    to |-> 2,
    body |->
        [ id |-> 2,
          t |-> [id |-> <<1, 1>>, t |-> 2],
          b |-> 9,
          tx |-> 2,
          D |-> {} ] ],
  [ shardfrom |-> 1,
    type |-> 4,
    from |-> 2,
    shardto |-> 1,
    to |-> 2,
    body |-> [id |-> 2, b |-> 14, Dq |-> {1}] ],
  [ shardfrom |-> 1,
    type |-> 5,
    from |-> 3,
    shardto |-> 1,
    to |-> 1,
    body |->
        [ id |-> 2,
          t |-> [id |-> <<1, 1>>, t |-> 2],
          b |-> 9,
          tx |-> 2,
          D |-> {},
          fastOrSlow |-> 1 ] ],
  [ shardfrom |-> 1,
    type |-> 5,
    from |-> 3,
    shardto |-> 1,
    to |-> 2,
    body |->
        [ id |-> 2,
          t |-> [id |-> <<1, 1>>, t |-> 2],
          b |-> 9,
          tx |-> 2,
          D |-> {},
          fastOrSlow |-> 1 ] ],
  [ shardfrom |-> 1,
    type |-> 6,
    from |-> 3,
    shardto |-> 1,
    to |-> 3,
    body |-> [id |-> 2, b |-> 9] ],
  [ shardfrom |-> 1,
    type |-> 8,
    from |-> 1,
    shardto |-> 1,
    to |-> 2,
    body |-> [id |-> 1, b |-> 13, tx |-> 0] ],
  [ shardfrom |-> 1,
    type |-> 8,
    from |-> 1,
    shardto |-> 1,
    to |-> 2,
    body |-> [id |-> 2, b |-> 7, tx |-> 2] ],
  [ shardfrom |-> 1,
    type |-> 8,
    from |-> 1,
    shardto |-> 1,
    to |-> 3,
    body |-> [id |-> 1, b |-> 13, tx |-> 0] ],
  [ shardfrom |-> 1,
    type |-> 8,
    from |-> 1,
    shardto |-> 1,
    to |-> 3,
    body |-> [id |-> 2, b |-> 7, tx |-> 2] ],
  [ shardfrom |-> 1,
    type |-> 8,
    from |-> 1,
    shardto |-> 2,
    to |-> 1,
    body |-> [id |-> 1, b |-> 13, tx |-> 0] ],
  [ shardfrom |-> 1,
    type |-> 8,
    from |-> 1,
    shardto |-> 2,
    to |-> 2,
    body |-> [id |-> 1, b |-> 13, tx |-> 0] ],
  [ shardfrom |-> 1,
    type |-> 8,
    from |-> 1,
    shardto |-> 2,
    to |-> 3,
    body |-> [id |-> 1, b |-> 13, tx |-> 0] ],
  [ shardfrom |-> 1,
    type |-> 8,
    from |-> 2,
    shardto |-> 1,
    to |-> 1,
    body |-> [id |-> 1, b |-> 8, tx |-> 1] ],
  [ shardfrom |-> 1,
    type |-> 8,
    from |-> 2,
    shardto |-> 1,
    to |-> 3,
    body |-> [id |-> 1, b |-> 8, tx |-> 1] ],
  [ shardfrom |-> 1,
    type |-> 8,
    from |-> 2,
    shardto |-> 1,
    to |-> 3,
    body |-> [id |-> 2, b |-> 14, tx |-> 0] ],
  [ shardfrom |-> 1,
    type |-> 8,
    from |-> 2,
    shardto |-> 2,
    to |-> 1,
    body |-> [id |-> 1, b |-> 8, tx |-> 1] ],
  [ shardfrom |-> 1,
    type |-> 8,
    from |-> 2,
    shardto |-> 2,
    to |-> 2,
    body |-> [id |-> 1, b |-> 8, tx |-> 1] ],
  [ shardfrom |-> 1,
    type |-> 8,
    from |-> 2,
    shardto |-> 2,
    to |-> 3,
    body |-> [id |-> 1, b |-> 8, tx |-> 1] ],
  [ shardfrom |-> 1,
    type |-> 8,
    from |-> 3,
    shardto |-> 1,
    to |-> 1,
    body |-> [id |-> 2, b |-> 9, tx |-> 2] ],
  [ shardfrom |-> 1,
    type |-> 9,
    from |-> 1,
    shardto |-> 1,
    to |-> 1,
    body |->
        [ id |-> 1,
          b |-> 13,
          tq |-> [id |-> <<0, 0>>, t |-> 0],
          abalq |-> 0,
          txq |-> 1,
          depq |-> {},
          phaseq |-> 1,
          rejectq |-> TRUE,
          Wq |-> {},
          WPq |-> {} ] ],
  [ shardfrom |-> 1,
    type |-> 9,
    from |-> 1,
    shardto |-> 1,
    to |-> 1,
    body |->
        [ id |-> 2,
          b |-> 7,
          tq |-> [id |-> <<1, 1>>, t |-> 2],
          abalq |-> 0,
          txq |-> 2,
          depq |-> {},
          phaseq |-> 2,
          rejectq |-> FALSE,
          Wq |-> {},
          WPq |-> {} ] ],
  [ shardfrom |-> 1,
    type |-> 9,
    from |-> 1,
    shardto |-> 2,
    to |-> 2,
    body |->
        [ id |-> 1,
          b |-> 11,
          tq |-> [id |-> <<0, 0>>, t |-> 0],
          abalq |-> 0,
          txq |-> 1,
          depq |-> {},
          phaseq |-> 1,
          rejectq |-> TRUE,
          Wq |-> {},
          WPq |-> {} ] ],
  [ shardfrom |-> 1,
    type |-> 9,
    from |-> 2,
    shardto |-> 1,
    to |-> 2,
    body |->
        [ id |-> 1,
          b |-> 8,
          tq |-> [id |-> <<2, 2>>, t |-> 0],
          abalq |-> 0,
          txq |-> 1,
          depq |-> {},
          phaseq |-> 2,
          rejectq |-> TRUE,
          Wq |-> {},
          WPq |-> {} ] ],
  [ shardfrom |-> 2,
    type |-> 1,
    from |-> 2,
    shardto |-> 1,
    to |-> 1,
    body |-> [id |-> 1, tx |-> 1, D0 |-> {}] ],
  [ shardfrom |-> 2,
    type |-> 1,
    from |-> 2,
    shardto |-> 1,
    to |-> 3,
    body |-> [id |-> 1, tx |-> 1, D0 |-> {}] ],
  [ shardfrom |-> 2,
    type |-> 1,
    from |-> 2,
    shardto |-> 2,
    to |-> 1,
    body |-> [id |-> 1, tx |-> 1, D0 |-> {}] ],
  [ shardfrom |-> 2,
    type |-> 1,
    from |-> 2,
    shardto |-> 2,
    to |-> 3,
    body |-> [id |-> 1, tx |-> 1, D0 |-> {}] ],
  [ shardfrom |-> 2,
    type |-> 2,
    from |-> 2,
    shardto |-> 2,
    to |-> 2,
    body |-> [id |-> 1, tq |-> [id |-> <<2, 2>>, t |-> 0], Dq |-> {}] ],
  [ shardfrom |-> 2,
    type |-> 8,
    from |-> 1,
    shardto |-> 1,
    to |-> 1,
    body |-> [id |-> 1, b |-> 16, tx |-> 0] ],
  [ shardfrom |-> 2,
    type |-> 8,
    from |-> 1,
    shardto |-> 1,
    to |-> 2,
    body |-> [id |-> 1, b |-> 16, tx |-> 0] ],
  [ shardfrom |-> 2,
    type |-> 8,
    from |-> 1,
    shardto |-> 1,
    to |-> 3,
    body |-> [id |-> 1, b |-> 16, tx |-> 0] ],
  [ shardfrom |-> 2,
    type |-> 8,
    from |-> 1,
    shardto |-> 2,
    to |-> 2,
    body |-> [id |-> 1, b |-> 16, tx |-> 0] ],
  [ shardfrom |-> 2,
    type |-> 8,
    from |-> 1,
    shardto |-> 2,
    to |-> 3,
    body |-> [id |-> 1, b |-> 16, tx |-> 0] ],
  [ shardfrom |-> 2,
    type |-> 8,
    from |-> 2,
    shardto |-> 1,
    to |-> 2,
    body |-> [id |-> 1, b |-> 11, tx |-> 1] ],
  [ shardfrom |-> 2,
    type |-> 8,
    from |-> 2,
    shardto |-> 1,
    to |-> 3,
    body |-> [id |-> 1, b |-> 11, tx |-> 1] ],
  [ shardfrom |-> 2,
    type |-> 8,
    from |-> 2,
    shardto |-> 2,
    to |-> 3,
    body |-> [id |-> 1, b |-> 11, tx |-> 1] ],
  [ shardfrom |-> 2,
    type |-> 9,
    from |-> 1,
    shardto |-> 2,
    to |-> 1,
    body |->
        [ id |-> 1,
          b |-> 16,
          tq |-> [id |-> <<0, 0>>, t |-> 0],
          abalq |-> 0,
          txq |-> 1,
          depq |-> {},
          phaseq |-> 1,
          rejectq |-> FALSE,
          Wq |-> {},
          WPq |-> {} ] ],
  [ shardfrom |-> 2,
    type |-> 9,
    from |-> 1,
    shardto |-> 2,
    to |-> 2,
    body |->
        [ id |-> 1,
          b |-> 11,
          tq |-> [id |-> <<0, 0>>, t |-> 0],
          abalq |-> 0,
          txq |-> 1,
          depq |-> {},
          phaseq |-> 1,
          rejectq |-> FALSE,
          Wq |-> {},
          WPq |-> {} ] ],
  [ shardfrom |-> 2,
    type |-> 9,
    from |-> 2,
    shardto |-> 2,
    to |-> 2,
    body |->
        [ id |-> 1,
          b |-> 11,
          tq |-> [id |-> <<2, 2>>, t |-> 0],
          abalq |-> 0,
          txq |-> 1,
          depq |-> {},
          phaseq |-> 2,
          rejectq |-> FALSE,
          Wq |-> {},
          WPq |-> {} ] ] }
/\ Qvar = << <<<<{}, {}>>, <<{}, {}>>, <<{}, {<<1, 2>>, <<1, 3>>}>>>>,
   <<<<{}, {}>>, <<{}, {}>>, <<{}, {}>>>> >>
/\ ts = << << <<[id |-> <<0, 0>>, t |-> 0], [id |-> <<1, 1>>, t |-> 2]>>,
      <<[id |-> <<2, 2>>, t |-> 0], [id |-> <<1, 1>>, t |-> 2]>>,
      <<[id |-> <<0, 0>>, t |-> 0], [id |-> <<1, 1>>, t |-> 2]>> >>,
   << <<[id |-> <<0, 0>>, t |-> 0], [id |-> <<0, 0>>, t |-> 0]>>,
      <<[id |-> <<2, 2>>, t |-> 0], [id |-> <<0, 0>>, t |-> 0]>>,
      <<[id |-> <<0, 0>>, t |-> 0], [id |-> <<0, 0>>, t |-> 0]>> >> >>
/\ TXvar = << <<<<bottom, bottom>>, <<bottom, bottom>>, <<bottom, 2>>>>,
   <<<<bottom, bottom>>, <<bottom, bottom>>, <<bottom, bottom>>>> >>
/\ recovered = <<<<<<1, 1>>, <<1, 1>>, <<0, 1>>>>, <<<<1, 0>>, <<1, 0>>, <<0, 0>>>>>>
/\ initCoord = <<<<2, 2>>, <<1, 1>>>>

State 22: <Next line 769, col 8 to line 774, col 27 of module AccordSpec>
/\ phase = <<<<<<1, 3>>, <<2, 3>>, <<1, 4>>>>, <<<<1, 1>>, <<2, 1>>, <<1, 1>>>>>>
/\ abal = <<<<<<0, 14>>, <<0, 14>>, <<0, 9>>>>, <<<<0, 0>>, <<0, 0>>, <<0, 0>>>>>>
/\ initTimestamp = << [id |-> <<2, 2>>, t |-> 0],
   [id |-> <<1, 1>>, t |-> 2],
   [id |-> <<0, 0>>, t |-> 1] >>
/\ bal = <<<<<<13, 14>>, <<8, 14>>, <<0, 9>>>>, <<<<16, 0>>, <<11, 0>>, <<0, 0>>>>>>
/\ txn = << <<<<1, 2>>, <<1, 2>>, <<bottom, 2>>>>,
   <<<<1, bottom>>, <<1, bottom>>, <<bottom, bottom>>>> >>
/\ postWaitingFlag = << <<<<FALSE, FALSE>>, <<FALSE, FALSE>>, <<FALSE, FALSE>>>>,
   <<<<FALSE, FALSE>>, <<FALSE, FALSE>>, <<FALSE, FALSE>>>> >>
/\ Wvar = << <<<<{}, {}>>, <<{}, {}>>, <<{}, {}>>>>,
   <<<<{}, {}>>, <<{}, {}>>, <<{}, {}>>>> >>
/\ dep = << <<<<{}, {}>>, <<{}, {}>>, <<{}, {}>>>>,
   <<<<{}, {}>>, <<{}, {}>>, <<{}, {}>>>> >>
/\ recoveryAttemptBal = <<<<<<0, 0>>, <<0, 0>>, <<0, 9>>>>, <<<<0, 0>>, <<0, 0>>, <<0, 0>>>>>>
/\ submitted = {1, 2}
/\ Dvar = << <<<<{}, {}>>, <<{}, {}>>, <<{}, {}>>>>,
   <<<<{}, {}>>, <<{}, {}>>, <<{}, {}>>>> >>
/\ msgs = { [ shardfrom |-> 1,
    type |-> 1,
    from |-> 1,
    shardto |-> 1,
    to |-> 2,
    body |-> [id |-> 2, tx |-> 2, D0 |-> {}] ],
  [ shardfrom |-> 1,
    type |-> 2,
    from |-> 1,
    shardto |-> 1,
    to |-> 1,
    body |-> [id |-> 2, tq |-> [id |-> <<1, 1>>, t |-> 2], Dq |-> {}] ],
  [ shardfrom |-> 1,
    type |-> 2,
    from |-> 2,
    shardto |-> 2,
    to |-> 2,
    body |-> [id |-> 1, tq |-> [id |-> <<2, 2>>, t |-> 0], Dq |-> {}] ],
  [ shardfrom |-> 1,
    type |-> 2,
    from |-> 3,
    shardto |-> 1,
    to |-> 1,
    body |-> [id |-> 2, tq |-> [id |-> <<1, 1>>, t |-> 2], Dq |-> {}] ],
  [ shardfrom |-> 1,
    type |-> 3,
    from |-> 2,
    shardto |-> 1,
    to |-> 3,
    body |->
        [ id |-> 2,
          t |-> [id |-> <<1, 1>>, t |-> 2],
          b |-> 14,
          tx |-> 2,
          D |-> {} ] ],
  [ shardfrom |-> 1,
    type |-> 3,
    from |-> 3,
    shardto |-> 1,
    to |-> 2,
    body |->
        [ id |-> 2,
          t |-> [id |-> <<1, 1>>, t |-> 2],
          b |-> 9,
          tx |-> 2,
          D |-> {} ] ],
  [ shardfrom |-> 1,
    type |-> 4,
    from |-> 1,
    shardto |-> 1,
    to |-> 2,
    body |-> [id |-> 2, b |-> 14, Dq |-> {1}] ],
  [ shardfrom |-> 1,
    type |-> 4,
    from |-> 2,
    shardto |-> 1,
    to |-> 2,
    body |-> [id |-> 2, b |-> 14, Dq |-> {1}] ],
  [ shardfrom |-> 1,
    type |-> 5,
    from |-> 3,
    shardto |-> 1,
    to |-> 1,
    body |->
        [ id |-> 2,
          t |-> [id |-> <<1, 1>>, t |-> 2],
          b |-> 9,
          tx |-> 2,
          D |-> {},
          fastOrSlow |-> 1 ] ],
  [ shardfrom |-> 1,
    type |-> 5,
    from |-> 3,
    shardto |-> 1,
    to |-> 2,
    body |->
        [ id |-> 2,
          t |-> [id |-> <<1, 1>>, t |-> 2],
          b |-> 9,
          tx |-> 2,
          D |-> {},
          fastOrSlow |-> 1 ] ],
  [ shardfrom |-> 1,
    type |-> 6,
    from |-> 3,
    shardto |-> 1,
    to |-> 3,
    body |-> [id |-> 2, b |-> 9] ],
  [ shardfrom |-> 1,
    type |-> 8,
    from |-> 1,
    shardto |-> 1,
    to |-> 2,
    body |-> [id |-> 1, b |-> 13, tx |-> 0] ],
  [ shardfrom |-> 1,
    type |-> 8,
    from |-> 1,
    shardto |-> 1,
    to |-> 2,
    body |-> [id |-> 2, b |-> 7, tx |-> 2] ],
  [ shardfrom |-> 1,
    type |-> 8,
    from |-> 1,
    shardto |-> 1,
    to |-> 3,
    body |-> [id |-> 1, b |-> 13, tx |-> 0] ],
  [ shardfrom |-> 1,
    type |-> 8,
    from |-> 1,
    shardto |-> 1,
    to |-> 3,
    body |-> [id |-> 2, b |-> 7, tx |-> 2] ],
  [ shardfrom |-> 1,
    type |-> 8,
    from |-> 1,
    shardto |-> 2,
    to |-> 1,
    body |-> [id |-> 1, b |-> 13, tx |-> 0] ],
  [ shardfrom |-> 1,
    type |-> 8,
    from |-> 1,
    shardto |-> 2,
    to |-> 2,
    body |-> [id |-> 1, b |-> 13, tx |-> 0] ],
  [ shardfrom |-> 1,
    type |-> 8,
    from |-> 1,
    shardto |-> 2,
    to |-> 3,
    body |-> [id |-> 1, b |-> 13, tx |-> 0] ],
  [ shardfrom |-> 1,
    type |-> 8,
    from |-> 2,
    shardto |-> 1,
    to |-> 1,
    body |-> [id |-> 1, b |-> 8, tx |-> 1] ],
  [ shardfrom |-> 1,
    type |-> 8,
    from |-> 2,
    shardto |-> 1,
    to |-> 3,
    body |-> [id |-> 1, b |-> 8, tx |-> 1] ],
  [ shardfrom |-> 1,
    type |-> 8,
    from |-> 2,
    shardto |-> 1,
    to |-> 3,
    body |-> [id |-> 2, b |-> 14, tx |-> 0] ],
  [ shardfrom |-> 1,
    type |-> 8,
    from |-> 2,
    shardto |-> 2,
    to |-> 1,
    body |-> [id |-> 1, b |-> 8, tx |-> 1] ],
  [ shardfrom |-> 1,
    type |-> 8,
    from |-> 2,
    shardto |-> 2,
    to |-> 2,
    body |-> [id |-> 1, b |-> 8, tx |-> 1] ],
  [ shardfrom |-> 1,
    type |-> 8,
    from |-> 2,
    shardto |-> 2,
    to |-> 3,
    body |-> [id |-> 1, b |-> 8, tx |-> 1] ],
  [ shardfrom |-> 1,
    type |-> 8,
    from |-> 3,
    shardto |-> 1,
    to |-> 1,
    body |-> [id |-> 2, b |-> 9, tx |-> 2] ],
  [ shardfrom |-> 1,
    type |-> 9,
    from |-> 1,
    shardto |-> 1,
    to |-> 1,
    body |->
        [ id |-> 1,
          b |-> 13,
          tq |-> [id |-> <<0, 0>>, t |-> 0],
          abalq |-> 0,
          txq |-> 1,
          depq |-> {},
          phaseq |-> 1,
          rejectq |-> TRUE,
          Wq |-> {},
          WPq |-> {} ] ],
  [ shardfrom |-> 1,
    type |-> 9,
    from |-> 1,
    shardto |-> 1,
    to |-> 1,
    body |->
        [ id |-> 2,
          b |-> 7,
          tq |-> [id |-> <<1, 1>>, t |-> 2],
          abalq |-> 0,
          txq |-> 2,
          depq |-> {},
          phaseq |-> 2,
          rejectq |-> FALSE,
          Wq |-> {},
          WPq |-> {} ] ],
  [ shardfrom |-> 1,
    type |-> 9,
    from |-> 1,
    shardto |-> 2,
    to |-> 2,
    body |->
        [ id |-> 1,
          b |-> 11,
          tq |-> [id |-> <<0, 0>>, t |-> 0],
          abalq |-> 0,
          txq |-> 1,
          depq |-> {},
          phaseq |-> 1,
          rejectq |-> TRUE,
          Wq |-> {},
          WPq |-> {} ] ],
  [ shardfrom |-> 1,
    type |-> 9,
    from |-> 2,
    shardto |-> 1,
    to |-> 2,
    body |->
        [ id |-> 1,
          b |-> 8,
          tq |-> [id |-> <<2, 2>>, t |-> 0],
          abalq |-> 0,
          txq |-> 1,
          depq |-> {},
          phaseq |-> 2,
          rejectq |-> TRUE,
          Wq |-> {},
          WPq |-> {} ] ],
  [ shardfrom |-> 2,
    type |-> 1,
    from |-> 2,
    shardto |-> 1,
    to |-> 1,
    body |-> [id |-> 1, tx |-> 1, D0 |-> {}] ],
  [ shardfrom |-> 2,
    type |-> 1,
    from |-> 2,
    shardto |-> 1,
    to |-> 3,
    body |-> [id |-> 1, tx |-> 1, D0 |-> {}] ],
  [ shardfrom |-> 2,
    type |-> 1,
    from |-> 2,
    shardto |-> 2,
    to |-> 1,
    body |-> [id |-> 1, tx |-> 1, D0 |-> {}] ],
  [ shardfrom |-> 2,
    type |-> 1,
    from |-> 2,
    shardto |-> 2,
    to |-> 3,
    body |-> [id |-> 1, tx |-> 1, D0 |-> {}] ],
  [ shardfrom |-> 2,
    type |-> 2,
    from |-> 2,
    shardto |-> 2,
    to |-> 2,
    body |-> [id |-> 1, tq |-> [id |-> <<2, 2>>, t |-> 0], Dq |-> {}] ],
  [ shardfrom |-> 2,
    type |-> 8,
    from |-> 1,
    shardto |-> 1,
    to |-> 1,
    body |-> [id |-> 1, b |-> 16, tx |-> 0] ],
  [ shardfrom |-> 2,
    type |-> 8,
    from |-> 1,
    shardto |-> 1,
    to |-> 2,
    body |-> [id |-> 1, b |-> 16, tx |-> 0] ],
  [ shardfrom |-> 2,
    type |-> 8,
    from |-> 1,
    shardto |-> 1,
    to |-> 3,
    body |-> [id |-> 1, b |-> 16, tx |-> 0] ],
  [ shardfrom |-> 2,
    type |-> 8,
    from |-> 1,
    shardto |-> 2,
    to |-> 2,
    body |-> [id |-> 1, b |-> 16, tx |-> 0] ],
  [ shardfrom |-> 2,
    type |-> 8,
    from |-> 1,
    shardto |-> 2,
    to |-> 3,
    body |-> [id |-> 1, b |-> 16, tx |-> 0] ],
  [ shardfrom |-> 2,
    type |-> 8,
    from |-> 2,
    shardto |-> 1,
    to |-> 2,
    body |-> [id |-> 1, b |-> 11, tx |-> 1] ],
  [ shardfrom |-> 2,
    type |-> 8,
    from |-> 2,
    shardto |-> 1,
    to |-> 3,
    body |-> [id |-> 1, b |-> 11, tx |-> 1] ],
  [ shardfrom |-> 2,
    type |-> 8,
    from |-> 2,
    shardto |-> 2,
    to |-> 3,
    body |-> [id |-> 1, b |-> 11, tx |-> 1] ],
  [ shardfrom |-> 2,
    type |-> 9,
    from |-> 1,
    shardto |-> 2,
    to |-> 1,
    body |->
        [ id |-> 1,
          b |-> 16,
          tq |-> [id |-> <<0, 0>>, t |-> 0],
          abalq |-> 0,
          txq |-> 1,
          depq |-> {},
          phaseq |-> 1,
          rejectq |-> FALSE,
          Wq |-> {},
          WPq |-> {} ] ],
  [ shardfrom |-> 2,
    type |-> 9,
    from |-> 1,
    shardto |-> 2,
    to |-> 2,
    body |->
        [ id |-> 1,
          b |-> 11,
          tq |-> [id |-> <<0, 0>>, t |-> 0],
          abalq |-> 0,
          txq |-> 1,
          depq |-> {},
          phaseq |-> 1,
          rejectq |-> FALSE,
          Wq |-> {},
          WPq |-> {} ] ],
  [ shardfrom |-> 2,
    type |-> 9,
    from |-> 2,
    shardto |-> 2,
    to |-> 2,
    body |->
        [ id |-> 1,
          b |-> 11,
          tq |-> [id |-> <<2, 2>>, t |-> 0],
          abalq |-> 0,
          txq |-> 1,
          depq |-> {},
          phaseq |-> 2,
          rejectq |-> FALSE,
          Wq |-> {},
          WPq |-> {} ] ] }
/\ Qvar = << <<<<{}, {}>>, <<{}, {}>>, <<{}, {<<1, 2>>, <<1, 3>>}>>>>,
   <<<<{}, {}>>, <<{}, {}>>, <<{}, {}>>>> >>
/\ ts = << << <<[id |-> <<0, 0>>, t |-> 0], [id |-> <<1, 1>>, t |-> 2]>>,
      <<[id |-> <<2, 2>>, t |-> 0], [id |-> <<1, 1>>, t |-> 2]>>,
      <<[id |-> <<0, 0>>, t |-> 0], [id |-> <<1, 1>>, t |-> 2]>> >>,
   << <<[id |-> <<0, 0>>, t |-> 0], [id |-> <<0, 0>>, t |-> 0]>>,
      <<[id |-> <<2, 2>>, t |-> 0], [id |-> <<0, 0>>, t |-> 0]>>,
      <<[id |-> <<0, 0>>, t |-> 0], [id |-> <<0, 0>>, t |-> 0]>> >> >>
/\ TXvar = << <<<<bottom, bottom>>, <<bottom, bottom>>, <<bottom, 2>>>>,
   <<<<bottom, bottom>>, <<bottom, bottom>>, <<bottom, bottom>>>> >>
/\ recovered = <<<<<<1, 1>>, <<1, 1>>, <<0, 1>>>>, <<<<1, 0>>, <<1, 0>>, <<0, 0>>>>>>
/\ initCoord = <<<<2, 2>>, <<1, 1>>>>

State 23: <HandleAcceptOK line 405, col 5 to line 418, col 136 of module AccordSpec>
/\ phase = <<<<<<1, 3>>, <<2, 4>>, <<1, 4>>>>, <<<<1, 1>>, <<2, 1>>, <<1, 1>>>>>>
/\ abal = <<<<<<0, 14>>, <<0, 14>>, <<0, 9>>>>, <<<<0, 0>>, <<0, 0>>, <<0, 0>>>>>>
/\ initTimestamp = << [id |-> <<2, 2>>, t |-> 0],
   [id |-> <<1, 1>>, t |-> 2],
   [id |-> <<0, 0>>, t |-> 1] >>
/\ bal = <<<<<<13, 14>>, <<8, 14>>, <<0, 9>>>>, <<<<16, 0>>, <<11, 0>>, <<0, 0>>>>>>
/\ txn = << <<<<1, 2>>, <<1, 2>>, <<bottom, 2>>>>,
   <<<<1, bottom>>, <<1, bottom>>, <<bottom, bottom>>>> >>
/\ postWaitingFlag = << <<<<FALSE, FALSE>>, <<FALSE, FALSE>>, <<FALSE, FALSE>>>>,
   <<<<FALSE, FALSE>>, <<FALSE, FALSE>>, <<FALSE, FALSE>>>> >>
/\ Wvar = << <<<<{}, {}>>, <<{}, {}>>, <<{}, {}>>>>,
   <<<<{}, {}>>, <<{}, {}>>, <<{}, {}>>>> >>
/\ dep = << <<<<{}, {}>>, <<{}, {1}>>, <<{}, {}>>>>,
   <<<<{}, {}>>, <<{}, {}>>, <<{}, {}>>>> >>
/\ recoveryAttemptBal = <<<<<<0, 0>>, <<0, 0>>, <<0, 9>>>>, <<<<0, 0>>, <<0, 0>>, <<0, 0>>>>>>
/\ submitted = {1, 2}
/\ Dvar = << <<<<{}, {}>>, <<{}, {}>>, <<{}, {}>>>>,
   <<<<{}, {}>>, <<{}, {}>>, <<{}, {}>>>> >>
/\ msgs = { [ shardfrom |-> 1,
    type |-> 1,
    from |-> 1,
    shardto |-> 1,
    to |-> 2,
    body |-> [id |-> 2, tx |-> 2, D0 |-> {}] ],
  [ shardfrom |-> 1,
    type |-> 2,
    from |-> 1,
    shardto |-> 1,
    to |-> 1,
    body |-> [id |-> 2, tq |-> [id |-> <<1, 1>>, t |-> 2], Dq |-> {}] ],
  [ shardfrom |-> 1,
    type |-> 2,
    from |-> 2,
    shardto |-> 2,
    to |-> 2,
    body |-> [id |-> 1, tq |-> [id |-> <<2, 2>>, t |-> 0], Dq |-> {}] ],
  [ shardfrom |-> 1,
    type |-> 2,
    from |-> 3,
    shardto |-> 1,
    to |-> 1,
    body |-> [id |-> 2, tq |-> [id |-> <<1, 1>>, t |-> 2], Dq |-> {}] ],
  [ shardfrom |-> 1,
    type |-> 3,
    from |-> 2,
    shardto |-> 1,
    to |-> 3,
    body |->
        [ id |-> 2,
          t |-> [id |-> <<1, 1>>, t |-> 2],
          b |-> 14,
          tx |-> 2,
          D |-> {} ] ],
  [ shardfrom |-> 1,
    type |-> 3,
    from |-> 3,
    shardto |-> 1,
    to |-> 2,
    body |->
        [ id |-> 2,
          t |-> [id |-> <<1, 1>>, t |-> 2],
          b |-> 9,
          tx |-> 2,
          D |-> {} ] ],
  [ shardfrom |-> 1,
    type |-> 5,
    from |-> 2,
    shardto |-> 1,
    to |-> 1,
    body |->
        [ id |-> 2,
          t |-> [id |-> <<1, 1>>, t |-> 2],
          b |-> 14,
          tx |-> 2,
          D |-> {1},
          fastOrSlow |-> 1 ] ],
  [ shardfrom |-> 1,
    type |-> 5,
    from |-> 2,
    shardto |-> 1,
    to |-> 3,
    body |->
        [ id |-> 2,
          t |-> [id |-> <<1, 1>>, t |-> 2],
          b |-> 14,
          tx |-> 2,
          D |-> {1},
          fastOrSlow |-> 1 ] ],
  [ shardfrom |-> 1,
    type |-> 5,
    from |-> 3,
    shardto |-> 1,
    to |-> 1,
    body |->
        [ id |-> 2,
          t |-> [id |-> <<1, 1>>, t |-> 2],
          b |-> 9,
          tx |-> 2,
          D |-> {},
          fastOrSlow |-> 1 ] ],
  [ shardfrom |-> 1,
    type |-> 5,
    from |-> 3,
    shardto |-> 1,
    to |-> 2,
    body |->
        [ id |-> 2,
          t |-> [id |-> <<1, 1>>, t |-> 2],
          b |-> 9,
          tx |-> 2,
          D |-> {},
          fastOrSlow |-> 1 ] ],
  [ shardfrom |-> 1,
    type |-> 6,
    from |-> 2,
    shardto |-> 1,
    to |-> 2,
    body |-> [id |-> 2, b |-> 14] ],
  [ shardfrom |-> 1,
    type |-> 6,
    from |-> 3,
    shardto |-> 1,
    to |-> 3,
    body |-> [id |-> 2, b |-> 9] ],
  [ shardfrom |-> 1,
    type |-> 8,
    from |-> 1,
    shardto |-> 1,
    to |-> 2,
    body |-> [id |-> 1, b |-> 13, tx |-> 0] ],
  [ shardfrom |-> 1,
    type |-> 8,
    from |-> 1,
    shardto |-> 1,
    to |-> 2,
    body |-> [id |-> 2, b |-> 7, tx |-> 2] ],
  [ shardfrom |-> 1,
    type |-> 8,
    from |-> 1,
    shardto |-> 1,
    to |-> 3,
    body |-> [id |-> 1, b |-> 13, tx |-> 0] ],
  [ shardfrom |-> 1,
    type |-> 8,
    from |-> 1,
    shardto |-> 1,
    to |-> 3,
    body |-> [id |-> 2, b |-> 7, tx |-> 2] ],
  [ shardfrom |-> 1,
    type |-> 8,
    from |-> 1,
    shardto |-> 2,
    to |-> 1,
    body |-> [id |-> 1, b |-> 13, tx |-> 0] ],
  [ shardfrom |-> 1,
    type |-> 8,
    from |-> 1,
    shardto |-> 2,
    to |-> 2,
    body |-> [id |-> 1, b |-> 13, tx |-> 0] ],
  [ shardfrom |-> 1,
    type |-> 8,
    from |-> 1,
    shardto |-> 2,
    to |-> 3,
    body |-> [id |-> 1, b |-> 13, tx |-> 0] ],
  [ shardfrom |-> 1,
    type |-> 8,
    from |-> 2,
    shardto |-> 1,
    to |-> 1,
    body |-> [id |-> 1, b |-> 8, tx |-> 1] ],
  [ shardfrom |-> 1,
    type |-> 8,
    from |-> 2,
    shardto |-> 1,
    to |-> 3,
    body |-> [id |-> 1, b |-> 8, tx |-> 1] ],
  [ shardfrom |-> 1,
    type |-> 8,
    from |-> 2,
    shardto |-> 1,
    to |-> 3,
    body |-> [id |-> 2, b |-> 14, tx |-> 0] ],
  [ shardfrom |-> 1,
    type |-> 8,
    from |-> 2,
    shardto |-> 2,
    to |-> 1,
    body |-> [id |-> 1, b |-> 8, tx |-> 1] ],
  [ shardfrom |-> 1,
    type |-> 8,
    from |-> 2,
    shardto |-> 2,
    to |-> 2,
    body |-> [id |-> 1, b |-> 8, tx |-> 1] ],
  [ shardfrom |-> 1,
    type |-> 8,
    from |-> 2,
    shardto |-> 2,
    to |-> 3,
    body |-> [id |-> 1, b |-> 8, tx |-> 1] ],
  [ shardfrom |-> 1,
    type |-> 8,
    from |-> 3,
    shardto |-> 1,
    to |-> 1,
    body |-> [id |-> 2, b |-> 9, tx |-> 2] ],
  [ shardfrom |-> 1,
    type |-> 9,
    from |-> 1,
    shardto |-> 1,
    to |-> 1,
    body |->
        [ id |-> 1,
          b |-> 13,
          tq |-> [id |-> <<0, 0>>, t |-> 0],
          abalq |-> 0,
          txq |-> 1,
          depq |-> {},
          phaseq |-> 1,
          rejectq |-> TRUE,
          Wq |-> {},
          WPq |-> {} ] ],
  [ shardfrom |-> 1,
    type |-> 9,
    from |-> 1,
    shardto |-> 1,
    to |-> 1,
    body |->
        [ id |-> 2,
          b |-> 7,
          tq |-> [id |-> <<1, 1>>, t |-> 2],
          abalq |-> 0,
          txq |-> 2,
          depq |-> {},
          phaseq |-> 2,
          rejectq |-> FALSE,
          Wq |-> {},
          WPq |-> {} ] ],
  [ shardfrom |-> 1,
    type |-> 9,
    from |-> 1,
    shardto |-> 2,
    to |-> 2,
    body |->
        [ id |-> 1,
          b |-> 11,
          tq |-> [id |-> <<0, 0>>, t |-> 0],
          abalq |-> 0,
          txq |-> 1,
          depq |-> {},
          phaseq |-> 1,
          rejectq |-> TRUE,
          Wq |-> {},
          WPq |-> {} ] ],
  [ shardfrom |-> 1,
    type |-> 9,
    from |-> 2,
    shardto |-> 1,
    to |-> 2,
    body |->
        [ id |-> 1,
          b |-> 8,
          tq |-> [id |-> <<2, 2>>, t |-> 0],
          abalq |-> 0,
          txq |-> 1,
          depq |-> {},
          phaseq |-> 2,
          rejectq |-> TRUE,
          Wq |-> {},
          WPq |-> {} ] ],
  [ shardfrom |-> 2,
    type |-> 1,
    from |-> 2,
    shardto |-> 1,
    to |-> 1,
    body |-> [id |-> 1, tx |-> 1, D0 |-> {}] ],
  [ shardfrom |-> 2,
    type |-> 1,
    from |-> 2,
    shardto |-> 1,
    to |-> 3,
    body |-> [id |-> 1, tx |-> 1, D0 |-> {}] ],
  [ shardfrom |-> 2,
    type |-> 1,
    from |-> 2,
    shardto |-> 2,
    to |-> 1,
    body |-> [id |-> 1, tx |-> 1, D0 |-> {}] ],
  [ shardfrom |-> 2,
    type |-> 1,
    from |-> 2,
    shardto |-> 2,
    to |-> 3,
    body |-> [id |-> 1, tx |-> 1, D0 |-> {}] ],
  [ shardfrom |-> 2,
    type |-> 2,
    from |-> 2,
    shardto |-> 2,
    to |-> 2,
    body |-> [id |-> 1, tq |-> [id |-> <<2, 2>>, t |-> 0], Dq |-> {}] ],
  [ shardfrom |-> 2,
    type |-> 8,
    from |-> 1,
    shardto |-> 1,
    to |-> 1,
    body |-> [id |-> 1, b |-> 16, tx |-> 0] ],
  [ shardfrom |-> 2,
    type |-> 8,
    from |-> 1,
    shardto |-> 1,
    to |-> 2,
    body |-> [id |-> 1, b |-> 16, tx |-> 0] ],
  [ shardfrom |-> 2,
    type |-> 8,
    from |-> 1,
    shardto |-> 1,
    to |-> 3,
    body |-> [id |-> 1, b |-> 16, tx |-> 0] ],
  [ shardfrom |-> 2,
    type |-> 8,
    from |-> 1,
    shardto |-> 2,
    to |-> 2,
    body |-> [id |-> 1, b |-> 16, tx |-> 0] ],
  [ shardfrom |-> 2,
    type |-> 8,
    from |-> 1,
    shardto |-> 2,
    to |-> 3,
    body |-> [id |-> 1, b |-> 16, tx |-> 0] ],
  [ shardfrom |-> 2,
    type |-> 8,
    from |-> 2,
    shardto |-> 1,
    to |-> 2,
    body |-> [id |-> 1, b |-> 11, tx |-> 1] ],
  [ shardfrom |-> 2,
    type |-> 8,
    from |-> 2,
    shardto |-> 1,
    to |-> 3,
    body |-> [id |-> 1, b |-> 11, tx |-> 1] ],
  [ shardfrom |-> 2,
    type |-> 8,
    from |-> 2,
    shardto |-> 2,
    to |-> 3,
    body |-> [id |-> 1, b |-> 11, tx |-> 1] ],
  [ shardfrom |-> 2,
    type |-> 9,
    from |-> 1,
    shardto |-> 2,
    to |-> 1,
    body |->
        [ id |-> 1,
          b |-> 16,
          tq |-> [id |-> <<0, 0>>, t |-> 0],
          abalq |-> 0,
          txq |-> 1,
          depq |-> {},
          phaseq |-> 1,
          rejectq |-> FALSE,
          Wq |-> {},
          WPq |-> {} ] ],
  [ shardfrom |-> 2,
    type |-> 9,
    from |-> 1,
    shardto |-> 2,
    to |-> 2,
    body |->
        [ id |-> 1,
          b |-> 11,
          tq |-> [id |-> <<0, 0>>, t |-> 0],
          abalq |-> 0,
          txq |-> 1,
          depq |-> {},
          phaseq |-> 1,
          rejectq |-> FALSE,
          Wq |-> {},
          WPq |-> {} ] ],
  [ shardfrom |-> 2,
    type |-> 9,
    from |-> 2,
    shardto |-> 2,
    to |-> 2,
    body |->
        [ id |-> 1,
          b |-> 11,
          tq |-> [id |-> <<2, 2>>, t |-> 0],
          abalq |-> 0,
          txq |-> 1,
          depq |-> {},
          phaseq |-> 2,
          rejectq |-> FALSE,
          Wq |-> {},
          WPq |-> {} ] ] }
/\ Qvar = << <<<<{}, {}>>, <<{}, {}>>, <<{}, {<<1, 2>>, <<1, 3>>}>>>>,
   <<<<{}, {}>>, <<{}, {}>>, <<{}, {}>>>> >>
/\ ts = << << <<[id |-> <<0, 0>>, t |-> 0], [id |-> <<1, 1>>, t |-> 2]>>,
      <<[id |-> <<2, 2>>, t |-> 0], [id |-> <<1, 1>>, t |-> 2]>>,
      <<[id |-> <<0, 0>>, t |-> 0], [id |-> <<1, 1>>, t |-> 2]>> >>,
   << <<[id |-> <<0, 0>>, t |-> 0], [id |-> <<0, 0>>, t |-> 0]>>,
      <<[id |-> <<2, 2>>, t |-> 0], [id |-> <<0, 0>>, t |-> 0]>>,
      <<[id |-> <<0, 0>>, t |-> 0], [id |-> <<0, 0>>, t |-> 0]>> >> >>
/\ TXvar = << <<<<bottom, bottom>>, <<bottom, bottom>>, <<bottom, 2>>>>,
   <<<<bottom, bottom>>, <<bottom, bottom>>, <<bottom, bottom>>>> >>
/\ recovered = <<<<<<1, 1>>, <<1, 1>>, <<0, 1>>>>, <<<<1, 0>>, <<1, 0>>, <<0, 0>>>>>>
/\ initCoord = <<<<2, 2>>, <<1, 1>>>>

State 24: <Next line 769, col 8 to line 774, col 27 of module AccordSpec>
/\ phase = <<<<<<1, 3>>, <<2, 4>>, <<1, 4>>>>, <<<<1, 1>>, <<2, 1>>, <<1, 1>>>>>>
/\ abal = <<<<<<0, 14>>, <<0, 14>>, <<0, 9>>>>, <<<<0, 0>>, <<0, 0>>, <<0, 0>>>>>>
/\ initTimestamp = << [id |-> <<2, 2>>, t |-> 0],
   [id |-> <<1, 1>>, t |-> 2],
   [id |-> <<0, 0>>, t |-> 1] >>
/\ bal = <<<<<<13, 14>>, <<8, 14>>, <<13, 9>>>>, <<<<16, 0>>, <<11, 0>>, <<0, 0>>>>>>
/\ txn = << <<<<1, 2>>, <<1, 2>>, <<0, 2>>>>,
   <<<<1, bottom>>, <<1, bottom>>, <<bottom, bottom>>>> >>
/\ postWaitingFlag = << <<<<FALSE, FALSE>>, <<FALSE, FALSE>>, <<FALSE, FALSE>>>>,
   <<<<FALSE, FALSE>>, <<FALSE, FALSE>>, <<FALSE, FALSE>>>> >>
/\ Wvar = << <<<<{}, {}>>, <<{}, {}>>, <<{}, {}>>>>,
   <<<<{}, {}>>, <<{}, {}>>, <<{}, {}>>>> >>
/\ dep = << <<<<{}, {}>>, <<{}, {1}>>, <<{}, {}>>>>,
   <<<<{}, {}>>, <<{}, {}>>, <<{}, {}>>>> >>
/\ recoveryAttemptBal = <<<<<<0, 0>>, <<0, 0>>, <<0, 9>>>>, <<<<0, 0>>, <<0, 0>>, <<0, 0>>>>>>
/\ submitted = {1, 2}
/\ Dvar = << <<<<{}, {}>>, <<{}, {}>>, <<{}, {}>>>>,
   <<<<{}, {}>>, <<{}, {}>>, <<{}, {}>>>> >>
/\ msgs = { [ shardfrom |-> 1,
    type |-> 1,
    from |-> 1,
    shardto |-> 1,
    to |-> 2,
    body |-> [id |-> 2, tx |-> 2, D0 |-> {}] ],
  [ shardfrom |-> 1,
    type |-> 2,
    from |-> 1,
    shardto |-> 1,
    to |-> 1,
    body |-> [id |-> 2, tq |-> [id |-> <<1, 1>>, t |-> 2], Dq |-> {}] ],
  [ shardfrom |-> 1,
    type |-> 2,
    from |-> 2,
    shardto |-> 2,
    to |-> 2,
    body |-> [id |-> 1, tq |-> [id |-> <<2, 2>>, t |-> 0], Dq |-> {}] ],
  [ shardfrom |-> 1,
    type |-> 2,
    from |-> 3,
    shardto |-> 1,
    to |-> 1,
    body |-> [id |-> 2, tq |-> [id |-> <<1, 1>>, t |-> 2], Dq |-> {}] ],
  [ shardfrom |-> 1,
    type |-> 3,
    from |-> 2,
    shardto |-> 1,
    to |-> 3,
    body |->
        [ id |-> 2,
          t |-> [id |-> <<1, 1>>, t |-> 2],
          b |-> 14,
          tx |-> 2,
          D |-> {} ] ],
  [ shardfrom |-> 1,
    type |-> 3,
    from |-> 3,
    shardto |-> 1,
    to |-> 2,
    body |->
        [ id |-> 2,
          t |-> [id |-> <<1, 1>>, t |-> 2],
          b |-> 9,
          tx |-> 2,
          D |-> {} ] ],
  [ shardfrom |-> 1,
    type |-> 5,
    from |-> 2,
    shardto |-> 1,
    to |-> 1,
    body |->
        [ id |-> 2,
          t |-> [id |-> <<1, 1>>, t |-> 2],
          b |-> 14,
          tx |-> 2,
          D |-> {1},
          fastOrSlow |-> 1 ] ],
  [ shardfrom |-> 1,
    type |-> 5,
    from |-> 2,
    shardto |-> 1,
    to |-> 3,
    body |->
        [ id |-> 2,
          t |-> [id |-> <<1, 1>>, t |-> 2],
          b |-> 14,
          tx |-> 2,
          D |-> {1},
          fastOrSlow |-> 1 ] ],
  [ shardfrom |-> 1,
    type |-> 5,
    from |-> 3,
    shardto |-> 1,
    to |-> 1,
    body |->
        [ id |-> 2,
          t |-> [id |-> <<1, 1>>, t |-> 2],
          b |-> 9,
          tx |-> 2,
          D |-> {},
          fastOrSlow |-> 1 ] ],
  [ shardfrom |-> 1,
    type |-> 5,
    from |-> 3,
    shardto |-> 1,
    to |-> 2,
    body |->
        [ id |-> 2,
          t |-> [id |-> <<1, 1>>, t |-> 2],
          b |-> 9,
          tx |-> 2,
          D |-> {},
          fastOrSlow |-> 1 ] ],
  [ shardfrom |-> 1,
    type |-> 6,
    from |-> 2,
    shardto |-> 1,
    to |-> 2,
    body |-> [id |-> 2, b |-> 14] ],
  [ shardfrom |-> 1,
    type |-> 6,
    from |-> 3,
    shardto |-> 1,
    to |-> 3,
    body |-> [id |-> 2, b |-> 9] ],
  [ shardfrom |-> 1,
    type |-> 8,
    from |-> 1,
    shardto |-> 1,
    to |-> 2,
    body |-> [id |-> 1, b |-> 13, tx |-> 0] ],
  [ shardfrom |-> 1,
    type |-> 8,
    from |-> 1,
    shardto |-> 1,
    to |-> 2,
    body |-> [id |-> 2, b |-> 7, tx |-> 2] ],
  [ shardfrom |-> 1,
    type |-> 8,
    from |-> 1,
    shardto |-> 1,
    to |-> 3,
    body |-> [id |-> 2, b |-> 7, tx |-> 2] ],
  [ shardfrom |-> 1,
    type |-> 8,
    from |-> 1,
    shardto |-> 2,
    to |-> 1,
    body |-> [id |-> 1, b |-> 13, tx |-> 0] ],
  [ shardfrom |-> 1,
    type |-> 8,
    from |-> 1,
    shardto |-> 2,
    to |-> 2,
    body |-> [id |-> 1, b |-> 13, tx |-> 0] ],
  [ shardfrom |-> 1,
    type |-> 8,
    from |-> 1,
    shardto |-> 2,
    to |-> 3,
    body |-> [id |-> 1, b |-> 13, tx |-> 0] ],
  [ shardfrom |-> 1,
    type |-> 8,
    from |-> 2,
    shardto |-> 1,
    to |-> 1,
    body |-> [id |-> 1, b |-> 8, tx |-> 1] ],
  [ shardfrom |-> 1,
    type |-> 8,
    from |-> 2,
    shardto |-> 1,
    to |-> 3,
    body |-> [id |-> 1, b |-> 8, tx |-> 1] ],
  [ shardfrom |-> 1,
    type |-> 8,
    from |-> 2,
    shardto |-> 1,
    to |-> 3,
    body |-> [id |-> 2, b |-> 14, tx |-> 0] ],
  [ shardfrom |-> 1,
    type |-> 8,
    from |-> 2,
    shardto |-> 2,
    to |-> 1,
    body |-> [id |-> 1, b |-> 8, tx |-> 1] ],
  [ shardfrom |-> 1,
    type |-> 8,
    from |-> 2,
    shardto |-> 2,
    to |-> 2,
    body |-> [id |-> 1, b |-> 8, tx |-> 1] ],
  [ shardfrom |-> 1,
    type |-> 8,
    from |-> 2,
    shardto |-> 2,
    to |-> 3,
    body |-> [id |-> 1, b |-> 8, tx |-> 1] ],
  [ shardfrom |-> 1,
    type |-> 8,
    from |-> 3,
    shardto |-> 1,
    to |-> 1,
    body |-> [id |-> 2, b |-> 9, tx |-> 2] ],
  [ shardfrom |-> 1,
    type |-> 9,
    from |-> 1,
    shardto |-> 1,
    to |-> 1,
    body |->
        [ id |-> 1,
          b |-> 13,
          tq |-> [id |-> <<0, 0>>, t |-> 0],
          abalq |-> 0,
          txq |-> 1,
          depq |-> {},
          phaseq |-> 1,
          rejectq |-> TRUE,
          Wq |-> {},
          WPq |-> {} ] ],
  [ shardfrom |-> 1,
    type |-> 9,
    from |-> 1,
    shardto |-> 1,
    to |-> 1,
    body |->
        [ id |-> 2,
          b |-> 7,
          tq |-> [id |-> <<1, 1>>, t |-> 2],
          abalq |-> 0,
          txq |-> 2,
          depq |-> {},
          phaseq |-> 2,
          rejectq |-> FALSE,
          Wq |-> {},
          WPq |-> {} ] ],
  [ shardfrom |-> 1,
    type |-> 9,
    from |-> 1,
    shardto |-> 2,
    to |-> 2,
    body |->
        [ id |-> 1,
          b |-> 11,
          tq |-> [id |-> <<0, 0>>, t |-> 0],
          abalq |-> 0,
          txq |-> 1,
          depq |-> {},
          phaseq |-> 1,
          rejectq |-> TRUE,
          Wq |-> {},
          WPq |-> {} ] ],
  [ shardfrom |-> 1,
    type |-> 9,
    from |-> 2,
    shardto |-> 1,
    to |-> 2,
    body |->
        [ id |-> 1,
          b |-> 8,
          tq |-> [id |-> <<2, 2>>, t |-> 0],
          abalq |-> 0,
          txq |-> 1,
          depq |-> {},
          phaseq |-> 2,
          rejectq |-> TRUE,
          Wq |-> {},
          WPq |-> {} ] ],
  [ shardfrom |-> 1,
    type |-> 9,
    from |-> 3,
    shardto |-> 1,
    to |-> 1,
    body |->
        [ id |-> 1,
          b |-> 13,
          tq |-> [id |-> <<0, 0>>, t |-> 0],
          abalq |-> 0,
          txq |-> 0,
          depq |-> {},
          phaseq |-> 1,
          rejectq |-> TRUE,
          Wq |-> {},
          WPq |-> {} ] ],
  [ shardfrom |-> 2,
    type |-> 1,
    from |-> 2,
    shardto |-> 1,
    to |-> 1,
    body |-> [id |-> 1, tx |-> 1, D0 |-> {}] ],
  [ shardfrom |-> 2,
    type |-> 1,
    from |-> 2,
    shardto |-> 1,
    to |-> 3,
    body |-> [id |-> 1, tx |-> 1, D0 |-> {}] ],
  [ shardfrom |-> 2,
    type |-> 1,
    from |-> 2,
    shardto |-> 2,
    to |-> 1,
    body |-> [id |-> 1, tx |-> 1, D0 |-> {}] ],
  [ shardfrom |-> 2,
    type |-> 1,
    from |-> 2,
    shardto |-> 2,
    to |-> 3,
    body |-> [id |-> 1, tx |-> 1, D0 |-> {}] ],
  [ shardfrom |-> 2,
    type |-> 2,
    from |-> 2,
    shardto |-> 2,
    to |-> 2,
    body |-> [id |-> 1, tq |-> [id |-> <<2, 2>>, t |-> 0], Dq |-> {}] ],
  [ shardfrom |-> 2,
    type |-> 8,
    from |-> 1,
    shardto |-> 1,
    to |-> 1,
    body |-> [id |-> 1, b |-> 16, tx |-> 0] ],
  [ shardfrom |-> 2,
    type |-> 8,
    from |-> 1,
    shardto |-> 1,
    to |-> 2,
    body |-> [id |-> 1, b |-> 16, tx |-> 0] ],
  [ shardfrom |-> 2,
    type |-> 8,
    from |-> 1,
    shardto |-> 1,
    to |-> 3,
    body |-> [id |-> 1, b |-> 16, tx |-> 0] ],
  [ shardfrom |-> 2,
    type |-> 8,
    from |-> 1,
    shardto |-> 2,
    to |-> 2,
    body |-> [id |-> 1, b |-> 16, tx |-> 0] ],
  [ shardfrom |-> 2,
    type |-> 8,
    from |-> 1,
    shardto |-> 2,
    to |-> 3,
    body |-> [id |-> 1, b |-> 16, tx |-> 0] ],
  [ shardfrom |-> 2,
    type |-> 8,
    from |-> 2,
    shardto |-> 1,
    to |-> 2,
    body |-> [id |-> 1, b |-> 11, tx |-> 1] ],
  [ shardfrom |-> 2,
    type |-> 8,
    from |-> 2,
    shardto |-> 1,
    to |-> 3,
    body |-> [id |-> 1, b |-> 11, tx |-> 1] ],
  [ shardfrom |-> 2,
    type |-> 8,
    from |-> 2,
    shardto |-> 2,
    to |-> 3,
    body |-> [id |-> 1, b |-> 11, tx |-> 1] ],
  [ shardfrom |-> 2,
    type |-> 9,
    from |-> 1,
    shardto |-> 2,
    to |-> 1,
    body |->
        [ id |-> 1,
          b |-> 16,
          tq |-> [id |-> <<0, 0>>, t |-> 0],
          abalq |-> 0,
          txq |-> 1,
          depq |-> {},
          phaseq |-> 1,
          rejectq |-> FALSE,
          Wq |-> {},
          WPq |-> {} ] ],
  [ shardfrom |-> 2,
    type |-> 9,
    from |-> 1,
    shardto |-> 2,
    to |-> 2,
    body |->
        [ id |-> 1,
          b |-> 11,
          tq |-> [id |-> <<0, 0>>, t |-> 0],
          abalq |-> 0,
          txq |-> 1,
          depq |-> {},
          phaseq |-> 1,
          rejectq |-> FALSE,
          Wq |-> {},
          WPq |-> {} ] ],
  [ shardfrom |-> 2,
    type |-> 9,
    from |-> 2,
    shardto |-> 2,
    to |-> 2,
    body |->
        [ id |-> 1,
          b |-> 11,
          tq |-> [id |-> <<2, 2>>, t |-> 0],
          abalq |-> 0,
          txq |-> 1,
          depq |-> {},
          phaseq |-> 2,
          rejectq |-> FALSE,
          Wq |-> {},
          WPq |-> {} ] ] }
/\ Qvar = << <<<<{}, {}>>, <<{}, {}>>, <<{}, {<<1, 2>>, <<1, 3>>}>>>>,
   <<<<{}, {}>>, <<{}, {}>>, <<{}, {}>>>> >>
/\ ts = << << <<[id |-> <<0, 0>>, t |-> 0], [id |-> <<1, 1>>, t |-> 2]>>,
      <<[id |-> <<2, 2>>, t |-> 0], [id |-> <<1, 1>>, t |-> 2]>>,
      <<[id |-> <<0, 0>>, t |-> 0], [id |-> <<1, 1>>, t |-> 2]>> >>,
   << <<[id |-> <<0, 0>>, t |-> 0], [id |-> <<0, 0>>, t |-> 0]>>,
      <<[id |-> <<2, 2>>, t |-> 0], [id |-> <<0, 0>>, t |-> 0]>>,
      <<[id |-> <<0, 0>>, t |-> 0], [id |-> <<0, 0>>, t |-> 0]>> >> >>
/\ TXvar = << <<<<bottom, bottom>>, <<bottom, bottom>>, <<bottom, 2>>>>,
   <<<<bottom, bottom>>, <<bottom, bottom>>, <<bottom, bottom>>>> >>
/\ recovered = <<<<<<1, 1>>, <<1, 1>>, <<0, 1>>>>, <<<<1, 0>>, <<1, 0>>, <<0, 0>>>>>>
/\ initCoord = <<<<2, 2>>, <<1, 1>>>>

State 25: <StartRecover line 476, col 5 to line 510, col 123 of module AccordSpec>
/\ phase = <<<<<<1, 3>>, <<2, 4>>, <<1, 4>>>>, <<<<1, 1>>, <<2, 1>>, <<1, 1>>>>>>
/\ abal = <<<<<<0, 14>>, <<0, 14>>, <<0, 9>>>>, <<<<0, 0>>, <<0, 0>>, <<0, 0>>>>>>
/\ initTimestamp = << [id |-> <<2, 2>>, t |-> 0],
   [id |-> <<1, 1>>, t |-> 2],
   [id |-> <<0, 0>>, t |-> 1] >>
/\ bal = <<<<<<13, 14>>, <<8, 14>>, <<15, 9>>>>, <<<<16, 0>>, <<11, 0>>, <<0, 0>>>>>>
/\ txn = << <<<<1, 2>>, <<1, 2>>, <<0, 2>>>>,
   <<<<1, bottom>>, <<1, bottom>>, <<bottom, bottom>>>> >>
/\ postWaitingFlag = << <<<<FALSE, FALSE>>, <<FALSE, FALSE>>, <<FALSE, FALSE>>>>,
   <<<<FALSE, FALSE>>, <<FALSE, FALSE>>, <<FALSE, FALSE>>>> >>
/\ Wvar = << <<<<{}, {}>>, <<{}, {}>>, <<{}, {}>>>>,
   <<<<{}, {}>>, <<{}, {}>>, <<{}, {}>>>> >>
/\ dep = << <<<<{}, {}>>, <<{}, {1}>>, <<{}, {}>>>>,
   <<<<{}, {}>>, <<{}, {}>>, <<{}, {}>>>> >>
/\ recoveryAttemptBal = <<<<<<0, 0>>, <<0, 0>>, <<0, 9>>>>, <<<<0, 0>>, <<0, 0>>, <<0, 0>>>>>>
/\ submitted = {1, 2}
/\ Dvar = << <<<<{}, {}>>, <<{}, {}>>, <<{}, {}>>>>,
   <<<<{}, {}>>, <<{}, {}>>, <<{}, {}>>>> >>
/\ msgs = { [ shardfrom |-> 1,
    type |-> 1,
    from |-> 1,
    shardto |-> 1,
    to |-> 2,
    body |-> [id |-> 2, tx |-> 2, D0 |-> {}] ],
  [ shardfrom |-> 1,
    type |-> 2,
    from |-> 1,
    shardto |-> 1,
    to |-> 1,
    body |-> [id |-> 2, tq |-> [id |-> <<1, 1>>, t |-> 2], Dq |-> {}] ],
  [ shardfrom |-> 1,
    type |-> 2,
    from |-> 2,
    shardto |-> 2,
    to |-> 2,
    body |-> [id |-> 1, tq |-> [id |-> <<2, 2>>, t |-> 0], Dq |-> {}] ],
  [ shardfrom |-> 1,
    type |-> 2,
    from |-> 3,
    shardto |-> 1,
    to |-> 1,
    body |-> [id |-> 2, tq |-> [id |-> <<1, 1>>, t |-> 2], Dq |-> {}] ],
  [ shardfrom |-> 1,
    type |-> 3,
    from |-> 2,
    shardto |-> 1,
    to |-> 3,
    body |->
        [ id |-> 2,
          t |-> [id |-> <<1, 1>>, t |-> 2],
          b |-> 14,
          tx |-> 2,
          D |-> {} ] ],
  [ shardfrom |-> 1,
    type |-> 3,
    from |-> 3,
    shardto |-> 1,
    to |-> 2,
    body |->
        [ id |-> 2,
          t |-> [id |-> <<1, 1>>, t |-> 2],
          b |-> 9,
          tx |-> 2,
          D |-> {} ] ],
  [ shardfrom |-> 1,
    type |-> 5,
    from |-> 2,
    shardto |-> 1,
    to |-> 1,
    body |->
        [ id |-> 2,
          t |-> [id |-> <<1, 1>>, t |-> 2],
          b |-> 14,
          tx |-> 2,
          D |-> {1},
          fastOrSlow |-> 1 ] ],
  [ shardfrom |-> 1,
    type |-> 5,
    from |-> 2,
    shardto |-> 1,
    to |-> 3,
    body |->
        [ id |-> 2,
          t |-> [id |-> <<1, 1>>, t |-> 2],
          b |-> 14,
          tx |-> 2,
          D |-> {1},
          fastOrSlow |-> 1 ] ],
  [ shardfrom |-> 1,
    type |-> 5,
    from |-> 3,
    shardto |-> 1,
    to |-> 1,
    body |->
        [ id |-> 2,
          t |-> [id |-> <<1, 1>>, t |-> 2],
          b |-> 9,
          tx |-> 2,
          D |-> {},
          fastOrSlow |-> 1 ] ],
  [ shardfrom |-> 1,
    type |-> 5,
    from |-> 3,
    shardto |-> 1,
    to |-> 2,
    body |->
        [ id |-> 2,
          t |-> [id |-> <<1, 1>>, t |-> 2],
          b |-> 9,
          tx |-> 2,
          D |-> {},
          fastOrSlow |-> 1 ] ],
  [ shardfrom |-> 1,
    type |-> 6,
    from |-> 2,
    shardto |-> 1,
    to |-> 2,
    body |-> [id |-> 2, b |-> 14] ],
  [ shardfrom |-> 1,
    type |-> 6,
    from |-> 3,
    shardto |-> 1,
    to |-> 3,
    body |-> [id |-> 2, b |-> 9] ],
  [ shardfrom |-> 1,
    type |-> 8,
    from |-> 1,
    shardto |-> 1,
    to |-> 2,
    body |-> [id |-> 1, b |-> 13, tx |-> 0] ],
  [ shardfrom |-> 1,
    type |-> 8,
    from |-> 1,
    shardto |-> 1,
    to |-> 2,
    body |-> [id |-> 2, b |-> 7, tx |-> 2] ],
  [ shardfrom |-> 1,
    type |-> 8,
    from |-> 1,
    shardto |-> 1,
    to |-> 3,
    body |-> [id |-> 2, b |-> 7, tx |-> 2] ],
  [ shardfrom |-> 1,
    type |-> 8,
    from |-> 1,
    shardto |-> 2,
    to |-> 1,
    body |-> [id |-> 1, b |-> 13, tx |-> 0] ],
  [ shardfrom |-> 1,
    type |-> 8,
    from |-> 1,
    shardto |-> 2,
    to |-> 2,
    body |-> [id |-> 1, b |-> 13, tx |-> 0] ],
  [ shardfrom |-> 1,
    type |-> 8,
    from |-> 1,
    shardto |-> 2,
    to |-> 3,
    body |-> [id |-> 1, b |-> 13, tx |-> 0] ],
  [ shardfrom |-> 1,
    type |-> 8,
    from |-> 2,
    shardto |-> 1,
    to |-> 1,
    body |-> [id |-> 1, b |-> 8, tx |-> 1] ],
  [ shardfrom |-> 1,
    type |-> 8,
    from |-> 2,
    shardto |-> 1,
    to |-> 3,
    body |-> [id |-> 1, b |-> 8, tx |-> 1] ],
  [ shardfrom |-> 1,
    type |-> 8,
    from |-> 2,
    shardto |-> 1,
    to |-> 3,
    body |-> [id |-> 2, b |-> 14, tx |-> 0] ],
  [ shardfrom |-> 1,
    type |-> 8,
    from |-> 2,
    shardto |-> 2,
    to |-> 1,
    body |-> [id |-> 1, b |-> 8, tx |-> 1] ],
  [ shardfrom |-> 1,
    type |-> 8,
    from |-> 2,
    shardto |-> 2,
    to |-> 2,
    body |-> [id |-> 1, b |-> 8, tx |-> 1] ],
  [ shardfrom |-> 1,
    type |-> 8,
    from |-> 2,
    shardto |-> 2,
    to |-> 3,
    body |-> [id |-> 1, b |-> 8, tx |-> 1] ],
  [ shardfrom |-> 1,
    type |-> 8,
    from |-> 3,
    shardto |-> 1,
    to |-> 1,
    body |-> [id |-> 1, b |-> 15, tx |-> 0] ],
  [ shardfrom |-> 1,
    type |-> 8,
    from |-> 3,
    shardto |-> 1,
    to |-> 1,
    body |-> [id |-> 2, b |-> 9, tx |-> 2] ],
  [ shardfrom |-> 1,
    type |-> 8,
    from |-> 3,
    shardto |-> 1,
    to |-> 2,
    body |-> [id |-> 1, b |-> 15, tx |-> 0] ],
  [ shardfrom |-> 1,
    type |-> 8,
    from |-> 3,
    shardto |-> 2,
    to |-> 1,
    body |-> [id |-> 1, b |-> 15, tx |-> 0] ],
  [ shardfrom |-> 1,
    type |-> 8,
    from |-> 3,
    shardto |-> 2,
    to |-> 2,
    body |-> [id |-> 1, b |-> 15, tx |-> 0] ],
  [ shardfrom |-> 1,
    type |-> 8,
    from |-> 3,
    shardto |-> 2,
    to |-> 3,
    body |-> [id |-> 1, b |-> 15, tx |-> 0] ],
  [ shardfrom |-> 1,
    type |-> 9,
    from |-> 1,
    shardto |-> 1,
    to |-> 1,
    body |->
        [ id |-> 1,
          b |-> 13,
          tq |-> [id |-> <<0, 0>>, t |-> 0],
          abalq |-> 0,
          txq |-> 1,
          depq |-> {},
          phaseq |-> 1,
          rejectq |-> TRUE,
          Wq |-> {},
          WPq |-> {} ] ],
  [ shardfrom |-> 1,
    type |-> 9,
    from |-> 1,
    shardto |-> 1,
    to |-> 1,
    body |->
        [ id |-> 2,
          b |-> 7,
          tq |-> [id |-> <<1, 1>>, t |-> 2],
          abalq |-> 0,
          txq |-> 2,
          depq |-> {},
          phaseq |-> 2,
          rejectq |-> FALSE,
          Wq |-> {},
          WPq |-> {} ] ],
  [ shardfrom |-> 1,
    type |-> 9,
    from |-> 1,
    shardto |-> 2,
    to |-> 2,
    body |->
        [ id |-> 1,
          b |-> 11,
          tq |-> [id |-> <<0, 0>>, t |-> 0],
          abalq |-> 0,
          txq |-> 1,
          depq |-> {},
          phaseq |-> 1,
          rejectq |-> TRUE,
          Wq |-> {},
          WPq |-> {} ] ],
  [ shardfrom |-> 1,
    type |-> 9,
    from |-> 2,
    shardto |-> 1,
    to |-> 2,
    body |->
        [ id |-> 1,
          b |-> 8,
          tq |-> [id |-> <<2, 2>>, t |-> 0],
          abalq |-> 0,
          txq |-> 1,
          depq |-> {},
          phaseq |-> 2,
          rejectq |-> TRUE,
          Wq |-> {},
          WPq |-> {} ] ],
  [ shardfrom |-> 1,
    type |-> 9,
    from |-> 3,
    shardto |-> 1,
    to |-> 1,
    body |->
        [ id |-> 1,
          b |-> 13,
          tq |-> [id |-> <<0, 0>>, t |-> 0],
          abalq |-> 0,
          txq |-> 0,
          depq |-> {},
          phaseq |-> 1,
          rejectq |-> TRUE,
          Wq |-> {},
          WPq |-> {} ] ],
  [ shardfrom |-> 1,
    type |-> 9,
    from |-> 3,
    shardto |-> 1,
    to |-> 3,
    body |->
        [ id |-> 1,
          b |-> 15,
          tq |-> [id |-> <<0, 0>>, t |-> 0],
          abalq |-> 0,
          txq |-> 0,
          depq |-> {},
          phaseq |-> 1,
          rejectq |-> TRUE,
          Wq |-> {},
          WPq |-> {} ] ],
  [ shardfrom |-> 2,
    type |-> 1,
    from |-> 2,
    shardto |-> 1,
    to |-> 1,
    body |-> [id |-> 1, tx |-> 1, D0 |-> {}] ],
  [ shardfrom |-> 2,
    type |-> 1,
    from |-> 2,
    shardto |-> 1,
    to |-> 3,
    body |-> [id |-> 1, tx |-> 1, D0 |-> {}] ],
  [ shardfrom |-> 2,
    type |-> 1,
    from |-> 2,
    shardto |-> 2,
    to |-> 1,
    body |-> [id |-> 1, tx |-> 1, D0 |-> {}] ],
  [ shardfrom |-> 2,
    type |-> 1,
    from |-> 2,
    shardto |-> 2,
    to |-> 3,
    body |-> [id |-> 1, tx |-> 1, D0 |-> {}] ],
  [ shardfrom |-> 2,
    type |-> 2,
    from |-> 2,
    shardto |-> 2,
    to |-> 2,
    body |-> [id |-> 1, tq |-> [id |-> <<2, 2>>, t |-> 0], Dq |-> {}] ],
  [ shardfrom |-> 2,
    type |-> 8,
    from |-> 1,
    shardto |-> 1,
    to |-> 1,
    body |-> [id |-> 1, b |-> 16, tx |-> 0] ],
  [ shardfrom |-> 2,
    type |-> 8,
    from |-> 1,
    shardto |-> 1,
    to |-> 2,
    body |-> [id |-> 1, b |-> 16, tx |-> 0] ],
  [ shardfrom |-> 2,
    type |-> 8,
    from |-> 1,
    shardto |-> 1,
    to |-> 3,
    body |-> [id |-> 1, b |-> 16, tx |-> 0] ],
  [ shardfrom |-> 2,
    type |-> 8,
    from |-> 1,
    shardto |-> 2,
    to |-> 2,
    body |-> [id |-> 1, b |-> 16, tx |-> 0] ],
  [ shardfrom |-> 2,
    type |-> 8,
    from |-> 1,
    shardto |-> 2,
    to |-> 3,
    body |-> [id |-> 1, b |-> 16, tx |-> 0] ],
  [ shardfrom |-> 2,
    type |-> 8,
    from |-> 2,
    shardto |-> 1,
    to |-> 2,
    body |-> [id |-> 1, b |-> 11, tx |-> 1] ],
  [ shardfrom |-> 2,
    type |-> 8,
    from |-> 2,
    shardto |-> 1,
    to |-> 3,
    body |-> [id |-> 1, b |-> 11, tx |-> 1] ],
  [ shardfrom |-> 2,
    type |-> 8,
    from |-> 2,
    shardto |-> 2,
    to |-> 3,
    body |-> [id |-> 1, b |-> 11, tx |-> 1] ],
  [ shardfrom |-> 2,
    type |-> 9,
    from |-> 1,
    shardto |-> 2,
    to |-> 1,
    body |->
        [ id |-> 1,
          b |-> 16,
          tq |-> [id |-> <<0, 0>>, t |-> 0],
          abalq |-> 0,
          txq |-> 1,
          depq |-> {},
          phaseq |-> 1,
          rejectq |-> FALSE,
          Wq |-> {},
          WPq |-> {} ] ],
  [ shardfrom |-> 2,
    type |-> 9,
    from |-> 1,
    shardto |-> 2,
    to |-> 2,
    body |->
        [ id |-> 1,
          b |-> 11,
          tq |-> [id |-> <<0, 0>>, t |-> 0],
          abalq |-> 0,
          txq |-> 1,
          depq |-> {},
          phaseq |-> 1,
          rejectq |-> FALSE,
          Wq |-> {},
          WPq |-> {} ] ],
  [ shardfrom |-> 2,
    type |-> 9,
    from |-> 2,
    shardto |-> 2,
    to |-> 2,
    body |->
        [ id |-> 1,
          b |-> 11,
          tq |-> [id |-> <<2, 2>>, t |-> 0],
          abalq |-> 0,
          txq |-> 1,
          depq |-> {},
          phaseq |-> 2,
          rejectq |-> FALSE,
          Wq |-> {},
          WPq |-> {} ] ] }
/\ Qvar = << <<<<{}, {}>>, <<{}, {}>>, <<{}, {<<1, 2>>, <<1, 3>>}>>>>,
   <<<<{}, {}>>, <<{}, {}>>, <<{}, {}>>>> >>
/\ ts = << << <<[id |-> <<0, 0>>, t |-> 0], [id |-> <<1, 1>>, t |-> 2]>>,
      <<[id |-> <<2, 2>>, t |-> 0], [id |-> <<1, 1>>, t |-> 2]>>,
      <<[id |-> <<0, 0>>, t |-> 0], [id |-> <<1, 1>>, t |-> 2]>> >>,
   << <<[id |-> <<0, 0>>, t |-> 0], [id |-> <<0, 0>>, t |-> 0]>>,
      <<[id |-> <<2, 2>>, t |-> 0], [id |-> <<0, 0>>, t |-> 0]>>,
      <<[id |-> <<0, 0>>, t |-> 0], [id |-> <<0, 0>>, t |-> 0]>> >> >>
/\ TXvar = << <<<<bottom, bottom>>, <<bottom, bottom>>, <<bottom, 2>>>>,
   <<<<bottom, bottom>>, <<bottom, bottom>>, <<bottom, bottom>>>> >>
/\ recovered = <<<<<<1, 1>>, <<1, 1>>, <<1, 1>>>>, <<<<1, 0>>, <<1, 0>>, <<0, 0>>>>>>
/\ initCoord = <<<<2, 2>>, <<1, 1>>>>

State 26: <Next line 769, col 8 to line 774, col 27 of module AccordSpec>
/\ phase = <<<<<<1, 3>>, <<2, 4>>, <<1, 4>>>>, <<<<1, 1>>, <<2, 1>>, <<1, 1>>>>>>
/\ abal = <<<<<<0, 14>>, <<0, 14>>, <<0, 9>>>>, <<<<0, 0>>, <<0, 0>>, <<0, 0>>>>>>
/\ initTimestamp = << [id |-> <<2, 2>>, t |-> 0],
   [id |-> <<1, 1>>, t |-> 2],
   [id |-> <<0, 0>>, t |-> 1] >>
/\ bal = <<<<<<13, 14>>, <<15, 14>>, <<15, 9>>>>, <<<<16, 0>>, <<11, 0>>, <<0, 0>>>>>>
/\ txn = << <<<<1, 2>>, <<1, 2>>, <<0, 2>>>>,
   <<<<1, bottom>>, <<1, bottom>>, <<bottom, bottom>>>> >>
/\ postWaitingFlag = << <<<<FALSE, FALSE>>, <<FALSE, FALSE>>, <<FALSE, FALSE>>>>,
   <<<<FALSE, FALSE>>, <<FALSE, FALSE>>, <<FALSE, FALSE>>>> >>
/\ Wvar = << <<<<{}, {}>>, <<{}, {}>>, <<{}, {}>>>>,
   <<<<{}, {}>>, <<{}, {}>>, <<{}, {}>>>> >>
/\ dep = << <<<<{}, {}>>, <<{}, {1}>>, <<{}, {}>>>>,
   <<<<{}, {}>>, <<{}, {}>>, <<{}, {}>>>> >>
/\ recoveryAttemptBal = <<<<<<0, 0>>, <<0, 0>>, <<0, 9>>>>, <<<<0, 0>>, <<0, 0>>, <<0, 0>>>>>>
/\ submitted = {1, 2}
/\ Dvar = << <<<<{}, {}>>, <<{}, {}>>, <<{}, {}>>>>,
   <<<<{}, {}>>, <<{}, {}>>, <<{}, {}>>>> >>
/\ msgs = { [ shardfrom |-> 1,
    type |-> 1,
    from |-> 1,
    shardto |-> 1,
    to |-> 2,
    body |-> [id |-> 2, tx |-> 2, D0 |-> {}] ],
  [ shardfrom |-> 1,
    type |-> 2,
    from |-> 1,
    shardto |-> 1,
    to |-> 1,
    body |-> [id |-> 2, tq |-> [id |-> <<1, 1>>, t |-> 2], Dq |-> {}] ],
  [ shardfrom |-> 1,
    type |-> 2,
    from |-> 2,
    shardto |-> 2,
    to |-> 2,
    body |-> [id |-> 1, tq |-> [id |-> <<2, 2>>, t |-> 0], Dq |-> {}] ],
  [ shardfrom |-> 1,
    type |-> 2,
    from |-> 3,
    shardto |-> 1,
    to |-> 1,
    body |-> [id |-> 2, tq |-> [id |-> <<1, 1>>, t |-> 2], Dq |-> {}] ],
  [ shardfrom |-> 1,
    type |-> 3,
    from |-> 2,
    shardto |-> 1,
    to |-> 3,
    body |->
        [ id |-> 2,
          t |-> [id |-> <<1, 1>>, t |-> 2],
          b |-> 14,
          tx |-> 2,
          D |-> {} ] ],
  [ shardfrom |-> 1,
    type |-> 3,
    from |-> 3,
    shardto |-> 1,
    to |-> 2,
    body |->
        [ id |-> 2,
          t |-> [id |-> <<1, 1>>, t |-> 2],
          b |-> 9,
          tx |-> 2,
          D |-> {} ] ],
  [ shardfrom |-> 1,
    type |-> 5,
    from |-> 2,
    shardto |-> 1,
    to |-> 1,
    body |->
        [ id |-> 2,
          t |-> [id |-> <<1, 1>>, t |-> 2],
          b |-> 14,
          tx |-> 2,
          D |-> {1},
          fastOrSlow |-> 1 ] ],
  [ shardfrom |-> 1,
    type |-> 5,
    from |-> 2,
    shardto |-> 1,
    to |-> 3,
    body |->
        [ id |-> 2,
          t |-> [id |-> <<1, 1>>, t |-> 2],
          b |-> 14,
          tx |-> 2,
          D |-> {1},
          fastOrSlow |-> 1 ] ],
  [ shardfrom |-> 1,
    type |-> 5,
    from |-> 3,
    shardto |-> 1,
    to |-> 1,
    body |->
        [ id |-> 2,
          t |-> [id |-> <<1, 1>>, t |-> 2],
          b |-> 9,
          tx |-> 2,
          D |-> {},
          fastOrSlow |-> 1 ] ],
  [ shardfrom |-> 1,
    type |-> 5,
    from |-> 3,
    shardto |-> 1,
    to |-> 2,
    body |->
        [ id |-> 2,
          t |-> [id |-> <<1, 1>>, t |-> 2],
          b |-> 9,
          tx |-> 2,
          D |-> {},
          fastOrSlow |-> 1 ] ],
  [ shardfrom |-> 1,
    type |-> 6,
    from |-> 2,
    shardto |-> 1,
    to |-> 2,
    body |-> [id |-> 2, b |-> 14] ],
  [ shardfrom |-> 1,
    type |-> 6,
    from |-> 3,
    shardto |-> 1,
    to |-> 3,
    body |-> [id |-> 2, b |-> 9] ],
  [ shardfrom |-> 1,
    type |-> 8,
    from |-> 1,
    shardto |-> 1,
    to |-> 2,
    body |-> [id |-> 1, b |-> 13, tx |-> 0] ],
  [ shardfrom |-> 1,
    type |-> 8,
    from |-> 1,
    shardto |-> 1,
    to |-> 2,
    body |-> [id |-> 2, b |-> 7, tx |-> 2] ],
  [ shardfrom |-> 1,
    type |-> 8,
    from |-> 1,
    shardto |-> 1,
    to |-> 3,
    body |-> [id |-> 2, b |-> 7, tx |-> 2] ],
  [ shardfrom |-> 1,
    type |-> 8,
    from |-> 1,
    shardto |-> 2,
    to |-> 1,
    body |-> [id |-> 1, b |-> 13, tx |-> 0] ],
  [ shardfrom |-> 1,
    type |-> 8,
    from |-> 1,
    shardto |-> 2,
    to |-> 2,
    body |-> [id |-> 1, b |-> 13, tx |-> 0] ],
  [ shardfrom |-> 1,
    type |-> 8,
    from |-> 1,
    shardto |-> 2,
    to |-> 3,
    body |-> [id |-> 1, b |-> 13, tx |-> 0] ],
  [ shardfrom |-> 1,
    type |-> 8,
    from |-> 2,
    shardto |-> 1,
    to |-> 1,
    body |-> [id |-> 1, b |-> 8, tx |-> 1] ],
  [ shardfrom |-> 1,
    type |-> 8,
    from |-> 2,
    shardto |-> 1,
    to |-> 3,
    body |-> [id |-> 1, b |-> 8, tx |-> 1] ],
  [ shardfrom |-> 1,
    type |-> 8,
    from |-> 2,
    shardto |-> 1,
    to |-> 3,
    body |-> [id |-> 2, b |-> 14, tx |-> 0] ],
  [ shardfrom |-> 1,
    type |-> 8,
    from |-> 2,
    shardto |-> 2,
    to |-> 1,
    body |-> [id |-> 1, b |-> 8, tx |-> 1] ],
  [ shardfrom |-> 1,
    type |-> 8,
    from |-> 2,
    shardto |-> 2,
    to |-> 2,
    body |-> [id |-> 1, b |-> 8, tx |-> 1] ],
  [ shardfrom |-> 1,
    type |-> 8,
    from |-> 2,
    shardto |-> 2,
    to |-> 3,
    body |-> [id |-> 1, b |-> 8, tx |-> 1] ],
  [ shardfrom |-> 1,
    type |-> 8,
    from |-> 3,
    shardto |-> 1,
    to |-> 1,
    body |-> [id |-> 1, b |-> 15, tx |-> 0] ],
  [ shardfrom |-> 1,
    type |-> 8,
    from |-> 3,
    shardto |-> 1,
    to |-> 1,
    body |-> [id |-> 2, b |-> 9, tx |-> 2] ],
  [ shardfrom |-> 1,
    type |-> 8,
    from |-> 3,
    shardto |-> 2,
    to |-> 1,
    body |-> [id |-> 1, b |-> 15, tx |-> 0] ],
  [ shardfrom |-> 1,
    type |-> 8,
    from |-> 3,
    shardto |-> 2,
    to |-> 2,
    body |-> [id |-> 1, b |-> 15, tx |-> 0] ],
  [ shardfrom |-> 1,
    type |-> 8,
    from |-> 3,
    shardto |-> 2,
    to |-> 3,
    body |-> [id |-> 1, b |-> 15, tx |-> 0] ],
  [ shardfrom |-> 1,
    type |-> 9,
    from |-> 1,
    shardto |-> 1,
    to |-> 1,
    body |->
        [ id |-> 1,
          b |-> 13,
          tq |-> [id |-> <<0, 0>>, t |-> 0],
          abalq |-> 0,
          txq |-> 1,
          depq |-> {},
          phaseq |-> 1,
          rejectq |-> TRUE,
          Wq |-> {},
          WPq |-> {} ] ],
  [ shardfrom |-> 1,
    type |-> 9,
    from |-> 1,
    shardto |-> 1,
    to |-> 1,
    body |->
        [ id |-> 2,
          b |-> 7,
          tq |-> [id |-> <<1, 1>>, t |-> 2],
          abalq |-> 0,
          txq |-> 2,
          depq |-> {},
          phaseq |-> 2,
          rejectq |-> FALSE,
          Wq |-> {},
          WPq |-> {} ] ],
  [ shardfrom |-> 1,
    type |-> 9,
    from |-> 1,
    shardto |-> 2,
    to |-> 2,
    body |->
        [ id |-> 1,
          b |-> 11,
          tq |-> [id |-> <<0, 0>>, t |-> 0],
          abalq |-> 0,
          txq |-> 1,
          depq |-> {},
          phaseq |-> 1,
          rejectq |-> TRUE,
          Wq |-> {},
          WPq |-> {} ] ],
  [ shardfrom |-> 1,
    type |-> 9,
    from |-> 2,
    shardto |-> 1,
    to |-> 2,
    body |->
        [ id |-> 1,
          b |-> 8,
          tq |-> [id |-> <<2, 2>>, t |-> 0],
          abalq |-> 0,
          txq |-> 1,
          depq |-> {},
          phaseq |-> 2,
          rejectq |-> TRUE,
          Wq |-> {},
          WPq |-> {} ] ],
  [ shardfrom |-> 1,
    type |-> 9,
    from |-> 2,
    shardto |-> 1,
    to |-> 3,
    body |->
        [ id |-> 1,
          b |-> 15,
          tq |-> [id |-> <<2, 2>>, t |-> 0],
          abalq |-> 0,
          txq |-> 1,
          depq |-> {},
          phaseq |-> 2,
          rejectq |-> FALSE,
          Wq |-> {},
          WPq |-> {} ] ],
  [ shardfrom |-> 1,
    type |-> 9,
    from |-> 3,
    shardto |-> 1,
    to |-> 1,
    body |->
        [ id |-> 1,
          b |-> 13,
          tq |-> [id |-> <<0, 0>>, t |-> 0],
          abalq |-> 0,
          txq |-> 0,
          depq |-> {},
          phaseq |-> 1,
          rejectq |-> TRUE,
          Wq |-> {},
          WPq |-> {} ] ],
  [ shardfrom |-> 1,
    type |-> 9,
    from |-> 3,
    shardto |-> 1,
    to |-> 3,
    body |->
        [ id |-> 1,
          b |-> 15,
          tq |-> [id |-> <<0, 0>>, t |-> 0],
          abalq |-> 0,
          txq |-> 0,
          depq |-> {},
          phaseq |-> 1,
          rejectq |-> TRUE,
          Wq |-> {},
          WPq |-> {} ] ],
  [ shardfrom |-> 2,
    type |-> 1,
    from |-> 2,
    shardto |-> 1,
    to |-> 1,
    body |-> [id |-> 1, tx |-> 1, D0 |-> {}] ],
  [ shardfrom |-> 2,
    type |-> 1,
    from |-> 2,
    shardto |-> 1,
    to |-> 3,
    body |-> [id |-> 1, tx |-> 1, D0 |-> {}] ],
  [ shardfrom |-> 2,
    type |-> 1,
    from |-> 2,
    shardto |-> 2,
    to |-> 1,
    body |-> [id |-> 1, tx |-> 1, D0 |-> {}] ],
  [ shardfrom |-> 2,
    type |-> 1,
    from |-> 2,
    shardto |-> 2,
    to |-> 3,
    body |-> [id |-> 1, tx |-> 1, D0 |-> {}] ],
  [ shardfrom |-> 2,
    type |-> 2,
    from |-> 2,
    shardto |-> 2,
    to |-> 2,
    body |-> [id |-> 1, tq |-> [id |-> <<2, 2>>, t |-> 0], Dq |-> {}] ],
  [ shardfrom |-> 2,
    type |-> 8,
    from |-> 1,
    shardto |-> 1,
    to |-> 1,
    body |-> [id |-> 1, b |-> 16, tx |-> 0] ],
  [ shardfrom |-> 2,
    type |-> 8,
    from |-> 1,
    shardto |-> 1,
    to |-> 2,
    body |-> [id |-> 1, b |-> 16, tx |-> 0] ],
  [ shardfrom |-> 2,
    type |-> 8,
    from |-> 1,
    shardto |-> 1,
    to |-> 3,
    body |-> [id |-> 1, b |-> 16, tx |-> 0] ],
  [ shardfrom |-> 2,
    type |-> 8,
    from |-> 1,
    shardto |-> 2,
    to |-> 2,
    body |-> [id |-> 1, b |-> 16, tx |-> 0] ],
  [ shardfrom |-> 2,
    type |-> 8,
    from |-> 1,
    shardto |-> 2,
    to |-> 3,
    body |-> [id |-> 1, b |-> 16, tx |-> 0] ],
  [ shardfrom |-> 2,
    type |-> 8,
    from |-> 2,
    shardto |-> 1,
    to |-> 2,
    body |-> [id |-> 1, b |-> 11, tx |-> 1] ],
  [ shardfrom |-> 2,
    type |-> 8,
    from |-> 2,
    shardto |-> 1,
    to |-> 3,
    body |-> [id |-> 1, b |-> 11, tx |-> 1] ],
  [ shardfrom |-> 2,
    type |-> 8,
    from |-> 2,
    shardto |-> 2,
    to |-> 3,
    body |-> [id |-> 1, b |-> 11, tx |-> 1] ],
  [ shardfrom |-> 2,
    type |-> 9,
    from |-> 1,
    shardto |-> 2,
    to |-> 1,
    body |->
        [ id |-> 1,
          b |-> 16,
          tq |-> [id |-> <<0, 0>>, t |-> 0],
          abalq |-> 0,
          txq |-> 1,
          depq |-> {},
          phaseq |-> 1,
          rejectq |-> FALSE,
          Wq |-> {},
          WPq |-> {} ] ],
  [ shardfrom |-> 2,
    type |-> 9,
    from |-> 1,
    shardto |-> 2,
    to |-> 2,
    body |->
        [ id |-> 1,
          b |-> 11,
          tq |-> [id |-> <<0, 0>>, t |-> 0],
          abalq |-> 0,
          txq |-> 1,
          depq |-> {},
          phaseq |-> 1,
          rejectq |-> FALSE,
          Wq |-> {},
          WPq |-> {} ] ],
  [ shardfrom |-> 2,
    type |-> 9,
    from |-> 2,
    shardto |-> 2,
    to |-> 2,
    body |->
        [ id |-> 1,
          b |-> 11,
          tq |-> [id |-> <<2, 2>>, t |-> 0],
          abalq |-> 0,
          txq |-> 1,
          depq |-> {},
          phaseq |-> 2,
          rejectq |-> FALSE,
          Wq |-> {},
          WPq |-> {} ] ] }
/\ Qvar = << <<<<{}, {}>>, <<{}, {}>>, <<{}, {<<1, 2>>, <<1, 3>>}>>>>,
   <<<<{}, {}>>, <<{}, {}>>, <<{}, {}>>>> >>
/\ ts = << << <<[id |-> <<0, 0>>, t |-> 0], [id |-> <<1, 1>>, t |-> 2]>>,
      <<[id |-> <<2, 2>>, t |-> 0], [id |-> <<1, 1>>, t |-> 2]>>,
      <<[id |-> <<0, 0>>, t |-> 0], [id |-> <<1, 1>>, t |-> 2]>> >>,
   << <<[id |-> <<0, 0>>, t |-> 0], [id |-> <<0, 0>>, t |-> 0]>>,
      <<[id |-> <<2, 2>>, t |-> 0], [id |-> <<0, 0>>, t |-> 0]>>,
      <<[id |-> <<0, 0>>, t |-> 0], [id |-> <<0, 0>>, t |-> 0]>> >> >>
/\ TXvar = << <<<<bottom, bottom>>, <<bottom, bottom>>, <<bottom, 2>>>>,
   <<<<bottom, bottom>>, <<bottom, bottom>>, <<bottom, bottom>>>> >>
/\ recovered = <<<<<<1, 1>>, <<1, 1>>, <<1, 1>>>>, <<<<1, 0>>, <<1, 0>>, <<0, 0>>>>>>
/\ initCoord = <<<<2, 2>>, <<1, 1>>>>

State 27: <Next line 769, col 8 to line 774, col 27 of module AccordSpec>
/\ phase = <<<<<<1, 4>>, <<2, 4>>, <<1, 4>>>>, <<<<1, 1>>, <<2, 1>>, <<1, 1>>>>>>
/\ abal = <<<<<<0, 14>>, <<0, 14>>, <<0, 9>>>>, <<<<0, 0>>, <<0, 0>>, <<0, 0>>>>>>
/\ initTimestamp = << [id |-> <<2, 2>>, t |-> 0],
   [id |-> <<1, 1>>, t |-> 2],
   [id |-> <<0, 0>>, t |-> 1] >>
/\ bal = <<<<<<13, 14>>, <<15, 14>>, <<15, 9>>>>, <<<<16, 0>>, <<11, 0>>, <<0, 0>>>>>>
/\ txn = << <<<<1, 2>>, <<1, 2>>, <<0, 2>>>>,
   <<<<1, bottom>>, <<1, bottom>>, <<bottom, bottom>>>> >>
/\ postWaitingFlag = << <<<<FALSE, FALSE>>, <<FALSE, FALSE>>, <<FALSE, FALSE>>>>,
   <<<<FALSE, FALSE>>, <<FALSE, FALSE>>, <<FALSE, FALSE>>>> >>
/\ Wvar = << <<<<{}, {}>>, <<{}, {}>>, <<{}, {}>>>>,
   <<<<{}, {}>>, <<{}, {}>>, <<{}, {}>>>> >>
/\ dep = << <<<<{}, {1}>>, <<{}, {1}>>, <<{}, {}>>>>,
   <<<<{}, {}>>, <<{}, {}>>, <<{}, {}>>>> >>
/\ recoveryAttemptBal = <<<<<<0, 0>>, <<0, 0>>, <<0, 9>>>>, <<<<0, 0>>, <<0, 0>>, <<0, 0>>>>>>
/\ submitted = {1, 2}
/\ Dvar = << <<<<{}, {}>>, <<{}, {}>>, <<{}, {}>>>>,
   <<<<{}, {}>>, <<{}, {}>>, <<{}, {}>>>> >>
/\ msgs = { [ shardfrom |-> 1,
    type |-> 1,
    from |-> 1,
    shardto |-> 1,
    to |-> 2,
    body |-> [id |-> 2, tx |-> 2, D0 |-> {}] ],
  [ shardfrom |-> 1,
    type |-> 2,
    from |-> 1,
    shardto |-> 1,
    to |-> 1,
    body |-> [id |-> 2, tq |-> [id |-> <<1, 1>>, t |-> 2], Dq |-> {}] ],
  [ shardfrom |-> 1,
    type |-> 2,
    from |-> 2,
    shardto |-> 2,
    to |-> 2,
    body |-> [id |-> 1, tq |-> [id |-> <<2, 2>>, t |-> 0], Dq |-> {}] ],
  [ shardfrom |-> 1,
    type |-> 2,
    from |-> 3,
    shardto |-> 1,
    to |-> 1,
    body |-> [id |-> 2, tq |-> [id |-> <<1, 1>>, t |-> 2], Dq |-> {}] ],
  [ shardfrom |-> 1,
    type |-> 3,
    from |-> 2,
    shardto |-> 1,
    to |-> 3,
    body |->
        [ id |-> 2,
          t |-> [id |-> <<1, 1>>, t |-> 2],
          b |-> 14,
          tx |-> 2,
          D |-> {} ] ],
  [ shardfrom |-> 1,
    type |-> 3,
    from |-> 3,
    shardto |-> 1,
    to |-> 2,
    body |->
        [ id |-> 2,
          t |-> [id |-> <<1, 1>>, t |-> 2],
          b |-> 9,
          tx |-> 2,
          D |-> {} ] ],
  [ shardfrom |-> 1,
    type |-> 5,
    from |-> 2,
    shardto |-> 1,
    to |-> 3,
    body |->
        [ id |-> 2,
          t |-> [id |-> <<1, 1>>, t |-> 2],
          b |-> 14,
          tx |-> 2,
          D |-> {1},
          fastOrSlow |-> 1 ] ],
  [ shardfrom |-> 1,
    type |-> 5,
    from |-> 3,
    shardto |-> 1,
    to |-> 1,
    body |->
        [ id |-> 2,
          t |-> [id |-> <<1, 1>>, t |-> 2],
          b |-> 9,
          tx |-> 2,
          D |-> {},
          fastOrSlow |-> 1 ] ],
  [ shardfrom |-> 1,
    type |-> 5,
    from |-> 3,
    shardto |-> 1,
    to |-> 2,
    body |->
        [ id |-> 2,
          t |-> [id |-> <<1, 1>>, t |-> 2],
          b |-> 9,
          tx |-> 2,
          D |-> {},
          fastOrSlow |-> 1 ] ],
  [ shardfrom |-> 1,
    type |-> 6,
    from |-> 1,
    shardto |-> 1,
    to |-> 2,
    body |-> [id |-> 2, b |-> 14] ],
  [ shardfrom |-> 1,
    type |-> 6,
    from |-> 2,
    shardto |-> 1,
    to |-> 2,
    body |-> [id |-> 2, b |-> 14] ],
  [ shardfrom |-> 1,
    type |-> 6,
    from |-> 3,
    shardto |-> 1,
    to |-> 3,
    body |-> [id |-> 2, b |-> 9] ],
  [ shardfrom |-> 1,
    type |-> 8,
    from |-> 1,
    shardto |-> 1,
    to |-> 2,
    body |-> [id |-> 1, b |-> 13, tx |-> 0] ],
  [ shardfrom |-> 1,
    type |-> 8,
    from |-> 1,
    shardto |-> 1,
    to |-> 2,
    body |-> [id |-> 2, b |-> 7, tx |-> 2] ],
  [ shardfrom |-> 1,
    type |-> 8,
    from |-> 1,
    shardto |-> 1,
    to |-> 3,
    body |-> [id |-> 2, b |-> 7, tx |-> 2] ],
  [ shardfrom |-> 1,
    type |-> 8,
    from |-> 1,
    shardto |-> 2,
    to |-> 1,
    body |-> [id |-> 1, b |-> 13, tx |-> 0] ],
  [ shardfrom |-> 1,
    type |-> 8,
    from |-> 1,
    shardto |-> 2,
    to |-> 2,
    body |-> [id |-> 1, b |-> 13, tx |-> 0] ],
  [ shardfrom |-> 1,
    type |-> 8,
    from |-> 1,
    shardto |-> 2,
    to |-> 3,
    body |-> [id |-> 1, b |-> 13, tx |-> 0] ],
  [ shardfrom |-> 1,
    type |-> 8,
    from |-> 2,
    shardto |-> 1,
    to |-> 1,
    body |-> [id |-> 1, b |-> 8, tx |-> 1] ],
  [ shardfrom |-> 1,
    type |-> 8,
    from |-> 2,
    shardto |-> 1,
    to |-> 3,
    body |-> [id |-> 1, b |-> 8, tx |-> 1] ],
  [ shardfrom |-> 1,
    type |-> 8,
    from |-> 2,
    shardto |-> 1,
    to |-> 3,
    body |-> [id |-> 2, b |-> 14, tx |-> 0] ],
  [ shardfrom |-> 1,
    type |-> 8,
    from |-> 2,
    shardto |-> 2,
    to |-> 1,
    body |-> [id |-> 1, b |-> 8, tx |-> 1] ],
  [ shardfrom |-> 1,
    type |-> 8,
    from |-> 2,
    shardto |-> 2,
    to |-> 2,
    body |-> [id |-> 1, b |-> 8, tx |-> 1] ],
  [ shardfrom |-> 1,
    type |-> 8,
    from |-> 2,
    shardto |-> 2,
    to |-> 3,
    body |-> [id |-> 1, b |-> 8, tx |-> 1] ],
  [ shardfrom |-> 1,
    type |-> 8,
    from |-> 3,
    shardto |-> 1,
    to |-> 1,
    body |-> [id |-> 1, b |-> 15, tx |-> 0] ],
  [ shardfrom |-> 1,
    type |-> 8,
    from |-> 3,
    shardto |-> 1,
    to |-> 1,
    body |-> [id |-> 2, b |-> 9, tx |-> 2] ],
  [ shardfrom |-> 1,
    type |-> 8,
    from |-> 3,
    shardto |-> 2,
    to |-> 1,
    body |-> [id |-> 1, b |-> 15, tx |-> 0] ],
  [ shardfrom |-> 1,
    type |-> 8,
    from |-> 3,
    shardto |-> 2,
    to |-> 2,
    body |-> [id |-> 1, b |-> 15, tx |-> 0] ],
  [ shardfrom |-> 1,
    type |-> 8,
    from |-> 3,
    shardto |-> 2,
    to |-> 3,
    body |-> [id |-> 1, b |-> 15, tx |-> 0] ],
  [ shardfrom |-> 1,
    type |-> 9,
    from |-> 1,
    shardto |-> 1,
    to |-> 1,
    body |->
        [ id |-> 1,
          b |-> 13,
          tq |-> [id |-> <<0, 0>>, t |-> 0],
          abalq |-> 0,
          txq |-> 1,
          depq |-> {},
          phaseq |-> 1,
          rejectq |-> TRUE,
          Wq |-> {},
          WPq |-> {} ] ],
  [ shardfrom |-> 1,
    type |-> 9,
    from |-> 1,
    shardto |-> 1,
    to |-> 1,
    body |->
        [ id |-> 2,
          b |-> 7,
          tq |-> [id |-> <<1, 1>>, t |-> 2],
          abalq |-> 0,
          txq |-> 2,
          depq |-> {},
          phaseq |-> 2,
          rejectq |-> FALSE,
          Wq |-> {},
          WPq |-> {} ] ],
  [ shardfrom |-> 1,
    type |-> 9,
    from |-> 1,
    shardto |-> 2,
    to |-> 2,
    body |->
        [ id |-> 1,
          b |-> 11,
          tq |-> [id |-> <<0, 0>>, t |-> 0],
          abalq |-> 0,
          txq |-> 1,
          depq |-> {},
          phaseq |-> 1,
          rejectq |-> TRUE,
          Wq |-> {},
          WPq |-> {} ] ],
  [ shardfrom |-> 1,
    type |-> 9,
    from |-> 2,
    shardto |-> 1,
    to |-> 2,
    body |->
        [ id |-> 1,
          b |-> 8,
          tq |-> [id |-> <<2, 2>>, t |-> 0],
          abalq |-> 0,
          txq |-> 1,
          depq |-> {},
          phaseq |-> 2,
          rejectq |-> TRUE,
          Wq |-> {},
          WPq |-> {} ] ],
  [ shardfrom |-> 1,
    type |-> 9,
    from |-> 2,
    shardto |-> 1,
    to |-> 3,
    body |->
        [ id |-> 1,
          b |-> 15,
          tq |-> [id |-> <<2, 2>>, t |-> 0],
          abalq |-> 0,
          txq |-> 1,
          depq |-> {},
          phaseq |-> 2,
          rejectq |-> FALSE,
          Wq |-> {},
          WPq |-> {} ] ],
  [ shardfrom |-> 1,
    type |-> 9,
    from |-> 3,
    shardto |-> 1,
    to |-> 1,
    body |->
        [ id |-> 1,
          b |-> 13,
          tq |-> [id |-> <<0, 0>>, t |-> 0],
          abalq |-> 0,
          txq |-> 0,
          depq |-> {},
          phaseq |-> 1,
          rejectq |-> TRUE,
          Wq |-> {},
          WPq |-> {} ] ],
  [ shardfrom |-> 1,
    type |-> 9,
    from |-> 3,
    shardto |-> 1,
    to |-> 3,
    body |->
        [ id |-> 1,
          b |-> 15,
          tq |-> [id |-> <<0, 0>>, t |-> 0],
          abalq |-> 0,
          txq |-> 0,
          depq |-> {},
          phaseq |-> 1,
          rejectq |-> TRUE,
          Wq |-> {},
          WPq |-> {} ] ],
  [ shardfrom |-> 2,
    type |-> 1,
    from |-> 2,
    shardto |-> 1,
    to |-> 1,
    body |-> [id |-> 1, tx |-> 1, D0 |-> {}] ],
  [ shardfrom |-> 2,
    type |-> 1,
    from |-> 2,
    shardto |-> 1,
    to |-> 3,
    body |-> [id |-> 1, tx |-> 1, D0 |-> {}] ],
  [ shardfrom |-> 2,
    type |-> 1,
    from |-> 2,
    shardto |-> 2,
    to |-> 1,
    body |-> [id |-> 1, tx |-> 1, D0 |-> {}] ],
  [ shardfrom |-> 2,
    type |-> 1,
    from |-> 2,
    shardto |-> 2,
    to |-> 3,
    body |-> [id |-> 1, tx |-> 1, D0 |-> {}] ],
  [ shardfrom |-> 2,
    type |-> 2,
    from |-> 2,
    shardto |-> 2,
    to |-> 2,
    body |-> [id |-> 1, tq |-> [id |-> <<2, 2>>, t |-> 0], Dq |-> {}] ],
  [ shardfrom |-> 2,
    type |-> 8,
    from |-> 1,
    shardto |-> 1,
    to |-> 1,
    body |-> [id |-> 1, b |-> 16, tx |-> 0] ],
  [ shardfrom |-> 2,
    type |-> 8,
    from |-> 1,
    shardto |-> 1,
    to |-> 2,
    body |-> [id |-> 1, b |-> 16, tx |-> 0] ],
  [ shardfrom |-> 2,
    type |-> 8,
    from |-> 1,
    shardto |-> 1,
    to |-> 3,
    body |-> [id |-> 1, b |-> 16, tx |-> 0] ],
  [ shardfrom |-> 2,
    type |-> 8,
    from |-> 1,
    shardto |-> 2,
    to |-> 2,
    body |-> [id |-> 1, b |-> 16, tx |-> 0] ],
  [ shardfrom |-> 2,
    type |-> 8,
    from |-> 1,
    shardto |-> 2,
    to |-> 3,
    body |-> [id |-> 1, b |-> 16, tx |-> 0] ],
  [ shardfrom |-> 2,
    type |-> 8,
    from |-> 2,
    shardto |-> 1,
    to |-> 2,
    body |-> [id |-> 1, b |-> 11, tx |-> 1] ],
  [ shardfrom |-> 2,
    type |-> 8,
    from |-> 2,
    shardto |-> 1,
    to |-> 3,
    body |-> [id |-> 1, b |-> 11, tx |-> 1] ],
  [ shardfrom |-> 2,
    type |-> 8,
    from |-> 2,
    shardto |-> 2,
    to |-> 3,
    body |-> [id |-> 1, b |-> 11, tx |-> 1] ],
  [ shardfrom |-> 2,
    type |-> 9,
    from |-> 1,
    shardto |-> 2,
    to |-> 1,
    body |->
        [ id |-> 1,
          b |-> 16,
          tq |-> [id |-> <<0, 0>>, t |-> 0],
          abalq |-> 0,
          txq |-> 1,
          depq |-> {},
          phaseq |-> 1,
          rejectq |-> FALSE,
          Wq |-> {},
          WPq |-> {} ] ],
  [ shardfrom |-> 2,
    type |-> 9,
    from |-> 1,
    shardto |-> 2,
    to |-> 2,
    body |->
        [ id |-> 1,
          b |-> 11,
          tq |-> [id |-> <<0, 0>>, t |-> 0],
          abalq |-> 0,
          txq |-> 1,
          depq |-> {},
          phaseq |-> 1,
          rejectq |-> FALSE,
          Wq |-> {},
          WPq |-> {} ] ],
  [ shardfrom |-> 2,
    type |-> 9,
    from |-> 2,
    shardto |-> 2,
    to |-> 2,
    body |->
        [ id |-> 1,
          b |-> 11,
          tq |-> [id |-> <<2, 2>>, t |-> 0],
          abalq |-> 0,
          txq |-> 1,
          depq |-> {},
          phaseq |-> 2,
          rejectq |-> FALSE,
          Wq |-> {},
          WPq |-> {} ] ] }
/\ Qvar = << <<<<{}, {}>>, <<{}, {}>>, <<{}, {<<1, 2>>, <<1, 3>>}>>>>,
   <<<<{}, {}>>, <<{}, {}>>, <<{}, {}>>>> >>
/\ ts = << << <<[id |-> <<0, 0>>, t |-> 0], [id |-> <<1, 1>>, t |-> 2]>>,
      <<[id |-> <<2, 2>>, t |-> 0], [id |-> <<1, 1>>, t |-> 2]>>,
      <<[id |-> <<0, 0>>, t |-> 0], [id |-> <<1, 1>>, t |-> 2]>> >>,
   << <<[id |-> <<0, 0>>, t |-> 0], [id |-> <<0, 0>>, t |-> 0]>>,
      <<[id |-> <<2, 2>>, t |-> 0], [id |-> <<0, 0>>, t |-> 0]>>,
      <<[id |-> <<0, 0>>, t |-> 0], [id |-> <<0, 0>>, t |-> 0]>> >> >>
/\ TXvar = << <<<<bottom, bottom>>, <<bottom, bottom>>, <<bottom, 2>>>>,
   <<<<bottom, bottom>>, <<bottom, bottom>>, <<bottom, bottom>>>> >>
/\ recovered = <<<<<<1, 1>>, <<1, 1>>, <<1, 1>>>>, <<<<1, 0>>, <<1, 0>>, <<0, 0>>>>>>
/\ initCoord = <<<<2, 2>>, <<1, 1>>>>

State 28: <Next line 769, col 8 to line 774, col 27 of module AccordSpec>
/\ phase = <<<<<<1, 4>>, <<2, 4>>, <<1, 4>>>>, <<<<1, 1>>, <<2, 1>>, <<2, 1>>>>>>
/\ abal = <<<<<<0, 14>>, <<0, 14>>, <<0, 9>>>>, <<<<0, 0>>, <<0, 0>>, <<0, 0>>>>>>
/\ initTimestamp = << [id |-> <<2, 2>>, t |-> 0],
   [id |-> <<1, 1>>, t |-> 2],
   [id |-> <<0, 0>>, t |-> 1] >>
/\ bal = <<<<<<13, 14>>, <<15, 14>>, <<15, 9>>>>, <<<<16, 0>>, <<11, 0>>, <<0, 0>>>>>>
/\ txn = << <<<<1, 2>>, <<1, 2>>, <<0, 2>>>>,
   <<<<1, bottom>>, <<1, bottom>>, <<1, bottom>>>> >>
/\ postWaitingFlag = << <<<<FALSE, FALSE>>, <<FALSE, FALSE>>, <<FALSE, FALSE>>>>,
   <<<<FALSE, FALSE>>, <<FALSE, FALSE>>, <<FALSE, FALSE>>>> >>
/\ Wvar = << <<<<{}, {}>>, <<{}, {}>>, <<{}, {}>>>>,
   <<<<{}, {}>>, <<{}, {}>>, <<{}, {}>>>> >>
/\ dep = << <<<<{}, {1}>>, <<{}, {1}>>, <<{}, {}>>>>,
   <<<<{}, {}>>, <<{}, {}>>, <<{}, {}>>>> >>
/\ recoveryAttemptBal = <<<<<<0, 0>>, <<0, 0>>, <<0, 9>>>>, <<<<0, 0>>, <<0, 0>>, <<0, 0>>>>>>
/\ submitted = {1, 2}
/\ Dvar = << <<<<{}, {}>>, <<{}, {}>>, <<{}, {}>>>>,
   <<<<{}, {}>>, <<{}, {}>>, <<{}, {}>>>> >>
/\ msgs = { [ shardfrom |-> 1,
    type |-> 1,
    from |-> 1,
    shardto |-> 1,
    to |-> 2,
    body |-> [id |-> 2, tx |-> 2, D0 |-> {}] ],
  [ shardfrom |-> 1,
    type |-> 2,
    from |-> 1,
    shardto |-> 1,
    to |-> 1,
    body |-> [id |-> 2, tq |-> [id |-> <<1, 1>>, t |-> 2], Dq |-> {}] ],
  [ shardfrom |-> 1,
    type |-> 2,
    from |-> 2,
    shardto |-> 2,
    to |-> 2,
    body |-> [id |-> 1, tq |-> [id |-> <<2, 2>>, t |-> 0], Dq |-> {}] ],
  [ shardfrom |-> 1,
    type |-> 2,
    from |-> 3,
    shardto |-> 1,
    to |-> 1,
    body |-> [id |-> 2, tq |-> [id |-> <<1, 1>>, t |-> 2], Dq |-> {}] ],
  [ shardfrom |-> 1,
    type |-> 3,
    from |-> 2,
    shardto |-> 1,
    to |-> 3,
    body |->
        [ id |-> 2,
          t |-> [id |-> <<1, 1>>, t |-> 2],
          b |-> 14,
          tx |-> 2,
          D |-> {} ] ],
  [ shardfrom |-> 1,
    type |-> 3,
    from |-> 3,
    shardto |-> 1,
    to |-> 2,
    body |->
        [ id |-> 2,
          t |-> [id |-> <<1, 1>>, t |-> 2],
          b |-> 9,
          tx |-> 2,
          D |-> {} ] ],
  [ shardfrom |-> 1,
    type |-> 5,
    from |-> 2,
    shardto |-> 1,
    to |-> 3,
    body |->
        [ id |-> 2,
          t |-> [id |-> <<1, 1>>, t |-> 2],
          b |-> 14,
          tx |-> 2,
          D |-> {1},
          fastOrSlow |-> 1 ] ],
  [ shardfrom |-> 1,
    type |-> 5,
    from |-> 3,
    shardto |-> 1,
    to |-> 1,
    body |->
        [ id |-> 2,
          t |-> [id |-> <<1, 1>>, t |-> 2],
          b |-> 9,
          tx |-> 2,
          D |-> {},
          fastOrSlow |-> 1 ] ],
  [ shardfrom |-> 1,
    type |-> 5,
    from |-> 3,
    shardto |-> 1,
    to |-> 2,
    body |->
        [ id |-> 2,
          t |-> [id |-> <<1, 1>>, t |-> 2],
          b |-> 9,
          tx |-> 2,
          D |-> {},
          fastOrSlow |-> 1 ] ],
  [ shardfrom |-> 1,
    type |-> 6,
    from |-> 1,
    shardto |-> 1,
    to |-> 2,
    body |-> [id |-> 2, b |-> 14] ],
  [ shardfrom |-> 1,
    type |-> 6,
    from |-> 2,
    shardto |-> 1,
    to |-> 2,
    body |-> [id |-> 2, b |-> 14] ],
  [ shardfrom |-> 1,
    type |-> 6,
    from |-> 3,
    shardto |-> 1,
    to |-> 3,
    body |-> [id |-> 2, b |-> 9] ],
  [ shardfrom |-> 1,
    type |-> 8,
    from |-> 1,
    shardto |-> 1,
    to |-> 2,
    body |-> [id |-> 1, b |-> 13, tx |-> 0] ],
  [ shardfrom |-> 1,
    type |-> 8,
    from |-> 1,
    shardto |-> 1,
    to |-> 2,
    body |-> [id |-> 2, b |-> 7, tx |-> 2] ],
  [ shardfrom |-> 1,
    type |-> 8,
    from |-> 1,
    shardto |-> 1,
    to |-> 3,
    body |-> [id |-> 2, b |-> 7, tx |-> 2] ],
  [ shardfrom |-> 1,
    type |-> 8,
    from |-> 1,
    shardto |-> 2,
    to |-> 1,
    body |-> [id |-> 1, b |-> 13, tx |-> 0] ],
  [ shardfrom |-> 1,
    type |-> 8,
    from |-> 1,
    shardto |-> 2,
    to |-> 2,
    body |-> [id |-> 1, b |-> 13, tx |-> 0] ],
  [ shardfrom |-> 1,
    type |-> 8,
    from |-> 1,
    shardto |-> 2,
    to |-> 3,
    body |-> [id |-> 1, b |-> 13, tx |-> 0] ],
  [ shardfrom |-> 1,
    type |-> 8,
    from |-> 2,
    shardto |-> 1,
    to |-> 1,
    body |-> [id |-> 1, b |-> 8, tx |-> 1] ],
  [ shardfrom |-> 1,
    type |-> 8,
    from |-> 2,
    shardto |-> 1,
    to |-> 3,
    body |-> [id |-> 1, b |-> 8, tx |-> 1] ],
  [ shardfrom |-> 1,
    type |-> 8,
    from |-> 2,
    shardto |-> 1,
    to |-> 3,
    body |-> [id |-> 2, b |-> 14, tx |-> 0] ],
  [ shardfrom |-> 1,
    type |-> 8,
    from |-> 2,
    shardto |-> 2,
    to |-> 1,
    body |-> [id |-> 1, b |-> 8, tx |-> 1] ],
  [ shardfrom |-> 1,
    type |-> 8,
    from |-> 2,
    shardto |-> 2,
    to |-> 2,
    body |-> [id |-> 1, b |-> 8, tx |-> 1] ],
  [ shardfrom |-> 1,
    type |-> 8,
    from |-> 2,
    shardto |-> 2,
    to |-> 3,
    body |-> [id |-> 1, b |-> 8, tx |-> 1] ],
  [ shardfrom |-> 1,
    type |-> 8,
    from |-> 3,
    shardto |-> 1,
    to |-> 1,
    body |-> [id |-> 1, b |-> 15, tx |-> 0] ],
  [ shardfrom |-> 1,
    type |-> 8,
    from |-> 3,
    shardto |-> 1,
    to |-> 1,
    body |-> [id |-> 2, b |-> 9, tx |-> 2] ],
  [ shardfrom |-> 1,
    type |-> 8,
    from |-> 3,
    shardto |-> 2,
    to |-> 1,
    body |-> [id |-> 1, b |-> 15, tx |-> 0] ],
  [ shardfrom |-> 1,
    type |-> 8,
    from |-> 3,
    shardto |-> 2,
    to |-> 2,
    body |-> [id |-> 1, b |-> 15, tx |-> 0] ],
  [ shardfrom |-> 1,
    type |-> 8,
    from |-> 3,
    shardto |-> 2,
    to |-> 3,
    body |-> [id |-> 1, b |-> 15, tx |-> 0] ],
  [ shardfrom |-> 1,
    type |-> 9,
    from |-> 1,
    shardto |-> 1,
    to |-> 1,
    body |->
        [ id |-> 1,
          b |-> 13,
          tq |-> [id |-> <<0, 0>>, t |-> 0],
          abalq |-> 0,
          txq |-> 1,
          depq |-> {},
          phaseq |-> 1,
          rejectq |-> TRUE,
          Wq |-> {},
          WPq |-> {} ] ],
  [ shardfrom |-> 1,
    type |-> 9,
    from |-> 1,
    shardto |-> 1,
    to |-> 1,
    body |->
        [ id |-> 2,
          b |-> 7,
          tq |-> [id |-> <<1, 1>>, t |-> 2],
          abalq |-> 0,
          txq |-> 2,
          depq |-> {},
          phaseq |-> 2,
          rejectq |-> FALSE,
          Wq |-> {},
          WPq |-> {} ] ],
  [ shardfrom |-> 1,
    type |-> 9,
    from |-> 1,
    shardto |-> 2,
    to |-> 2,
    body |->
        [ id |-> 1,
          b |-> 11,
          tq |-> [id |-> <<0, 0>>, t |-> 0],
          abalq |-> 0,
          txq |-> 1,
          depq |-> {},
          phaseq |-> 1,
          rejectq |-> TRUE,
          Wq |-> {},
          WPq |-> {} ] ],
  [ shardfrom |-> 1,
    type |-> 9,
    from |-> 2,
    shardto |-> 1,
    to |-> 2,
    body |->
        [ id |-> 1,
          b |-> 8,
          tq |-> [id |-> <<2, 2>>, t |-> 0],
          abalq |-> 0,
          txq |-> 1,
          depq |-> {},
          phaseq |-> 2,
          rejectq |-> TRUE,
          Wq |-> {},
          WPq |-> {} ] ],
  [ shardfrom |-> 1,
    type |-> 9,
    from |-> 2,
    shardto |-> 1,
    to |-> 3,
    body |->
        [ id |-> 1,
          b |-> 15,
          tq |-> [id |-> <<2, 2>>, t |-> 0],
          abalq |-> 0,
          txq |-> 1,
          depq |-> {},
          phaseq |-> 2,
          rejectq |-> FALSE,
          Wq |-> {},
          WPq |-> {} ] ],
  [ shardfrom |-> 1,
    type |-> 9,
    from |-> 3,
    shardto |-> 1,
    to |-> 1,
    body |->
        [ id |-> 1,
          b |-> 13,
          tq |-> [id |-> <<0, 0>>, t |-> 0],
          abalq |-> 0,
          txq |-> 0,
          depq |-> {},
          phaseq |-> 1,
          rejectq |-> TRUE,
          Wq |-> {},
          WPq |-> {} ] ],
  [ shardfrom |-> 1,
    type |-> 9,
    from |-> 3,
    shardto |-> 1,
    to |-> 3,
    body |->
        [ id |-> 1,
          b |-> 15,
          tq |-> [id |-> <<0, 0>>, t |-> 0],
          abalq |-> 0,
          txq |-> 0,
          depq |-> {},
          phaseq |-> 1,
          rejectq |-> TRUE,
          Wq |-> {},
          WPq |-> {} ] ],
  [ shardfrom |-> 2,
    type |-> 1,
    from |-> 2,
    shardto |-> 1,
    to |-> 1,
    body |-> [id |-> 1, tx |-> 1, D0 |-> {}] ],
  [ shardfrom |-> 2,
    type |-> 1,
    from |-> 2,
    shardto |-> 1,
    to |-> 3,
    body |-> [id |-> 1, tx |-> 1, D0 |-> {}] ],
  [ shardfrom |-> 2,
    type |-> 1,
    from |-> 2,
    shardto |-> 2,
    to |-> 1,
    body |-> [id |-> 1, tx |-> 1, D0 |-> {}] ],
  [ shardfrom |-> 2,
    type |-> 2,
    from |-> 2,
    shardto |-> 2,
    to |-> 2,
    body |-> [id |-> 1, tq |-> [id |-> <<2, 2>>, t |-> 0], Dq |-> {}] ],
  [ shardfrom |-> 2,
    type |-> 2,
    from |-> 3,
    shardto |-> 2,
    to |-> 2,
    body |-> [id |-> 1, tq |-> [id |-> <<2, 2>>, t |-> 0], Dq |-> {}] ],
  [ shardfrom |-> 2,
    type |-> 8,
    from |-> 1,
    shardto |-> 1,
    to |-> 1,
    body |-> [id |-> 1, b |-> 16, tx |-> 0] ],
  [ shardfrom |-> 2,
    type |-> 8,
    from |-> 1,
    shardto |-> 1,
    to |-> 2,
    body |-> [id |-> 1, b |-> 16, tx |-> 0] ],
  [ shardfrom |-> 2,
    type |-> 8,
    from |-> 1,
    shardto |-> 1,
    to |-> 3,
    body |-> [id |-> 1, b |-> 16, tx |-> 0] ],
  [ shardfrom |-> 2,
    type |-> 8,
    from |-> 1,
    shardto |-> 2,
    to |-> 2,
    body |-> [id |-> 1, b |-> 16, tx |-> 0] ],
  [ shardfrom |-> 2,
    type |-> 8,
    from |-> 1,
    shardto |-> 2,
    to |-> 3,
    body |-> [id |-> 1, b |-> 16, tx |-> 0] ],
  [ shardfrom |-> 2,
    type |-> 8,
    from |-> 2,
    shardto |-> 1,
    to |-> 2,
    body |-> [id |-> 1, b |-> 11, tx |-> 1] ],
  [ shardfrom |-> 2,
    type |-> 8,
    from |-> 2,
    shardto |-> 1,
    to |-> 3,
    body |-> [id |-> 1, b |-> 11, tx |-> 1] ],
  [ shardfrom |-> 2,
    type |-> 8,
    from |-> 2,
    shardto |-> 2,
    to |-> 3,
    body |-> [id |-> 1, b |-> 11, tx |-> 1] ],
  [ shardfrom |-> 2,
    type |-> 9,
    from |-> 1,
    shardto |-> 2,
    to |-> 1,
    body |->
        [ id |-> 1,
          b |-> 16,
          tq |-> [id |-> <<0, 0>>, t |-> 0],
          abalq |-> 0,
          txq |-> 1,
          depq |-> {},
          phaseq |-> 1,
          rejectq |-> FALSE,
          Wq |-> {},
          WPq |-> {} ] ],
  [ shardfrom |-> 2,
    type |-> 9,
    from |-> 1,
    shardto |-> 2,
    to |-> 2,
    body |->
        [ id |-> 1,
          b |-> 11,
          tq |-> [id |-> <<0, 0>>, t |-> 0],
          abalq |-> 0,
          txq |-> 1,
          depq |-> {},
          phaseq |-> 1,
          rejectq |-> FALSE,
          Wq |-> {},
          WPq |-> {} ] ],
  [ shardfrom |-> 2,
    type |-> 9,
    from |-> 2,
    shardto |-> 2,
    to |-> 2,
    body |->
        [ id |-> 1,
          b |-> 11,
          tq |-> [id |-> <<2, 2>>, t |-> 0],
          abalq |-> 0,
          txq |-> 1,
          depq |-> {},
          phaseq |-> 2,
          rejectq |-> FALSE,
          Wq |-> {},
          WPq |-> {} ] ] }
/\ Qvar = << <<<<{}, {}>>, <<{}, {}>>, <<{}, {<<1, 2>>, <<1, 3>>}>>>>,
   <<<<{}, {}>>, <<{}, {}>>, <<{}, {}>>>> >>
/\ ts = << << <<[id |-> <<0, 0>>, t |-> 0], [id |-> <<1, 1>>, t |-> 2]>>,
      <<[id |-> <<2, 2>>, t |-> 0], [id |-> <<1, 1>>, t |-> 2]>>,
      <<[id |-> <<0, 0>>, t |-> 0], [id |-> <<1, 1>>, t |-> 2]>> >>,
   << <<[id |-> <<0, 0>>, t |-> 0], [id |-> <<0, 0>>, t |-> 0]>>,
      <<[id |-> <<2, 2>>, t |-> 0], [id |-> <<0, 0>>, t |-> 0]>>,
      <<[id |-> <<2, 2>>, t |-> 0], [id |-> <<0, 0>>, t |-> 0]>> >> >>
/\ TXvar = << <<<<bottom, bottom>>, <<bottom, bottom>>, <<bottom, 2>>>>,
   <<<<bottom, bottom>>, <<bottom, bottom>>, <<bottom, bottom>>>> >>
/\ recovered = <<<<<<1, 1>>, <<1, 1>>, <<1, 1>>>>, <<<<1, 0>>, <<1, 0>>, <<0, 0>>>>>>
/\ initCoord = <<<<2, 2>>, <<1, 1>>>>

State 29: <HandleCommitOK line 444, col 5 to line 455, col 156 of module AccordSpec>
/\ phase = <<<<<<1, 4>>, <<2, 5>>, <<1, 4>>>>, <<<<1, 1>>, <<2, 1>>, <<2, 1>>>>>>
/\ abal = <<<<<<0, 14>>, <<0, 14>>, <<0, 9>>>>, <<<<0, 0>>, <<0, 0>>, <<0, 0>>>>>>
/\ initTimestamp = << [id |-> <<2, 2>>, t |-> 0],
   [id |-> <<1, 1>>, t |-> 2],
   [id |-> <<0, 0>>, t |-> 1] >>
/\ bal = <<<<<<13, 14>>, <<15, 14>>, <<15, 9>>>>, <<<<16, 0>>, <<11, 0>>, <<0, 0>>>>>>
/\ txn = << <<<<1, 2>>, <<1, 2>>, <<0, 2>>>>,
   <<<<1, bottom>>, <<1, bottom>>, <<1, bottom>>>> >>
/\ postWaitingFlag = << <<<<FALSE, FALSE>>, <<FALSE, FALSE>>, <<FALSE, FALSE>>>>,
   <<<<FALSE, FALSE>>, <<FALSE, FALSE>>, <<FALSE, FALSE>>>> >>
/\ Wvar = << <<<<{}, {}>>, <<{}, {}>>, <<{}, {}>>>>,
   <<<<{}, {}>>, <<{}, {}>>, <<{}, {}>>>> >>
/\ dep = << <<<<{}, {1}>>, <<{}, {1}>>, <<{}, {}>>>>,
   <<<<{}, {}>>, <<{}, {}>>, <<{}, {}>>>> >>
/\ recoveryAttemptBal = <<<<<<0, 0>>, <<0, 0>>, <<0, 9>>>>, <<<<0, 0>>, <<0, 0>>, <<0, 0>>>>>>
/\ submitted = {1, 2}
/\ Dvar = << <<<<{}, {}>>, <<{}, {}>>, <<{}, {}>>>>,
   <<<<{}, {}>>, <<{}, {}>>, <<{}, {}>>>> >>
/\ msgs = { [ shardfrom |-> 1,
    type |-> 1,
    from |-> 1,
    shardto |-> 1,
    to |-> 2,
    body |-> [id |-> 2, tx |-> 2, D0 |-> {}] ],
  [ shardfrom |-> 1,
    type |-> 2,
    from |-> 1,
    shardto |-> 1,
    to |-> 1,
    body |-> [id |-> 2, tq |-> [id |-> <<1, 1>>, t |-> 2], Dq |-> {}] ],
  [ shardfrom |-> 1,
    type |-> 2,
    from |-> 2,
    shardto |-> 2,
    to |-> 2,
    body |-> [id |-> 1, tq |-> [id |-> <<2, 2>>, t |-> 0], Dq |-> {}] ],
  [ shardfrom |-> 1,
    type |-> 2,
    from |-> 3,
    shardto |-> 1,
    to |-> 1,
    body |-> [id |-> 2, tq |-> [id |-> <<1, 1>>, t |-> 2], Dq |-> {}] ],
  [ shardfrom |-> 1,
    type |-> 3,
    from |-> 2,
    shardto |-> 1,
    to |-> 3,
    body |->
        [ id |-> 2,
          t |-> [id |-> <<1, 1>>, t |-> 2],
          b |-> 14,
          tx |-> 2,
          D |-> {} ] ],
  [ shardfrom |-> 1,
    type |-> 3,
    from |-> 3,
    shardto |-> 1,
    to |-> 2,
    body |->
        [ id |-> 2,
          t |-> [id |-> <<1, 1>>, t |-> 2],
          b |-> 9,
          tx |-> 2,
          D |-> {} ] ],
  [ shardfrom |-> 1,
    type |-> 5,
    from |-> 2,
    shardto |-> 1,
    to |-> 3,
    body |->
        [ id |-> 2,
          t |-> [id |-> <<1, 1>>, t |-> 2],
          b |-> 14,
          tx |-> 2,
          D |-> {1},
          fastOrSlow |-> 1 ] ],
  [ shardfrom |-> 1,
    type |-> 5,
    from |-> 3,
    shardto |-> 1,
    to |-> 1,
    body |->
        [ id |-> 2,
          t |-> [id |-> <<1, 1>>, t |-> 2],
          b |-> 9,
          tx |-> 2,
          D |-> {},
          fastOrSlow |-> 1 ] ],
  [ shardfrom |-> 1,
    type |-> 5,
    from |-> 3,
    shardto |-> 1,
    to |-> 2,
    body |->
        [ id |-> 2,
          t |-> [id |-> <<1, 1>>, t |-> 2],
          b |-> 9,
          tx |-> 2,
          D |-> {},
          fastOrSlow |-> 1 ] ],
  [ shardfrom |-> 1,
    type |-> 6,
    from |-> 3,
    shardto |-> 1,
    to |-> 3,
    body |-> [id |-> 2, b |-> 9] ],
  [ shardfrom |-> 1,
    type |-> 7,
    from |-> 2,
    shardto |-> 1,
    to |-> 1,
    body |-> [id |-> 2, b |-> 14] ],
  [ shardfrom |-> 1,
    type |-> 7,
    from |-> 2,
    shardto |-> 1,
    to |-> 3,
    body |-> [id |-> 2, b |-> 14] ],
  [ shardfrom |-> 1,
    type |-> 8,
    from |-> 1,
    shardto |-> 1,
    to |-> 2,
    body |-> [id |-> 1, b |-> 13, tx |-> 0] ],
  [ shardfrom |-> 1,
    type |-> 8,
    from |-> 1,
    shardto |-> 1,
    to |-> 2,
    body |-> [id |-> 2, b |-> 7, tx |-> 2] ],
  [ shardfrom |-> 1,
    type |-> 8,
    from |-> 1,
    shardto |-> 1,
    to |-> 3,
    body |-> [id |-> 2, b |-> 7, tx |-> 2] ],
  [ shardfrom |-> 1,
    type |-> 8,
    from |-> 1,
    shardto |-> 2,
    to |-> 1,
    body |-> [id |-> 1, b |-> 13, tx |-> 0] ],
  [ shardfrom |-> 1,
    type |-> 8,
    from |-> 1,
    shardto |-> 2,
    to |-> 2,
    body |-> [id |-> 1, b |-> 13, tx |-> 0] ],
  [ shardfrom |-> 1,
    type |-> 8,
    from |-> 1,
    shardto |-> 2,
    to |-> 3,
    body |-> [id |-> 1, b |-> 13, tx |-> 0] ],
  [ shardfrom |-> 1,
    type |-> 8,
    from |-> 2,
    shardto |-> 1,
    to |-> 1,
    body |-> [id |-> 1, b |-> 8, tx |-> 1] ],
  [ shardfrom |-> 1,
    type |-> 8,
    from |-> 2,
    shardto |-> 1,
    to |-> 3,
    body |-> [id |-> 1, b |-> 8, tx |-> 1] ],
  [ shardfrom |-> 1,
    type |-> 8,
    from |-> 2,
    shardto |-> 1,
    to |-> 3,
    body |-> [id |-> 2, b |-> 14, tx |-> 0] ],
  [ shardfrom |-> 1,
    type |-> 8,
    from |-> 2,
    shardto |-> 2,
    to |-> 1,
    body |-> [id |-> 1, b |-> 8, tx |-> 1] ],
  [ shardfrom |-> 1,
    type |-> 8,
    from |-> 2,
    shardto |-> 2,
    to |-> 2,
    body |-> [id |-> 1, b |-> 8, tx |-> 1] ],
  [ shardfrom |-> 1,
    type |-> 8,
    from |-> 2,
    shardto |-> 2,
    to |-> 3,
    body |-> [id |-> 1, b |-> 8, tx |-> 1] ],
  [ shardfrom |-> 1,
    type |-> 8,
    from |-> 3,
    shardto |-> 1,
    to |-> 1,
    body |-> [id |-> 1, b |-> 15, tx |-> 0] ],
  [ shardfrom |-> 1,
    type |-> 8,
    from |-> 3,
    shardto |-> 1,
    to |-> 1,
    body |-> [id |-> 2, b |-> 9, tx |-> 2] ],
  [ shardfrom |-> 1,
    type |-> 8,
    from |-> 3,
    shardto |-> 2,
    to |-> 1,
    body |-> [id |-> 1, b |-> 15, tx |-> 0] ],
  [ shardfrom |-> 1,
    type |-> 8,
    from |-> 3,
    shardto |-> 2,
    to |-> 2,
    body |-> [id |-> 1, b |-> 15, tx |-> 0] ],
  [ shardfrom |-> 1,
    type |-> 8,
    from |-> 3,
    shardto |-> 2,
    to |-> 3,
    body |-> [id |-> 1, b |-> 15, tx |-> 0] ],
  [ shardfrom |-> 1,
    type |-> 9,
    from |-> 1,
    shardto |-> 1,
    to |-> 1,
    body |->
        [ id |-> 1,
          b |-> 13,
          tq |-> [id |-> <<0, 0>>, t |-> 0],
          abalq |-> 0,
          txq |-> 1,
          depq |-> {},
          phaseq |-> 1,
          rejectq |-> TRUE,
          Wq |-> {},
          WPq |-> {} ] ],
  [ shardfrom |-> 1,
    type |-> 9,
    from |-> 1,
    shardto |-> 1,
    to |-> 1,
    body |->
        [ id |-> 2,
          b |-> 7,
          tq |-> [id |-> <<1, 1>>, t |-> 2],
          abalq |-> 0,
          txq |-> 2,
          depq |-> {},
          phaseq |-> 2,
          rejectq |-> FALSE,
          Wq |-> {},
          WPq |-> {} ] ],
  [ shardfrom |-> 1,
    type |-> 9,
    from |-> 1,
    shardto |-> 2,
    to |-> 2,
    body |->
        [ id |-> 1,
          b |-> 11,
          tq |-> [id |-> <<0, 0>>, t |-> 0],
          abalq |-> 0,
          txq |-> 1,
          depq |-> {},
          phaseq |-> 1,
          rejectq |-> TRUE,
          Wq |-> {},
          WPq |-> {} ] ],
  [ shardfrom |-> 1,
    type |-> 9,
    from |-> 2,
    shardto |-> 1,
    to |-> 2,
    body |->
        [ id |-> 1,
          b |-> 8,
          tq |-> [id |-> <<2, 2>>, t |-> 0],
          abalq |-> 0,
          txq |-> 1,
          depq |-> {},
          phaseq |-> 2,
          rejectq |-> TRUE,
          Wq |-> {},
          WPq |-> {} ] ],
  [ shardfrom |-> 1,
    type |-> 9,
    from |-> 2,
    shardto |-> 1,
    to |-> 3,
    body |->
        [ id |-> 1,
          b |-> 15,
          tq |-> [id |-> <<2, 2>>, t |-> 0],
          abalq |-> 0,
          txq |-> 1,
          depq |-> {},
          phaseq |-> 2,
          rejectq |-> FALSE,
          Wq |-> {},
          WPq |-> {} ] ],
  [ shardfrom |-> 1,
    type |-> 9,
    from |-> 3,
    shardto |-> 1,
    to |-> 1,
    body |->
        [ id |-> 1,
          b |-> 13,
          tq |-> [id |-> <<0, 0>>, t |-> 0],
          abalq |-> 0,
          txq |-> 0,
          depq |-> {},
          phaseq |-> 1,
          rejectq |-> TRUE,
          Wq |-> {},
          WPq |-> {} ] ],
  [ shardfrom |-> 1,
    type |-> 9,
    from |-> 3,
    shardto |-> 1,
    to |-> 3,
    body |->
        [ id |-> 1,
          b |-> 15,
          tq |-> [id |-> <<0, 0>>, t |-> 0],
          abalq |-> 0,
          txq |-> 0,
          depq |-> {},
          phaseq |-> 1,
          rejectq |-> TRUE,
          Wq |-> {},
          WPq |-> {} ] ],
  [ shardfrom |-> 2,
    type |-> 1,
    from |-> 2,
    shardto |-> 1,
    to |-> 1,
    body |-> [id |-> 1, tx |-> 1, D0 |-> {}] ],
  [ shardfrom |-> 2,
    type |-> 1,
    from |-> 2,
    shardto |-> 1,
    to |-> 3,
    body |-> [id |-> 1, tx |-> 1, D0 |-> {}] ],
  [ shardfrom |-> 2,
    type |-> 1,
    from |-> 2,
    shardto |-> 2,
    to |-> 1,
    body |-> [id |-> 1, tx |-> 1, D0 |-> {}] ],
  [ shardfrom |-> 2,
    type |-> 2,
    from |-> 2,
    shardto |-> 2,
    to |-> 2,
    body |-> [id |-> 1, tq |-> [id |-> <<2, 2>>, t |-> 0], Dq |-> {}] ],
  [ shardfrom |-> 2,
    type |-> 2,
    from |-> 3,
    shardto |-> 2,
    to |-> 2,
    body |-> [id |-> 1, tq |-> [id |-> <<2, 2>>, t |-> 0], Dq |-> {}] ],
  [ shardfrom |-> 2,
    type |-> 8,
    from |-> 1,
    shardto |-> 1,
    to |-> 1,
    body |-> [id |-> 1, b |-> 16, tx |-> 0] ],
  [ shardfrom |-> 2,
    type |-> 8,
    from |-> 1,
    shardto |-> 1,
    to |-> 2,
    body |-> [id |-> 1, b |-> 16, tx |-> 0] ],
  [ shardfrom |-> 2,
    type |-> 8,
    from |-> 1,
    shardto |-> 1,
    to |-> 3,
    body |-> [id |-> 1, b |-> 16, tx |-> 0] ],
  [ shardfrom |-> 2,
    type |-> 8,
    from |-> 1,
    shardto |-> 2,
    to |-> 2,
    body |-> [id |-> 1, b |-> 16, tx |-> 0] ],
  [ shardfrom |-> 2,
    type |-> 8,
    from |-> 1,
    shardto |-> 2,
    to |-> 3,
    body |-> [id |-> 1, b |-> 16, tx |-> 0] ],
  [ shardfrom |-> 2,
    type |-> 8,
    from |-> 2,
    shardto |-> 1,
    to |-> 2,
    body |-> [id |-> 1, b |-> 11, tx |-> 1] ],
  [ shardfrom |-> 2,
    type |-> 8,
    from |-> 2,
    shardto |-> 1,
    to |-> 3,
    body |-> [id |-> 1, b |-> 11, tx |-> 1] ],
  [ shardfrom |-> 2,
    type |-> 8,
    from |-> 2,
    shardto |-> 2,
    to |-> 3,
    body |-> [id |-> 1, b |-> 11, tx |-> 1] ],
  [ shardfrom |-> 2,
    type |-> 9,
    from |-> 1,
    shardto |-> 2,
    to |-> 1,
    body |->
        [ id |-> 1,
          b |-> 16,
          tq |-> [id |-> <<0, 0>>, t |-> 0],
          abalq |-> 0,
          txq |-> 1,
          depq |-> {},
          phaseq |-> 1,
          rejectq |-> FALSE,
          Wq |-> {},
          WPq |-> {} ] ],
  [ shardfrom |-> 2,
    type |-> 9,
    from |-> 1,
    shardto |-> 2,
    to |-> 2,
    body |->
        [ id |-> 1,
          b |-> 11,
          tq |-> [id |-> <<0, 0>>, t |-> 0],
          abalq |-> 0,
          txq |-> 1,
          depq |-> {},
          phaseq |-> 1,
          rejectq |-> FALSE,
          Wq |-> {},
          WPq |-> {} ] ],
  [ shardfrom |-> 2,
    type |-> 9,
    from |-> 2,
    shardto |-> 2,
    to |-> 2,
    body |->
        [ id |-> 1,
          b |-> 11,
          tq |-> [id |-> <<2, 2>>, t |-> 0],
          abalq |-> 0,
          txq |-> 1,
          depq |-> {},
          phaseq |-> 2,
          rejectq |-> FALSE,
          Wq |-> {},
          WPq |-> {} ] ] }
/\ Qvar = << <<<<{}, {}>>, <<{}, {}>>, <<{}, {<<1, 2>>, <<1, 3>>}>>>>,
   <<<<{}, {}>>, <<{}, {}>>, <<{}, {}>>>> >>
/\ ts = << << <<[id |-> <<0, 0>>, t |-> 0], [id |-> <<1, 1>>, t |-> 2]>>,
      <<[id |-> <<2, 2>>, t |-> 0], [id |-> <<1, 1>>, t |-> 2]>>,
      <<[id |-> <<0, 0>>, t |-> 0], [id |-> <<1, 1>>, t |-> 2]>> >>,
   << <<[id |-> <<0, 0>>, t |-> 0], [id |-> <<0, 0>>, t |-> 0]>>,
      <<[id |-> <<2, 2>>, t |-> 0], [id |-> <<0, 0>>, t |-> 0]>>,
      <<[id |-> <<2, 2>>, t |-> 0], [id |-> <<0, 0>>, t |-> 0]>> >> >>
/\ TXvar = << <<<<bottom, bottom>>, <<bottom, bottom>>, <<bottom, 2>>>>,
   <<<<bottom, bottom>>, <<bottom, bottom>>, <<bottom, bottom>>>> >>
/\ recovered = <<<<<<1, 1>>, <<1, 1>>, <<1, 1>>>>, <<<<1, 0>>, <<1, 0>>, <<0, 0>>>>>>
/\ initCoord = <<<<2, 2>>, <<1, 1>>>>

State 30: <Next line 769, col 8 to line 774, col 27 of module AccordSpec>
/\ phase = <<<<<<1, 4>>, <<2, 5>>, <<1, 4>>>>, <<<<1, 1>>, <<2, 1>>, <<2, 1>>>>>>
/\ abal = <<<<<<0, 14>>, <<0, 14>>, <<0, 9>>>>, <<<<0, 0>>, <<0, 0>>, <<0, 0>>>>>>
/\ initTimestamp = << [id |-> <<2, 2>>, t |-> 0],
   [id |-> <<1, 1>>, t |-> 2],
   [id |-> <<0, 0>>, t |-> 1] >>
/\ bal = <<<<<<13, 14>>, <<15, 14>>, <<15, 9>>>>, <<<<16, 0>>, <<13, 0>>, <<0, 0>>>>>>
/\ txn = << <<<<1, 2>>, <<1, 2>>, <<0, 2>>>>,
   <<<<1, bottom>>, <<1, bottom>>, <<1, bottom>>>> >>
/\ postWaitingFlag = << <<<<FALSE, FALSE>>, <<FALSE, FALSE>>, <<FALSE, FALSE>>>>,
   <<<<FALSE, FALSE>>, <<FALSE, FALSE>>, <<FALSE, FALSE>>>> >>
/\ Wvar = << <<<<{}, {}>>, <<{}, {}>>, <<{}, {}>>>>,
   <<<<{}, {}>>, <<{}, {}>>, <<{}, {}>>>> >>
/\ dep = << <<<<{}, {1}>>, <<{}, {1}>>, <<{}, {}>>>>,
   <<<<{}, {}>>, <<{}, {}>>, <<{}, {}>>>> >>
/\ recoveryAttemptBal = <<<<<<0, 0>>, <<0, 0>>, <<0, 9>>>>, <<<<0, 0>>, <<0, 0>>, <<0, 0>>>>>>
/\ submitted = {1, 2}
/\ Dvar = << <<<<{}, {}>>, <<{}, {}>>, <<{}, {}>>>>,
   <<<<{}, {}>>, <<{}, {}>>, <<{}, {}>>>> >>
/\ msgs = { [ shardfrom |-> 1,
    type |-> 1,
    from |-> 1,
    shardto |-> 1,
    to |-> 2,
    body |-> [id |-> 2, tx |-> 2, D0 |-> {}] ],
  [ shardfrom |-> 1,
    type |-> 2,
    from |-> 1,
    shardto |-> 1,
    to |-> 1,
    body |-> [id |-> 2, tq |-> [id |-> <<1, 1>>, t |-> 2], Dq |-> {}] ],
  [ shardfrom |-> 1,
    type |-> 2,
    from |-> 2,
    shardto |-> 2,
    to |-> 2,
    body |-> [id |-> 1, tq |-> [id |-> <<2, 2>>, t |-> 0], Dq |-> {}] ],
  [ shardfrom |-> 1,
    type |-> 2,
    from |-> 3,
    shardto |-> 1,
    to |-> 1,
    body |-> [id |-> 2, tq |-> [id |-> <<1, 1>>, t |-> 2], Dq |-> {}] ],
  [ shardfrom |-> 1,
    type |-> 3,
    from |-> 2,
    shardto |-> 1,
    to |-> 3,
    body |->
        [ id |-> 2,
          t |-> [id |-> <<1, 1>>, t |-> 2],
          b |-> 14,
          tx |-> 2,
          D |-> {} ] ],
  [ shardfrom |-> 1,
    type |-> 3,
    from |-> 3,
    shardto |-> 1,
    to |-> 2,
    body |->
        [ id |-> 2,
          t |-> [id |-> <<1, 1>>, t |-> 2],
          b |-> 9,
          tx |-> 2,
          D |-> {} ] ],
  [ shardfrom |-> 1,
    type |-> 5,
    from |-> 2,
    shardto |-> 1,
    to |-> 3,
    body |->
        [ id |-> 2,
          t |-> [id |-> <<1, 1>>, t |-> 2],
          b |-> 14,
          tx |-> 2,
          D |-> {1},
          fastOrSlow |-> 1 ] ],
  [ shardfrom |-> 1,
    type |-> 5,
    from |-> 3,
    shardto |-> 1,
    to |-> 1,
    body |->
        [ id |-> 2,
          t |-> [id |-> <<1, 1>>, t |-> 2],
          b |-> 9,
          tx |-> 2,
          D |-> {},
          fastOrSlow |-> 1 ] ],
  [ shardfrom |-> 1,
    type |-> 5,
    from |-> 3,
    shardto |-> 1,
    to |-> 2,
    body |->
        [ id |-> 2,
          t |-> [id |-> <<1, 1>>, t |-> 2],
          b |-> 9,
          tx |-> 2,
          D |-> {},
          fastOrSlow |-> 1 ] ],
  [ shardfrom |-> 1,
    type |-> 6,
    from |-> 3,
    shardto |-> 1,
    to |-> 3,
    body |-> [id |-> 2, b |-> 9] ],
  [ shardfrom |-> 1,
    type |-> 7,
    from |-> 2,
    shardto |-> 1,
    to |-> 1,
    body |-> [id |-> 2, b |-> 14] ],
  [ shardfrom |-> 1,
    type |-> 7,
    from |-> 2,
    shardto |-> 1,
    to |-> 3,
    body |-> [id |-> 2, b |-> 14] ],
  [ shardfrom |-> 1,
    type |-> 8,
    from |-> 1,
    shardto |-> 1,
    to |-> 2,
    body |-> [id |-> 1, b |-> 13, tx |-> 0] ],
  [ shardfrom |-> 1,
    type |-> 8,
    from |-> 1,
    shardto |-> 1,
    to |-> 2,
    body |-> [id |-> 2, b |-> 7, tx |-> 2] ],
  [ shardfrom |-> 1,
    type |-> 8,
    from |-> 1,
    shardto |-> 1,
    to |-> 3,
    body |-> [id |-> 2, b |-> 7, tx |-> 2] ],
  [ shardfrom |-> 1,
    type |-> 8,
    from |-> 1,
    shardto |-> 2,
    to |-> 1,
    body |-> [id |-> 1, b |-> 13, tx |-> 0] ],
  [ shardfrom |-> 1,
    type |-> 8,
    from |-> 1,
    shardto |-> 2,
    to |-> 3,
    body |-> [id |-> 1, b |-> 13, tx |-> 0] ],
  [ shardfrom |-> 1,
    type |-> 8,
    from |-> 2,
    shardto |-> 1,
    to |-> 1,
    body |-> [id |-> 1, b |-> 8, tx |-> 1] ],
  [ shardfrom |-> 1,
    type |-> 8,
    from |-> 2,
    shardto |-> 1,
    to |-> 3,
    body |-> [id |-> 1, b |-> 8, tx |-> 1] ],
  [ shardfrom |-> 1,
    type |-> 8,
    from |-> 2,
    shardto |-> 1,
    to |-> 3,
    body |-> [id |-> 2, b |-> 14, tx |-> 0] ],
  [ shardfrom |-> 1,
    type |-> 8,
    from |-> 2,
    shardto |-> 2,
    to |-> 1,
    body |-> [id |-> 1, b |-> 8, tx |-> 1] ],
  [ shardfrom |-> 1,
    type |-> 8,
    from |-> 2,
    shardto |-> 2,
    to |-> 2,
    body |-> [id |-> 1, b |-> 8, tx |-> 1] ],
  [ shardfrom |-> 1,
    type |-> 8,
    from |-> 2,
    shardto |-> 2,
    to |-> 3,
    body |-> [id |-> 1, b |-> 8, tx |-> 1] ],
  [ shardfrom |-> 1,
    type |-> 8,
    from |-> 3,
    shardto |-> 1,
    to |-> 1,
    body |-> [id |-> 1, b |-> 15, tx |-> 0] ],
  [ shardfrom |-> 1,
    type |-> 8,
    from |-> 3,
    shardto |-> 1,
    to |-> 1,
    body |-> [id |-> 2, b |-> 9, tx |-> 2] ],
  [ shardfrom |-> 1,
    type |-> 8,
    from |-> 3,
    shardto |-> 2,
    to |-> 1,
    body |-> [id |-> 1, b |-> 15, tx |-> 0] ],
  [ shardfrom |-> 1,
    type |-> 8,
    from |-> 3,
    shardto |-> 2,
    to |-> 2,
    body |-> [id |-> 1, b |-> 15, tx |-> 0] ],
  [ shardfrom |-> 1,
    type |-> 8,
    from |-> 3,
    shardto |-> 2,
    to |-> 3,
    body |-> [id |-> 1, b |-> 15, tx |-> 0] ],
  [ shardfrom |-> 1,
    type |-> 9,
    from |-> 1,
    shardto |-> 1,
    to |-> 1,
    body |->
        [ id |-> 1,
          b |-> 13,
          tq |-> [id |-> <<0, 0>>, t |-> 0],
          abalq |-> 0,
          txq |-> 1,
          depq |-> {},
          phaseq |-> 1,
          rejectq |-> TRUE,
          Wq |-> {},
          WPq |-> {} ] ],
  [ shardfrom |-> 1,
    type |-> 9,
    from |-> 1,
    shardto |-> 1,
    to |-> 1,
    body |->
        [ id |-> 2,
          b |-> 7,
          tq |-> [id |-> <<1, 1>>, t |-> 2],
          abalq |-> 0,
          txq |-> 2,
          depq |-> {},
          phaseq |-> 2,
          rejectq |-> FALSE,
          Wq |-> {},
          WPq |-> {} ] ],
  [ shardfrom |-> 1,
    type |-> 9,
    from |-> 1,
    shardto |-> 2,
    to |-> 2,
    body |->
        [ id |-> 1,
          b |-> 11,
          tq |-> [id |-> <<0, 0>>, t |-> 0],
          abalq |-> 0,
          txq |-> 1,
          depq |-> {},
          phaseq |-> 1,
          rejectq |-> TRUE,
          Wq |-> {},
          WPq |-> {} ] ],
  [ shardfrom |-> 1,
    type |-> 9,
    from |-> 2,
    shardto |-> 1,
    to |-> 2,
    body |->
        [ id |-> 1,
          b |-> 8,
          tq |-> [id |-> <<2, 2>>, t |-> 0],
          abalq |-> 0,
          txq |-> 1,
          depq |-> {},
          phaseq |-> 2,
          rejectq |-> TRUE,
          Wq |-> {},
          WPq |-> {} ] ],
  [ shardfrom |-> 1,
    type |-> 9,
    from |-> 2,
    shardto |-> 1,
    to |-> 3,
    body |->
        [ id |-> 1,
          b |-> 15,
          tq |-> [id |-> <<2, 2>>, t |-> 0],
          abalq |-> 0,
          txq |-> 1,
          depq |-> {},
          phaseq |-> 2,
          rejectq |-> FALSE,
          Wq |-> {},
          WPq |-> {} ] ],
  [ shardfrom |-> 1,
    type |-> 9,
    from |-> 3,
    shardto |-> 1,
    to |-> 1,
    body |->
        [ id |-> 1,
          b |-> 13,
          tq |-> [id |-> <<0, 0>>, t |-> 0],
          abalq |-> 0,
          txq |-> 0,
          depq |-> {},
          phaseq |-> 1,
          rejectq |-> TRUE,
          Wq |-> {},
          WPq |-> {} ] ],
  [ shardfrom |-> 1,
    type |-> 9,
    from |-> 3,
    shardto |-> 1,
    to |-> 3,
    body |->
        [ id |-> 1,
          b |-> 15,
          tq |-> [id |-> <<0, 0>>, t |-> 0],
          abalq |-> 0,
          txq |-> 0,
          depq |-> {},
          phaseq |-> 1,
          rejectq |-> TRUE,
          Wq |-> {},
          WPq |-> {} ] ],
  [ shardfrom |-> 2,
    type |-> 1,
    from |-> 2,
    shardto |-> 1,
    to |-> 1,
    body |-> [id |-> 1, tx |-> 1, D0 |-> {}] ],
  [ shardfrom |-> 2,
    type |-> 1,
    from |-> 2,
    shardto |-> 1,
    to |-> 3,
    body |-> [id |-> 1, tx |-> 1, D0 |-> {}] ],
  [ shardfrom |-> 2,
    type |-> 1,
    from |-> 2,
    shardto |-> 2,
    to |-> 1,
    body |-> [id |-> 1, tx |-> 1, D0 |-> {}] ],
  [ shardfrom |-> 2,
    type |-> 2,
    from |-> 2,
    shardto |-> 2,
    to |-> 2,
    body |-> [id |-> 1, tq |-> [id |-> <<2, 2>>, t |-> 0], Dq |-> {}] ],
  [ shardfrom |-> 2,
    type |-> 2,
    from |-> 3,
    shardto |-> 2,
    to |-> 2,
    body |-> [id |-> 1, tq |-> [id |-> <<2, 2>>, t |-> 0], Dq |-> {}] ],
  [ shardfrom |-> 2,
    type |-> 8,
    from |-> 1,
    shardto |-> 1,
    to |-> 1,
    body |-> [id |-> 1, b |-> 16, tx |-> 0] ],
  [ shardfrom |-> 2,
    type |-> 8,
    from |-> 1,
    shardto |-> 1,
    to |-> 2,
    body |-> [id |-> 1, b |-> 16, tx |-> 0] ],
  [ shardfrom |-> 2,
    type |-> 8,
    from |-> 1,
    shardto |-> 1,
    to |-> 3,
    body |-> [id |-> 1, b |-> 16, tx |-> 0] ],
  [ shardfrom |-> 2,
    type |-> 8,
    from |-> 1,
    shardto |-> 2,
    to |-> 2,
    body |-> [id |-> 1, b |-> 16, tx |-> 0] ],
  [ shardfrom |-> 2,
    type |-> 8,
    from |-> 1,
    shardto |-> 2,
    to |-> 3,
    body |-> [id |-> 1, b |-> 16, tx |-> 0] ],
  [ shardfrom |-> 2,
    type |-> 8,
    from |-> 2,
    shardto |-> 1,
    to |-> 2,
    body |-> [id |-> 1, b |-> 11, tx |-> 1] ],
  [ shardfrom |-> 2,
    type |-> 8,
    from |-> 2,
    shardto |-> 1,
    to |-> 3,
    body |-> [id |-> 1, b |-> 11, tx |-> 1] ],
  [ shardfrom |-> 2,
    type |-> 8,
    from |-> 2,
    shardto |-> 2,
    to |-> 3,
    body |-> [id |-> 1, b |-> 11, tx |-> 1] ],
  [ shardfrom |-> 2,
    type |-> 9,
    from |-> 1,
    shardto |-> 2,
    to |-> 1,
    body |->
        [ id |-> 1,
          b |-> 16,
          tq |-> [id |-> <<0, 0>>, t |-> 0],
          abalq |-> 0,
          txq |-> 1,
          depq |-> {},
          phaseq |-> 1,
          rejectq |-> FALSE,
          Wq |-> {},
          WPq |-> {} ] ],
  [ shardfrom |-> 2,
    type |-> 9,
    from |-> 1,
    shardto |-> 2,
    to |-> 2,
    body |->
        [ id |-> 1,
          b |-> 11,
          tq |-> [id |-> <<0, 0>>, t |-> 0],
          abalq |-> 0,
          txq |-> 1,
          depq |-> {},
          phaseq |-> 1,
          rejectq |-> FALSE,
          Wq |-> {},
          WPq |-> {} ] ],
  [ shardfrom |-> 2,
    type |-> 9,
    from |-> 2,
    shardto |-> 1,
    to |-> 1,
    body |->
        [ id |-> 1,
          b |-> 13,
          tq |-> [id |-> <<2, 2>>, t |-> 0],
          abalq |-> 0,
          txq |-> 1,
          depq |-> {},
          phaseq |-> 2,
          rejectq |-> FALSE,
          Wq |-> {},
          WPq |-> {} ] ],
  [ shardfrom |-> 2,
    type |-> 9,
    from |-> 2,
    shardto |-> 2,
    to |-> 2,
    body |->
        [ id |-> 1,
          b |-> 11,
          tq |-> [id |-> <<2, 2>>, t |-> 0],
          abalq |-> 0,
          txq |-> 1,
          depq |-> {},
          phaseq |-> 2,
          rejectq |-> FALSE,
          Wq |-> {},
          WPq |-> {} ] ] }
/\ Qvar = << <<<<{}, {}>>, <<{}, {}>>, <<{}, {<<1, 2>>, <<1, 3>>}>>>>,
   <<<<{}, {}>>, <<{}, {}>>, <<{}, {}>>>> >>
/\ ts = << << <<[id |-> <<0, 0>>, t |-> 0], [id |-> <<1, 1>>, t |-> 2]>>,
      <<[id |-> <<2, 2>>, t |-> 0], [id |-> <<1, 1>>, t |-> 2]>>,
      <<[id |-> <<0, 0>>, t |-> 0], [id |-> <<1, 1>>, t |-> 2]>> >>,
   << <<[id |-> <<0, 0>>, t |-> 0], [id |-> <<0, 0>>, t |-> 0]>>,
      <<[id |-> <<2, 2>>, t |-> 0], [id |-> <<0, 0>>, t |-> 0]>>,
      <<[id |-> <<2, 2>>, t |-> 0], [id |-> <<0, 0>>, t |-> 0]>> >> >>
/\ TXvar = << <<<<bottom, bottom>>, <<bottom, bottom>>, <<bottom, 2>>>>,
   <<<<bottom, bottom>>, <<bottom, bottom>>, <<bottom, bottom>>>> >>
/\ recovered = <<<<<<1, 1>>, <<1, 1>>, <<1, 1>>>>, <<<<1, 0>>, <<1, 0>>, <<0, 0>>>>>>
/\ initCoord = <<<<2, 2>>, <<1, 1>>>>

State 31: <StartRecover line 476, col 5 to line 510, col 123 of module AccordSpec>
/\ phase = <<<<<<1, 4>>, <<2, 5>>, <<1, 4>>>>, <<<<1, 1>>, <<2, 1>>, <<2, 1>>>>>>
/\ abal = <<<<<<0, 14>>, <<0, 14>>, <<0, 9>>>>, <<<<0, 0>>, <<0, 0>>, <<0, 0>>>>>>
/\ initTimestamp = << [id |-> <<2, 2>>, t |-> 0],
   [id |-> <<1, 1>>, t |-> 2],
   [id |-> <<0, 0>>, t |-> 1] >>
/\ bal = <<<<<<13, 14>>, <<15, 14>>, <<15, 9>>>>, <<<<16, 0>>, <<13, 0>>, <<6, 0>>>>>>
/\ txn = << <<<<1, 2>>, <<1, 2>>, <<0, 2>>>>,
   <<<<1, bottom>>, <<1, bottom>>, <<1, bottom>>>> >>
/\ postWaitingFlag = << <<<<FALSE, FALSE>>, <<FALSE, FALSE>>, <<FALSE, FALSE>>>>,
   <<<<FALSE, FALSE>>, <<FALSE, FALSE>>, <<FALSE, FALSE>>>> >>
/\ Wvar = << <<<<{}, {}>>, <<{}, {}>>, <<{}, {}>>>>,
   <<<<{}, {}>>, <<{}, {}>>, <<{}, {}>>>> >>
/\ dep = << <<<<{}, {1}>>, <<{}, {1}>>, <<{}, {}>>>>,
   <<<<{}, {}>>, <<{}, {}>>, <<{}, {}>>>> >>
/\ recoveryAttemptBal = <<<<<<0, 0>>, <<0, 0>>, <<0, 9>>>>, <<<<0, 0>>, <<0, 0>>, <<0, 0>>>>>>
/\ submitted = {1, 2}
/\ Dvar = << <<<<{}, {}>>, <<{}, {}>>, <<{}, {}>>>>,
   <<<<{}, {}>>, <<{}, {}>>, <<{}, {}>>>> >>
/\ msgs = { [ shardfrom |-> 1,
    type |-> 1,
    from |-> 1,
    shardto |-> 1,
    to |-> 2,
    body |-> [id |-> 2, tx |-> 2, D0 |-> {}] ],
  [ shardfrom |-> 1,
    type |-> 2,
    from |-> 1,
    shardto |-> 1,
    to |-> 1,
    body |-> [id |-> 2, tq |-> [id |-> <<1, 1>>, t |-> 2], Dq |-> {}] ],
  [ shardfrom |-> 1,
    type |-> 2,
    from |-> 2,
    shardto |-> 2,
    to |-> 2,
    body |-> [id |-> 1, tq |-> [id |-> <<2, 2>>, t |-> 0], Dq |-> {}] ],
  [ shardfrom |-> 1,
    type |-> 2,
    from |-> 3,
    shardto |-> 1,
    to |-> 1,
    body |-> [id |-> 2, tq |-> [id |-> <<1, 1>>, t |-> 2], Dq |-> {}] ],
  [ shardfrom |-> 1,
    type |-> 3,
    from |-> 2,
    shardto |-> 1,
    to |-> 3,
    body |->
        [ id |-> 2,
          t |-> [id |-> <<1, 1>>, t |-> 2],
          b |-> 14,
          tx |-> 2,
          D |-> {} ] ],
  [ shardfrom |-> 1,
    type |-> 3,
    from |-> 3,
    shardto |-> 1,
    to |-> 2,
    body |->
        [ id |-> 2,
          t |-> [id |-> <<1, 1>>, t |-> 2],
          b |-> 9,
          tx |-> 2,
          D |-> {} ] ],
  [ shardfrom |-> 1,
    type |-> 5,
    from |-> 2,
    shardto |-> 1,
    to |-> 3,
    body |->
        [ id |-> 2,
          t |-> [id |-> <<1, 1>>, t |-> 2],
          b |-> 14,
          tx |-> 2,
          D |-> {1},
          fastOrSlow |-> 1 ] ],
  [ shardfrom |-> 1,
    type |-> 5,
    from |-> 3,
    shardto |-> 1,
    to |-> 1,
    body |->
        [ id |-> 2,
          t |-> [id |-> <<1, 1>>, t |-> 2],
          b |-> 9,
          tx |-> 2,
          D |-> {},
          fastOrSlow |-> 1 ] ],
  [ shardfrom |-> 1,
    type |-> 5,
    from |-> 3,
    shardto |-> 1,
    to |-> 2,
    body |->
        [ id |-> 2,
          t |-> [id |-> <<1, 1>>, t |-> 2],
          b |-> 9,
          tx |-> 2,
          D |-> {},
          fastOrSlow |-> 1 ] ],
  [ shardfrom |-> 1,
    type |-> 6,
    from |-> 3,
    shardto |-> 1,
    to |-> 3,
    body |-> [id |-> 2, b |-> 9] ],
  [ shardfrom |-> 1,
    type |-> 7,
    from |-> 2,
    shardto |-> 1,
    to |-> 1,
    body |-> [id |-> 2, b |-> 14] ],
  [ shardfrom |-> 1,
    type |-> 7,
    from |-> 2,
    shardto |-> 1,
    to |-> 3,
    body |-> [id |-> 2, b |-> 14] ],
  [ shardfrom |-> 1,
    type |-> 8,
    from |-> 1,
    shardto |-> 1,
    to |-> 2,
    body |-> [id |-> 1, b |-> 13, tx |-> 0] ],
  [ shardfrom |-> 1,
    type |-> 8,
    from |-> 1,
    shardto |-> 1,
    to |-> 2,
    body |-> [id |-> 2, b |-> 7, tx |-> 2] ],
  [ shardfrom |-> 1,
    type |-> 8,
    from |-> 1,
    shardto |-> 1,
    to |-> 3,
    body |-> [id |-> 2, b |-> 7, tx |-> 2] ],
  [ shardfrom |-> 1,
    type |-> 8,
    from |-> 1,
    shardto |-> 2,
    to |-> 1,
    body |-> [id |-> 1, b |-> 13, tx |-> 0] ],
  [ shardfrom |-> 1,
    type |-> 8,
    from |-> 1,
    shardto |-> 2,
    to |-> 3,
    body |-> [id |-> 1, b |-> 13, tx |-> 0] ],
  [ shardfrom |-> 1,
    type |-> 8,
    from |-> 2,
    shardto |-> 1,
    to |-> 1,
    body |-> [id |-> 1, b |-> 8, tx |-> 1] ],
  [ shardfrom |-> 1,
    type |-> 8,
    from |-> 2,
    shardto |-> 1,
    to |-> 3,
    body |-> [id |-> 1, b |-> 8, tx |-> 1] ],
  [ shardfrom |-> 1,
    type |-> 8,
    from |-> 2,
    shardto |-> 1,
    to |-> 3,
    body |-> [id |-> 2, b |-> 14, tx |-> 0] ],
  [ shardfrom |-> 1,
    type |-> 8,
    from |-> 2,
    shardto |-> 2,
    to |-> 1,
    body |-> [id |-> 1, b |-> 8, tx |-> 1] ],
  [ shardfrom |-> 1,
    type |-> 8,
    from |-> 2,
    shardto |-> 2,
    to |-> 2,
    body |-> [id |-> 1, b |-> 8, tx |-> 1] ],
  [ shardfrom |-> 1,
    type |-> 8,
    from |-> 2,
    shardto |-> 2,
    to |-> 3,
    body |-> [id |-> 1, b |-> 8, tx |-> 1] ],
  [ shardfrom |-> 1,
    type |-> 8,
    from |-> 3,
    shardto |-> 1,
    to |-> 1,
    body |-> [id |-> 1, b |-> 15, tx |-> 0] ],
  [ shardfrom |-> 1,
    type |-> 8,
    from |-> 3,
    shardto |-> 1,
    to |-> 1,
    body |-> [id |-> 2, b |-> 9, tx |-> 2] ],
  [ shardfrom |-> 1,
    type |-> 8,
    from |-> 3,
    shardto |-> 2,
    to |-> 1,
    body |-> [id |-> 1, b |-> 15, tx |-> 0] ],
  [ shardfrom |-> 1,
    type |-> 8,
    from |-> 3,
    shardto |-> 2,
    to |-> 2,
    body |-> [id |-> 1, b |-> 15, tx |-> 0] ],
  [ shardfrom |-> 1,
    type |-> 8,
    from |-> 3,
    shardto |-> 2,
    to |-> 3,
    body |-> [id |-> 1, b |-> 15, tx |-> 0] ],
  [ shardfrom |-> 1,
    type |-> 9,
    from |-> 1,
    shardto |-> 1,
    to |-> 1,
    body |->
        [ id |-> 1,
          b |-> 13,
          tq |-> [id |-> <<0, 0>>, t |-> 0],
          abalq |-> 0,
          txq |-> 1,
          depq |-> {},
          phaseq |-> 1,
          rejectq |-> TRUE,
          Wq |-> {},
          WPq |-> {} ] ],
  [ shardfrom |-> 1,
    type |-> 9,
    from |-> 1,
    shardto |-> 1,
    to |-> 1,
    body |->
        [ id |-> 2,
          b |-> 7,
          tq |-> [id |-> <<1, 1>>, t |-> 2],
          abalq |-> 0,
          txq |-> 2,
          depq |-> {},
          phaseq |-> 2,
          rejectq |-> FALSE,
          Wq |-> {},
          WPq |-> {} ] ],
  [ shardfrom |-> 1,
    type |-> 9,
    from |-> 1,
    shardto |-> 2,
    to |-> 2,
    body |->
        [ id |-> 1,
          b |-> 11,
          tq |-> [id |-> <<0, 0>>, t |-> 0],
          abalq |-> 0,
          txq |-> 1,
          depq |-> {},
          phaseq |-> 1,
          rejectq |-> TRUE,
          Wq |-> {},
          WPq |-> {} ] ],
  [ shardfrom |-> 1,
    type |-> 9,
    from |-> 2,
    shardto |-> 1,
    to |-> 2,
    body |->
        [ id |-> 1,
          b |-> 8,
          tq |-> [id |-> <<2, 2>>, t |-> 0],
          abalq |-> 0,
          txq |-> 1,
          depq |-> {},
          phaseq |-> 2,
          rejectq |-> TRUE,
          Wq |-> {},
          WPq |-> {} ] ],
  [ shardfrom |-> 1,
    type |-> 9,
    from |-> 2,
    shardto |-> 1,
    to |-> 3,
    body |->
        [ id |-> 1,
          b |-> 15,
          tq |-> [id |-> <<2, 2>>, t |-> 0],
          abalq |-> 0,
          txq |-> 1,
          depq |-> {},
          phaseq |-> 2,
          rejectq |-> FALSE,
          Wq |-> {},
          WPq |-> {} ] ],
  [ shardfrom |-> 1,
    type |-> 9,
    from |-> 3,
    shardto |-> 1,
    to |-> 1,
    body |->
        [ id |-> 1,
          b |-> 13,
          tq |-> [id |-> <<0, 0>>, t |-> 0],
          abalq |-> 0,
          txq |-> 0,
          depq |-> {},
          phaseq |-> 1,
          rejectq |-> TRUE,
          Wq |-> {},
          WPq |-> {} ] ],
  [ shardfrom |-> 1,
    type |-> 9,
    from |-> 3,
    shardto |-> 1,
    to |-> 3,
    body |->
        [ id |-> 1,
          b |-> 15,
          tq |-> [id |-> <<0, 0>>, t |-> 0],
          abalq |-> 0,
          txq |-> 0,
          depq |-> {},
          phaseq |-> 1,
          rejectq |-> TRUE,
          Wq |-> {},
          WPq |-> {} ] ],
  [ shardfrom |-> 2,
    type |-> 1,
    from |-> 2,
    shardto |-> 1,
    to |-> 1,
    body |-> [id |-> 1, tx |-> 1, D0 |-> {}] ],
  [ shardfrom |-> 2,
    type |-> 1,
    from |-> 2,
    shardto |-> 1,
    to |-> 3,
    body |-> [id |-> 1, tx |-> 1, D0 |-> {}] ],
  [ shardfrom |-> 2,
    type |-> 1,
    from |-> 2,
    shardto |-> 2,
    to |-> 1,
    body |-> [id |-> 1, tx |-> 1, D0 |-> {}] ],
  [ shardfrom |-> 2,
    type |-> 2,
    from |-> 2,
    shardto |-> 2,
    to |-> 2,
    body |-> [id |-> 1, tq |-> [id |-> <<2, 2>>, t |-> 0], Dq |-> {}] ],
  [ shardfrom |-> 2,
    type |-> 2,
    from |-> 3,
    shardto |-> 2,
    to |-> 2,
    body |-> [id |-> 1, tq |-> [id |-> <<2, 2>>, t |-> 0], Dq |-> {}] ],
  [ shardfrom |-> 2,
    type |-> 8,
    from |-> 1,
    shardto |-> 1,
    to |-> 1,
    body |-> [id |-> 1, b |-> 16, tx |-> 0] ],
  [ shardfrom |-> 2,
    type |-> 8,
    from |-> 1,
    shardto |-> 1,
    to |-> 2,
    body |-> [id |-> 1, b |-> 16, tx |-> 0] ],
  [ shardfrom |-> 2,
    type |-> 8,
    from |-> 1,
    shardto |-> 1,
    to |-> 3,
    body |-> [id |-> 1, b |-> 16, tx |-> 0] ],
  [ shardfrom |-> 2,
    type |-> 8,
    from |-> 1,
    shardto |-> 2,
    to |-> 2,
    body |-> [id |-> 1, b |-> 16, tx |-> 0] ],
  [ shardfrom |-> 2,
    type |-> 8,
    from |-> 1,
    shardto |-> 2,
    to |-> 3,
    body |-> [id |-> 1, b |-> 16, tx |-> 0] ],
  [ shardfrom |-> 2,
    type |-> 8,
    from |-> 2,
    shardto |-> 1,
    to |-> 2,
    body |-> [id |-> 1, b |-> 11, tx |-> 1] ],
  [ shardfrom |-> 2,
    type |-> 8,
    from |-> 2,
    shardto |-> 1,
    to |-> 3,
    body |-> [id |-> 1, b |-> 11, tx |-> 1] ],
  [ shardfrom |-> 2,
    type |-> 8,
    from |-> 2,
    shardto |-> 2,
    to |-> 3,
    body |-> [id |-> 1, b |-> 11, tx |-> 1] ],
  [ shardfrom |-> 2,
    type |-> 8,
    from |-> 3,
    shardto |-> 1,
    to |-> 1,
    body |-> [id |-> 1, b |-> 6, tx |-> 1] ],
  [ shardfrom |-> 2,
    type |-> 8,
    from |-> 3,
    shardto |-> 1,
    to |-> 2,
    body |-> [id |-> 1, b |-> 6, tx |-> 1] ],
  [ shardfrom |-> 2,
    type |-> 8,
    from |-> 3,
    shardto |-> 1,
    to |-> 3,
    body |-> [id |-> 1, b |-> 6, tx |-> 1] ],
  [ shardfrom |-> 2,
    type |-> 8,
    from |-> 3,
    shardto |-> 2,
    to |-> 1,
    body |-> [id |-> 1, b |-> 6, tx |-> 1] ],
  [ shardfrom |-> 2,
    type |-> 8,
    from |-> 3,
    shardto |-> 2,
    to |-> 2,
    body |-> [id |-> 1, b |-> 6, tx |-> 1] ],
  [ shardfrom |-> 2,
    type |-> 9,
    from |-> 1,
    shardto |-> 2,
    to |-> 1,
    body |->
        [ id |-> 1,
          b |-> 16,
          tq |-> [id |-> <<0, 0>>, t |-> 0],
          abalq |-> 0,
          txq |-> 1,
          depq |-> {},
          phaseq |-> 1,
          rejectq |-> FALSE,
          Wq |-> {},
          WPq |-> {} ] ],
  [ shardfrom |-> 2,
    type |-> 9,
    from |-> 1,
    shardto |-> 2,
    to |-> 2,
    body |->
        [ id |-> 1,
          b |-> 11,
          tq |-> [id |-> <<0, 0>>, t |-> 0],
          abalq |-> 0,
          txq |-> 1,
          depq |-> {},
          phaseq |-> 1,
          rejectq |-> FALSE,
          Wq |-> {},
          WPq |-> {} ] ],
  [ shardfrom |-> 2,
    type |-> 9,
    from |-> 2,
    shardto |-> 1,
    to |-> 1,
    body |->
        [ id |-> 1,
          b |-> 13,
          tq |-> [id |-> <<2, 2>>, t |-> 0],
          abalq |-> 0,
          txq |-> 1,
          depq |-> {},
          phaseq |-> 2,
          rejectq |-> FALSE,
          Wq |-> {},
          WPq |-> {} ] ],
  [ shardfrom |-> 2,
    type |-> 9,
    from |-> 2,
    shardto |-> 2,
    to |-> 2,
    body |->
        [ id |-> 1,
          b |-> 11,
          tq |-> [id |-> <<2, 2>>, t |-> 0],
          abalq |-> 0,
          txq |-> 1,
          depq |-> {},
          phaseq |-> 2,
          rejectq |-> FALSE,
          Wq |-> {},
          WPq |-> {} ] ],
  [ shardfrom |-> 2,
    type |-> 9,
    from |-> 3,
    shardto |-> 2,
    to |-> 3,
    body |->
        [ id |-> 1,
          b |-> 6,
          tq |-> [id |-> <<2, 2>>, t |-> 0],
          abalq |-> 0,
          txq |-> 1,
          depq |-> {},
          phaseq |-> 2,
          rejectq |-> FALSE,
          Wq |-> {},
          WPq |-> {} ] ] }
/\ Qvar = << <<<<{}, {}>>, <<{}, {}>>, <<{}, {<<1, 2>>, <<1, 3>>}>>>>,
   <<<<{}, {}>>, <<{}, {}>>, <<{}, {}>>>> >>
/\ ts = << << <<[id |-> <<0, 0>>, t |-> 0], [id |-> <<1, 1>>, t |-> 2]>>,
      <<[id |-> <<2, 2>>, t |-> 0], [id |-> <<1, 1>>, t |-> 2]>>,
      <<[id |-> <<0, 0>>, t |-> 0], [id |-> <<1, 1>>, t |-> 2]>> >>,
   << <<[id |-> <<0, 0>>, t |-> 0], [id |-> <<0, 0>>, t |-> 0]>>,
      <<[id |-> <<2, 2>>, t |-> 0], [id |-> <<0, 0>>, t |-> 0]>>,
      <<[id |-> <<2, 2>>, t |-> 0], [id |-> <<0, 0>>, t |-> 0]>> >> >>
/\ TXvar = << <<<<bottom, bottom>>, <<bottom, bottom>>, <<bottom, 2>>>>,
   <<<<bottom, bottom>>, <<bottom, bottom>>, <<bottom, bottom>>>> >>
/\ recovered = <<<<<<1, 1>>, <<1, 1>>, <<1, 1>>>>, <<<<1, 0>>, <<1, 0>>, <<1, 0>>>>>>
/\ initCoord = <<<<2, 2>>, <<1, 1>>>>

State 32: <Next line 769, col 8 to line 774, col 27 of module AccordSpec>
/\ phase = <<<<<<1, 4>>, <<2, 5>>, <<1, 4>>>>, <<<<1, 1>>, <<2, 1>>, <<2, 1>>>>>>
/\ abal = <<<<<<0, 14>>, <<0, 14>>, <<0, 9>>>>, <<<<0, 0>>, <<0, 0>>, <<0, 0>>>>>>
/\ initTimestamp = << [id |-> <<2, 2>>, t |-> 0],
   [id |-> <<1, 1>>, t |-> 2],
   [id |-> <<0, 0>>, t |-> 1] >>
/\ bal = <<<<<<13, 14>>, <<15, 14>>, <<15, 9>>>>, <<<<16, 0>>, <<13, 0>>, <<16, 0>>>>>>
/\ txn = << <<<<1, 2>>, <<1, 2>>, <<0, 2>>>>,
   <<<<1, bottom>>, <<1, bottom>>, <<1, bottom>>>> >>
/\ postWaitingFlag = << <<<<FALSE, FALSE>>, <<FALSE, FALSE>>, <<FALSE, FALSE>>>>,
   <<<<FALSE, FALSE>>, <<FALSE, FALSE>>, <<FALSE, FALSE>>>> >>
/\ Wvar = << <<<<{}, {}>>, <<{}, {}>>, <<{}, {}>>>>,
   <<<<{}, {}>>, <<{}, {}>>, <<{}, {}>>>> >>
/\ dep = << <<<<{}, {1}>>, <<{}, {1}>>, <<{}, {}>>>>,
   <<<<{}, {}>>, <<{}, {}>>, <<{}, {}>>>> >>
/\ recoveryAttemptBal = <<<<<<0, 0>>, <<0, 0>>, <<0, 9>>>>, <<<<0, 0>>, <<0, 0>>, <<0, 0>>>>>>
/\ submitted = {1, 2}
/\ Dvar = << <<<<{}, {}>>, <<{}, {}>>, <<{}, {}>>>>,
   <<<<{}, {}>>, <<{}, {}>>, <<{}, {}>>>> >>
/\ msgs = { [ shardfrom |-> 1,
    type |-> 1,
    from |-> 1,
    shardto |-> 1,
    to |-> 2,
    body |-> [id |-> 2, tx |-> 2, D0 |-> {}] ],
  [ shardfrom |-> 1,
    type |-> 2,
    from |-> 1,
    shardto |-> 1,
    to |-> 1,
    body |-> [id |-> 2, tq |-> [id |-> <<1, 1>>, t |-> 2], Dq |-> {}] ],
  [ shardfrom |-> 1,
    type |-> 2,
    from |-> 2,
    shardto |-> 2,
    to |-> 2,
    body |-> [id |-> 1, tq |-> [id |-> <<2, 2>>, t |-> 0], Dq |-> {}] ],
  [ shardfrom |-> 1,
    type |-> 2,
    from |-> 3,
    shardto |-> 1,
    to |-> 1,
    body |-> [id |-> 2, tq |-> [id |-> <<1, 1>>, t |-> 2], Dq |-> {}] ],
  [ shardfrom |-> 1,
    type |-> 3,
    from |-> 2,
    shardto |-> 1,
    to |-> 3,
    body |->
        [ id |-> 2,
          t |-> [id |-> <<1, 1>>, t |-> 2],
          b |-> 14,
          tx |-> 2,
          D |-> {} ] ],
  [ shardfrom |-> 1,
    type |-> 3,
    from |-> 3,
    shardto |-> 1,
    to |-> 2,
    body |->
        [ id |-> 2,
          t |-> [id |-> <<1, 1>>, t |-> 2],
          b |-> 9,
          tx |-> 2,
          D |-> {} ] ],
  [ shardfrom |-> 1,
    type |-> 5,
    from |-> 2,
    shardto |-> 1,
    to |-> 3,
    body |->
        [ id |-> 2,
          t |-> [id |-> <<1, 1>>, t |-> 2],
          b |-> 14,
          tx |-> 2,
          D |-> {1},
          fastOrSlow |-> 1 ] ],
  [ shardfrom |-> 1,
    type |-> 5,
    from |-> 3,
    shardto |-> 1,
    to |-> 1,
    body |->
        [ id |-> 2,
          t |-> [id |-> <<1, 1>>, t |-> 2],
          b |-> 9,
          tx |-> 2,
          D |-> {},
          fastOrSlow |-> 1 ] ],
  [ shardfrom |-> 1,
    type |-> 5,
    from |-> 3,
    shardto |-> 1,
    to |-> 2,
    body |->
        [ id |-> 2,
          t |-> [id |-> <<1, 1>>, t |-> 2],
          b |-> 9,
          tx |-> 2,
          D |-> {},
          fastOrSlow |-> 1 ] ],
  [ shardfrom |-> 1,
    type |-> 6,
    from |-> 3,
    shardto |-> 1,
    to |-> 3,
    body |-> [id |-> 2, b |-> 9] ],
  [ shardfrom |-> 1,
    type |-> 7,
    from |-> 2,
    shardto |-> 1,
    to |-> 1,
    body |-> [id |-> 2, b |-> 14] ],
  [ shardfrom |-> 1,
    type |-> 7,
    from |-> 2,
    shardto |-> 1,
    to |-> 3,
    body |-> [id |-> 2, b |-> 14] ],
  [ shardfrom |-> 1,
    type |-> 8,
    from |-> 1,
    shardto |-> 1,
    to |-> 2,
    body |-> [id |-> 1, b |-> 13, tx |-> 0] ],
  [ shardfrom |-> 1,
    type |-> 8,
    from |-> 1,
    shardto |-> 1,
    to |-> 2,
    body |-> [id |-> 2, b |-> 7, tx |-> 2] ],
  [ shardfrom |-> 1,
    type |-> 8,
    from |-> 1,
    shardto |-> 1,
    to |-> 3,
    body |-> [id |-> 2, b |-> 7, tx |-> 2] ],
  [ shardfrom |-> 1,
    type |-> 8,
    from |-> 1,
    shardto |-> 2,
    to |-> 1,
    body |-> [id |-> 1, b |-> 13, tx |-> 0] ],
  [ shardfrom |-> 1,
    type |-> 8,
    from |-> 1,
    shardto |-> 2,
    to |-> 3,
    body |-> [id |-> 1, b |-> 13, tx |-> 0] ],
  [ shardfrom |-> 1,
    type |-> 8,
    from |-> 2,
    shardto |-> 1,
    to |-> 1,
    body |-> [id |-> 1, b |-> 8, tx |-> 1] ],
  [ shardfrom |-> 1,
    type |-> 8,
    from |-> 2,
    shardto |-> 1,
    to |-> 3,
    body |-> [id |-> 1, b |-> 8, tx |-> 1] ],
  [ shardfrom |-> 1,
    type |-> 8,
    from |-> 2,
    shardto |-> 1,
    to |-> 3,
    body |-> [id |-> 2, b |-> 14, tx |-> 0] ],
  [ shardfrom |-> 1,
    type |-> 8,
    from |-> 2,
    shardto |-> 2,
    to |-> 1,
    body |-> [id |-> 1, b |-> 8, tx |-> 1] ],
  [ shardfrom |-> 1,
    type |-> 8,
    from |-> 2,
    shardto |-> 2,
    to |-> 2,
    body |-> [id |-> 1, b |-> 8, tx |-> 1] ],
  [ shardfrom |-> 1,
    type |-> 8,
    from |-> 2,
    shardto |-> 2,
    to |-> 3,
    body |-> [id |-> 1, b |-> 8, tx |-> 1] ],
  [ shardfrom |-> 1,
    type |-> 8,
    from |-> 3,
    shardto |-> 1,
    to |-> 1,
    body |-> [id |-> 1, b |-> 15, tx |-> 0] ],
  [ shardfrom |-> 1,
    type |-> 8,
    from |-> 3,
    shardto |-> 1,
    to |-> 1,
    body |-> [id |-> 2, b |-> 9, tx |-> 2] ],
  [ shardfrom |-> 1,
    type |-> 8,
    from |-> 3,
    shardto |-> 2,
    to |-> 1,
    body |-> [id |-> 1, b |-> 15, tx |-> 0] ],
  [ shardfrom |-> 1,
    type |-> 8,
    from |-> 3,
    shardto |-> 2,
    to |-> 2,
    body |-> [id |-> 1, b |-> 15, tx |-> 0] ],
  [ shardfrom |-> 1,
    type |-> 8,
    from |-> 3,
    shardto |-> 2,
    to |-> 3,
    body |-> [id |-> 1, b |-> 15, tx |-> 0] ],
  [ shardfrom |-> 1,
    type |-> 9,
    from |-> 1,
    shardto |-> 1,
    to |-> 1,
    body |->
        [ id |-> 1,
          b |-> 13,
          tq |-> [id |-> <<0, 0>>, t |-> 0],
          abalq |-> 0,
          txq |-> 1,
          depq |-> {},
          phaseq |-> 1,
          rejectq |-> TRUE,
          Wq |-> {},
          WPq |-> {} ] ],
  [ shardfrom |-> 1,
    type |-> 9,
    from |-> 1,
    shardto |-> 1,
    to |-> 1,
    body |->
        [ id |-> 2,
          b |-> 7,
          tq |-> [id |-> <<1, 1>>, t |-> 2],
          abalq |-> 0,
          txq |-> 2,
          depq |-> {},
          phaseq |-> 2,
          rejectq |-> FALSE,
          Wq |-> {},
          WPq |-> {} ] ],
  [ shardfrom |-> 1,
    type |-> 9,
    from |-> 1,
    shardto |-> 2,
    to |-> 2,
    body |->
        [ id |-> 1,
          b |-> 11,
          tq |-> [id |-> <<0, 0>>, t |-> 0],
          abalq |-> 0,
          txq |-> 1,
          depq |-> {},
          phaseq |-> 1,
          rejectq |-> TRUE,
          Wq |-> {},
          WPq |-> {} ] ],
  [ shardfrom |-> 1,
    type |-> 9,
    from |-> 2,
    shardto |-> 1,
    to |-> 2,
    body |->
        [ id |-> 1,
          b |-> 8,
          tq |-> [id |-> <<2, 2>>, t |-> 0],
          abalq |-> 0,
          txq |-> 1,
          depq |-> {},
          phaseq |-> 2,
          rejectq |-> TRUE,
          Wq |-> {},
          WPq |-> {} ] ],
  [ shardfrom |-> 1,
    type |-> 9,
    from |-> 2,
    shardto |-> 1,
    to |-> 3,
    body |->
        [ id |-> 1,
          b |-> 15,
          tq |-> [id |-> <<2, 2>>, t |-> 0],
          abalq |-> 0,
          txq |-> 1,
          depq |-> {},
          phaseq |-> 2,
          rejectq |-> FALSE,
          Wq |-> {},
          WPq |-> {} ] ],
  [ shardfrom |-> 1,
    type |-> 9,
    from |-> 3,
    shardto |-> 1,
    to |-> 1,
    body |->
        [ id |-> 1,
          b |-> 13,
          tq |-> [id |-> <<0, 0>>, t |-> 0],
          abalq |-> 0,
          txq |-> 0,
          depq |-> {},
          phaseq |-> 1,
          rejectq |-> TRUE,
          Wq |-> {},
          WPq |-> {} ] ],
  [ shardfrom |-> 1,
    type |-> 9,
    from |-> 3,
    shardto |-> 1,
    to |-> 3,
    body |->
        [ id |-> 1,
          b |-> 15,
          tq |-> [id |-> <<0, 0>>, t |-> 0],
          abalq |-> 0,
          txq |-> 0,
          depq |-> {},
          phaseq |-> 1,
          rejectq |-> TRUE,
          Wq |-> {},
          WPq |-> {} ] ],
  [ shardfrom |-> 2,
    type |-> 1,
    from |-> 2,
    shardto |-> 1,
    to |-> 1,
    body |-> [id |-> 1, tx |-> 1, D0 |-> {}] ],
  [ shardfrom |-> 2,
    type |-> 1,
    from |-> 2,
    shardto |-> 1,
    to |-> 3,
    body |-> [id |-> 1, tx |-> 1, D0 |-> {}] ],
  [ shardfrom |-> 2,
    type |-> 1,
    from |-> 2,
    shardto |-> 2,
    to |-> 1,
    body |-> [id |-> 1, tx |-> 1, D0 |-> {}] ],
  [ shardfrom |-> 2,
    type |-> 2,
    from |-> 2,
    shardto |-> 2,
    to |-> 2,
    body |-> [id |-> 1, tq |-> [id |-> <<2, 2>>, t |-> 0], Dq |-> {}] ],
  [ shardfrom |-> 2,
    type |-> 2,
    from |-> 3,
    shardto |-> 2,
    to |-> 2,
    body |-> [id |-> 1, tq |-> [id |-> <<2, 2>>, t |-> 0], Dq |-> {}] ],
  [ shardfrom |-> 2,
    type |-> 8,
    from |-> 1,
    shardto |-> 1,
    to |-> 1,
    body |-> [id |-> 1, b |-> 16, tx |-> 0] ],
  [ shardfrom |-> 2,
    type |-> 8,
    from |-> 1,
    shardto |-> 1,
    to |-> 2,
    body |-> [id |-> 1, b |-> 16, tx |-> 0] ],
  [ shardfrom |-> 2,
    type |-> 8,
    from |-> 1,
    shardto |-> 1,
    to |-> 3,
    body |-> [id |-> 1, b |-> 16, tx |-> 0] ],
  [ shardfrom |-> 2,
    type |-> 8,
    from |-> 1,
    shardto |-> 2,
    to |-> 2,
    body |-> [id |-> 1, b |-> 16, tx |-> 0] ],
  [ shardfrom |-> 2,
    type |-> 8,
    from |-> 2,
    shardto |-> 1,
    to |-> 2,
    body |-> [id |-> 1, b |-> 11, tx |-> 1] ],
  [ shardfrom |-> 2,
    type |-> 8,
    from |-> 2,
    shardto |-> 1,
    to |-> 3,
    body |-> [id |-> 1, b |-> 11, tx |-> 1] ],
  [ shardfrom |-> 2,
    type |-> 8,
    from |-> 2,
    shardto |-> 2,
    to |-> 3,
    body |-> [id |-> 1, b |-> 11, tx |-> 1] ],
  [ shardfrom |-> 2,
    type |-> 8,
    from |-> 3,
    shardto |-> 1,
    to |-> 1,
    body |-> [id |-> 1, b |-> 6, tx |-> 1] ],
  [ shardfrom |-> 2,
    type |-> 8,
    from |-> 3,
    shardto |-> 1,
    to |-> 2,
    body |-> [id |-> 1, b |-> 6, tx |-> 1] ],
  [ shardfrom |-> 2,
    type |-> 8,
    from |-> 3,
    shardto |-> 1,
    to |-> 3,
    body |-> [id |-> 1, b |-> 6, tx |-> 1] ],
  [ shardfrom |-> 2,
    type |-> 8,
    from |-> 3,
    shardto |-> 2,
    to |-> 1,
    body |-> [id |-> 1, b |-> 6, tx |-> 1] ],
  [ shardfrom |-> 2,
    type |-> 8,
    from |-> 3,
    shardto |-> 2,
    to |-> 2,
    body |-> [id |-> 1, b |-> 6, tx |-> 1] ],
  [ shardfrom |-> 2,
    type |-> 9,
    from |-> 1,
    shardto |-> 2,
    to |-> 1,
    body |->
        [ id |-> 1,
          b |-> 16,
          tq |-> [id |-> <<0, 0>>, t |-> 0],
          abalq |-> 0,
          txq |-> 1,
          depq |-> {},
          phaseq |-> 1,
          rejectq |-> FALSE,
          Wq |-> {},
          WPq |-> {} ] ],
  [ shardfrom |-> 2,
    type |-> 9,
    from |-> 1,
    shardto |-> 2,
    to |-> 2,
    body |->
        [ id |-> 1,
          b |-> 11,
          tq |-> [id |-> <<0, 0>>, t |-> 0],
          abalq |-> 0,
          txq |-> 1,
          depq |-> {},
          phaseq |-> 1,
          rejectq |-> FALSE,
          Wq |-> {},
          WPq |-> {} ] ],
  [ shardfrom |-> 2,
    type |-> 9,
    from |-> 2,
    shardto |-> 1,
    to |-> 1,
    body |->
        [ id |-> 1,
          b |-> 13,
          tq |-> [id |-> <<2, 2>>, t |-> 0],
          abalq |-> 0,
          txq |-> 1,
          depq |-> {},
          phaseq |-> 2,
          rejectq |-> FALSE,
          Wq |-> {},
          WPq |-> {} ] ],
  [ shardfrom |-> 2,
    type |-> 9,
    from |-> 2,
    shardto |-> 2,
    to |-> 2,
    body |->
        [ id |-> 1,
          b |-> 11,
          tq |-> [id |-> <<2, 2>>, t |-> 0],
          abalq |-> 0,
          txq |-> 1,
          depq |-> {},
          phaseq |-> 2,
          rejectq |-> FALSE,
          Wq |-> {},
          WPq |-> {} ] ],
  [ shardfrom |-> 2,
    type |-> 9,
    from |-> 3,
    shardto |-> 2,
    to |-> 1,
    body |->
        [ id |-> 1,
          b |-> 16,
          tq |-> [id |-> <<2, 2>>, t |-> 0],
          abalq |-> 0,
          txq |-> 1,
          depq |-> {},
          phaseq |-> 2,
          rejectq |-> FALSE,
          Wq |-> {},
          WPq |-> {} ] ],
  [ shardfrom |-> 2,
    type |-> 9,
    from |-> 3,
    shardto |-> 2,
    to |-> 3,
    body |->
        [ id |-> 1,
          b |-> 6,
          tq |-> [id |-> <<2, 2>>, t |-> 0],
          abalq |-> 0,
          txq |-> 1,
          depq |-> {},
          phaseq |-> 2,
          rejectq |-> FALSE,
          Wq |-> {},
          WPq |-> {} ] ] }
/\ Qvar = << <<<<{}, {}>>, <<{}, {}>>, <<{}, {<<1, 2>>, <<1, 3>>}>>>>,
   <<<<{}, {}>>, <<{}, {}>>, <<{}, {}>>>> >>
/\ ts = << << <<[id |-> <<0, 0>>, t |-> 0], [id |-> <<1, 1>>, t |-> 2]>>,
      <<[id |-> <<2, 2>>, t |-> 0], [id |-> <<1, 1>>, t |-> 2]>>,
      <<[id |-> <<0, 0>>, t |-> 0], [id |-> <<1, 1>>, t |-> 2]>> >>,
   << <<[id |-> <<0, 0>>, t |-> 0], [id |-> <<0, 0>>, t |-> 0]>>,
      <<[id |-> <<2, 2>>, t |-> 0], [id |-> <<0, 0>>, t |-> 0]>>,
      <<[id |-> <<2, 2>>, t |-> 0], [id |-> <<0, 0>>, t |-> 0]>> >> >>
/\ TXvar = << <<<<bottom, bottom>>, <<bottom, bottom>>, <<bottom, 2>>>>,
   <<<<bottom, bottom>>, <<bottom, bottom>>, <<bottom, bottom>>>> >>
/\ recovered = <<<<<<1, 1>>, <<1, 1>>, <<1, 1>>>>, <<<<1, 0>>, <<1, 0>>, <<1, 0>>>>>>
/\ initCoord = <<<<2, 2>>, <<1, 1>>>>

State 33: <Next line 769, col 8 to line 774, col 27 of module AccordSpec>
/\ phase = <<<<<<1, 4>>, <<2, 5>>, <<1, 4>>>>, <<<<1, 1>>, <<2, 1>>, <<2, 1>>>>>>
/\ abal = <<<<<<0, 14>>, <<0, 14>>, <<0, 9>>>>, <<<<0, 0>>, <<0, 0>>, <<0, 0>>>>>>
/\ initTimestamp = << [id |-> <<2, 2>>, t |-> 0],
   [id |-> <<1, 1>>, t |-> 2],
   [id |-> <<0, 0>>, t |-> 1] >>
/\ bal = <<<<<<13, 14>>, <<16, 14>>, <<15, 9>>>>, <<<<16, 0>>, <<13, 0>>, <<16, 0>>>>>>
/\ txn = << <<<<1, 2>>, <<1, 2>>, <<0, 2>>>>,
   <<<<1, bottom>>, <<1, bottom>>, <<1, bottom>>>> >>
/\ postWaitingFlag = << <<<<FALSE, FALSE>>, <<FALSE, FALSE>>, <<FALSE, FALSE>>>>,
   <<<<FALSE, FALSE>>, <<FALSE, FALSE>>, <<FALSE, FALSE>>>> >>
/\ Wvar = << <<<<{}, {}>>, <<{}, {}>>, <<{}, {}>>>>,
   <<<<{}, {}>>, <<{}, {}>>, <<{}, {}>>>> >>
/\ dep = << <<<<{}, {1}>>, <<{}, {1}>>, <<{}, {}>>>>,
   <<<<{}, {}>>, <<{}, {}>>, <<{}, {}>>>> >>
/\ recoveryAttemptBal = <<<<<<0, 0>>, <<0, 0>>, <<0, 9>>>>, <<<<0, 0>>, <<0, 0>>, <<0, 0>>>>>>
/\ submitted = {1, 2}
/\ Dvar = << <<<<{}, {}>>, <<{}, {}>>, <<{}, {}>>>>,
   <<<<{}, {}>>, <<{}, {}>>, <<{}, {}>>>> >>
/\ msgs = { [ shardfrom |-> 1,
    type |-> 1,
    from |-> 1,
    shardto |-> 1,
    to |-> 2,
    body |-> [id |-> 2, tx |-> 2, D0 |-> {}] ],
  [ shardfrom |-> 1,
    type |-> 2,
    from |-> 1,
    shardto |-> 1,
    to |-> 1,
    body |-> [id |-> 2, tq |-> [id |-> <<1, 1>>, t |-> 2], Dq |-> {}] ],
  [ shardfrom |-> 1,
    type |-> 2,
    from |-> 2,
    shardto |-> 2,
    to |-> 2,
    body |-> [id |-> 1, tq |-> [id |-> <<2, 2>>, t |-> 0], Dq |-> {}] ],
  [ shardfrom |-> 1,
    type |-> 2,
    from |-> 3,
    shardto |-> 1,
    to |-> 1,
    body |-> [id |-> 2, tq |-> [id |-> <<1, 1>>, t |-> 2], Dq |-> {}] ],
  [ shardfrom |-> 1,
    type |-> 3,
    from |-> 2,
    shardto |-> 1,
    to |-> 3,
    body |->
        [ id |-> 2,
          t |-> [id |-> <<1, 1>>, t |-> 2],
          b |-> 14,
          tx |-> 2,
          D |-> {} ] ],
  [ shardfrom |-> 1,
    type |-> 3,
    from |-> 3,
    shardto |-> 1,
    to |-> 2,
    body |->
        [ id |-> 2,
          t |-> [id |-> <<1, 1>>, t |-> 2],
          b |-> 9,
          tx |-> 2,
          D |-> {} ] ],
  [ shardfrom |-> 1,
    type |-> 5,
    from |-> 2,
    shardto |-> 1,
    to |-> 3,
    body |->
        [ id |-> 2,
          t |-> [id |-> <<1, 1>>, t |-> 2],
          b |-> 14,
          tx |-> 2,
          D |-> {1},
          fastOrSlow |-> 1 ] ],
  [ shardfrom |-> 1,
    type |-> 5,
    from |-> 3,
    shardto |-> 1,
    to |-> 1,
    body |->
        [ id |-> 2,
          t |-> [id |-> <<1, 1>>, t |-> 2],
          b |-> 9,
          tx |-> 2,
          D |-> {},
          fastOrSlow |-> 1 ] ],
  [ shardfrom |-> 1,
    type |-> 5,
    from |-> 3,
    shardto |-> 1,
    to |-> 2,
    body |->
        [ id |-> 2,
          t |-> [id |-> <<1, 1>>, t |-> 2],
          b |-> 9,
          tx |-> 2,
          D |-> {},
          fastOrSlow |-> 1 ] ],
  [ shardfrom |-> 1,
    type |-> 6,
    from |-> 3,
    shardto |-> 1,
    to |-> 3,
    body |-> [id |-> 2, b |-> 9] ],
  [ shardfrom |-> 1,
    type |-> 7,
    from |-> 2,
    shardto |-> 1,
    to |-> 1,
    body |-> [id |-> 2, b |-> 14] ],
  [ shardfrom |-> 1,
    type |-> 7,
    from |-> 2,
    shardto |-> 1,
    to |-> 3,
    body |-> [id |-> 2, b |-> 14] ],
  [ shardfrom |-> 1,
    type |-> 8,
    from |-> 1,
    shardto |-> 1,
    to |-> 2,
    body |-> [id |-> 1, b |-> 13, tx |-> 0] ],
  [ shardfrom |-> 1,
    type |-> 8,
    from |-> 1,
    shardto |-> 1,
    to |-> 2,
    body |-> [id |-> 2, b |-> 7, tx |-> 2] ],
  [ shardfrom |-> 1,
    type |-> 8,
    from |-> 1,
    shardto |-> 1,
    to |-> 3,
    body |-> [id |-> 2, b |-> 7, tx |-> 2] ],
  [ shardfrom |-> 1,
    type |-> 8,
    from |-> 1,
    shardto |-> 2,
    to |-> 1,
    body |-> [id |-> 1, b |-> 13, tx |-> 0] ],
  [ shardfrom |-> 1,
    type |-> 8,
    from |-> 1,
    shardto |-> 2,
    to |-> 3,
    body |-> [id |-> 1, b |-> 13, tx |-> 0] ],
  [ shardfrom |-> 1,
    type |-> 8,
    from |-> 2,
    shardto |-> 1,
    to |-> 1,
    body |-> [id |-> 1, b |-> 8, tx |-> 1] ],
  [ shardfrom |-> 1,
    type |-> 8,
    from |-> 2,
    shardto |-> 1,
    to |-> 3,
    body |-> [id |-> 1, b |-> 8, tx |-> 1] ],
  [ shardfrom |-> 1,
    type |-> 8,
    from |-> 2,
    shardto |-> 1,
    to |-> 3,
    body |-> [id |-> 2, b |-> 14, tx |-> 0] ],
  [ shardfrom |-> 1,
    type |-> 8,
    from |-> 2,
    shardto |-> 2,
    to |-> 1,
    body |-> [id |-> 1, b |-> 8, tx |-> 1] ],
  [ shardfrom |-> 1,
    type |-> 8,
    from |-> 2,
    shardto |-> 2,
    to |-> 2,
    body |-> [id |-> 1, b |-> 8, tx |-> 1] ],
  [ shardfrom |-> 1,
    type |-> 8,
    from |-> 2,
    shardto |-> 2,
    to |-> 3,
    body |-> [id |-> 1, b |-> 8, tx |-> 1] ],
  [ shardfrom |-> 1,
    type |-> 8,
    from |-> 3,
    shardto |-> 1,
    to |-> 1,
    body |-> [id |-> 1, b |-> 15, tx |-> 0] ],
  [ shardfrom |-> 1,
    type |-> 8,
    from |-> 3,
    shardto |-> 1,
    to |-> 1,
    body |-> [id |-> 2, b |-> 9, tx |-> 2] ],
  [ shardfrom |-> 1,
    type |-> 8,
    from |-> 3,
    shardto |-> 2,
    to |-> 1,
    body |-> [id |-> 1, b |-> 15, tx |-> 0] ],
  [ shardfrom |-> 1,
    type |-> 8,
    from |-> 3,
    shardto |-> 2,
    to |-> 2,
    body |-> [id |-> 1, b |-> 15, tx |-> 0] ],
  [ shardfrom |-> 1,
    type |-> 8,
    from |-> 3,
    shardto |-> 2,
    to |-> 3,
    body |-> [id |-> 1, b |-> 15, tx |-> 0] ],
  [ shardfrom |-> 1,
    type |-> 9,
    from |-> 1,
    shardto |-> 1,
    to |-> 1,
    body |->
        [ id |-> 1,
          b |-> 13,
          tq |-> [id |-> <<0, 0>>, t |-> 0],
          abalq |-> 0,
          txq |-> 1,
          depq |-> {},
          phaseq |-> 1,
          rejectq |-> TRUE,
          Wq |-> {},
          WPq |-> {} ] ],
  [ shardfrom |-> 1,
    type |-> 9,
    from |-> 1,
    shardto |-> 1,
    to |-> 1,
    body |->
        [ id |-> 2,
          b |-> 7,
          tq |-> [id |-> <<1, 1>>, t |-> 2],
          abalq |-> 0,
          txq |-> 2,
          depq |-> {},
          phaseq |-> 2,
          rejectq |-> FALSE,
          Wq |-> {},
          WPq |-> {} ] ],
  [ shardfrom |-> 1,
    type |-> 9,
    from |-> 1,
    shardto |-> 2,
    to |-> 2,
    body |->
        [ id |-> 1,
          b |-> 11,
          tq |-> [id |-> <<0, 0>>, t |-> 0],
          abalq |-> 0,
          txq |-> 1,
          depq |-> {},
          phaseq |-> 1,
          rejectq |-> TRUE,
          Wq |-> {},
          WPq |-> {} ] ],
  [ shardfrom |-> 1,
    type |-> 9,
    from |-> 2,
    shardto |-> 1,
    to |-> 2,
    body |->
        [ id |-> 1,
          b |-> 8,
          tq |-> [id |-> <<2, 2>>, t |-> 0],
          abalq |-> 0,
          txq |-> 1,
          depq |-> {},
          phaseq |-> 2,
          rejectq |-> TRUE,
          Wq |-> {},
          WPq |-> {} ] ],
  [ shardfrom |-> 1,
    type |-> 9,
    from |-> 2,
    shardto |-> 1,
    to |-> 3,
    body |->
        [ id |-> 1,
          b |-> 15,
          tq |-> [id |-> <<2, 2>>, t |-> 0],
          abalq |-> 0,
          txq |-> 1,
          depq |-> {},
          phaseq |-> 2,
          rejectq |-> FALSE,
          Wq |-> {},
          WPq |-> {} ] ],
  [ shardfrom |-> 1,
    type |-> 9,
    from |-> 2,
    shardto |-> 2,
    to |-> 1,
    body |->
        [ id |-> 1,
          b |-> 16,
          tq |-> [id |-> <<2, 2>>, t |-> 0],
          abalq |-> 0,
          txq |-> 1,
          depq |-> {},
          phaseq |-> 2,
          rejectq |-> FALSE,
          Wq |-> {},
          WPq |-> {} ] ],
  [ shardfrom |-> 1,
    type |-> 9,
    from |-> 3,
    shardto |-> 1,
    to |-> 1,
    body |->
        [ id |-> 1,
          b |-> 13,
          tq |-> [id |-> <<0, 0>>, t |-> 0],
          abalq |-> 0,
          txq |-> 0,
          depq |-> {},
          phaseq |-> 1,
          rejectq |-> TRUE,
          Wq |-> {},
          WPq |-> {} ] ],
  [ shardfrom |-> 1,
    type |-> 9,
    from |-> 3,
    shardto |-> 1,
    to |-> 3,
    body |->
        [ id |-> 1,
          b |-> 15,
          tq |-> [id |-> <<0, 0>>, t |-> 0],
          abalq |-> 0,
          txq |-> 0,
          depq |-> {},
          phaseq |-> 1,
          rejectq |-> TRUE,
          Wq |-> {},
          WPq |-> {} ] ],
  [ shardfrom |-> 2,
    type |-> 1,
    from |-> 2,
    shardto |-> 1,
    to |-> 1,
    body |-> [id |-> 1, tx |-> 1, D0 |-> {}] ],
  [ shardfrom |-> 2,
    type |-> 1,
    from |-> 2,
    shardto |-> 1,
    to |-> 3,
    body |-> [id |-> 1, tx |-> 1, D0 |-> {}] ],
  [ shardfrom |-> 2,
    type |-> 1,
    from |-> 2,
    shardto |-> 2,
    to |-> 1,
    body |-> [id |-> 1, tx |-> 1, D0 |-> {}] ],
  [ shardfrom |-> 2,
    type |-> 2,
    from |-> 2,
    shardto |-> 2,
    to |-> 2,
    body |-> [id |-> 1, tq |-> [id |-> <<2, 2>>, t |-> 0], Dq |-> {}] ],
  [ shardfrom |-> 2,
    type |-> 2,
    from |-> 3,
    shardto |-> 2,
    to |-> 2,
    body |-> [id |-> 1, tq |-> [id |-> <<2, 2>>, t |-> 0], Dq |-> {}] ],
  [ shardfrom |-> 2,
    type |-> 8,
    from |-> 1,
    shardto |-> 1,
    to |-> 1,
    body |-> [id |-> 1, b |-> 16, tx |-> 0] ],
  [ shardfrom |-> 2,
    type |-> 8,
    from |-> 1,
    shardto |-> 1,
    to |-> 3,
    body |-> [id |-> 1, b |-> 16, tx |-> 0] ],
  [ shardfrom |-> 2,
    type |-> 8,
    from |-> 1,
    shardto |-> 2,
    to |-> 2,
    body |-> [id |-> 1, b |-> 16, tx |-> 0] ],
  [ shardfrom |-> 2,
    type |-> 8,
    from |-> 2,
    shardto |-> 1,
    to |-> 2,
    body |-> [id |-> 1, b |-> 11, tx |-> 1] ],
  [ shardfrom |-> 2,
    type |-> 8,
    from |-> 2,
    shardto |-> 1,
    to |-> 3,
    body |-> [id |-> 1, b |-> 11, tx |-> 1] ],
  [ shardfrom |-> 2,
    type |-> 8,
    from |-> 2,
    shardto |-> 2,
    to |-> 3,
    body |-> [id |-> 1, b |-> 11, tx |-> 1] ],
  [ shardfrom |-> 2,
    type |-> 8,
    from |-> 3,
    shardto |-> 1,
    to |-> 1,
    body |-> [id |-> 1, b |-> 6, tx |-> 1] ],
  [ shardfrom |-> 2,
    type |-> 8,
    from |-> 3,
    shardto |-> 1,
    to |-> 2,
    body |-> [id |-> 1, b |-> 6, tx |-> 1] ],
  [ shardfrom |-> 2,
    type |-> 8,
    from |-> 3,
    shardto |-> 1,
    to |-> 3,
    body |-> [id |-> 1, b |-> 6, tx |-> 1] ],
  [ shardfrom |-> 2,
    type |-> 8,
    from |-> 3,
    shardto |-> 2,
    to |-> 1,
    body |-> [id |-> 1, b |-> 6, tx |-> 1] ],
  [ shardfrom |-> 2,
    type |-> 8,
    from |-> 3,
    shardto |-> 2,
    to |-> 2,
    body |-> [id |-> 1, b |-> 6, tx |-> 1] ],
  [ shardfrom |-> 2,
    type |-> 9,
    from |-> 1,
    shardto |-> 2,
    to |-> 1,
    body |->
        [ id |-> 1,
          b |-> 16,
          tq |-> [id |-> <<0, 0>>, t |-> 0],
          abalq |-> 0,
          txq |-> 1,
          depq |-> {},
          phaseq |-> 1,
          rejectq |-> FALSE,
          Wq |-> {},
          WPq |-> {} ] ],
  [ shardfrom |-> 2,
    type |-> 9,
    from |-> 1,
    shardto |-> 2,
    to |-> 2,
    body |->
        [ id |-> 1,
          b |-> 11,
          tq |-> [id |-> <<0, 0>>, t |-> 0],
          abalq |-> 0,
          txq |-> 1,
          depq |-> {},
          phaseq |-> 1,
          rejectq |-> FALSE,
          Wq |-> {},
          WPq |-> {} ] ],
  [ shardfrom |-> 2,
    type |-> 9,
    from |-> 2,
    shardto |-> 1,
    to |-> 1,
    body |->
        [ id |-> 1,
          b |-> 13,
          tq |-> [id |-> <<2, 2>>, t |-> 0],
          abalq |-> 0,
          txq |-> 1,
          depq |-> {},
          phaseq |-> 2,
          rejectq |-> FALSE,
          Wq |-> {},
          WPq |-> {} ] ],
  [ shardfrom |-> 2,
    type |-> 9,
    from |-> 2,
    shardto |-> 2,
    to |-> 2,
    body |->
        [ id |-> 1,
          b |-> 11,
          tq |-> [id |-> <<2, 2>>, t |-> 0],
          abalq |-> 0,
          txq |-> 1,
          depq |-> {},
          phaseq |-> 2,
          rejectq |-> FALSE,
          Wq |-> {},
          WPq |-> {} ] ],
  [ shardfrom |-> 2,
    type |-> 9,
    from |-> 3,
    shardto |-> 2,
    to |-> 1,
    body |->
        [ id |-> 1,
          b |-> 16,
          tq |-> [id |-> <<2, 2>>, t |-> 0],
          abalq |-> 0,
          txq |-> 1,
          depq |-> {},
          phaseq |-> 2,
          rejectq |-> FALSE,
          Wq |-> {},
          WPq |-> {} ] ],
  [ shardfrom |-> 2,
    type |-> 9,
    from |-> 3,
    shardto |-> 2,
    to |-> 3,
    body |->
        [ id |-> 1,
          b |-> 6,
          tq |-> [id |-> <<2, 2>>, t |-> 0],
          abalq |-> 0,
          txq |-> 1,
          depq |-> {},
          phaseq |-> 2,
          rejectq |-> FALSE,
          Wq |-> {},
          WPq |-> {} ] ] }
/\ Qvar = << <<<<{}, {}>>, <<{}, {}>>, <<{}, {<<1, 2>>, <<1, 3>>}>>>>,
   <<<<{}, {}>>, <<{}, {}>>, <<{}, {}>>>> >>
/\ ts = << << <<[id |-> <<0, 0>>, t |-> 0], [id |-> <<1, 1>>, t |-> 2]>>,
      <<[id |-> <<2, 2>>, t |-> 0], [id |-> <<1, 1>>, t |-> 2]>>,
      <<[id |-> <<0, 0>>, t |-> 0], [id |-> <<1, 1>>, t |-> 2]>> >>,
   << <<[id |-> <<0, 0>>, t |-> 0], [id |-> <<0, 0>>, t |-> 0]>>,
      <<[id |-> <<2, 2>>, t |-> 0], [id |-> <<0, 0>>, t |-> 0]>>,
      <<[id |-> <<2, 2>>, t |-> 0], [id |-> <<0, 0>>, t |-> 0]>> >> >>
/\ TXvar = << <<<<bottom, bottom>>, <<bottom, bottom>>, <<bottom, 2>>>>,
   <<<<bottom, bottom>>, <<bottom, bottom>>, <<bottom, bottom>>>> >>
/\ recovered = <<<<<<1, 1>>, <<1, 1>>, <<1, 1>>>>, <<<<1, 0>>, <<1, 0>>, <<1, 0>>>>>>
/\ initCoord = <<<<2, 2>>, <<1, 1>>>>

State 34: <Next line 769, col 8 to line 774, col 27 of module AccordSpec>
/\ phase = <<<<<<1, 4>>, <<2, 5>>, <<1, 4>>>>, <<<<1, 1>>, <<2, 1>>, <<2, 1>>>>>>
/\ abal = <<<<<<0, 14>>, <<0, 14>>, <<0, 9>>>>, <<<<0, 0>>, <<0, 0>>, <<0, 0>>>>>>
/\ initTimestamp = << [id |-> <<2, 2>>, t |-> 0],
   [id |-> <<1, 1>>, t |-> 2],
   [id |-> <<0, 0>>, t |-> 1] >>
/\ bal = <<<<<<15, 14>>, <<16, 14>>, <<15, 9>>>>, <<<<16, 0>>, <<13, 0>>, <<16, 0>>>>>>
/\ txn = << <<<<0, 2>>, <<1, 2>>, <<0, 2>>>>,
   <<<<1, bottom>>, <<1, bottom>>, <<1, bottom>>>> >>
/\ postWaitingFlag = << <<<<FALSE, FALSE>>, <<FALSE, FALSE>>, <<FALSE, FALSE>>>>,
   <<<<FALSE, FALSE>>, <<FALSE, FALSE>>, <<FALSE, FALSE>>>> >>
/\ Wvar = << <<<<{}, {}>>, <<{}, {}>>, <<{}, {}>>>>,
   <<<<{}, {}>>, <<{}, {}>>, <<{}, {}>>>> >>
/\ dep = << <<<<{}, {1}>>, <<{}, {1}>>, <<{}, {}>>>>,
   <<<<{}, {}>>, <<{}, {}>>, <<{}, {}>>>> >>
/\ recoveryAttemptBal = <<<<<<0, 0>>, <<0, 0>>, <<0, 9>>>>, <<<<0, 0>>, <<0, 0>>, <<0, 0>>>>>>
/\ submitted = {1, 2}
/\ Dvar = << <<<<{}, {}>>, <<{}, {}>>, <<{}, {}>>>>,
   <<<<{}, {}>>, <<{}, {}>>, <<{}, {}>>>> >>
/\ msgs = { [ shardfrom |-> 1,
    type |-> 1,
    from |-> 1,
    shardto |-> 1,
    to |-> 2,
    body |-> [id |-> 2, tx |-> 2, D0 |-> {}] ],
  [ shardfrom |-> 1,
    type |-> 2,
    from |-> 1,
    shardto |-> 1,
    to |-> 1,
    body |-> [id |-> 2, tq |-> [id |-> <<1, 1>>, t |-> 2], Dq |-> {}] ],
  [ shardfrom |-> 1,
    type |-> 2,
    from |-> 2,
    shardto |-> 2,
    to |-> 2,
    body |-> [id |-> 1, tq |-> [id |-> <<2, 2>>, t |-> 0], Dq |-> {}] ],
  [ shardfrom |-> 1,
    type |-> 2,
    from |-> 3,
    shardto |-> 1,
    to |-> 1,
    body |-> [id |-> 2, tq |-> [id |-> <<1, 1>>, t |-> 2], Dq |-> {}] ],
  [ shardfrom |-> 1,
    type |-> 3,
    from |-> 2,
    shardto |-> 1,
    to |-> 3,
    body |->
        [ id |-> 2,
          t |-> [id |-> <<1, 1>>, t |-> 2],
          b |-> 14,
          tx |-> 2,
          D |-> {} ] ],
  [ shardfrom |-> 1,
    type |-> 3,
    from |-> 3,
    shardto |-> 1,
    to |-> 2,
    body |->
        [ id |-> 2,
          t |-> [id |-> <<1, 1>>, t |-> 2],
          b |-> 9,
          tx |-> 2,
          D |-> {} ] ],
  [ shardfrom |-> 1,
    type |-> 5,
    from |-> 2,
    shardto |-> 1,
    to |-> 3,
    body |->
        [ id |-> 2,
          t |-> [id |-> <<1, 1>>, t |-> 2],
          b |-> 14,
          tx |-> 2,
          D |-> {1},
          fastOrSlow |-> 1 ] ],
  [ shardfrom |-> 1,
    type |-> 5,
    from |-> 3,
    shardto |-> 1,
    to |-> 1,
    body |->
        [ id |-> 2,
          t |-> [id |-> <<1, 1>>, t |-> 2],
          b |-> 9,
          tx |-> 2,
          D |-> {},
          fastOrSlow |-> 1 ] ],
  [ shardfrom |-> 1,
    type |-> 5,
    from |-> 3,
    shardto |-> 1,
    to |-> 2,
    body |->
        [ id |-> 2,
          t |-> [id |-> <<1, 1>>, t |-> 2],
          b |-> 9,
          tx |-> 2,
          D |-> {},
          fastOrSlow |-> 1 ] ],
  [ shardfrom |-> 1,
    type |-> 6,
    from |-> 3,
    shardto |-> 1,
    to |-> 3,
    body |-> [id |-> 2, b |-> 9] ],
  [ shardfrom |-> 1,
    type |-> 7,
    from |-> 2,
    shardto |-> 1,
    to |-> 1,
    body |-> [id |-> 2, b |-> 14] ],
  [ shardfrom |-> 1,
    type |-> 7,
    from |-> 2,
    shardto |-> 1,
    to |-> 3,
    body |-> [id |-> 2, b |-> 14] ],
  [ shardfrom |-> 1,
    type |-> 8,
    from |-> 1,
    shardto |-> 1,
    to |-> 2,
    body |-> [id |-> 1, b |-> 13, tx |-> 0] ],
  [ shardfrom |-> 1,
    type |-> 8,
    from |-> 1,
    shardto |-> 1,
    to |-> 2,
    body |-> [id |-> 2, b |-> 7, tx |-> 2] ],
  [ shardfrom |-> 1,
    type |-> 8,
    from |-> 1,
    shardto |-> 1,
    to |-> 3,
    body |-> [id |-> 2, b |-> 7, tx |-> 2] ],
  [ shardfrom |-> 1,
    type |-> 8,
    from |-> 1,
    shardto |-> 2,
    to |-> 1,
    body |-> [id |-> 1, b |-> 13, tx |-> 0] ],
  [ shardfrom |-> 1,
    type |-> 8,
    from |-> 1,
    shardto |-> 2,
    to |-> 3,
    body |-> [id |-> 1, b |-> 13, tx |-> 0] ],
  [ shardfrom |-> 1,
    type |-> 8,
    from |-> 2,
    shardto |-> 1,
    to |-> 1,
    body |-> [id |-> 1, b |-> 8, tx |-> 1] ],
  [ shardfrom |-> 1,
    type |-> 8,
    from |-> 2,
    shardto |-> 1,
    to |-> 3,
    body |-> [id |-> 1, b |-> 8, tx |-> 1] ],
  [ shardfrom |-> 1,
    type |-> 8,
    from |-> 2,
    shardto |-> 1,
    to |-> 3,
    body |-> [id |-> 2, b |-> 14, tx |-> 0] ],
  [ shardfrom |-> 1,
    type |-> 8,
    from |-> 2,
    shardto |-> 2,
    to |-> 1,
    body |-> [id |-> 1, b |-> 8, tx |-> 1] ],
  [ shardfrom |-> 1,
    type |-> 8,
    from |-> 2,
    shardto |-> 2,
    to |-> 2,
    body |-> [id |-> 1, b |-> 8, tx |-> 1] ],
  [ shardfrom |-> 1,
    type |-> 8,
    from |-> 2,
    shardto |-> 2,
    to |-> 3,
    body |-> [id |-> 1, b |-> 8, tx |-> 1] ],
  [ shardfrom |-> 1,
    type |-> 8,
    from |-> 3,
    shardto |-> 1,
    to |-> 1,
    body |-> [id |-> 2, b |-> 9, tx |-> 2] ],
  [ shardfrom |-> 1,
    type |-> 8,
    from |-> 3,
    shardto |-> 2,
    to |-> 1,
    body |-> [id |-> 1, b |-> 15, tx |-> 0] ],
  [ shardfrom |-> 1,
    type |-> 8,
    from |-> 3,
    shardto |-> 2,
    to |-> 2,
    body |-> [id |-> 1, b |-> 15, tx |-> 0] ],
  [ shardfrom |-> 1,
    type |-> 8,
    from |-> 3,
    shardto |-> 2,
    to |-> 3,
    body |-> [id |-> 1, b |-> 15, tx |-> 0] ],
  [ shardfrom |-> 1,
    type |-> 9,
    from |-> 1,
    shardto |-> 1,
    to |-> 1,
    body |->
        [ id |-> 1,
          b |-> 13,
          tq |-> [id |-> <<0, 0>>, t |-> 0],
          abalq |-> 0,
          txq |-> 1,
          depq |-> {},
          phaseq |-> 1,
          rejectq |-> TRUE,
          Wq |-> {},
          WPq |-> {} ] ],
  [ shardfrom |-> 1,
    type |-> 9,
    from |-> 1,
    shardto |-> 1,
    to |-> 1,
    body |->
        [ id |-> 2,
          b |-> 7,
          tq |-> [id |-> <<1, 1>>, t |-> 2],
          abalq |-> 0,
          txq |-> 2,
          depq |-> {},
          phaseq |-> 2,
          rejectq |-> FALSE,
          Wq |-> {},
          WPq |-> {} ] ],
  [ shardfrom |-> 1,
    type |-> 9,
    from |-> 1,
    shardto |-> 1,
    to |-> 3,
    body |->
        [ id |-> 1,
          b |-> 15,
          tq |-> [id |-> <<0, 0>>, t |-> 0],
          abalq |-> 0,
          txq |-> 0,
          depq |-> {},
          phaseq |-> 1,
          rejectq |-> FALSE,
          Wq |-> {},
          WPq |-> {} ] ],
  [ shardfrom |-> 1,
    type |-> 9,
    from |-> 1,
    shardto |-> 2,
    to |-> 2,
    body |->
        [ id |-> 1,
          b |-> 11,
          tq |-> [id |-> <<0, 0>>, t |-> 0],
          abalq |-> 0,
          txq |-> 1,
          depq |-> {},
          phaseq |-> 1,
          rejectq |-> TRUE,
          Wq |-> {},
          WPq |-> {} ] ],
  [ shardfrom |-> 1,
    type |-> 9,
    from |-> 2,
    shardto |-> 1,
    to |-> 2,
    body |->
        [ id |-> 1,
          b |-> 8,
          tq |-> [id |-> <<2, 2>>, t |-> 0],
          abalq |-> 0,
          txq |-> 1,
          depq |-> {},
          phaseq |-> 2,
          rejectq |-> TRUE,
          Wq |-> {},
          WPq |-> {} ] ],
  [ shardfrom |-> 1,
    type |-> 9,
    from |-> 2,
    shardto |-> 1,
    to |-> 3,
    body |->
        [ id |-> 1,
          b |-> 15,
          tq |-> [id |-> <<2, 2>>, t |-> 0],
          abalq |-> 0,
          txq |-> 1,
          depq |-> {},
          phaseq |-> 2,
          rejectq |-> FALSE,
          Wq |-> {},
          WPq |-> {} ] ],
  [ shardfrom |-> 1,
    type |-> 9,
    from |-> 2,
    shardto |-> 2,
    to |-> 1,
    body |->
        [ id |-> 1,
          b |-> 16,
          tq |-> [id |-> <<2, 2>>, t |-> 0],
          abalq |-> 0,
          txq |-> 1,
          depq |-> {},
          phaseq |-> 2,
          rejectq |-> FALSE,
          Wq |-> {},
          WPq |-> {} ] ],
  [ shardfrom |-> 1,
    type |-> 9,
    from |-> 3,
    shardto |-> 1,
    to |-> 1,
    body |->
        [ id |-> 1,
          b |-> 13,
          tq |-> [id |-> <<0, 0>>, t |-> 0],
          abalq |-> 0,
          txq |-> 0,
          depq |-> {},
          phaseq |-> 1,
          rejectq |-> TRUE,
          Wq |-> {},
          WPq |-> {} ] ],
  [ shardfrom |-> 1,
    type |-> 9,
    from |-> 3,
    shardto |-> 1,
    to |-> 3,
    body |->
        [ id |-> 1,
          b |-> 15,
          tq |-> [id |-> <<0, 0>>, t |-> 0],
          abalq |-> 0,
          txq |-> 0,
          depq |-> {},
          phaseq |-> 1,
          rejectq |-> TRUE,
          Wq |-> {},
          WPq |-> {} ] ],
  [ shardfrom |-> 2,
    type |-> 1,
    from |-> 2,
    shardto |-> 1,
    to |-> 1,
    body |-> [id |-> 1, tx |-> 1, D0 |-> {}] ],
  [ shardfrom |-> 2,
    type |-> 1,
    from |-> 2,
    shardto |-> 1,
    to |-> 3,
    body |-> [id |-> 1, tx |-> 1, D0 |-> {}] ],
  [ shardfrom |-> 2,
    type |-> 1,
    from |-> 2,
    shardto |-> 2,
    to |-> 1,
    body |-> [id |-> 1, tx |-> 1, D0 |-> {}] ],
  [ shardfrom |-> 2,
    type |-> 2,
    from |-> 2,
    shardto |-> 2,
    to |-> 2,
    body |-> [id |-> 1, tq |-> [id |-> <<2, 2>>, t |-> 0], Dq |-> {}] ],
  [ shardfrom |-> 2,
    type |-> 2,
    from |-> 3,
    shardto |-> 2,
    to |-> 2,
    body |-> [id |-> 1, tq |-> [id |-> <<2, 2>>, t |-> 0], Dq |-> {}] ],
  [ shardfrom |-> 2,
    type |-> 8,
    from |-> 1,
    shardto |-> 1,
    to |-> 1,
    body |-> [id |-> 1, b |-> 16, tx |-> 0] ],
  [ shardfrom |-> 2,
    type |-> 8,
    from |-> 1,
    shardto |-> 1,
    to |-> 3,
    body |-> [id |-> 1, b |-> 16, tx |-> 0] ],
  [ shardfrom |-> 2,
    type |-> 8,
    from |-> 1,
    shardto |-> 2,
    to |-> 2,
    body |-> [id |-> 1, b |-> 16, tx |-> 0] ],
  [ shardfrom |-> 2,
    type |-> 8,
    from |-> 2,
    shardto |-> 1,
    to |-> 2,
    body |-> [id |-> 1, b |-> 11, tx |-> 1] ],
  [ shardfrom |-> 2,
    type |-> 8,
    from |-> 2,
    shardto |-> 1,
    to |-> 3,
    body |-> [id |-> 1, b |-> 11, tx |-> 1] ],
  [ shardfrom |-> 2,
    type |-> 8,
    from |-> 2,
    shardto |-> 2,
    to |-> 3,
    body |-> [id |-> 1, b |-> 11, tx |-> 1] ],
  [ shardfrom |-> 2,
    type |-> 8,
    from |-> 3,
    shardto |-> 1,
    to |-> 1,
    body |-> [id |-> 1, b |-> 6, tx |-> 1] ],
  [ shardfrom |-> 2,
    type |-> 8,
    from |-> 3,
    shardto |-> 1,
    to |-> 2,
    body |-> [id |-> 1, b |-> 6, tx |-> 1] ],
  [ shardfrom |-> 2,
    type |-> 8,
    from |-> 3,
    shardto |-> 1,
    to |-> 3,
    body |-> [id |-> 1, b |-> 6, tx |-> 1] ],
  [ shardfrom |-> 2,
    type |-> 8,
    from |-> 3,
    shardto |-> 2,
    to |-> 1,
    body |-> [id |-> 1, b |-> 6, tx |-> 1] ],
  [ shardfrom |-> 2,
    type |-> 8,
    from |-> 3,
    shardto |-> 2,
    to |-> 2,
    body |-> [id |-> 1, b |-> 6, tx |-> 1] ],
  [ shardfrom |-> 2,
    type |-> 9,
    from |-> 1,
    shardto |-> 2,
    to |-> 1,
    body |->
        [ id |-> 1,
          b |-> 16,
          tq |-> [id |-> <<0, 0>>, t |-> 0],
          abalq |-> 0,
          txq |-> 1,
          depq |-> {},
          phaseq |-> 1,
          rejectq |-> FALSE,
          Wq |-> {},
          WPq |-> {} ] ],
  [ shardfrom |-> 2,
    type |-> 9,
    from |-> 1,
    shardto |-> 2,
    to |-> 2,
    body |->
        [ id |-> 1,
          b |-> 11,
          tq |-> [id |-> <<0, 0>>, t |-> 0],
          abalq |-> 0,
          txq |-> 1,
          depq |-> {},
          phaseq |-> 1,
          rejectq |-> FALSE,
          Wq |-> {},
          WPq |-> {} ] ],
  [ shardfrom |-> 2,
    type |-> 9,
    from |-> 2,
    shardto |-> 1,
    to |-> 1,
    body |->
        [ id |-> 1,
          b |-> 13,
          tq |-> [id |-> <<2, 2>>, t |-> 0],
          abalq |-> 0,
          txq |-> 1,
          depq |-> {},
          phaseq |-> 2,
          rejectq |-> FALSE,
          Wq |-> {},
          WPq |-> {} ] ],
  [ shardfrom |-> 2,
    type |-> 9,
    from |-> 2,
    shardto |-> 2,
    to |-> 2,
    body |->
        [ id |-> 1,
          b |-> 11,
          tq |-> [id |-> <<2, 2>>, t |-> 0],
          abalq |-> 0,
          txq |-> 1,
          depq |-> {},
          phaseq |-> 2,
          rejectq |-> FALSE,
          Wq |-> {},
          WPq |-> {} ] ],
  [ shardfrom |-> 2,
    type |-> 9,
    from |-> 3,
    shardto |-> 2,
    to |-> 1,
    body |->
        [ id |-> 1,
          b |-> 16,
          tq |-> [id |-> <<2, 2>>, t |-> 0],
          abalq |-> 0,
          txq |-> 1,
          depq |-> {},
          phaseq |-> 2,
          rejectq |-> FALSE,
          Wq |-> {},
          WPq |-> {} ] ],
  [ shardfrom |-> 2,
    type |-> 9,
    from |-> 3,
    shardto |-> 2,
    to |-> 3,
    body |->
        [ id |-> 1,
          b |-> 6,
          tq |-> [id |-> <<2, 2>>, t |-> 0],
          abalq |-> 0,
          txq |-> 1,
          depq |-> {},
          phaseq |-> 2,
          rejectq |-> FALSE,
          Wq |-> {},
          WPq |-> {} ] ] }
/\ Qvar = << <<<<{}, {}>>, <<{}, {}>>, <<{}, {<<1, 2>>, <<1, 3>>}>>>>,
   <<<<{}, {}>>, <<{}, {}>>, <<{}, {}>>>> >>
/\ ts = << << <<[id |-> <<0, 0>>, t |-> 0], [id |-> <<1, 1>>, t |-> 2]>>,
      <<[id |-> <<2, 2>>, t |-> 0], [id |-> <<1, 1>>, t |-> 2]>>,
      <<[id |-> <<0, 0>>, t |-> 0], [id |-> <<1, 1>>, t |-> 2]>> >>,
   << <<[id |-> <<0, 0>>, t |-> 0], [id |-> <<0, 0>>, t |-> 0]>>,
      <<[id |-> <<2, 2>>, t |-> 0], [id |-> <<0, 0>>, t |-> 0]>>,
      <<[id |-> <<2, 2>>, t |-> 0], [id |-> <<0, 0>>, t |-> 0]>> >> >>
/\ TXvar = << <<<<bottom, bottom>>, <<bottom, bottom>>, <<bottom, 2>>>>,
   <<<<bottom, bottom>>, <<bottom, bottom>>, <<bottom, bottom>>>> >>
/\ recovered = <<<<<<1, 1>>, <<1, 1>>, <<1, 1>>>>, <<<<1, 0>>, <<1, 0>>, <<1, 0>>>>>>
/\ initCoord = <<<<2, 2>>, <<1, 1>>>>

State 35: <Next line 769, col 8 to line 774, col 27 of module AccordSpec>
/\ phase = <<<<<<1, 5>>, <<2, 5>>, <<1, 4>>>>, <<<<1, 1>>, <<2, 1>>, <<2, 1>>>>>>
/\ abal = <<<<<<0, 14>>, <<0, 14>>, <<0, 9>>>>, <<<<0, 0>>, <<0, 0>>, <<0, 0>>>>>>
/\ initTimestamp = << [id |-> <<2, 2>>, t |-> 0],
   [id |-> <<1, 1>>, t |-> 2],
   [id |-> <<0, 0>>, t |-> 1] >>
/\ bal = <<<<<<15, 14>>, <<16, 14>>, <<15, 9>>>>, <<<<16, 0>>, <<13, 0>>, <<16, 0>>>>>>
/\ txn = << <<<<0, 2>>, <<1, 2>>, <<0, 2>>>>,
   <<<<1, bottom>>, <<1, bottom>>, <<1, bottom>>>> >>
/\ postWaitingFlag = << <<<<FALSE, FALSE>>, <<FALSE, FALSE>>, <<FALSE, FALSE>>>>,
   <<<<FALSE, FALSE>>, <<FALSE, FALSE>>, <<FALSE, FALSE>>>> >>
/\ Wvar = << <<<<{}, {}>>, <<{}, {}>>, <<{}, {}>>>>,
   <<<<{}, {}>>, <<{}, {}>>, <<{}, {}>>>> >>
/\ dep = << <<<<{}, {1}>>, <<{}, {1}>>, <<{}, {}>>>>,
   <<<<{}, {}>>, <<{}, {}>>, <<{}, {}>>>> >>
/\ recoveryAttemptBal = <<<<<<0, 0>>, <<0, 0>>, <<0, 9>>>>, <<<<0, 0>>, <<0, 0>>, <<0, 0>>>>>>
/\ submitted = {1, 2}
/\ Dvar = << <<<<{}, {}>>, <<{}, {}>>, <<{}, {}>>>>,
   <<<<{}, {}>>, <<{}, {}>>, <<{}, {}>>>> >>
/\ msgs = { [ shardfrom |-> 1,
    type |-> 1,
    from |-> 1,
    shardto |-> 1,
    to |-> 2,
    body |-> [id |-> 2, tx |-> 2, D0 |-> {}] ],
  [ shardfrom |-> 1,
    type |-> 2,
    from |-> 1,
    shardto |-> 1,
    to |-> 1,
    body |-> [id |-> 2, tq |-> [id |-> <<1, 1>>, t |-> 2], Dq |-> {}] ],
  [ shardfrom |-> 1,
    type |-> 2,
    from |-> 2,
    shardto |-> 2,
    to |-> 2,
    body |-> [id |-> 1, tq |-> [id |-> <<2, 2>>, t |-> 0], Dq |-> {}] ],
  [ shardfrom |-> 1,
    type |-> 2,
    from |-> 3,
    shardto |-> 1,
    to |-> 1,
    body |-> [id |-> 2, tq |-> [id |-> <<1, 1>>, t |-> 2], Dq |-> {}] ],
  [ shardfrom |-> 1,
    type |-> 3,
    from |-> 2,
    shardto |-> 1,
    to |-> 3,
    body |->
        [ id |-> 2,
          t |-> [id |-> <<1, 1>>, t |-> 2],
          b |-> 14,
          tx |-> 2,
          D |-> {} ] ],
  [ shardfrom |-> 1,
    type |-> 3,
    from |-> 3,
    shardto |-> 1,
    to |-> 2,
    body |->
        [ id |-> 2,
          t |-> [id |-> <<1, 1>>, t |-> 2],
          b |-> 9,
          tx |-> 2,
          D |-> {} ] ],
  [ shardfrom |-> 1,
    type |-> 5,
    from |-> 2,
    shardto |-> 1,
    to |-> 3,
    body |->
        [ id |-> 2,
          t |-> [id |-> <<1, 1>>, t |-> 2],
          b |-> 14,
          tx |-> 2,
          D |-> {1},
          fastOrSlow |-> 1 ] ],
  [ shardfrom |-> 1,
    type |-> 5,
    from |-> 3,
    shardto |-> 1,
    to |-> 1,
    body |->
        [ id |-> 2,
          t |-> [id |-> <<1, 1>>, t |-> 2],
          b |-> 9,
          tx |-> 2,
          D |-> {},
          fastOrSlow |-> 1 ] ],
  [ shardfrom |-> 1,
    type |-> 5,
    from |-> 3,
    shardto |-> 1,
    to |-> 2,
    body |->
        [ id |-> 2,
          t |-> [id |-> <<1, 1>>, t |-> 2],
          b |-> 9,
          tx |-> 2,
          D |-> {},
          fastOrSlow |-> 1 ] ],
  [ shardfrom |-> 1,
    type |-> 6,
    from |-> 3,
    shardto |-> 1,
    to |-> 3,
    body |-> [id |-> 2, b |-> 9] ],
  [ shardfrom |-> 1,
    type |-> 7,
    from |-> 2,
    shardto |-> 1,
    to |-> 3,
    body |-> [id |-> 2, b |-> 14] ],
  [ shardfrom |-> 1,
    type |-> 8,
    from |-> 1,
    shardto |-> 1,
    to |-> 2,
    body |-> [id |-> 1, b |-> 13, tx |-> 0] ],
  [ shardfrom |-> 1,
    type |-> 8,
    from |-> 1,
    shardto |-> 1,
    to |-> 2,
    body |-> [id |-> 2, b |-> 7, tx |-> 2] ],
  [ shardfrom |-> 1,
    type |-> 8,
    from |-> 1,
    shardto |-> 1,
    to |-> 3,
    body |-> [id |-> 2, b |-> 7, tx |-> 2] ],
  [ shardfrom |-> 1,
    type |-> 8,
    from |-> 1,
    shardto |-> 2,
    to |-> 1,
    body |-> [id |-> 1, b |-> 13, tx |-> 0] ],
  [ shardfrom |-> 1,
    type |-> 8,
    from |-> 1,
    shardto |-> 2,
    to |-> 3,
    body |-> [id |-> 1, b |-> 13, tx |-> 0] ],
  [ shardfrom |-> 1,
    type |-> 8,
    from |-> 2,
    shardto |-> 1,
    to |-> 1,
    body |-> [id |-> 1, b |-> 8, tx |-> 1] ],
  [ shardfrom |-> 1,
    type |-> 8,
    from |-> 2,
    shardto |-> 1,
    to |-> 3,
    body |-> [id |-> 1, b |-> 8, tx |-> 1] ],
  [ shardfrom |-> 1,
    type |-> 8,
    from |-> 2,
    shardto |-> 1,
    to |-> 3,
    body |-> [id |-> 2, b |-> 14, tx |-> 0] ],
  [ shardfrom |-> 1,
    type |-> 8,
    from |-> 2,
    shardto |-> 2,
    to |-> 1,
    body |-> [id |-> 1, b |-> 8, tx |-> 1] ],
  [ shardfrom |-> 1,
    type |-> 8,
    from |-> 2,
    shardto |-> 2,
    to |-> 2,
    body |-> [id |-> 1, b |-> 8, tx |-> 1] ],
  [ shardfrom |-> 1,
    type |-> 8,
    from |-> 2,
    shardto |-> 2,
    to |-> 3,
    body |-> [id |-> 1, b |-> 8, tx |-> 1] ],
  [ shardfrom |-> 1,
    type |-> 8,
    from |-> 3,
    shardto |-> 1,
    to |-> 1,
    body |-> [id |-> 2, b |-> 9, tx |-> 2] ],
  [ shardfrom |-> 1,
    type |-> 8,
    from |-> 3,
    shardto |-> 2,
    to |-> 1,
    body |-> [id |-> 1, b |-> 15, tx |-> 0] ],
  [ shardfrom |-> 1,
    type |-> 8,
    from |-> 3,
    shardto |-> 2,
    to |-> 2,
    body |-> [id |-> 1, b |-> 15, tx |-> 0] ],
  [ shardfrom |-> 1,
    type |-> 8,
    from |-> 3,
    shardto |-> 2,
    to |-> 3,
    body |-> [id |-> 1, b |-> 15, tx |-> 0] ],
  [ shardfrom |-> 1,
    type |-> 9,
    from |-> 1,
    shardto |-> 1,
    to |-> 1,
    body |->
        [ id |-> 1,
          b |-> 13,
          tq |-> [id |-> <<0, 0>>, t |-> 0],
          abalq |-> 0,
          txq |-> 1,
          depq |-> {},
          phaseq |-> 1,
          rejectq |-> TRUE,
          Wq |-> {},
          WPq |-> {} ] ],
  [ shardfrom |-> 1,
    type |-> 9,
    from |-> 1,
    shardto |-> 1,
    to |-> 1,
    body |->
        [ id |-> 2,
          b |-> 7,
          tq |-> [id |-> <<1, 1>>, t |-> 2],
          abalq |-> 0,
          txq |-> 2,
          depq |-> {},
          phaseq |-> 2,
          rejectq |-> FALSE,
          Wq |-> {},
          WPq |-> {} ] ],
  [ shardfrom |-> 1,
    type |-> 9,
    from |-> 1,
    shardto |-> 1,
    to |-> 3,
    body |->
        [ id |-> 1,
          b |-> 15,
          tq |-> [id |-> <<0, 0>>, t |-> 0],
          abalq |-> 0,
          txq |-> 0,
          depq |-> {},
          phaseq |-> 1,
          rejectq |-> FALSE,
          Wq |-> {},
          WPq |-> {} ] ],
  [ shardfrom |-> 1,
    type |-> 9,
    from |-> 1,
    shardto |-> 2,
    to |-> 2,
    body |->
        [ id |-> 1,
          b |-> 11,
          tq |-> [id |-> <<0, 0>>, t |-> 0],
          abalq |-> 0,
          txq |-> 1,
          depq |-> {},
          phaseq |-> 1,
          rejectq |-> TRUE,
          Wq |-> {},
          WPq |-> {} ] ],
  [ shardfrom |-> 1,
    type |-> 9,
    from |-> 2,
    shardto |-> 1,
    to |-> 2,
    body |->
        [ id |-> 1,
          b |-> 8,
          tq |-> [id |-> <<2, 2>>, t |-> 0],
          abalq |-> 0,
          txq |-> 1,
          depq |-> {},
          phaseq |-> 2,
          rejectq |-> TRUE,
          Wq |-> {},
          WPq |-> {} ] ],
  [ shardfrom |-> 1,
    type |-> 9,
    from |-> 2,
    shardto |-> 1,
    to |-> 3,
    body |->
        [ id |-> 1,
          b |-> 15,
          tq |-> [id |-> <<2, 2>>, t |-> 0],
          abalq |-> 0,
          txq |-> 1,
          depq |-> {},
          phaseq |-> 2,
          rejectq |-> FALSE,
          Wq |-> {},
          WPq |-> {} ] ],
  [ shardfrom |-> 1,
    type |-> 9,
    from |-> 2,
    shardto |-> 2,
    to |-> 1,
    body |->
        [ id |-> 1,
          b |-> 16,
          tq |-> [id |-> <<2, 2>>, t |-> 0],
          abalq |-> 0,
          txq |-> 1,
          depq |-> {},
          phaseq |-> 2,
          rejectq |-> FALSE,
          Wq |-> {},
          WPq |-> {} ] ],
  [ shardfrom |-> 1,
    type |-> 9,
    from |-> 3,
    shardto |-> 1,
    to |-> 1,
    body |->
        [ id |-> 1,
          b |-> 13,
          tq |-> [id |-> <<0, 0>>, t |-> 0],
          abalq |-> 0,
          txq |-> 0,
          depq |-> {},
          phaseq |-> 1,
          rejectq |-> TRUE,
          Wq |-> {},
          WPq |-> {} ] ],
  [ shardfrom |-> 1,
    type |-> 9,
    from |-> 3,
    shardto |-> 1,
    to |-> 3,
    body |->
        [ id |-> 1,
          b |-> 15,
          tq |-> [id |-> <<0, 0>>, t |-> 0],
          abalq |-> 0,
          txq |-> 0,
          depq |-> {},
          phaseq |-> 1,
          rejectq |-> TRUE,
          Wq |-> {},
          WPq |-> {} ] ],
  [ shardfrom |-> 2,
    type |-> 1,
    from |-> 2,
    shardto |-> 1,
    to |-> 1,
    body |-> [id |-> 1, tx |-> 1, D0 |-> {}] ],
  [ shardfrom |-> 2,
    type |-> 1,
    from |-> 2,
    shardto |-> 1,
    to |-> 3,
    body |-> [id |-> 1, tx |-> 1, D0 |-> {}] ],
  [ shardfrom |-> 2,
    type |-> 1,
    from |-> 2,
    shardto |-> 2,
    to |-> 1,
    body |-> [id |-> 1, tx |-> 1, D0 |-> {}] ],
  [ shardfrom |-> 2,
    type |-> 2,
    from |-> 2,
    shardto |-> 2,
    to |-> 2,
    body |-> [id |-> 1, tq |-> [id |-> <<2, 2>>, t |-> 0], Dq |-> {}] ],
  [ shardfrom |-> 2,
    type |-> 2,
    from |-> 3,
    shardto |-> 2,
    to |-> 2,
    body |-> [id |-> 1, tq |-> [id |-> <<2, 2>>, t |-> 0], Dq |-> {}] ],
  [ shardfrom |-> 2,
    type |-> 8,
    from |-> 1,
    shardto |-> 1,
    to |-> 1,
    body |-> [id |-> 1, b |-> 16, tx |-> 0] ],
  [ shardfrom |-> 2,
    type |-> 8,
    from |-> 1,
    shardto |-> 1,
    to |-> 3,
    body |-> [id |-> 1, b |-> 16, tx |-> 0] ],
  [ shardfrom |-> 2,
    type |-> 8,
    from |-> 1,
    shardto |-> 2,
    to |-> 2,
    body |-> [id |-> 1, b |-> 16, tx |-> 0] ],
  [ shardfrom |-> 2,
    type |-> 8,
    from |-> 2,
    shardto |-> 1,
    to |-> 2,
    body |-> [id |-> 1, b |-> 11, tx |-> 1] ],
  [ shardfrom |-> 2,
    type |-> 8,
    from |-> 2,
    shardto |-> 1,
    to |-> 3,
    body |-> [id |-> 1, b |-> 11, tx |-> 1] ],
  [ shardfrom |-> 2,
    type |-> 8,
    from |-> 2,
    shardto |-> 2,
    to |-> 3,
    body |-> [id |-> 1, b |-> 11, tx |-> 1] ],
  [ shardfrom |-> 2,
    type |-> 8,
    from |-> 3,
    shardto |-> 1,
    to |-> 1,
    body |-> [id |-> 1, b |-> 6, tx |-> 1] ],
  [ shardfrom |-> 2,
    type |-> 8,
    from |-> 3,
    shardto |-> 1,
    to |-> 2,
    body |-> [id |-> 1, b |-> 6, tx |-> 1] ],
  [ shardfrom |-> 2,
    type |-> 8,
    from |-> 3,
    shardto |-> 1,
    to |-> 3,
    body |-> [id |-> 1, b |-> 6, tx |-> 1] ],
  [ shardfrom |-> 2,
    type |-> 8,
    from |-> 3,
    shardto |-> 2,
    to |-> 1,
    body |-> [id |-> 1, b |-> 6, tx |-> 1] ],
  [ shardfrom |-> 2,
    type |-> 8,
    from |-> 3,
    shardto |-> 2,
    to |-> 2,
    body |-> [id |-> 1, b |-> 6, tx |-> 1] ],
  [ shardfrom |-> 2,
    type |-> 9,
    from |-> 1,
    shardto |-> 2,
    to |-> 1,
    body |->
        [ id |-> 1,
          b |-> 16,
          tq |-> [id |-> <<0, 0>>, t |-> 0],
          abalq |-> 0,
          txq |-> 1,
          depq |-> {},
          phaseq |-> 1,
          rejectq |-> FALSE,
          Wq |-> {},
          WPq |-> {} ] ],
  [ shardfrom |-> 2,
    type |-> 9,
    from |-> 1,
    shardto |-> 2,
    to |-> 2,
    body |->
        [ id |-> 1,
          b |-> 11,
          tq |-> [id |-> <<0, 0>>, t |-> 0],
          abalq |-> 0,
          txq |-> 1,
          depq |-> {},
          phaseq |-> 1,
          rejectq |-> FALSE,
          Wq |-> {},
          WPq |-> {} ] ],
  [ shardfrom |-> 2,
    type |-> 9,
    from |-> 2,
    shardto |-> 1,
    to |-> 1,
    body |->
        [ id |-> 1,
          b |-> 13,
          tq |-> [id |-> <<2, 2>>, t |-> 0],
          abalq |-> 0,
          txq |-> 1,
          depq |-> {},
          phaseq |-> 2,
          rejectq |-> FALSE,
          Wq |-> {},
          WPq |-> {} ] ],
  [ shardfrom |-> 2,
    type |-> 9,
    from |-> 2,
    shardto |-> 2,
    to |-> 2,
    body |->
        [ id |-> 1,
          b |-> 11,
          tq |-> [id |-> <<2, 2>>, t |-> 0],
          abalq |-> 0,
          txq |-> 1,
          depq |-> {},
          phaseq |-> 2,
          rejectq |-> FALSE,
          Wq |-> {},
          WPq |-> {} ] ],
  [ shardfrom |-> 2,
    type |-> 9,
    from |-> 3,
    shardto |-> 2,
    to |-> 1,
    body |->
        [ id |-> 1,
          b |-> 16,
          tq |-> [id |-> <<2, 2>>, t |-> 0],
          abalq |-> 0,
          txq |-> 1,
          depq |-> {},
          phaseq |-> 2,
          rejectq |-> FALSE,
          Wq |-> {},
          WPq |-> {} ] ],
  [ shardfrom |-> 2,
    type |-> 9,
    from |-> 3,
    shardto |-> 2,
    to |-> 3,
    body |->
        [ id |-> 1,
          b |-> 6,
          tq |-> [id |-> <<2, 2>>, t |-> 0],
          abalq |-> 0,
          txq |-> 1,
          depq |-> {},
          phaseq |-> 2,
          rejectq |-> FALSE,
          Wq |-> {},
          WPq |-> {} ] ] }
/\ Qvar = << <<<<{}, {}>>, <<{}, {}>>, <<{}, {<<1, 2>>, <<1, 3>>}>>>>,
   <<<<{}, {}>>, <<{}, {}>>, <<{}, {}>>>> >>
/\ ts = << << <<[id |-> <<0, 0>>, t |-> 0], [id |-> <<1, 1>>, t |-> 2]>>,
      <<[id |-> <<2, 2>>, t |-> 0], [id |-> <<1, 1>>, t |-> 2]>>,
      <<[id |-> <<0, 0>>, t |-> 0], [id |-> <<1, 1>>, t |-> 2]>> >>,
   << <<[id |-> <<0, 0>>, t |-> 0], [id |-> <<0, 0>>, t |-> 0]>>,
      <<[id |-> <<2, 2>>, t |-> 0], [id |-> <<0, 0>>, t |-> 0]>>,
      <<[id |-> <<2, 2>>, t |-> 0], [id |-> <<0, 0>>, t |-> 0]>> >> >>
/\ TXvar = << <<<<bottom, bottom>>, <<bottom, bottom>>, <<bottom, 2>>>>,
   <<<<bottom, bottom>>, <<bottom, bottom>>, <<bottom, bottom>>>> >>
/\ recovered = <<<<<<1, 1>>, <<1, 1>>, <<1, 1>>>>, <<<<1, 0>>, <<1, 0>>, <<1, 0>>>>>>
/\ initCoord = <<<<2, 2>>, <<1, 1>>>>

State 36: <Next line 769, col 8 to line 774, col 27 of module AccordSpec>
/\ phase = <<<<<<1, 5>>, <<2, 5>>, <<1, 4>>>>, <<<<1, 1>>, <<2, 1>>, <<2, 1>>>>>>
/\ abal = <<<<<<0, 14>>, <<0, 14>>, <<0, 9>>>>, <<<<0, 0>>, <<0, 0>>, <<0, 0>>>>>>
/\ initTimestamp = << [id |-> <<2, 2>>, t |-> 0],
   [id |-> <<1, 1>>, t |-> 2],
   [id |-> <<0, 0>>, t |-> 1] >>
/\ bal = <<<<<<16, 14>>, <<16, 14>>, <<15, 9>>>>, <<<<16, 0>>, <<13, 0>>, <<16, 0>>>>>>
/\ txn = << <<<<0, 2>>, <<1, 2>>, <<0, 2>>>>,
   <<<<1, bottom>>, <<1, bottom>>, <<1, bottom>>>> >>
/\ postWaitingFlag = << <<<<FALSE, FALSE>>, <<FALSE, FALSE>>, <<FALSE, FALSE>>>>,
   <<<<FALSE, FALSE>>, <<FALSE, FALSE>>, <<FALSE, FALSE>>>> >>
/\ Wvar = << <<<<{}, {}>>, <<{}, {}>>, <<{}, {}>>>>,
   <<<<{}, {}>>, <<{}, {}>>, <<{}, {}>>>> >>
/\ dep = << <<<<{}, {1}>>, <<{}, {1}>>, <<{}, {}>>>>,
   <<<<{}, {}>>, <<{}, {}>>, <<{}, {}>>>> >>
/\ recoveryAttemptBal = <<<<<<0, 0>>, <<0, 0>>, <<0, 9>>>>, <<<<0, 0>>, <<0, 0>>, <<0, 0>>>>>>
/\ submitted = {1, 2}
/\ Dvar = << <<<<{}, {}>>, <<{}, {}>>, <<{}, {}>>>>,
   <<<<{}, {}>>, <<{}, {}>>, <<{}, {}>>>> >>
/\ msgs = { [ shardfrom |-> 1,
    type |-> 1,
    from |-> 1,
    shardto |-> 1,
    to |-> 2,
    body |-> [id |-> 2, tx |-> 2, D0 |-> {}] ],
  [ shardfrom |-> 1,
    type |-> 2,
    from |-> 1,
    shardto |-> 1,
    to |-> 1,
    body |-> [id |-> 2, tq |-> [id |-> <<1, 1>>, t |-> 2], Dq |-> {}] ],
  [ shardfrom |-> 1,
    type |-> 2,
    from |-> 2,
    shardto |-> 2,
    to |-> 2,
    body |-> [id |-> 1, tq |-> [id |-> <<2, 2>>, t |-> 0], Dq |-> {}] ],
  [ shardfrom |-> 1,
    type |-> 2,
    from |-> 3,
    shardto |-> 1,
    to |-> 1,
    body |-> [id |-> 2, tq |-> [id |-> <<1, 1>>, t |-> 2], Dq |-> {}] ],
  [ shardfrom |-> 1,
    type |-> 3,
    from |-> 2,
    shardto |-> 1,
    to |-> 3,
    body |->
        [ id |-> 2,
          t |-> [id |-> <<1, 1>>, t |-> 2],
          b |-> 14,
          tx |-> 2,
          D |-> {} ] ],
  [ shardfrom |-> 1,
    type |-> 3,
    from |-> 3,
    shardto |-> 1,
    to |-> 2,
    body |->
        [ id |-> 2,
          t |-> [id |-> <<1, 1>>, t |-> 2],
          b |-> 9,
          tx |-> 2,
          D |-> {} ] ],
  [ shardfrom |-> 1,
    type |-> 5,
    from |-> 2,
    shardto |-> 1,
    to |-> 3,
    body |->
        [ id |-> 2,
          t |-> [id |-> <<1, 1>>, t |-> 2],
          b |-> 14,
          tx |-> 2,
          D |-> {1},
          fastOrSlow |-> 1 ] ],
  [ shardfrom |-> 1,
    type |-> 5,
    from |-> 3,
    shardto |-> 1,
    to |-> 1,
    body |->
        [ id |-> 2,
          t |-> [id |-> <<1, 1>>, t |-> 2],
          b |-> 9,
          tx |-> 2,
          D |-> {},
          fastOrSlow |-> 1 ] ],
  [ shardfrom |-> 1,
    type |-> 5,
    from |-> 3,
    shardto |-> 1,
    to |-> 2,
    body |->
        [ id |-> 2,
          t |-> [id |-> <<1, 1>>, t |-> 2],
          b |-> 9,
          tx |-> 2,
          D |-> {},
          fastOrSlow |-> 1 ] ],
  [ shardfrom |-> 1,
    type |-> 6,
    from |-> 3,
    shardto |-> 1,
    to |-> 3,
    body |-> [id |-> 2, b |-> 9] ],
  [ shardfrom |-> 1,
    type |-> 7,
    from |-> 2,
    shardto |-> 1,
    to |-> 3,
    body |-> [id |-> 2, b |-> 14] ],
  [ shardfrom |-> 1,
    type |-> 8,
    from |-> 1,
    shardto |-> 1,
    to |-> 2,
    body |-> [id |-> 1, b |-> 13, tx |-> 0] ],
  [ shardfrom |-> 1,
    type |-> 8,
    from |-> 1,
    shardto |-> 1,
    to |-> 2,
    body |-> [id |-> 2, b |-> 7, tx |-> 2] ],
  [ shardfrom |-> 1,
    type |-> 8,
    from |-> 1,
    shardto |-> 1,
    to |-> 3,
    body |-> [id |-> 2, b |-> 7, tx |-> 2] ],
  [ shardfrom |-> 1,
    type |-> 8,
    from |-> 1,
    shardto |-> 2,
    to |-> 1,
    body |-> [id |-> 1, b |-> 13, tx |-> 0] ],
  [ shardfrom |-> 1,
    type |-> 8,
    from |-> 1,
    shardto |-> 2,
    to |-> 3,
    body |-> [id |-> 1, b |-> 13, tx |-> 0] ],
  [ shardfrom |-> 1,
    type |-> 8,
    from |-> 2,
    shardto |-> 1,
    to |-> 1,
    body |-> [id |-> 1, b |-> 8, tx |-> 1] ],
  [ shardfrom |-> 1,
    type |-> 8,
    from |-> 2,
    shardto |-> 1,
    to |-> 3,
    body |-> [id |-> 1, b |-> 8, tx |-> 1] ],
  [ shardfrom |-> 1,
    type |-> 8,
    from |-> 2,
    shardto |-> 1,
    to |-> 3,
    body |-> [id |-> 2, b |-> 14, tx |-> 0] ],
  [ shardfrom |-> 1,
    type |-> 8,
    from |-> 2,
    shardto |-> 2,
    to |-> 1,
    body |-> [id |-> 1, b |-> 8, tx |-> 1] ],
  [ shardfrom |-> 1,
    type |-> 8,
    from |-> 2,
    shardto |-> 2,
    to |-> 2,
    body |-> [id |-> 1, b |-> 8, tx |-> 1] ],
  [ shardfrom |-> 1,
    type |-> 8,
    from |-> 2,
    shardto |-> 2,
    to |-> 3,
    body |-> [id |-> 1, b |-> 8, tx |-> 1] ],
  [ shardfrom |-> 1,
    type |-> 8,
    from |-> 3,
    shardto |-> 1,
    to |-> 1,
    body |-> [id |-> 2, b |-> 9, tx |-> 2] ],
  [ shardfrom |-> 1,
    type |-> 8,
    from |-> 3,
    shardto |-> 2,
    to |-> 1,
    body |-> [id |-> 1, b |-> 15, tx |-> 0] ],
  [ shardfrom |-> 1,
    type |-> 8,
    from |-> 3,
    shardto |-> 2,
    to |-> 2,
    body |-> [id |-> 1, b |-> 15, tx |-> 0] ],
  [ shardfrom |-> 1,
    type |-> 8,
    from |-> 3,
    shardto |-> 2,
    to |-> 3,
    body |-> [id |-> 1, b |-> 15, tx |-> 0] ],
  [ shardfrom |-> 1,
    type |-> 9,
    from |-> 1,
    shardto |-> 1,
    to |-> 1,
    body |->
        [ id |-> 1,
          b |-> 13,
          tq |-> [id |-> <<0, 0>>, t |-> 0],
          abalq |-> 0,
          txq |-> 1,
          depq |-> {},
          phaseq |-> 1,
          rejectq |-> TRUE,
          Wq |-> {},
          WPq |-> {} ] ],
  [ shardfrom |-> 1,
    type |-> 9,
    from |-> 1,
    shardto |-> 1,
    to |-> 1,
    body |->
        [ id |-> 2,
          b |-> 7,
          tq |-> [id |-> <<1, 1>>, t |-> 2],
          abalq |-> 0,
          txq |-> 2,
          depq |-> {},
          phaseq |-> 2,
          rejectq |-> FALSE,
          Wq |-> {},
          WPq |-> {} ] ],
  [ shardfrom |-> 1,
    type |-> 9,
    from |-> 1,
    shardto |-> 1,
    to |-> 3,
    body |->
        [ id |-> 1,
          b |-> 15,
          tq |-> [id |-> <<0, 0>>, t |-> 0],
          abalq |-> 0,
          txq |-> 0,
          depq |-> {},
          phaseq |-> 1,
          rejectq |-> FALSE,
          Wq |-> {},
          WPq |-> {} ] ],
  [ shardfrom |-> 1,
    type |-> 9,
    from |-> 1,
    shardto |-> 2,
    to |-> 1,
    body |->
        [ id |-> 1,
          b |-> 16,
          tq |-> [id |-> <<0, 0>>, t |-> 0],
          abalq |-> 0,
          txq |-> 0,
          depq |-> {},
          phaseq |-> 1,
          rejectq |-> FALSE,
          Wq |-> {},
          WPq |-> {} ] ],
  [ shardfrom |-> 1,
    type |-> 9,
    from |-> 1,
    shardto |-> 2,
    to |-> 2,
    body |->
        [ id |-> 1,
          b |-> 11,
          tq |-> [id |-> <<0, 0>>, t |-> 0],
          abalq |-> 0,
          txq |-> 1,
          depq |-> {},
          phaseq |-> 1,
          rejectq |-> TRUE,
          Wq |-> {},
          WPq |-> {} ] ],
  [ shardfrom |-> 1,
    type |-> 9,
    from |-> 2,
    shardto |-> 1,
    to |-> 2,
    body |->
        [ id |-> 1,
          b |-> 8,
          tq |-> [id |-> <<2, 2>>, t |-> 0],
          abalq |-> 0,
          txq |-> 1,
          depq |-> {},
          phaseq |-> 2,
          rejectq |-> TRUE,
          Wq |-> {},
          WPq |-> {} ] ],
  [ shardfrom |-> 1,
    type |-> 9,
    from |-> 2,
    shardto |-> 1,
    to |-> 3,
    body |->
        [ id |-> 1,
          b |-> 15,
          tq |-> [id |-> <<2, 2>>, t |-> 0],
          abalq |-> 0,
          txq |-> 1,
          depq |-> {},
          phaseq |-> 2,
          rejectq |-> FALSE,
          Wq |-> {},
          WPq |-> {} ] ],
  [ shardfrom |-> 1,
    type |-> 9,
    from |-> 2,
    shardto |-> 2,
    to |-> 1,
    body |->
        [ id |-> 1,
          b |-> 16,
          tq |-> [id |-> <<2, 2>>, t |-> 0],
          abalq |-> 0,
          txq |-> 1,
          depq |-> {},
          phaseq |-> 2,
          rejectq |-> FALSE,
          Wq |-> {},
          WPq |-> {} ] ],
  [ shardfrom |-> 1,
    type |-> 9,
    from |-> 3,
    shardto |-> 1,
    to |-> 1,
    body |->
        [ id |-> 1,
          b |-> 13,
          tq |-> [id |-> <<0, 0>>, t |-> 0],
          abalq |-> 0,
          txq |-> 0,
          depq |-> {},
          phaseq |-> 1,
          rejectq |-> TRUE,
          Wq |-> {},
          WPq |-> {} ] ],
  [ shardfrom |-> 1,
    type |-> 9,
    from |-> 3,
    shardto |-> 1,
    to |-> 3,
    body |->
        [ id |-> 1,
          b |-> 15,
          tq |-> [id |-> <<0, 0>>, t |-> 0],
          abalq |-> 0,
          txq |-> 0,
          depq |-> {},
          phaseq |-> 1,
          rejectq |-> TRUE,
          Wq |-> {},
          WPq |-> {} ] ],
  [ shardfrom |-> 2,
    type |-> 1,
    from |-> 2,
    shardto |-> 1,
    to |-> 1,
    body |-> [id |-> 1, tx |-> 1, D0 |-> {}] ],
  [ shardfrom |-> 2,
    type |-> 1,
    from |-> 2,
    shardto |-> 1,
    to |-> 3,
    body |-> [id |-> 1, tx |-> 1, D0 |-> {}] ],
  [ shardfrom |-> 2,
    type |-> 1,
    from |-> 2,
    shardto |-> 2,
    to |-> 1,
    body |-> [id |-> 1, tx |-> 1, D0 |-> {}] ],
  [ shardfrom |-> 2,
    type |-> 2,
    from |-> 2,
    shardto |-> 2,
    to |-> 2,
    body |-> [id |-> 1, tq |-> [id |-> <<2, 2>>, t |-> 0], Dq |-> {}] ],
  [ shardfrom |-> 2,
    type |-> 2,
    from |-> 3,
    shardto |-> 2,
    to |-> 2,
    body |-> [id |-> 1, tq |-> [id |-> <<2, 2>>, t |-> 0], Dq |-> {}] ],
  [ shardfrom |-> 2,
    type |-> 8,
    from |-> 1,
    shardto |-> 1,
    to |-> 3,
    body |-> [id |-> 1, b |-> 16, tx |-> 0] ],
  [ shardfrom |-> 2,
    type |-> 8,
    from |-> 1,
    shardto |-> 2,
    to |-> 2,
    body |-> [id |-> 1, b |-> 16, tx |-> 0] ],
  [ shardfrom |-> 2,
    type |-> 8,
    from |-> 2,
    shardto |-> 1,
    to |-> 2,
    body |-> [id |-> 1, b |-> 11, tx |-> 1] ],
  [ shardfrom |-> 2,
    type |-> 8,
    from |-> 2,
    shardto |-> 1,
    to |-> 3,
    body |-> [id |-> 1, b |-> 11, tx |-> 1] ],
  [ shardfrom |-> 2,
    type |-> 8,
    from |-> 2,
    shardto |-> 2,
    to |-> 3,
    body |-> [id |-> 1, b |-> 11, tx |-> 1] ],
  [ shardfrom |-> 2,
    type |-> 8,
    from |-> 3,
    shardto |-> 1,
    to |-> 1,
    body |-> [id |-> 1, b |-> 6, tx |-> 1] ],
  [ shardfrom |-> 2,
    type |-> 8,
    from |-> 3,
    shardto |-> 1,
    to |-> 2,
    body |-> [id |-> 1, b |-> 6, tx |-> 1] ],
  [ shardfrom |-> 2,
    type |-> 8,
    from |-> 3,
    shardto |-> 1,
    to |-> 3,
    body |-> [id |-> 1, b |-> 6, tx |-> 1] ],
  [ shardfrom |-> 2,
    type |-> 8,
    from |-> 3,
    shardto |-> 2,
    to |-> 1,
    body |-> [id |-> 1, b |-> 6, tx |-> 1] ],
  [ shardfrom |-> 2,
    type |-> 8,
    from |-> 3,
    shardto |-> 2,
    to |-> 2,
    body |-> [id |-> 1, b |-> 6, tx |-> 1] ],
  [ shardfrom |-> 2,
    type |-> 9,
    from |-> 1,
    shardto |-> 2,
    to |-> 1,
    body |->
        [ id |-> 1,
          b |-> 16,
          tq |-> [id |-> <<0, 0>>, t |-> 0],
          abalq |-> 0,
          txq |-> 1,
          depq |-> {},
          phaseq |-> 1,
          rejectq |-> FALSE,
          Wq |-> {},
          WPq |-> {} ] ],
  [ shardfrom |-> 2,
    type |-> 9,
    from |-> 1,
    shardto |-> 2,
    to |-> 2,
    body |->
        [ id |-> 1,
          b |-> 11,
          tq |-> [id |-> <<0, 0>>, t |-> 0],
          abalq |-> 0,
          txq |-> 1,
          depq |-> {},
          phaseq |-> 1,
          rejectq |-> FALSE,
          Wq |-> {},
          WPq |-> {} ] ],
  [ shardfrom |-> 2,
    type |-> 9,
    from |-> 2,
    shardto |-> 1,
    to |-> 1,
    body |->
        [ id |-> 1,
          b |-> 13,
          tq |-> [id |-> <<2, 2>>, t |-> 0],
          abalq |-> 0,
          txq |-> 1,
          depq |-> {},
          phaseq |-> 2,
          rejectq |-> FALSE,
          Wq |-> {},
          WPq |-> {} ] ],
  [ shardfrom |-> 2,
    type |-> 9,
    from |-> 2,
    shardto |-> 2,
    to |-> 2,
    body |->
        [ id |-> 1,
          b |-> 11,
          tq |-> [id |-> <<2, 2>>, t |-> 0],
          abalq |-> 0,
          txq |-> 1,
          depq |-> {},
          phaseq |-> 2,
          rejectq |-> FALSE,
          Wq |-> {},
          WPq |-> {} ] ],
  [ shardfrom |-> 2,
    type |-> 9,
    from |-> 3,
    shardto |-> 2,
    to |-> 1,
    body |->
        [ id |-> 1,
          b |-> 16,
          tq |-> [id |-> <<2, 2>>, t |-> 0],
          abalq |-> 0,
          txq |-> 1,
          depq |-> {},
          phaseq |-> 2,
          rejectq |-> FALSE,
          Wq |-> {},
          WPq |-> {} ] ],
  [ shardfrom |-> 2,
    type |-> 9,
    from |-> 3,
    shardto |-> 2,
    to |-> 3,
    body |->
        [ id |-> 1,
          b |-> 6,
          tq |-> [id |-> <<2, 2>>, t |-> 0],
          abalq |-> 0,
          txq |-> 1,
          depq |-> {},
          phaseq |-> 2,
          rejectq |-> FALSE,
          Wq |-> {},
          WPq |-> {} ] ] }
/\ Qvar = << <<<<{}, {}>>, <<{}, {}>>, <<{}, {<<1, 2>>, <<1, 3>>}>>>>,
   <<<<{}, {}>>, <<{}, {}>>, <<{}, {}>>>> >>
/\ ts = << << <<[id |-> <<0, 0>>, t |-> 0], [id |-> <<1, 1>>, t |-> 2]>>,
      <<[id |-> <<2, 2>>, t |-> 0], [id |-> <<1, 1>>, t |-> 2]>>,
      <<[id |-> <<0, 0>>, t |-> 0], [id |-> <<1, 1>>, t |-> 2]>> >>,
   << <<[id |-> <<0, 0>>, t |-> 0], [id |-> <<0, 0>>, t |-> 0]>>,
      <<[id |-> <<2, 2>>, t |-> 0], [id |-> <<0, 0>>, t |-> 0]>>,
      <<[id |-> <<2, 2>>, t |-> 0], [id |-> <<0, 0>>, t |-> 0]>> >> >>
/\ TXvar = << <<<<bottom, bottom>>, <<bottom, bottom>>, <<bottom, 2>>>>,
   <<<<bottom, bottom>>, <<bottom, bottom>>, <<bottom, bottom>>>> >>
/\ recovered = <<<<<<1, 1>>, <<1, 1>>, <<1, 1>>>>, <<<<1, 0>>, <<1, 0>>, <<1, 0>>>>>>
/\ initCoord = <<<<2, 2>>, <<1, 1>>>>

State 37: <HandleRecoverOK line 551, col 5 to line 650, col 68 of module AccordSpec>
/\ phase = <<<<<<1, 5>>, <<2, 5>>, <<1, 4>>>>, <<<<1, 1>>, <<2, 1>>, <<2, 1>>>>>>
/\ abal = <<<<<<0, 14>>, <<0, 14>>, <<0, 9>>>>, <<<<0, 0>>, <<0, 0>>, <<0, 0>>>>>>
/\ initTimestamp = << [id |-> <<2, 2>>, t |-> 0],
   [id |-> <<1, 1>>, t |-> 2],
   [id |-> <<0, 0>>, t |-> 1] >>
/\ bal = <<<<<<16, 14>>, <<16, 14>>, <<15, 9>>>>, <<<<16, 0>>, <<13, 0>>, <<16, 0>>>>>>
/\ txn = << <<<<0, 2>>, <<1, 2>>, <<0, 2>>>>,
   <<<<1, bottom>>, <<1, bottom>>, <<1, bottom>>>> >>
/\ postWaitingFlag = << <<<<FALSE, FALSE>>, <<FALSE, FALSE>>, <<FALSE, FALSE>>>>,
   <<<<TRUE, FALSE>>, <<FALSE, FALSE>>, <<FALSE, FALSE>>>> >>
/\ Wvar = << <<<<{}, {}>>, <<{}, {}>>, <<{}, {}>>>>,
   <<<<{}, {}>>, <<{}, {}>>, <<{}, {}>>>> >>
/\ dep = << <<<<{}, {1}>>, <<{}, {1}>>, <<{}, {}>>>>,
   <<<<{}, {}>>, <<{}, {}>>, <<{}, {}>>>> >>
/\ recoveryAttemptBal = <<<<<<0, 0>>, <<0, 0>>, <<0, 9>>>>, <<<<16, 0>>, <<0, 0>>, <<0, 0>>>>>>
/\ submitted = {1, 2}
/\ Dvar = << <<<<{}, {}>>, <<{}, {}>>, <<{}, {}>>>>,
   <<<<{}, {}>>, <<{}, {}>>, <<{}, {}>>>> >>
/\ msgs = { [ shardfrom |-> 1,
    type |-> 1,
    from |-> 1,
    shardto |-> 1,
    to |-> 2,
    body |-> [id |-> 2, tx |-> 2, D0 |-> {}] ],
  [ shardfrom |-> 1,
    type |-> 2,
    from |-> 1,
    shardto |-> 1,
    to |-> 1,
    body |-> [id |-> 2, tq |-> [id |-> <<1, 1>>, t |-> 2], Dq |-> {}] ],
  [ shardfrom |-> 1,
    type |-> 2,
    from |-> 2,
    shardto |-> 2,
    to |-> 2,
    body |-> [id |-> 1, tq |-> [id |-> <<2, 2>>, t |-> 0], Dq |-> {}] ],
  [ shardfrom |-> 1,
    type |-> 2,
    from |-> 3,
    shardto |-> 1,
    to |-> 1,
    body |-> [id |-> 2, tq |-> [id |-> <<1, 1>>, t |-> 2], Dq |-> {}] ],
  [ shardfrom |-> 1,
    type |-> 3,
    from |-> 2,
    shardto |-> 1,
    to |-> 3,
    body |->
        [ id |-> 2,
          t |-> [id |-> <<1, 1>>, t |-> 2],
          b |-> 14,
          tx |-> 2,
          D |-> {} ] ],
  [ shardfrom |-> 1,
    type |-> 3,
    from |-> 3,
    shardto |-> 1,
    to |-> 2,
    body |->
        [ id |-> 2,
          t |-> [id |-> <<1, 1>>, t |-> 2],
          b |-> 9,
          tx |-> 2,
          D |-> {} ] ],
  [ shardfrom |-> 1,
    type |-> 5,
    from |-> 2,
    shardto |-> 1,
    to |-> 3,
    body |->
        [ id |-> 2,
          t |-> [id |-> <<1, 1>>, t |-> 2],
          b |-> 14,
          tx |-> 2,
          D |-> {1},
          fastOrSlow |-> 1 ] ],
  [ shardfrom |-> 1,
    type |-> 5,
    from |-> 3,
    shardto |-> 1,
    to |-> 1,
    body |->
        [ id |-> 2,
          t |-> [id |-> <<1, 1>>, t |-> 2],
          b |-> 9,
          tx |-> 2,
          D |-> {},
          fastOrSlow |-> 1 ] ],
  [ shardfrom |-> 1,
    type |-> 5,
    from |-> 3,
    shardto |-> 1,
    to |-> 2,
    body |->
        [ id |-> 2,
          t |-> [id |-> <<1, 1>>, t |-> 2],
          b |-> 9,
          tx |-> 2,
          D |-> {},
          fastOrSlow |-> 1 ] ],
  [ shardfrom |-> 1,
    type |-> 6,
    from |-> 3,
    shardto |-> 1,
    to |-> 3,
    body |-> [id |-> 2, b |-> 9] ],
  [ shardfrom |-> 1,
    type |-> 7,
    from |-> 2,
    shardto |-> 1,
    to |-> 3,
    body |-> [id |-> 2, b |-> 14] ],
  [ shardfrom |-> 1,
    type |-> 8,
    from |-> 1,
    shardto |-> 1,
    to |-> 2,
    body |-> [id |-> 1, b |-> 13, tx |-> 0] ],
  [ shardfrom |-> 1,
    type |-> 8,
    from |-> 1,
    shardto |-> 1,
    to |-> 2,
    body |-> [id |-> 2, b |-> 7, tx |-> 2] ],
  [ shardfrom |-> 1,
    type |-> 8,
    from |-> 1,
    shardto |-> 1,
    to |-> 3,
    body |-> [id |-> 2, b |-> 7, tx |-> 2] ],
  [ shardfrom |-> 1,
    type |-> 8,
    from |-> 1,
    shardto |-> 2,
    to |-> 1,
    body |-> [id |-> 1, b |-> 13, tx |-> 0] ],
  [ shardfrom |-> 1,
    type |-> 8,
    from |-> 1,
    shardto |-> 2,
    to |-> 3,
    body |-> [id |-> 1, b |-> 13, tx |-> 0] ],
  [ shardfrom |-> 1,
    type |-> 8,
    from |-> 2,
    shardto |-> 1,
    to |-> 1,
    body |-> [id |-> 1, b |-> 8, tx |-> 1] ],
  [ shardfrom |-> 1,
    type |-> 8,
    from |-> 2,
    shardto |-> 1,
    to |-> 3,
    body |-> [id |-> 1, b |-> 8, tx |-> 1] ],
  [ shardfrom |-> 1,
    type |-> 8,
    from |-> 2,
    shardto |-> 1,
    to |-> 3,
    body |-> [id |-> 2, b |-> 14, tx |-> 0] ],
  [ shardfrom |-> 1,
    type |-> 8,
    from |-> 2,
    shardto |-> 2,
    to |-> 1,
    body |-> [id |-> 1, b |-> 8, tx |-> 1] ],
  [ shardfrom |-> 1,
    type |-> 8,
    from |-> 2,
    shardto |-> 2,
    to |-> 2,
    body |-> [id |-> 1, b |-> 8, tx |-> 1] ],
  [ shardfrom |-> 1,
    type |-> 8,
    from |-> 2,
    shardto |-> 2,
    to |-> 3,
    body |-> [id |-> 1, b |-> 8, tx |-> 1] ],
  [ shardfrom |-> 1,
    type |-> 8,
    from |-> 3,
    shardto |-> 1,
    to |-> 1,
    body |-> [id |-> 2, b |-> 9, tx |-> 2] ],
  [ shardfrom |-> 1,
    type |-> 8,
    from |-> 3,
    shardto |-> 2,
    to |-> 1,
    body |-> [id |-> 1, b |-> 15, tx |-> 0] ],
  [ shardfrom |-> 1,
    type |-> 8,
    from |-> 3,
    shardto |-> 2,
    to |-> 2,
    body |-> [id |-> 1, b |-> 15, tx |-> 0] ],
  [ shardfrom |-> 1,
    type |-> 8,
    from |-> 3,
    shardto |-> 2,
    to |-> 3,
    body |-> [id |-> 1, b |-> 15, tx |-> 0] ],
  [ shardfrom |-> 1,
    type |-> 9,
    from |-> 1,
    shardto |-> 1,
    to |-> 1,
    body |->
        [ id |-> 1,
          b |-> 13,
          tq |-> [id |-> <<0, 0>>, t |-> 0],
          abalq |-> 0,
          txq |-> 1,
          depq |-> {},
          phaseq |-> 1,
          rejectq |-> TRUE,
          Wq |-> {},
          WPq |-> {} ] ],
  [ shardfrom |-> 1,
    type |-> 9,
    from |-> 1,
    shardto |-> 1,
    to |-> 1,
    body |->
        [ id |-> 2,
          b |-> 7,
          tq |-> [id |-> <<1, 1>>, t |-> 2],
          abalq |-> 0,
          txq |-> 2,
          depq |-> {},
          phaseq |-> 2,
          rejectq |-> FALSE,
          Wq |-> {},
          WPq |-> {} ] ],
  [ shardfrom |-> 1,
    type |-> 9,
    from |-> 1,
    shardto |-> 1,
    to |-> 3,
    body |->
        [ id |-> 1,
          b |-> 15,
          tq |-> [id |-> <<0, 0>>, t |-> 0],
          abalq |-> 0,
          txq |-> 0,
          depq |-> {},
          phaseq |-> 1,
          rejectq |-> FALSE,
          Wq |-> {},
          WPq |-> {} ] ],
  [ shardfrom |-> 1,
    type |-> 9,
    from |-> 1,
    shardto |-> 2,
    to |-> 2,
    body |->
        [ id |-> 1,
          b |-> 11,
          tq |-> [id |-> <<0, 0>>, t |-> 0],
          abalq |-> 0,
          txq |-> 1,
          depq |-> {},
          phaseq |-> 1,
          rejectq |-> TRUE,
          Wq |-> {},
          WPq |-> {} ] ],
  [ shardfrom |-> 1,
    type |-> 9,
    from |-> 2,
    shardto |-> 1,
    to |-> 2,
    body |->
        [ id |-> 1,
          b |-> 8,
          tq |-> [id |-> <<2, 2>>, t |-> 0],
          abalq |-> 0,
          txq |-> 1,
          depq |-> {},
          phaseq |-> 2,
          rejectq |-> TRUE,
          Wq |-> {},
          WPq |-> {} ] ],
  [ shardfrom |-> 1,
    type |-> 9,
    from |-> 2,
    shardto |-> 1,
    to |-> 3,
    body |->
        [ id |-> 1,
          b |-> 15,
          tq |-> [id |-> <<2, 2>>, t |-> 0],
          abalq |-> 0,
          txq |-> 1,
          depq |-> {},
          phaseq |-> 2,
          rejectq |-> FALSE,
          Wq |-> {},
          WPq |-> {} ] ],
  [ shardfrom |-> 1,
    type |-> 9,
    from |-> 3,
    shardto |-> 1,
    to |-> 1,
    body |->
        [ id |-> 1,
          b |-> 13,
          tq |-> [id |-> <<0, 0>>, t |-> 0],
          abalq |-> 0,
          txq |-> 0,
          depq |-> {},
          phaseq |-> 1,
          rejectq |-> TRUE,
          Wq |-> {},
          WPq |-> {} ] ],
  [ shardfrom |-> 1,
    type |-> 9,
    from |-> 3,
    shardto |-> 1,
    to |-> 3,
    body |->
        [ id |-> 1,
          b |-> 15,
          tq |-> [id |-> <<0, 0>>, t |-> 0],
          abalq |-> 0,
          txq |-> 0,
          depq |-> {},
          phaseq |-> 1,
          rejectq |-> TRUE,
          Wq |-> {},
          WPq |-> {} ] ],
  [ shardfrom |-> 2,
    type |-> 1,
    from |-> 2,
    shardto |-> 1,
    to |-> 1,
    body |-> [id |-> 1, tx |-> 1, D0 |-> {}] ],
  [ shardfrom |-> 2,
    type |-> 1,
    from |-> 2,
    shardto |-> 1,
    to |-> 3,
    body |-> [id |-> 1, tx |-> 1, D0 |-> {}] ],
  [ shardfrom |-> 2,
    type |-> 1,
    from |-> 2,
    shardto |-> 2,
    to |-> 1,
    body |-> [id |-> 1, tx |-> 1, D0 |-> {}] ],
  [ shardfrom |-> 2,
    type |-> 2,
    from |-> 2,
    shardto |-> 2,
    to |-> 2,
    body |-> [id |-> 1, tq |-> [id |-> <<2, 2>>, t |-> 0], Dq |-> {}] ],
  [ shardfrom |-> 2,
    type |-> 2,
    from |-> 3,
    shardto |-> 2,
    to |-> 2,
    body |-> [id |-> 1, tq |-> [id |-> <<2, 2>>, t |-> 0], Dq |-> {}] ],
  [ shardfrom |-> 2,
    type |-> 8,
    from |-> 1,
    shardto |-> 1,
    to |-> 3,
    body |-> [id |-> 1, b |-> 16, tx |-> 0] ],
  [ shardfrom |-> 2,
    type |-> 8,
    from |-> 1,
    shardto |-> 2,
    to |-> 2,
    body |-> [id |-> 1, b |-> 16, tx |-> 0] ],
  [ shardfrom |-> 2,
    type |-> 8,
    from |-> 2,
    shardto |-> 1,
    to |-> 2,
    body |-> [id |-> 1, b |-> 11, tx |-> 1] ],
  [ shardfrom |-> 2,
    type |-> 8,
    from |-> 2,
    shardto |-> 1,
    to |-> 3,
    body |-> [id |-> 1, b |-> 11, tx |-> 1] ],
  [ shardfrom |-> 2,
    type |-> 8,
    from |-> 2,
    shardto |-> 2,
    to |-> 3,
    body |-> [id |-> 1, b |-> 11, tx |-> 1] ],
  [ shardfrom |-> 2,
    type |-> 8,
    from |-> 3,
    shardto |-> 1,
    to |-> 1,
    body |-> [id |-> 1, b |-> 6, tx |-> 1] ],
  [ shardfrom |-> 2,
    type |-> 8,
    from |-> 3,
    shardto |-> 1,
    to |-> 2,
    body |-> [id |-> 1, b |-> 6, tx |-> 1] ],
  [ shardfrom |-> 2,
    type |-> 8,
    from |-> 3,
    shardto |-> 1,
    to |-> 3,
    body |-> [id |-> 1, b |-> 6, tx |-> 1] ],
  [ shardfrom |-> 2,
    type |-> 8,
    from |-> 3,
    shardto |-> 2,
    to |-> 1,
    body |-> [id |-> 1, b |-> 6, tx |-> 1] ],
  [ shardfrom |-> 2,
    type |-> 8,
    from |-> 3,
    shardto |-> 2,
    to |-> 2,
    body |-> [id |-> 1, b |-> 6, tx |-> 1] ],
  [ shardfrom |-> 2,
    type |-> 9,
    from |-> 1,
    shardto |-> 2,
    to |-> 2,
    body |->
        [ id |-> 1,
          b |-> 11,
          tq |-> [id |-> <<0, 0>>, t |-> 0],
          abalq |-> 0,
          txq |-> 1,
          depq |-> {},
          phaseq |-> 1,
          rejectq |-> FALSE,
          Wq |-> {},
          WPq |-> {} ] ],
  [ shardfrom |-> 2,
    type |-> 9,
    from |-> 2,
    shardto |-> 1,
    to |-> 1,
    body |->
        [ id |-> 1,
          b |-> 13,
          tq |-> [id |-> <<2, 2>>, t |-> 0],
          abalq |-> 0,
          txq |-> 1,
          depq |-> {},
          phaseq |-> 2,
          rejectq |-> FALSE,
          Wq |-> {},
          WPq |-> {} ] ],
  [ shardfrom |-> 2,
    type |-> 9,
    from |-> 2,
    shardto |-> 2,
    to |-> 2,
    body |->
        [ id |-> 1,
          b |-> 11,
          tq |-> [id |-> <<2, 2>>, t |-> 0],
          abalq |-> 0,
          txq |-> 1,
          depq |-> {},
          phaseq |-> 2,
          rejectq |-> FALSE,
          Wq |-> {},
          WPq |-> {} ] ],
  [ shardfrom |-> 2,
    type |-> 9,
    from |-> 3,
    shardto |-> 2,
    to |-> 3,
    body |->
        [ id |-> 1,
          b |-> 6,
          tq |-> [id |-> <<2, 2>>, t |-> 0],
          abalq |-> 0,
          txq |-> 1,
          depq |-> {},
          phaseq |-> 2,
          rejectq |-> FALSE,
          Wq |-> {},
          WPq |-> {} ] ] }
/\ Qvar = << <<<<{}, {}>>, <<{}, {}>>, <<{}, {<<1, 2>>, <<1, 3>>}>>>>,
   << <<{<<1, 1>>, <<1, 2>>, <<2, 1>>, <<2, 3>>}, {}>>,
      <<{}, {}>>,
      <<{}, {}>> >> >>
/\ ts = << << <<[id |-> <<0, 0>>, t |-> 0], [id |-> <<1, 1>>, t |-> 2]>>,
      <<[id |-> <<2, 2>>, t |-> 0], [id |-> <<1, 1>>, t |-> 2]>>,
      <<[id |-> <<0, 0>>, t |-> 0], [id |-> <<1, 1>>, t |-> 2]>> >>,
   << <<[id |-> <<0, 0>>, t |-> 0], [id |-> <<0, 0>>, t |-> 0]>>,
      <<[id |-> <<2, 2>>, t |-> 0], [id |-> <<0, 0>>, t |-> 0]>>,
      <<[id |-> <<2, 2>>, t |-> 0], [id |-> <<0, 0>>, t |-> 0]>> >> >>
/\ TXvar = << <<<<bottom, bottom>>, <<bottom, bottom>>, <<bottom, 2>>>>,
   <<<<1, bottom>>, <<bottom, bottom>>, <<bottom, bottom>>>> >>
/\ recovered = <<<<<<1, 1>>, <<1, 1>>, <<1, 1>>>>, <<<<1, 0>>, <<1, 0>>, <<1, 0>>>>>>
/\ initCoord = <<<<2, 2>>, <<1, 1>>>>

State 38: <HandlePostWaiting line 656, col 5 to line 742, col 114 of module AccordSpec>
/\ phase = <<<<<<1, 5>>, <<2, 5>>, <<1, 4>>>>, <<<<3, 1>>, <<2, 1>>, <<2, 1>>>>>>
/\ abal = <<<<<<0, 14>>, <<0, 14>>, <<0, 9>>>>, <<<<16, 0>>, <<0, 0>>, <<0, 0>>>>>>
/\ initTimestamp = << [id |-> <<2, 2>>, t |-> 0],
   [id |-> <<1, 1>>, t |-> 2],
   [id |-> <<0, 0>>, t |-> 1] >>
/\ bal = <<<<<<16, 14>>, <<16, 14>>, <<15, 9>>>>, <<<<16, 0>>, <<13, 0>>, <<16, 0>>>>>>
/\ txn = << <<<<0, 2>>, <<1, 2>>, <<0, 2>>>>,
   <<<<1, bottom>>, <<1, bottom>>, <<1, bottom>>>> >>
/\ postWaitingFlag = << <<<<FALSE, FALSE>>, <<FALSE, FALSE>>, <<FALSE, FALSE>>>>,
   <<<<FALSE, FALSE>>, <<FALSE, FALSE>>, <<FALSE, FALSE>>>> >>
/\ Wvar = << <<<<{}, {}>>, <<{}, {}>>, <<{}, {}>>>>,
   <<<<{}, {}>>, <<{}, {}>>, <<{}, {}>>>> >>
/\ dep = << <<<<{}, {1}>>, <<{}, {1}>>, <<{}, {}>>>>,
   <<<<{}, {}>>, <<{}, {}>>, <<{}, {}>>>> >>
/\ recoveryAttemptBal = <<<<<<0, 0>>, <<0, 0>>, <<0, 9>>>>, <<<<16, 0>>, <<0, 0>>, <<0, 0>>>>>>
/\ submitted = {1, 2}
/\ Dvar = << <<<<{}, {}>>, <<{}, {}>>, <<{}, {}>>>>,
   <<<<{}, {}>>, <<{}, {}>>, <<{}, {}>>>> >>
/\ msgs = { [ shardfrom |-> 1,
    type |-> 1,
    from |-> 1,
    shardto |-> 1,
    to |-> 2,
    body |-> [id |-> 2, tx |-> 2, D0 |-> {}] ],
  [ shardfrom |-> 1,
    type |-> 2,
    from |-> 1,
    shardto |-> 1,
    to |-> 1,
    body |-> [id |-> 2, tq |-> [id |-> <<1, 1>>, t |-> 2], Dq |-> {}] ],
  [ shardfrom |-> 1,
    type |-> 2,
    from |-> 2,
    shardto |-> 2,
    to |-> 2,
    body |-> [id |-> 1, tq |-> [id |-> <<2, 2>>, t |-> 0], Dq |-> {}] ],
  [ shardfrom |-> 1,
    type |-> 2,
    from |-> 3,
    shardto |-> 1,
    to |-> 1,
    body |-> [id |-> 2, tq |-> [id |-> <<1, 1>>, t |-> 2], Dq |-> {}] ],
  [ shardfrom |-> 1,
    type |-> 3,
    from |-> 2,
    shardto |-> 1,
    to |-> 3,
    body |->
        [ id |-> 2,
          t |-> [id |-> <<1, 1>>, t |-> 2],
          b |-> 14,
          tx |-> 2,
          D |-> {} ] ],
  [ shardfrom |-> 1,
    type |-> 3,
    from |-> 3,
    shardto |-> 1,
    to |-> 2,
    body |->
        [ id |-> 2,
          t |-> [id |-> <<1, 1>>, t |-> 2],
          b |-> 9,
          tx |-> 2,
          D |-> {} ] ],
  [ shardfrom |-> 1,
    type |-> 5,
    from |-> 2,
    shardto |-> 1,
    to |-> 3,
    body |->
        [ id |-> 2,
          t |-> [id |-> <<1, 1>>, t |-> 2],
          b |-> 14,
          tx |-> 2,
          D |-> {1},
          fastOrSlow |-> 1 ] ],
  [ shardfrom |-> 1,
    type |-> 5,
    from |-> 3,
    shardto |-> 1,
    to |-> 1,
    body |->
        [ id |-> 2,
          t |-> [id |-> <<1, 1>>, t |-> 2],
          b |-> 9,
          tx |-> 2,
          D |-> {},
          fastOrSlow |-> 1 ] ],
  [ shardfrom |-> 1,
    type |-> 5,
    from |-> 3,
    shardto |-> 1,
    to |-> 2,
    body |->
        [ id |-> 2,
          t |-> [id |-> <<1, 1>>, t |-> 2],
          b |-> 9,
          tx |-> 2,
          D |-> {},
          fastOrSlow |-> 1 ] ],
  [ shardfrom |-> 1,
    type |-> 6,
    from |-> 3,
    shardto |-> 1,
    to |-> 3,
    body |-> [id |-> 2, b |-> 9] ],
  [ shardfrom |-> 1,
    type |-> 7,
    from |-> 2,
    shardto |-> 1,
    to |-> 3,
    body |-> [id |-> 2, b |-> 14] ],
  [ shardfrom |-> 1,
    type |-> 8,
    from |-> 1,
    shardto |-> 1,
    to |-> 2,
    body |-> [id |-> 1, b |-> 13, tx |-> 0] ],
  [ shardfrom |-> 1,
    type |-> 8,
    from |-> 1,
    shardto |-> 1,
    to |-> 2,
    body |-> [id |-> 2, b |-> 7, tx |-> 2] ],
  [ shardfrom |-> 1,
    type |-> 8,
    from |-> 1,
    shardto |-> 1,
    to |-> 3,
    body |-> [id |-> 2, b |-> 7, tx |-> 2] ],
  [ shardfrom |-> 1,
    type |-> 8,
    from |-> 1,
    shardto |-> 2,
    to |-> 1,
    body |-> [id |-> 1, b |-> 13, tx |-> 0] ],
  [ shardfrom |-> 1,
    type |-> 8,
    from |-> 1,
    shardto |-> 2,
    to |-> 3,
    body |-> [id |-> 1, b |-> 13, tx |-> 0] ],
  [ shardfrom |-> 1,
    type |-> 8,
    from |-> 2,
    shardto |-> 1,
    to |-> 1,
    body |-> [id |-> 1, b |-> 8, tx |-> 1] ],
  [ shardfrom |-> 1,
    type |-> 8,
    from |-> 2,
    shardto |-> 1,
    to |-> 3,
    body |-> [id |-> 1, b |-> 8, tx |-> 1] ],
  [ shardfrom |-> 1,
    type |-> 8,
    from |-> 2,
    shardto |-> 1,
    to |-> 3,
    body |-> [id |-> 2, b |-> 14, tx |-> 0] ],
  [ shardfrom |-> 1,
    type |-> 8,
    from |-> 2,
    shardto |-> 2,
    to |-> 1,
    body |-> [id |-> 1, b |-> 8, tx |-> 1] ],
  [ shardfrom |-> 1,
    type |-> 8,
    from |-> 2,
    shardto |-> 2,
    to |-> 2,
    body |-> [id |-> 1, b |-> 8, tx |-> 1] ],
  [ shardfrom |-> 1,
    type |-> 8,
    from |-> 2,
    shardto |-> 2,
    to |-> 3,
    body |-> [id |-> 1, b |-> 8, tx |-> 1] ],
  [ shardfrom |-> 1,
    type |-> 8,
    from |-> 3,
    shardto |-> 1,
    to |-> 1,
    body |-> [id |-> 2, b |-> 9, tx |-> 2] ],
  [ shardfrom |-> 1,
    type |-> 8,
    from |-> 3,
    shardto |-> 2,
    to |-> 1,
    body |-> [id |-> 1, b |-> 15, tx |-> 0] ],
  [ shardfrom |-> 1,
    type |-> 8,
    from |-> 3,
    shardto |-> 2,
    to |-> 2,
    body |-> [id |-> 1, b |-> 15, tx |-> 0] ],
  [ shardfrom |-> 1,
    type |-> 8,
    from |-> 3,
    shardto |-> 2,
    to |-> 3,
    body |-> [id |-> 1, b |-> 15, tx |-> 0] ],
  [ shardfrom |-> 1,
    type |-> 9,
    from |-> 1,
    shardto |-> 1,
    to |-> 1,
    body |->
        [ id |-> 1,
          b |-> 13,
          tq |-> [id |-> <<0, 0>>, t |-> 0],
          abalq |-> 0,
          txq |-> 1,
          depq |-> {},
          phaseq |-> 1,
          rejectq |-> TRUE,
          Wq |-> {},
          WPq |-> {} ] ],
  [ shardfrom |-> 1,
    type |-> 9,
    from |-> 1,
    shardto |-> 1,
    to |-> 1,
    body |->
        [ id |-> 2,
          b |-> 7,
          tq |-> [id |-> <<1, 1>>, t |-> 2],
          abalq |-> 0,
          txq |-> 2,
          depq |-> {},
          phaseq |-> 2,
          rejectq |-> FALSE,
          Wq |-> {},
          WPq |-> {} ] ],
  [ shardfrom |-> 1,
    type |-> 9,
    from |-> 1,
    shardto |-> 1,
    to |-> 3,
    body |->
        [ id |-> 1,
          b |-> 15,
          tq |-> [id |-> <<0, 0>>, t |-> 0],
          abalq |-> 0,
          txq |-> 0,
          depq |-> {},
          phaseq |-> 1,
          rejectq |-> FALSE,
          Wq |-> {},
          WPq |-> {} ] ],
  [ shardfrom |-> 1,
    type |-> 9,
    from |-> 1,
    shardto |-> 2,
    to |-> 2,
    body |->
        [ id |-> 1,
          b |-> 11,
          tq |-> [id |-> <<0, 0>>, t |-> 0],
          abalq |-> 0,
          txq |-> 1,
          depq |-> {},
          phaseq |-> 1,
          rejectq |-> TRUE,
          Wq |-> {},
          WPq |-> {} ] ],
  [ shardfrom |-> 1,
    type |-> 9,
    from |-> 2,
    shardto |-> 1,
    to |-> 2,
    body |->
        [ id |-> 1,
          b |-> 8,
          tq |-> [id |-> <<2, 2>>, t |-> 0],
          abalq |-> 0,
          txq |-> 1,
          depq |-> {},
          phaseq |-> 2,
          rejectq |-> TRUE,
          Wq |-> {},
          WPq |-> {} ] ],
  [ shardfrom |-> 1,
    type |-> 9,
    from |-> 2,
    shardto |-> 1,
    to |-> 3,
    body |->
        [ id |-> 1,
          b |-> 15,
          tq |-> [id |-> <<2, 2>>, t |-> 0],
          abalq |-> 0,
          txq |-> 1,
          depq |-> {},
          phaseq |-> 2,
          rejectq |-> FALSE,
          Wq |-> {},
          WPq |-> {} ] ],
  [ shardfrom |-> 1,
    type |-> 9,
    from |-> 3,
    shardto |-> 1,
    to |-> 1,
    body |->
        [ id |-> 1,
          b |-> 13,
          tq |-> [id |-> <<0, 0>>, t |-> 0],
          abalq |-> 0,
          txq |-> 0,
          depq |-> {},
          phaseq |-> 1,
          rejectq |-> TRUE,
          Wq |-> {},
          WPq |-> {} ] ],
  [ shardfrom |-> 1,
    type |-> 9,
    from |-> 3,
    shardto |-> 1,
    to |-> 3,
    body |->
        [ id |-> 1,
          b |-> 15,
          tq |-> [id |-> <<0, 0>>, t |-> 0],
          abalq |-> 0,
          txq |-> 0,
          depq |-> {},
          phaseq |-> 1,
          rejectq |-> TRUE,
          Wq |-> {},
          WPq |-> {} ] ],
  [ shardfrom |-> 2,
    type |-> 1,
    from |-> 2,
    shardto |-> 1,
    to |-> 1,
    body |-> [id |-> 1, tx |-> 1, D0 |-> {}] ],
  [ shardfrom |-> 2,
    type |-> 1,
    from |-> 2,
    shardto |-> 1,
    to |-> 3,
    body |-> [id |-> 1, tx |-> 1, D0 |-> {}] ],
  [ shardfrom |-> 2,
    type |-> 1,
    from |-> 2,
    shardto |-> 2,
    to |-> 1,
    body |-> [id |-> 1, tx |-> 1, D0 |-> {}] ],
  [ shardfrom |-> 2,
    type |-> 2,
    from |-> 2,
    shardto |-> 2,
    to |-> 2,
    body |-> [id |-> 1, tq |-> [id |-> <<2, 2>>, t |-> 0], Dq |-> {}] ],
  [ shardfrom |-> 2,
    type |-> 2,
    from |-> 3,
    shardto |-> 2,
    to |-> 2,
    body |-> [id |-> 1, tq |-> [id |-> <<2, 2>>, t |-> 0], Dq |-> {}] ],
  [ shardfrom |-> 2,
    type |-> 3,
    from |-> 1,
    shardto |-> 1,
    to |-> 1,
    body |->
        [ id |-> 1,
          t |-> [id |-> <<2, 2>>, t |-> 0],
          b |-> 16,
          tx |-> 1,
          D |-> {} ] ],
  [ shardfrom |-> 2,
    type |-> 3,
    from |-> 1,
    shardto |-> 1,
    to |-> 2,
    body |->
        [ id |-> 1,
          t |-> [id |-> <<2, 2>>, t |-> 0],
          b |-> 16,
          tx |-> 1,
          D |-> {} ] ],
  [ shardfrom |-> 2,
    type |-> 3,
    from |-> 1,
    shardto |-> 1,
    to |-> 3,
    body |->
        [ id |-> 1,
          t |-> [id |-> <<2, 2>>, t |-> 0],
          b |-> 16,
          tx |-> 1,
          D |-> {} ] ],
  [ shardfrom |-> 2,
    type |-> 3,
    from |-> 1,
    shardto |-> 2,
    to |-> 2,
    body |->
        [ id |-> 1,
          t |-> [id |-> <<2, 2>>, t |-> 0],
          b |-> 16,
          tx |-> 1,
          D |-> {} ] ],
  [ shardfrom |-> 2,
    type |-> 3,
    from |-> 1,
    shardto |-> 2,
    to |-> 3,
    body |->
        [ id |-> 1,
          t |-> [id |-> <<2, 2>>, t |-> 0],
          b |-> 16,
          tx |-> 1,
          D |-> {} ] ],
  [ shardfrom |-> 2,
    type |-> 4,
    from |-> 1,
    shardto |-> 2,
    to |-> 1,
    body |-> [id |-> 1, b |-> 16, Dq |-> {}] ],
  [ shardfrom |-> 2,
    type |-> 8,
    from |-> 1,
    shardto |-> 1,
    to |-> 3,
    body |-> [id |-> 1, b |-> 16, tx |-> 0] ],
  [ shardfrom |-> 2,
    type |-> 8,
    from |-> 1,
    shardto |-> 2,
    to |-> 2,
    body |-> [id |-> 1, b |-> 16, tx |-> 0] ],
  [ shardfrom |-> 2,
    type |-> 8,
    from |-> 2,
    shardto |-> 1,
    to |-> 2,
    body |-> [id |-> 1, b |-> 11, tx |-> 1] ],
  [ shardfrom |-> 2,
    type |-> 8,
    from |-> 2,
    shardto |-> 1,
    to |-> 3,
    body |-> [id |-> 1, b |-> 11, tx |-> 1] ],
  [ shardfrom |-> 2,
    type |-> 8,
    from |-> 2,
    shardto |-> 2,
    to |-> 3,
    body |-> [id |-> 1, b |-> 11, tx |-> 1] ],
  [ shardfrom |-> 2,
    type |-> 8,
    from |-> 3,
    shardto |-> 1,
    to |-> 1,
    body |-> [id |-> 1, b |-> 6, tx |-> 1] ],
  [ shardfrom |-> 2,
    type |-> 8,
    from |-> 3,
    shardto |-> 1,
    to |-> 2,
    body |-> [id |-> 1, b |-> 6, tx |-> 1] ],
  [ shardfrom |-> 2,
    type |-> 8,
    from |-> 3,
    shardto |-> 1,
    to |-> 3,
    body |-> [id |-> 1, b |-> 6, tx |-> 1] ],
  [ shardfrom |-> 2,
    type |-> 8,
    from |-> 3,
    shardto |-> 2,
    to |-> 1,
    body |-> [id |-> 1, b |-> 6, tx |-> 1] ],
  [ shardfrom |-> 2,
    type |-> 8,
    from |-> 3,
    shardto |-> 2,
    to |-> 2,
    body |-> [id |-> 1, b |-> 6, tx |-> 1] ],
  [ shardfrom |-> 2,
    type |-> 9,
    from |-> 1,
    shardto |-> 2,
    to |-> 2,
    body |->
        [ id |-> 1,
          b |-> 11,
          tq |-> [id |-> <<0, 0>>, t |-> 0],
          abalq |-> 0,
          txq |-> 1,
          depq |-> {},
          phaseq |-> 1,
          rejectq |-> FALSE,
          Wq |-> {},
          WPq |-> {} ] ],
  [ shardfrom |-> 2,
    type |-> 9,
    from |-> 2,
    shardto |-> 1,
    to |-> 1,
    body |->
        [ id |-> 1,
          b |-> 13,
          tq |-> [id |-> <<2, 2>>, t |-> 0],
          abalq |-> 0,
          txq |-> 1,
          depq |-> {},
          phaseq |-> 2,
          rejectq |-> FALSE,
          Wq |-> {},
          WPq |-> {} ] ],
  [ shardfrom |-> 2,
    type |-> 9,
    from |-> 2,
    shardto |-> 2,
    to |-> 2,
    body |->
        [ id |-> 1,
          b |-> 11,
          tq |-> [id |-> <<2, 2>>, t |-> 0],
          abalq |-> 0,
          txq |-> 1,
          depq |-> {},
          phaseq |-> 2,
          rejectq |-> FALSE,
          Wq |-> {},
          WPq |-> {} ] ],
  [ shardfrom |-> 2,
    type |-> 9,
    from |-> 3,
    shardto |-> 2,
    to |-> 3,
    body |->
        [ id |-> 1,
          b |-> 6,
          tq |-> [id |-> <<2, 2>>, t |-> 0],
          abalq |-> 0,
          txq |-> 1,
          depq |-> {},
          phaseq |-> 2,
          rejectq |-> FALSE,
          Wq |-> {},
          WPq |-> {} ] ] }
/\ Qvar = << <<<<{}, {}>>, <<{}, {}>>, <<{}, {<<1, 2>>, <<1, 3>>}>>>>,
   << <<{<<1, 1>>, <<1, 2>>, <<2, 1>>, <<2, 3>>}, {}>>,
      <<{}, {}>>,
      <<{}, {}>> >> >>
/\ ts = << << <<[id |-> <<0, 0>>, t |-> 0], [id |-> <<1, 1>>, t |-> 2]>>,
      <<[id |-> <<2, 2>>, t |-> 0], [id |-> <<1, 1>>, t |-> 2]>>,
      <<[id |-> <<0, 0>>, t |-> 0], [id |-> <<1, 1>>, t |-> 2]>> >>,
   << <<[id |-> <<2, 2>>, t |-> 0], [id |-> <<0, 0>>, t |-> 0]>>,
      <<[id |-> <<2, 2>>, t |-> 0], [id |-> <<0, 0>>, t |-> 0]>>,
      <<[id |-> <<2, 2>>, t |-> 0], [id |-> <<0, 0>>, t |-> 0]>> >> >>
/\ TXvar = << <<<<bottom, bottom>>, <<bottom, bottom>>, <<bottom, 2>>>>,
   <<<<1, bottom>>, <<bottom, bottom>>, <<bottom, bottom>>>> >>
/\ recovered = <<<<<<1, 1>>, <<1, 1>>, <<1, 1>>>>, <<<<1, 0>>, <<1, 0>>, <<1, 0>>>>>>
/\ initCoord = <<<<2, 2>>, <<1, 1>>>>

State 39: <Next line 769, col 8 to line 774, col 27 of module AccordSpec>
/\ phase = <<<<<<1, 5>>, <<2, 5>>, <<1, 4>>>>, <<<<3, 1>>, <<2, 1>>, <<3, 1>>>>>>
/\ abal = <<<<<<0, 14>>, <<0, 14>>, <<0, 9>>>>, <<<<16, 0>>, <<0, 0>>, <<16, 0>>>>>>
/\ initTimestamp = << [id |-> <<2, 2>>, t |-> 0],
   [id |-> <<1, 1>>, t |-> 2],
   [id |-> <<0, 0>>, t |-> 1] >>
/\ bal = <<<<<<16, 14>>, <<16, 14>>, <<15, 9>>>>, <<<<16, 0>>, <<13, 0>>, <<16, 0>>>>>>
/\ txn = << <<<<0, 2>>, <<1, 2>>, <<0, 2>>>>,
   <<<<1, bottom>>, <<1, bottom>>, <<1, bottom>>>> >>
/\ postWaitingFlag = << <<<<FALSE, FALSE>>, <<FALSE, FALSE>>, <<FALSE, FALSE>>>>,
   <<<<FALSE, FALSE>>, <<FALSE, FALSE>>, <<FALSE, FALSE>>>> >>
/\ Wvar = << <<<<{}, {}>>, <<{}, {}>>, <<{}, {}>>>>,
   <<<<{}, {}>>, <<{}, {}>>, <<{}, {}>>>> >>
/\ dep = << <<<<{}, {1}>>, <<{}, {1}>>, <<{}, {}>>>>,
   <<<<{}, {}>>, <<{}, {}>>, <<{}, {}>>>> >>
/\ recoveryAttemptBal = <<<<<<0, 0>>, <<0, 0>>, <<0, 9>>>>, <<<<16, 0>>, <<0, 0>>, <<0, 0>>>>>>
/\ submitted = {1, 2}
/\ Dvar = << <<<<{}, {}>>, <<{}, {}>>, <<{}, {}>>>>,
   <<<<{}, {}>>, <<{}, {}>>, <<{}, {}>>>> >>
/\ msgs = { [ shardfrom |-> 1,
    type |-> 1,
    from |-> 1,
    shardto |-> 1,
    to |-> 2,
    body |-> [id |-> 2, tx |-> 2, D0 |-> {}] ],
  [ shardfrom |-> 1,
    type |-> 2,
    from |-> 1,
    shardto |-> 1,
    to |-> 1,
    body |-> [id |-> 2, tq |-> [id |-> <<1, 1>>, t |-> 2], Dq |-> {}] ],
  [ shardfrom |-> 1,
    type |-> 2,
    from |-> 2,
    shardto |-> 2,
    to |-> 2,
    body |-> [id |-> 1, tq |-> [id |-> <<2, 2>>, t |-> 0], Dq |-> {}] ],
  [ shardfrom |-> 1,
    type |-> 2,
    from |-> 3,
    shardto |-> 1,
    to |-> 1,
    body |-> [id |-> 2, tq |-> [id |-> <<1, 1>>, t |-> 2], Dq |-> {}] ],
  [ shardfrom |-> 1,
    type |-> 3,
    from |-> 2,
    shardto |-> 1,
    to |-> 3,
    body |->
        [ id |-> 2,
          t |-> [id |-> <<1, 1>>, t |-> 2],
          b |-> 14,
          tx |-> 2,
          D |-> {} ] ],
  [ shardfrom |-> 1,
    type |-> 3,
    from |-> 3,
    shardto |-> 1,
    to |-> 2,
    body |->
        [ id |-> 2,
          t |-> [id |-> <<1, 1>>, t |-> 2],
          b |-> 9,
          tx |-> 2,
          D |-> {} ] ],
  [ shardfrom |-> 1,
    type |-> 5,
    from |-> 2,
    shardto |-> 1,
    to |-> 3,
    body |->
        [ id |-> 2,
          t |-> [id |-> <<1, 1>>, t |-> 2],
          b |-> 14,
          tx |-> 2,
          D |-> {1},
          fastOrSlow |-> 1 ] ],
  [ shardfrom |-> 1,
    type |-> 5,
    from |-> 3,
    shardto |-> 1,
    to |-> 1,
    body |->
        [ id |-> 2,
          t |-> [id |-> <<1, 1>>, t |-> 2],
          b |-> 9,
          tx |-> 2,
          D |-> {},
          fastOrSlow |-> 1 ] ],
  [ shardfrom |-> 1,
    type |-> 5,
    from |-> 3,
    shardto |-> 1,
    to |-> 2,
    body |->
        [ id |-> 2,
          t |-> [id |-> <<1, 1>>, t |-> 2],
          b |-> 9,
          tx |-> 2,
          D |-> {},
          fastOrSlow |-> 1 ] ],
  [ shardfrom |-> 1,
    type |-> 6,
    from |-> 3,
    shardto |-> 1,
    to |-> 3,
    body |-> [id |-> 2, b |-> 9] ],
  [ shardfrom |-> 1,
    type |-> 7,
    from |-> 2,
    shardto |-> 1,
    to |-> 3,
    body |-> [id |-> 2, b |-> 14] ],
  [ shardfrom |-> 1,
    type |-> 8,
    from |-> 1,
    shardto |-> 1,
    to |-> 2,
    body |-> [id |-> 1, b |-> 13, tx |-> 0] ],
  [ shardfrom |-> 1,
    type |-> 8,
    from |-> 1,
    shardto |-> 1,
    to |-> 2,
    body |-> [id |-> 2, b |-> 7, tx |-> 2] ],
  [ shardfrom |-> 1,
    type |-> 8,
    from |-> 1,
    shardto |-> 1,
    to |-> 3,
    body |-> [id |-> 2, b |-> 7, tx |-> 2] ],
  [ shardfrom |-> 1,
    type |-> 8,
    from |-> 1,
    shardto |-> 2,
    to |-> 1,
    body |-> [id |-> 1, b |-> 13, tx |-> 0] ],
  [ shardfrom |-> 1,
    type |-> 8,
    from |-> 1,
    shardto |-> 2,
    to |-> 3,
    body |-> [id |-> 1, b |-> 13, tx |-> 0] ],
  [ shardfrom |-> 1,
    type |-> 8,
    from |-> 2,
    shardto |-> 1,
    to |-> 1,
    body |-> [id |-> 1, b |-> 8, tx |-> 1] ],
  [ shardfrom |-> 1,
    type |-> 8,
    from |-> 2,
    shardto |-> 1,
    to |-> 3,
    body |-> [id |-> 1, b |-> 8, tx |-> 1] ],
  [ shardfrom |-> 1,
    type |-> 8,
    from |-> 2,
    shardto |-> 1,
    to |-> 3,
    body |-> [id |-> 2, b |-> 14, tx |-> 0] ],
  [ shardfrom |-> 1,
    type |-> 8,
    from |-> 2,
    shardto |-> 2,
    to |-> 1,
    body |-> [id |-> 1, b |-> 8, tx |-> 1] ],
  [ shardfrom |-> 1,
    type |-> 8,
    from |-> 2,
    shardto |-> 2,
    to |-> 2,
    body |-> [id |-> 1, b |-> 8, tx |-> 1] ],
  [ shardfrom |-> 1,
    type |-> 8,
    from |-> 2,
    shardto |-> 2,
    to |-> 3,
    body |-> [id |-> 1, b |-> 8, tx |-> 1] ],
  [ shardfrom |-> 1,
    type |-> 8,
    from |-> 3,
    shardto |-> 1,
    to |-> 1,
    body |-> [id |-> 2, b |-> 9, tx |-> 2] ],
  [ shardfrom |-> 1,
    type |-> 8,
    from |-> 3,
    shardto |-> 2,
    to |-> 1,
    body |-> [id |-> 1, b |-> 15, tx |-> 0] ],
  [ shardfrom |-> 1,
    type |-> 8,
    from |-> 3,
    shardto |-> 2,
    to |-> 2,
    body |-> [id |-> 1, b |-> 15, tx |-> 0] ],
  [ shardfrom |-> 1,
    type |-> 8,
    from |-> 3,
    shardto |-> 2,
    to |-> 3,
    body |-> [id |-> 1, b |-> 15, tx |-> 0] ],
  [ shardfrom |-> 1,
    type |-> 9,
    from |-> 1,
    shardto |-> 1,
    to |-> 1,
    body |->
        [ id |-> 1,
          b |-> 13,
          tq |-> [id |-> <<0, 0>>, t |-> 0],
          abalq |-> 0,
          txq |-> 1,
          depq |-> {},
          phaseq |-> 1,
          rejectq |-> TRUE,
          Wq |-> {},
          WPq |-> {} ] ],
  [ shardfrom |-> 1,
    type |-> 9,
    from |-> 1,
    shardto |-> 1,
    to |-> 1,
    body |->
        [ id |-> 2,
          b |-> 7,
          tq |-> [id |-> <<1, 1>>, t |-> 2],
          abalq |-> 0,
          txq |-> 2,
          depq |-> {},
          phaseq |-> 2,
          rejectq |-> FALSE,
          Wq |-> {},
          WPq |-> {} ] ],
  [ shardfrom |-> 1,
    type |-> 9,
    from |-> 1,
    shardto |-> 1,
    to |-> 3,
    body |->
        [ id |-> 1,
          b |-> 15,
          tq |-> [id |-> <<0, 0>>, t |-> 0],
          abalq |-> 0,
          txq |-> 0,
          depq |-> {},
          phaseq |-> 1,
          rejectq |-> FALSE,
          Wq |-> {},
          WPq |-> {} ] ],
  [ shardfrom |-> 1,
    type |-> 9,
    from |-> 1,
    shardto |-> 2,
    to |-> 2,
    body |->
        [ id |-> 1,
          b |-> 11,
          tq |-> [id |-> <<0, 0>>, t |-> 0],
          abalq |-> 0,
          txq |-> 1,
          depq |-> {},
          phaseq |-> 1,
          rejectq |-> TRUE,
          Wq |-> {},
          WPq |-> {} ] ],
  [ shardfrom |-> 1,
    type |-> 9,
    from |-> 2,
    shardto |-> 1,
    to |-> 2,
    body |->
        [ id |-> 1,
          b |-> 8,
          tq |-> [id |-> <<2, 2>>, t |-> 0],
          abalq |-> 0,
          txq |-> 1,
          depq |-> {},
          phaseq |-> 2,
          rejectq |-> TRUE,
          Wq |-> {},
          WPq |-> {} ] ],
  [ shardfrom |-> 1,
    type |-> 9,
    from |-> 2,
    shardto |-> 1,
    to |-> 3,
    body |->
        [ id |-> 1,
          b |-> 15,
          tq |-> [id |-> <<2, 2>>, t |-> 0],
          abalq |-> 0,
          txq |-> 1,
          depq |-> {},
          phaseq |-> 2,
          rejectq |-> FALSE,
          Wq |-> {},
          WPq |-> {} ] ],
  [ shardfrom |-> 1,
    type |-> 9,
    from |-> 3,
    shardto |-> 1,
    to |-> 1,
    body |->
        [ id |-> 1,
          b |-> 13,
          tq |-> [id |-> <<0, 0>>, t |-> 0],
          abalq |-> 0,
          txq |-> 0,
          depq |-> {},
          phaseq |-> 1,
          rejectq |-> TRUE,
          Wq |-> {},
          WPq |-> {} ] ],
  [ shardfrom |-> 1,
    type |-> 9,
    from |-> 3,
    shardto |-> 1,
    to |-> 3,
    body |->
        [ id |-> 1,
          b |-> 15,
          tq |-> [id |-> <<0, 0>>, t |-> 0],
          abalq |-> 0,
          txq |-> 0,
          depq |-> {},
          phaseq |-> 1,
          rejectq |-> TRUE,
          Wq |-> {},
          WPq |-> {} ] ],
  [ shardfrom |-> 2,
    type |-> 1,
    from |-> 2,
    shardto |-> 1,
    to |-> 1,
    body |-> [id |-> 1, tx |-> 1, D0 |-> {}] ],
  [ shardfrom |-> 2,
    type |-> 1,
    from |-> 2,
    shardto |-> 1,
    to |-> 3,
    body |-> [id |-> 1, tx |-> 1, D0 |-> {}] ],
  [ shardfrom |-> 2,
    type |-> 1,
    from |-> 2,
    shardto |-> 2,
    to |-> 1,
    body |-> [id |-> 1, tx |-> 1, D0 |-> {}] ],
  [ shardfrom |-> 2,
    type |-> 2,
    from |-> 2,
    shardto |-> 2,
    to |-> 2,
    body |-> [id |-> 1, tq |-> [id |-> <<2, 2>>, t |-> 0], Dq |-> {}] ],
  [ shardfrom |-> 2,
    type |-> 2,
    from |-> 3,
    shardto |-> 2,
    to |-> 2,
    body |-> [id |-> 1, tq |-> [id |-> <<2, 2>>, t |-> 0], Dq |-> {}] ],
  [ shardfrom |-> 2,
    type |-> 3,
    from |-> 1,
    shardto |-> 1,
    to |-> 1,
    body |->
        [ id |-> 1,
          t |-> [id |-> <<2, 2>>, t |-> 0],
          b |-> 16,
          tx |-> 1,
          D |-> {} ] ],
  [ shardfrom |-> 2,
    type |-> 3,
    from |-> 1,
    shardto |-> 1,
    to |-> 2,
    body |->
        [ id |-> 1,
          t |-> [id |-> <<2, 2>>, t |-> 0],
          b |-> 16,
          tx |-> 1,
          D |-> {} ] ],
  [ shardfrom |-> 2,
    type |-> 3,
    from |-> 1,
    shardto |-> 1,
    to |-> 3,
    body |->
        [ id |-> 1,
          t |-> [id |-> <<2, 2>>, t |-> 0],
          b |-> 16,
          tx |-> 1,
          D |-> {} ] ],
  [ shardfrom |-> 2,
    type |-> 3,
    from |-> 1,
    shardto |-> 2,
    to |-> 2,
    body |->
        [ id |-> 1,
          t |-> [id |-> <<2, 2>>, t |-> 0],
          b |-> 16,
          tx |-> 1,
          D |-> {} ] ],
  [ shardfrom |-> 2,
    type |-> 4,
    from |-> 1,
    shardto |-> 2,
    to |-> 1,
    body |-> [id |-> 1, b |-> 16, Dq |-> {}] ],
  [ shardfrom |-> 2,
    type |-> 4,
    from |-> 3,
    shardto |-> 2,
    to |-> 1,
    body |-> [id |-> 1, b |-> 16, Dq |-> {}] ],
  [ shardfrom |-> 2,
    type |-> 8,
    from |-> 1,
    shardto |-> 1,
    to |-> 3,
    body |-> [id |-> 1, b |-> 16, tx |-> 0] ],
  [ shardfrom |-> 2,
    type |-> 8,
    from |-> 1,
    shardto |-> 2,
    to |-> 2,
    body |-> [id |-> 1, b |-> 16, tx |-> 0] ],
  [ shardfrom |-> 2,
    type |-> 8,
    from |-> 2,
    shardto |-> 1,
    to |-> 2,
    body |-> [id |-> 1, b |-> 11, tx |-> 1] ],
  [ shardfrom |-> 2,
    type |-> 8,
    from |-> 2,
    shardto |-> 1,
    to |-> 3,
    body |-> [id |-> 1, b |-> 11, tx |-> 1] ],
  [ shardfrom |-> 2,
    type |-> 8,
    from |-> 2,
    shardto |-> 2,
    to |-> 3,
    body |-> [id |-> 1, b |-> 11, tx |-> 1] ],
  [ shardfrom |-> 2,
    type |-> 8,
    from |-> 3,
    shardto |-> 1,
    to |-> 1,
    body |-> [id |-> 1, b |-> 6, tx |-> 1] ],
  [ shardfrom |-> 2,
    type |-> 8,
    from |-> 3,
    shardto |-> 1,
    to |-> 2,
    body |-> [id |-> 1, b |-> 6, tx |-> 1] ],
  [ shardfrom |-> 2,
    type |-> 8,
    from |-> 3,
    shardto |-> 1,
    to |-> 3,
    body |-> [id |-> 1, b |-> 6, tx |-> 1] ],
  [ shardfrom |-> 2,
    type |-> 8,
    from |-> 3,
    shardto |-> 2,
    to |-> 1,
    body |-> [id |-> 1, b |-> 6, tx |-> 1] ],
  [ shardfrom |-> 2,
    type |-> 8,
    from |-> 3,
    shardto |-> 2,
    to |-> 2,
    body |-> [id |-> 1, b |-> 6, tx |-> 1] ],
  [ shardfrom |-> 2,
    type |-> 9,
    from |-> 1,
    shardto |-> 2,
    to |-> 2,
    body |->
        [ id |-> 1,
          b |-> 11,
          tq |-> [id |-> <<0, 0>>, t |-> 0],
          abalq |-> 0,
          txq |-> 1,
          depq |-> {},
          phaseq |-> 1,
          rejectq |-> FALSE,
          Wq |-> {},
          WPq |-> {} ] ],
  [ shardfrom |-> 2,
    type |-> 9,
    from |-> 2,
    shardto |-> 1,
    to |-> 1,
    body |->
        [ id |-> 1,
          b |-> 13,
          tq |-> [id |-> <<2, 2>>, t |-> 0],
          abalq |-> 0,
          txq |-> 1,
          depq |-> {},
          phaseq |-> 2,
          rejectq |-> FALSE,
          Wq |-> {},
          WPq |-> {} ] ],
  [ shardfrom |-> 2,
    type |-> 9,
    from |-> 2,
    shardto |-> 2,
    to |-> 2,
    body |->
        [ id |-> 1,
          b |-> 11,
          tq |-> [id |-> <<2, 2>>, t |-> 0],
          abalq |-> 0,
          txq |-> 1,
          depq |-> {},
          phaseq |-> 2,
          rejectq |-> FALSE,
          Wq |-> {},
          WPq |-> {} ] ],
  [ shardfrom |-> 2,
    type |-> 9,
    from |-> 3,
    shardto |-> 2,
    to |-> 3,
    body |->
        [ id |-> 1,
          b |-> 6,
          tq |-> [id |-> <<2, 2>>, t |-> 0],
          abalq |-> 0,
          txq |-> 1,
          depq |-> {},
          phaseq |-> 2,
          rejectq |-> FALSE,
          Wq |-> {},
          WPq |-> {} ] ] }
/\ Qvar = << <<<<{}, {}>>, <<{}, {}>>, <<{}, {<<1, 2>>, <<1, 3>>}>>>>,
   << <<{<<1, 1>>, <<1, 2>>, <<2, 1>>, <<2, 3>>}, {}>>,
      <<{}, {}>>,
      <<{}, {}>> >> >>
/\ ts = << << <<[id |-> <<0, 0>>, t |-> 0], [id |-> <<1, 1>>, t |-> 2]>>,
      <<[id |-> <<2, 2>>, t |-> 0], [id |-> <<1, 1>>, t |-> 2]>>,
      <<[id |-> <<0, 0>>, t |-> 0], [id |-> <<1, 1>>, t |-> 2]>> >>,
   << <<[id |-> <<2, 2>>, t |-> 0], [id |-> <<0, 0>>, t |-> 0]>>,
      <<[id |-> <<2, 2>>, t |-> 0], [id |-> <<0, 0>>, t |-> 0]>>,
      <<[id |-> <<2, 2>>, t |-> 0], [id |-> <<0, 0>>, t |-> 0]>> >> >>
/\ TXvar = << <<<<bottom, bottom>>, <<bottom, bottom>>, <<bottom, 2>>>>,
   <<<<1, bottom>>, <<bottom, bottom>>, <<bottom, bottom>>>> >>
/\ recovered = <<<<<<1, 1>>, <<1, 1>>, <<1, 1>>>>, <<<<1, 0>>, <<1, 0>>, <<1, 0>>>>>>
/\ initCoord = <<<<2, 2>>, <<1, 1>>>>

State 40: <Next line 769, col 8 to line 774, col 27 of module AccordSpec>
/\ phase = <<<<<<1, 5>>, <<2, 5>>, <<1, 4>>>>, <<<<3, 1>>, <<2, 1>>, <<3, 1>>>>>>
/\ abal = <<<<<<0, 14>>, <<0, 14>>, <<0, 9>>>>, <<<<16, 0>>, <<0, 0>>, <<16, 0>>>>>>
/\ initTimestamp = << [id |-> <<2, 2>>, t |-> 0],
   [id |-> <<1, 1>>, t |-> 2],
   [id |-> <<0, 0>>, t |-> 1] >>
/\ bal = <<<<<<16, 14>>, <<16, 14>>, <<16, 9>>>>, <<<<16, 0>>, <<13, 0>>, <<16, 0>>>>>>
/\ txn = << <<<<0, 2>>, <<1, 2>>, <<0, 2>>>>,
   <<<<1, bottom>>, <<1, bottom>>, <<1, bottom>>>> >>
/\ postWaitingFlag = << <<<<FALSE, FALSE>>, <<FALSE, FALSE>>, <<FALSE, FALSE>>>>,
   <<<<FALSE, FALSE>>, <<FALSE, FALSE>>, <<FALSE, FALSE>>>> >>
/\ Wvar = << <<<<{}, {}>>, <<{}, {}>>, <<{}, {}>>>>,
   <<<<{}, {}>>, <<{}, {}>>, <<{}, {}>>>> >>
/\ dep = << <<<<{}, {1}>>, <<{}, {1}>>, <<{}, {}>>>>,
   <<<<{}, {}>>, <<{}, {}>>, <<{}, {}>>>> >>
/\ recoveryAttemptBal = <<<<<<0, 0>>, <<0, 0>>, <<0, 9>>>>, <<<<16, 0>>, <<0, 0>>, <<0, 0>>>>>>
/\ submitted = {1, 2}
/\ Dvar = << <<<<{}, {}>>, <<{}, {}>>, <<{}, {}>>>>,
   <<<<{}, {}>>, <<{}, {}>>, <<{}, {}>>>> >>
/\ msgs = { [ shardfrom |-> 1,
    type |-> 1,
    from |-> 1,
    shardto |-> 1,
    to |-> 2,
    body |-> [id |-> 2, tx |-> 2, D0 |-> {}] ],
  [ shardfrom |-> 1,
    type |-> 2,
    from |-> 1,
    shardto |-> 1,
    to |-> 1,
    body |-> [id |-> 2, tq |-> [id |-> <<1, 1>>, t |-> 2], Dq |-> {}] ],
  [ shardfrom |-> 1,
    type |-> 2,
    from |-> 2,
    shardto |-> 2,
    to |-> 2,
    body |-> [id |-> 1, tq |-> [id |-> <<2, 2>>, t |-> 0], Dq |-> {}] ],
  [ shardfrom |-> 1,
    type |-> 2,
    from |-> 3,
    shardto |-> 1,
    to |-> 1,
    body |-> [id |-> 2, tq |-> [id |-> <<1, 1>>, t |-> 2], Dq |-> {}] ],
  [ shardfrom |-> 1,
    type |-> 3,
    from |-> 2,
    shardto |-> 1,
    to |-> 3,
    body |->
        [ id |-> 2,
          t |-> [id |-> <<1, 1>>, t |-> 2],
          b |-> 14,
          tx |-> 2,
          D |-> {} ] ],
  [ shardfrom |-> 1,
    type |-> 3,
    from |-> 3,
    shardto |-> 1,
    to |-> 2,
    body |->
        [ id |-> 2,
          t |-> [id |-> <<1, 1>>, t |-> 2],
          b |-> 9,
          tx |-> 2,
          D |-> {} ] ],
  [ shardfrom |-> 1,
    type |-> 5,
    from |-> 2,
    shardto |-> 1,
    to |-> 3,
    body |->
        [ id |-> 2,
          t |-> [id |-> <<1, 1>>, t |-> 2],
          b |-> 14,
          tx |-> 2,
          D |-> {1},
          fastOrSlow |-> 1 ] ],
  [ shardfrom |-> 1,
    type |-> 5,
    from |-> 3,
    shardto |-> 1,
    to |-> 1,
    body |->
        [ id |-> 2,
          t |-> [id |-> <<1, 1>>, t |-> 2],
          b |-> 9,
          tx |-> 2,
          D |-> {},
          fastOrSlow |-> 1 ] ],
  [ shardfrom |-> 1,
    type |-> 5,
    from |-> 3,
    shardto |-> 1,
    to |-> 2,
    body |->
        [ id |-> 2,
          t |-> [id |-> <<1, 1>>, t |-> 2],
          b |-> 9,
          tx |-> 2,
          D |-> {},
          fastOrSlow |-> 1 ] ],
  [ shardfrom |-> 1,
    type |-> 6,
    from |-> 3,
    shardto |-> 1,
    to |-> 3,
    body |-> [id |-> 2, b |-> 9] ],
  [ shardfrom |-> 1,
    type |-> 7,
    from |-> 2,
    shardto |-> 1,
    to |-> 3,
    body |-> [id |-> 2, b |-> 14] ],
  [ shardfrom |-> 1,
    type |-> 8,
    from |-> 1,
    shardto |-> 1,
    to |-> 2,
    body |-> [id |-> 1, b |-> 13, tx |-> 0] ],
  [ shardfrom |-> 1,
    type |-> 8,
    from |-> 1,
    shardto |-> 1,
    to |-> 2,
    body |-> [id |-> 2, b |-> 7, tx |-> 2] ],
  [ shardfrom |-> 1,
    type |-> 8,
    from |-> 1,
    shardto |-> 1,
    to |-> 3,
    body |-> [id |-> 2, b |-> 7, tx |-> 2] ],
  [ shardfrom |-> 1,
    type |-> 8,
    from |-> 1,
    shardto |-> 2,
    to |-> 1,
    body |-> [id |-> 1, b |-> 13, tx |-> 0] ],
  [ shardfrom |-> 1,
    type |-> 8,
    from |-> 1,
    shardto |-> 2,
    to |-> 3,
    body |-> [id |-> 1, b |-> 13, tx |-> 0] ],
  [ shardfrom |-> 1,
    type |-> 8,
    from |-> 2,
    shardto |-> 1,
    to |-> 1,
    body |-> [id |-> 1, b |-> 8, tx |-> 1] ],
  [ shardfrom |-> 1,
    type |-> 8,
    from |-> 2,
    shardto |-> 1,
    to |-> 3,
    body |-> [id |-> 1, b |-> 8, tx |-> 1] ],
  [ shardfrom |-> 1,
    type |-> 8,
    from |-> 2,
    shardto |-> 1,
    to |-> 3,
    body |-> [id |-> 2, b |-> 14, tx |-> 0] ],
  [ shardfrom |-> 1,
    type |-> 8,
    from |-> 2,
    shardto |-> 2,
    to |-> 1,
    body |-> [id |-> 1, b |-> 8, tx |-> 1] ],
  [ shardfrom |-> 1,
    type |-> 8,
    from |-> 2,
    shardto |-> 2,
    to |-> 2,
    body |-> [id |-> 1, b |-> 8, tx |-> 1] ],
  [ shardfrom |-> 1,
    type |-> 8,
    from |-> 2,
    shardto |-> 2,
    to |-> 3,
    body |-> [id |-> 1, b |-> 8, tx |-> 1] ],
  [ shardfrom |-> 1,
    type |-> 8,
    from |-> 3,
    shardto |-> 1,
    to |-> 1,
    body |-> [id |-> 2, b |-> 9, tx |-> 2] ],
  [ shardfrom |-> 1,
    type |-> 8,
    from |-> 3,
    shardto |-> 2,
    to |-> 1,
    body |-> [id |-> 1, b |-> 15, tx |-> 0] ],
  [ shardfrom |-> 1,
    type |-> 8,
    from |-> 3,
    shardto |-> 2,
    to |-> 2,
    body |-> [id |-> 1, b |-> 15, tx |-> 0] ],
  [ shardfrom |-> 1,
    type |-> 8,
    from |-> 3,
    shardto |-> 2,
    to |-> 3,
    body |-> [id |-> 1, b |-> 15, tx |-> 0] ],
  [ shardfrom |-> 1,
    type |-> 9,
    from |-> 1,
    shardto |-> 1,
    to |-> 1,
    body |->
        [ id |-> 1,
          b |-> 13,
          tq |-> [id |-> <<0, 0>>, t |-> 0],
          abalq |-> 0,
          txq |-> 1,
          depq |-> {},
          phaseq |-> 1,
          rejectq |-> TRUE,
          Wq |-> {},
          WPq |-> {} ] ],
  [ shardfrom |-> 1,
    type |-> 9,
    from |-> 1,
    shardto |-> 1,
    to |-> 1,
    body |->
        [ id |-> 2,
          b |-> 7,
          tq |-> [id |-> <<1, 1>>, t |-> 2],
          abalq |-> 0,
          txq |-> 2,
          depq |-> {},
          phaseq |-> 2,
          rejectq |-> FALSE,
          Wq |-> {},
          WPq |-> {} ] ],
  [ shardfrom |-> 1,
    type |-> 9,
    from |-> 1,
    shardto |-> 1,
    to |-> 3,
    body |->
        [ id |-> 1,
          b |-> 15,
          tq |-> [id |-> <<0, 0>>, t |-> 0],
          abalq |-> 0,
          txq |-> 0,
          depq |-> {},
          phaseq |-> 1,
          rejectq |-> FALSE,
          Wq |-> {},
          WPq |-> {} ] ],
  [ shardfrom |-> 1,
    type |-> 9,
    from |-> 1,
    shardto |-> 2,
    to |-> 2,
    body |->
        [ id |-> 1,
          b |-> 11,
          tq |-> [id |-> <<0, 0>>, t |-> 0],
          abalq |-> 0,
          txq |-> 1,
          depq |-> {},
          phaseq |-> 1,
          rejectq |-> TRUE,
          Wq |-> {},
          WPq |-> {} ] ],
  [ shardfrom |-> 1,
    type |-> 9,
    from |-> 2,
    shardto |-> 1,
    to |-> 2,
    body |->
        [ id |-> 1,
          b |-> 8,
          tq |-> [id |-> <<2, 2>>, t |-> 0],
          abalq |-> 0,
          txq |-> 1,
          depq |-> {},
          phaseq |-> 2,
          rejectq |-> TRUE,
          Wq |-> {},
          WPq |-> {} ] ],
  [ shardfrom |-> 1,
    type |-> 9,
    from |-> 2,
    shardto |-> 1,
    to |-> 3,
    body |->
        [ id |-> 1,
          b |-> 15,
          tq |-> [id |-> <<2, 2>>, t |-> 0],
          abalq |-> 0,
          txq |-> 1,
          depq |-> {},
          phaseq |-> 2,
          rejectq |-> FALSE,
          Wq |-> {},
          WPq |-> {} ] ],
  [ shardfrom |-> 1,
    type |-> 9,
    from |-> 3,
    shardto |-> 1,
    to |-> 1,
    body |->
        [ id |-> 1,
          b |-> 13,
          tq |-> [id |-> <<0, 0>>, t |-> 0],
          abalq |-> 0,
          txq |-> 0,
          depq |-> {},
          phaseq |-> 1,
          rejectq |-> TRUE,
          Wq |-> {},
          WPq |-> {} ] ],
  [ shardfrom |-> 1,
    type |-> 9,
    from |-> 3,
    shardto |-> 1,
    to |-> 3,
    body |->
        [ id |-> 1,
          b |-> 15,
          tq |-> [id |-> <<0, 0>>, t |-> 0],
          abalq |-> 0,
          txq |-> 0,
          depq |-> {},
          phaseq |-> 1,
          rejectq |-> TRUE,
          Wq |-> {},
          WPq |-> {} ] ],
  [ shardfrom |-> 1,
    type |-> 9,
    from |-> 3,
    shardto |-> 2,
    to |-> 1,
    body |->
        [ id |-> 1,
          b |-> 16,
          tq |-> [id |-> <<0, 0>>, t |-> 0],
          abalq |-> 0,
          txq |-> 0,
          depq |-> {},
          phaseq |-> 1,
          rejectq |-> TRUE,
          Wq |-> {},
          WPq |-> {} ] ],
  [ shardfrom |-> 2,
    type |-> 1,
    from |-> 2,
    shardto |-> 1,
    to |-> 1,
    body |-> [id |-> 1, tx |-> 1, D0 |-> {}] ],
  [ shardfrom |-> 2,
    type |-> 1,
    from |-> 2,
    shardto |-> 1,
    to |-> 3,
    body |-> [id |-> 1, tx |-> 1, D0 |-> {}] ],
  [ shardfrom |-> 2,
    type |-> 1,
    from |-> 2,
    shardto |-> 2,
    to |-> 1,
    body |-> [id |-> 1, tx |-> 1, D0 |-> {}] ],
  [ shardfrom |-> 2,
    type |-> 2,
    from |-> 2,
    shardto |-> 2,
    to |-> 2,
    body |-> [id |-> 1, tq |-> [id |-> <<2, 2>>, t |-> 0], Dq |-> {}] ],
  [ shardfrom |-> 2,
    type |-> 2,
    from |-> 3,
    shardto |-> 2,
    to |-> 2,
    body |-> [id |-> 1, tq |-> [id |-> <<2, 2>>, t |-> 0], Dq |-> {}] ],
  [ shardfrom |-> 2,
    type |-> 3,
    from |-> 1,
    shardto |-> 1,
    to |-> 1,
    body |->
        [ id |-> 1,
          t |-> [id |-> <<2, 2>>, t |-> 0],
          b |-> 16,
          tx |-> 1,
          D |-> {} ] ],
  [ shardfrom |-> 2,
    type |-> 3,
    from |-> 1,
    shardto |-> 1,
    to |-> 2,
    body |->
        [ id |-> 1,
          t |-> [id |-> <<2, 2>>, t |-> 0],
          b |-> 16,
          tx |-> 1,
          D |-> {} ] ],
  [ shardfrom |-> 2,
    type |-> 3,
    from |-> 1,
    shardto |-> 1,
    to |-> 3,
    body |->
        [ id |-> 1,
          t |-> [id |-> <<2, 2>>, t |-> 0],
          b |-> 16,
          tx |-> 1,
          D |-> {} ] ],
  [ shardfrom |-> 2,
    type |-> 3,
    from |-> 1,
    shardto |-> 2,
    to |-> 2,
    body |->
        [ id |-> 1,
          t |-> [id |-> <<2, 2>>, t |-> 0],
          b |-> 16,
          tx |-> 1,
          D |-> {} ] ],
  [ shardfrom |-> 2,
    type |-> 4,
    from |-> 1,
    shardto |-> 2,
    to |-> 1,
    body |-> [id |-> 1, b |-> 16, Dq |-> {}] ],
  [ shardfrom |-> 2,
    type |-> 4,
    from |-> 3,
    shardto |-> 2,
    to |-> 1,
    body |-> [id |-> 1, b |-> 16, Dq |-> {}] ],
  [ shardfrom |-> 2,
    type |-> 8,
    from |-> 1,
    shardto |-> 2,
    to |-> 2,
    body |-> [id |-> 1, b |-> 16, tx |-> 0] ],
  [ shardfrom |-> 2,
    type |-> 8,
    from |-> 2,
    shardto |-> 1,
    to |-> 2,
    body |-> [id |-> 1, b |-> 11, tx |-> 1] ],
  [ shardfrom |-> 2,
    type |-> 8,
    from |-> 2,
    shardto |-> 1,
    to |-> 3,
    body |-> [id |-> 1, b |-> 11, tx |-> 1] ],
  [ shardfrom |-> 2,
    type |-> 8,
    from |-> 2,
    shardto |-> 2,
    to |-> 3,
    body |-> [id |-> 1, b |-> 11, tx |-> 1] ],
  [ shardfrom |-> 2,
    type |-> 8,
    from |-> 3,
    shardto |-> 1,
    to |-> 1,
    body |-> [id |-> 1, b |-> 6, tx |-> 1] ],
  [ shardfrom |-> 2,
    type |-> 8,
    from |-> 3,
    shardto |-> 1,
    to |-> 2,
    body |-> [id |-> 1, b |-> 6, tx |-> 1] ],
  [ shardfrom |-> 2,
    type |-> 8,
    from |-> 3,
    shardto |-> 1,
    to |-> 3,
    body |-> [id |-> 1, b |-> 6, tx |-> 1] ],
  [ shardfrom |-> 2,
    type |-> 8,
    from |-> 3,
    shardto |-> 2,
    to |-> 1,
    body |-> [id |-> 1, b |-> 6, tx |-> 1] ],
  [ shardfrom |-> 2,
    type |-> 8,
    from |-> 3,
    shardto |-> 2,
    to |-> 2,
    body |-> [id |-> 1, b |-> 6, tx |-> 1] ],
  [ shardfrom |-> 2,
    type |-> 9,
    from |-> 1,
    shardto |-> 2,
    to |-> 2,
    body |->
        [ id |-> 1,
          b |-> 11,
          tq |-> [id |-> <<0, 0>>, t |-> 0],
          abalq |-> 0,
          txq |-> 1,
          depq |-> {},
          phaseq |-> 1,
          rejectq |-> FALSE,
          Wq |-> {},
          WPq |-> {} ] ],
  [ shardfrom |-> 2,
    type |-> 9,
    from |-> 2,
    shardto |-> 1,
    to |-> 1,
    body |->
        [ id |-> 1,
          b |-> 13,
          tq |-> [id |-> <<2, 2>>, t |-> 0],
          abalq |-> 0,
          txq |-> 1,
          depq |-> {},
          phaseq |-> 2,
          rejectq |-> FALSE,
          Wq |-> {},
          WPq |-> {} ] ],
  [ shardfrom |-> 2,
    type |-> 9,
    from |-> 2,
    shardto |-> 2,
    to |-> 2,
    body |->
        [ id |-> 1,
          b |-> 11,
          tq |-> [id |-> <<2, 2>>, t |-> 0],
          abalq |-> 0,
          txq |-> 1,
          depq |-> {},
          phaseq |-> 2,
          rejectq |-> FALSE,
          Wq |-> {},
          WPq |-> {} ] ],
  [ shardfrom |-> 2,
    type |-> 9,
    from |-> 3,
    shardto |-> 2,
    to |-> 3,
    body |->
        [ id |-> 1,
          b |-> 6,
          tq |-> [id |-> <<2, 2>>, t |-> 0],
          abalq |-> 0,
          txq |-> 1,
          depq |-> {},
          phaseq |-> 2,
          rejectq |-> FALSE,
          Wq |-> {},
          WPq |-> {} ] ] }
/\ Qvar = << <<<<{}, {}>>, <<{}, {}>>, <<{}, {<<1, 2>>, <<1, 3>>}>>>>,
   << <<{<<1, 1>>, <<1, 2>>, <<2, 1>>, <<2, 3>>}, {}>>,
      <<{}, {}>>,
      <<{}, {}>> >> >>
/\ ts = << << <<[id |-> <<0, 0>>, t |-> 0], [id |-> <<1, 1>>, t |-> 2]>>,
      <<[id |-> <<2, 2>>, t |-> 0], [id |-> <<1, 1>>, t |-> 2]>>,
      <<[id |-> <<0, 0>>, t |-> 0], [id |-> <<1, 1>>, t |-> 2]>> >>,
   << <<[id |-> <<2, 2>>, t |-> 0], [id |-> <<0, 0>>, t |-> 0]>>,
      <<[id |-> <<2, 2>>, t |-> 0], [id |-> <<0, 0>>, t |-> 0]>>,
      <<[id |-> <<2, 2>>, t |-> 0], [id |-> <<0, 0>>, t |-> 0]>> >> >>
/\ TXvar = << <<<<bottom, bottom>>, <<bottom, bottom>>, <<bottom, 2>>>>,
   <<<<1, bottom>>, <<bottom, bottom>>, <<bottom, bottom>>>> >>
/\ recovered = <<<<<<1, 1>>, <<1, 1>>, <<1, 1>>>>, <<<<1, 0>>, <<1, 0>>, <<1, 0>>>>>>
/\ initCoord = <<<<2, 2>>, <<1, 1>>>>

State 41: <Next line 769, col 8 to line 774, col 27 of module AccordSpec>
/\ phase = <<<<<<1, 5>>, <<2, 5>>, <<3, 4>>>>, <<<<3, 1>>, <<2, 1>>, <<3, 1>>>>>>
/\ abal = <<<<<<0, 14>>, <<0, 14>>, <<16, 9>>>>, <<<<16, 0>>, <<0, 0>>, <<16, 0>>>>>>
/\ initTimestamp = << [id |-> <<2, 2>>, t |-> 0],
   [id |-> <<1, 1>>, t |-> 2],
   [id |-> <<0, 0>>, t |-> 1] >>
/\ bal = <<<<<<16, 14>>, <<16, 14>>, <<16, 9>>>>, <<<<16, 0>>, <<13, 0>>, <<16, 0>>>>>>
/\ txn = << <<<<0, 2>>, <<1, 2>>, <<1, 2>>>>,
   <<<<1, bottom>>, <<1, bottom>>, <<1, bottom>>>> >>
/\ postWaitingFlag = << <<<<FALSE, FALSE>>, <<FALSE, FALSE>>, <<FALSE, FALSE>>>>,
   <<<<FALSE, FALSE>>, <<FALSE, FALSE>>, <<FALSE, FALSE>>>> >>
/\ Wvar = << <<<<{}, {}>>, <<{}, {}>>, <<{}, {}>>>>,
   <<<<{}, {}>>, <<{}, {}>>, <<{}, {}>>>> >>
/\ dep = << <<<<{}, {1}>>, <<{}, {1}>>, <<{}, {}>>>>,
   <<<<{}, {}>>, <<{}, {}>>, <<{}, {}>>>> >>
/\ recoveryAttemptBal = <<<<<<0, 0>>, <<0, 0>>, <<0, 9>>>>, <<<<16, 0>>, <<0, 0>>, <<0, 0>>>>>>
/\ submitted = {1, 2}
/\ Dvar = << <<<<{}, {}>>, <<{}, {}>>, <<{}, {}>>>>,
   <<<<{}, {}>>, <<{}, {}>>, <<{}, {}>>>> >>
/\ msgs = { [ shardfrom |-> 1,
    type |-> 1,
    from |-> 1,
    shardto |-> 1,
    to |-> 2,
    body |-> [id |-> 2, tx |-> 2, D0 |-> {}] ],
  [ shardfrom |-> 1,
    type |-> 2,
    from |-> 1,
    shardto |-> 1,
    to |-> 1,
    body |-> [id |-> 2, tq |-> [id |-> <<1, 1>>, t |-> 2], Dq |-> {}] ],
  [ shardfrom |-> 1,
    type |-> 2,
    from |-> 2,
    shardto |-> 2,
    to |-> 2,
    body |-> [id |-> 1, tq |-> [id |-> <<2, 2>>, t |-> 0], Dq |-> {}] ],
  [ shardfrom |-> 1,
    type |-> 2,
    from |-> 3,
    shardto |-> 1,
    to |-> 1,
    body |-> [id |-> 2, tq |-> [id |-> <<1, 1>>, t |-> 2], Dq |-> {}] ],
  [ shardfrom |-> 1,
    type |-> 3,
    from |-> 2,
    shardto |-> 1,
    to |-> 3,
    body |->
        [ id |-> 2,
          t |-> [id |-> <<1, 1>>, t |-> 2],
          b |-> 14,
          tx |-> 2,
          D |-> {} ] ],
  [ shardfrom |-> 1,
    type |-> 3,
    from |-> 3,
    shardto |-> 1,
    to |-> 2,
    body |->
        [ id |-> 2,
          t |-> [id |-> <<1, 1>>, t |-> 2],
          b |-> 9,
          tx |-> 2,
          D |-> {} ] ],
  [ shardfrom |-> 1,
    type |-> 4,
    from |-> 3,
    shardto |-> 2,
    to |-> 1,
    body |-> [id |-> 1, b |-> 16, Dq |-> {}] ],
  [ shardfrom |-> 1,
    type |-> 5,
    from |-> 2,
    shardto |-> 1,
    to |-> 3,
    body |->
        [ id |-> 2,
          t |-> [id |-> <<1, 1>>, t |-> 2],
          b |-> 14,
          tx |-> 2,
          D |-> {1},
          fastOrSlow |-> 1 ] ],
  [ shardfrom |-> 1,
    type |-> 5,
    from |-> 3,
    shardto |-> 1,
    to |-> 1,
    body |->
        [ id |-> 2,
          t |-> [id |-> <<1, 1>>, t |-> 2],
          b |-> 9,
          tx |-> 2,
          D |-> {},
          fastOrSlow |-> 1 ] ],
  [ shardfrom |-> 1,
    type |-> 5,
    from |-> 3,
    shardto |-> 1,
    to |-> 2,
    body |->
        [ id |-> 2,
          t |-> [id |-> <<1, 1>>, t |-> 2],
          b |-> 9,
          tx |-> 2,
          D |-> {},
          fastOrSlow |-> 1 ] ],
  [ shardfrom |-> 1,
    type |-> 6,
    from |-> 3,
    shardto |-> 1,
    to |-> 3,
    body |-> [id |-> 2, b |-> 9] ],
  [ shardfrom |-> 1,
    type |-> 7,
    from |-> 2,
    shardto |-> 1,
    to |-> 3,
    body |-> [id |-> 2, b |-> 14] ],
  [ shardfrom |-> 1,
    type |-> 8,
    from |-> 1,
    shardto |-> 1,
    to |-> 2,
    body |-> [id |-> 1, b |-> 13, tx |-> 0] ],
  [ shardfrom |-> 1,
    type |-> 8,
    from |-> 1,
    shardto |-> 1,
    to |-> 2,
    body |-> [id |-> 2, b |-> 7, tx |-> 2] ],
  [ shardfrom |-> 1,
    type |-> 8,
    from |-> 1,
    shardto |-> 1,
    to |-> 3,
    body |-> [id |-> 2, b |-> 7, tx |-> 2] ],
  [ shardfrom |-> 1,
    type |-> 8,
    from |-> 1,
    shardto |-> 2,
    to |-> 1,
    body |-> [id |-> 1, b |-> 13, tx |-> 0] ],
  [ shardfrom |-> 1,
    type |-> 8,
    from |-> 1,
    shardto |-> 2,
    to |-> 3,
    body |-> [id |-> 1, b |-> 13, tx |-> 0] ],
  [ shardfrom |-> 1,
    type |-> 8,
    from |-> 2,
    shardto |-> 1,
    to |-> 1,
    body |-> [id |-> 1, b |-> 8, tx |-> 1] ],
  [ shardfrom |-> 1,
    type |-> 8,
    from |-> 2,
    shardto |-> 1,
    to |-> 3,
    body |-> [id |-> 1, b |-> 8, tx |-> 1] ],
  [ shardfrom |-> 1,
    type |-> 8,
    from |-> 2,
    shardto |-> 1,
    to |-> 3,
    body |-> [id |-> 2, b |-> 14, tx |-> 0] ],
  [ shardfrom |-> 1,
    type |-> 8,
    from |-> 2,
    shardto |-> 2,
    to |-> 1,
    body |-> [id |-> 1, b |-> 8, tx |-> 1] ],
  [ shardfrom |-> 1,
    type |-> 8,
    from |-> 2,
    shardto |-> 2,
    to |-> 2,
    body |-> [id |-> 1, b |-> 8, tx |-> 1] ],
  [ shardfrom |-> 1,
    type |-> 8,
    from |-> 2,
    shardto |-> 2,
    to |-> 3,
    body |-> [id |-> 1, b |-> 8, tx |-> 1] ],
  [ shardfrom |-> 1,
    type |-> 8,
    from |-> 3,
    shardto |-> 1,
    to |-> 1,
    body |-> [id |-> 2, b |-> 9, tx |-> 2] ],
  [ shardfrom |-> 1,
    type |-> 8,
    from |-> 3,
    shardto |-> 2,
    to |-> 1,
    body |-> [id |-> 1, b |-> 15, tx |-> 0] ],
  [ shardfrom |-> 1,
    type |-> 8,
    from |-> 3,
    shardto |-> 2,
    to |-> 2,
    body |-> [id |-> 1, b |-> 15, tx |-> 0] ],
  [ shardfrom |-> 1,
    type |-> 8,
    from |-> 3,
    shardto |-> 2,
    to |-> 3,
    body |-> [id |-> 1, b |-> 15, tx |-> 0] ],
  [ shardfrom |-> 1,
    type |-> 9,
    from |-> 1,
    shardto |-> 1,
    to |-> 1,
    body |->
        [ id |-> 1,
          b |-> 13,
          tq |-> [id |-> <<0, 0>>, t |-> 0],
          abalq |-> 0,
          txq |-> 1,
          depq |-> {},
          phaseq |-> 1,
          rejectq |-> TRUE,
          Wq |-> {},
          WPq |-> {} ] ],
  [ shardfrom |-> 1,
    type |-> 9,
    from |-> 1,
    shardto |-> 1,
    to |-> 1,
    body |->
        [ id |-> 2,
          b |-> 7,
          tq |-> [id |-> <<1, 1>>, t |-> 2],
          abalq |-> 0,
          txq |-> 2,
          depq |-> {},
          phaseq |-> 2,
          rejectq |-> FALSE,
          Wq |-> {},
          WPq |-> {} ] ],
  [ shardfrom |-> 1,
    type |-> 9,
    from |-> 1,
    shardto |-> 1,
    to |-> 3,
    body |->
        [ id |-> 1,
          b |-> 15,
          tq |-> [id |-> <<0, 0>>, t |-> 0],
          abalq |-> 0,
          txq |-> 0,
          depq |-> {},
          phaseq |-> 1,
          rejectq |-> FALSE,
          Wq |-> {},
          WPq |-> {} ] ],
  [ shardfrom |-> 1,
    type |-> 9,
    from |-> 1,
    shardto |-> 2,
    to |-> 2,
    body |->
        [ id |-> 1,
          b |-> 11,
          tq |-> [id |-> <<0, 0>>, t |-> 0],
          abalq |-> 0,
          txq |-> 1,
          depq |-> {},
          phaseq |-> 1,
          rejectq |-> TRUE,
          Wq |-> {},
          WPq |-> {} ] ],
  [ shardfrom |-> 1,
    type |-> 9,
    from |-> 2,
    shardto |-> 1,
    to |-> 2,
    body |->
        [ id |-> 1,
          b |-> 8,
          tq |-> [id |-> <<2, 2>>, t |-> 0],
          abalq |-> 0,
          txq |-> 1,
          depq |-> {},
          phaseq |-> 2,
          rejectq |-> TRUE,
          Wq |-> {},
          WPq |-> {} ] ],
  [ shardfrom |-> 1,
    type |-> 9,
    from |-> 2,
    shardto |-> 1,
    to |-> 3,
    body |->
        [ id |-> 1,
          b |-> 15,
          tq |-> [id |-> <<2, 2>>, t |-> 0],
          abalq |-> 0,
          txq |-> 1,
          depq |-> {},
          phaseq |-> 2,
          rejectq |-> FALSE,
          Wq |-> {},
          WPq |-> {} ] ],
  [ shardfrom |-> 1,
    type |-> 9,
    from |-> 3,
    shardto |-> 1,
    to |-> 1,
    body |->
        [ id |-> 1,
          b |-> 13,
          tq |-> [id |-> <<0, 0>>, t |-> 0],
          abalq |-> 0,
          txq |-> 0,
          depq |-> {},
          phaseq |-> 1,
          rejectq |-> TRUE,
          Wq |-> {},
          WPq |-> {} ] ],
  [ shardfrom |-> 1,
    type |-> 9,
    from |-> 3,
    shardto |-> 1,
    to |-> 3,
    body |->
        [ id |-> 1,
          b |-> 15,
          tq |-> [id |-> <<0, 0>>, t |-> 0],
          abalq |-> 0,
          txq |-> 0,
          depq |-> {},
          phaseq |-> 1,
          rejectq |-> TRUE,
          Wq |-> {},
          WPq |-> {} ] ],
  [ shardfrom |-> 1,
    type |-> 9,
    from |-> 3,
    shardto |-> 2,
    to |-> 1,
    body |->
        [ id |-> 1,
          b |-> 16,
          tq |-> [id |-> <<0, 0>>, t |-> 0],
          abalq |-> 0,
          txq |-> 0,
          depq |-> {},
          phaseq |-> 1,
          rejectq |-> TRUE,
          Wq |-> {},
          WPq |-> {} ] ],
  [ shardfrom |-> 2,
    type |-> 1,
    from |-> 2,
    shardto |-> 1,
    to |-> 1,
    body |-> [id |-> 1, tx |-> 1, D0 |-> {}] ],
  [ shardfrom |-> 2,
    type |-> 1,
    from |-> 2,
    shardto |-> 1,
    to |-> 3,
    body |-> [id |-> 1, tx |-> 1, D0 |-> {}] ],
  [ shardfrom |-> 2,
    type |-> 1,
    from |-> 2,
    shardto |-> 2,
    to |-> 1,
    body |-> [id |-> 1, tx |-> 1, D0 |-> {}] ],
  [ shardfrom |-> 2,
    type |-> 2,
    from |-> 2,
    shardto |-> 2,
    to |-> 2,
    body |-> [id |-> 1, tq |-> [id |-> <<2, 2>>, t |-> 0], Dq |-> {}] ],
  [ shardfrom |-> 2,
    type |-> 2,
    from |-> 3,
    shardto |-> 2,
    to |-> 2,
    body |-> [id |-> 1, tq |-> [id |-> <<2, 2>>, t |-> 0], Dq |-> {}] ],
  [ shardfrom |-> 2,
    type |-> 3,
    from |-> 1,
    shardto |-> 1,
    to |-> 1,
    body |->
        [ id |-> 1,
          t |-> [id |-> <<2, 2>>, t |-> 0],
          b |-> 16,
          tx |-> 1,
          D |-> {} ] ],
  [ shardfrom |-> 2,
    type |-> 3,
    from |-> 1,
    shardto |-> 1,
    to |-> 2,
    body |->
        [ id |-> 1,
          t |-> [id |-> <<2, 2>>, t |-> 0],
          b |-> 16,
          tx |-> 1,
          D |-> {} ] ],
  [ shardfrom |-> 2,
    type |-> 3,
    from |-> 1,
    shardto |-> 2,
    to |-> 2,
    body |->
        [ id |-> 1,
          t |-> [id |-> <<2, 2>>, t |-> 0],
          b |-> 16,
          tx |-> 1,
          D |-> {} ] ],
  [ shardfrom |-> 2,
    type |-> 4,
    from |-> 1,
    shardto |-> 2,
    to |-> 1,
    body |-> [id |-> 1, b |-> 16, Dq |-> {}] ],
  [ shardfrom |-> 2,
    type |-> 4,
    from |-> 3,
    shardto |-> 2,
    to |-> 1,
    body |-> [id |-> 1, b |-> 16, Dq |-> {}] ],
  [ shardfrom |-> 2,
    type |-> 8,
    from |-> 1,
    shardto |-> 2,
    to |-> 2,
    body |-> [id |-> 1, b |-> 16, tx |-> 0] ],
  [ shardfrom |-> 2,
    type |-> 8,
    from |-> 2,
    shardto |-> 1,
    to |-> 2,
    body |-> [id |-> 1, b |-> 11, tx |-> 1] ],
  [ shardfrom |-> 2,
    type |-> 8,
    from |-> 2,
    shardto |-> 1,
    to |-> 3,
    body |-> [id |-> 1, b |-> 11, tx |-> 1] ],
  [ shardfrom |-> 2,
    type |-> 8,
    from |-> 2,
    shardto |-> 2,
    to |-> 3,
    body |-> [id |-> 1, b |-> 11, tx |-> 1] ],
  [ shardfrom |-> 2,
    type |-> 8,
    from |-> 3,
    shardto |-> 1,
    to |-> 1,
    body |-> [id |-> 1, b |-> 6, tx |-> 1] ],
  [ shardfrom |-> 2,
    type |-> 8,
    from |-> 3,
    shardto |-> 1,
    to |-> 2,
    body |-> [id |-> 1, b |-> 6, tx |-> 1] ],
  [ shardfrom |-> 2,
    type |-> 8,
    from |-> 3,
    shardto |-> 1,
    to |-> 3,
    body |-> [id |-> 1, b |-> 6, tx |-> 1] ],
  [ shardfrom |-> 2,
    type |-> 8,
    from |-> 3,
    shardto |-> 2,
    to |-> 1,
    body |-> [id |-> 1, b |-> 6, tx |-> 1] ],
  [ shardfrom |-> 2,
    type |-> 8,
    from |-> 3,
    shardto |-> 2,
    to |-> 2,
    body |-> [id |-> 1, b |-> 6, tx |-> 1] ],
  [ shardfrom |-> 2,
    type |-> 9,
    from |-> 1,
    shardto |-> 2,
    to |-> 2,
    body |->
        [ id |-> 1,
          b |-> 11,
          tq |-> [id |-> <<0, 0>>, t |-> 0],
          abalq |-> 0,
          txq |-> 1,
          depq |-> {},
          phaseq |-> 1,
          rejectq |-> FALSE,
          Wq |-> {},
          WPq |-> {} ] ],
  [ shardfrom |-> 2,
    type |-> 9,
    from |-> 2,
    shardto |-> 1,
    to |-> 1,
    body |->
        [ id |-> 1,
          b |-> 13,
          tq |-> [id |-> <<2, 2>>, t |-> 0],
          abalq |-> 0,
          txq |-> 1,
          depq |-> {},
          phaseq |-> 2,
          rejectq |-> FALSE,
          Wq |-> {},
          WPq |-> {} ] ],
  [ shardfrom |-> 2,
    type |-> 9,
    from |-> 2,
    shardto |-> 2,
    to |-> 2,
    body |->
        [ id |-> 1,
          b |-> 11,
          tq |-> [id |-> <<2, 2>>, t |-> 0],
          abalq |-> 0,
          txq |-> 1,
          depq |-> {},
          phaseq |-> 2,
          rejectq |-> FALSE,
          Wq |-> {},
          WPq |-> {} ] ],
  [ shardfrom |-> 2,
    type |-> 9,
    from |-> 3,
    shardto |-> 2,
    to |-> 3,
    body |->
        [ id |-> 1,
          b |-> 6,
          tq |-> [id |-> <<2, 2>>, t |-> 0],
          abalq |-> 0,
          txq |-> 1,
          depq |-> {},
          phaseq |-> 2,
          rejectq |-> FALSE,
          Wq |-> {},
          WPq |-> {} ] ] }
/\ Qvar = << <<<<{}, {}>>, <<{}, {}>>, <<{}, {<<1, 2>>, <<1, 3>>}>>>>,
   << <<{<<1, 1>>, <<1, 2>>, <<2, 1>>, <<2, 3>>}, {}>>,
      <<{}, {}>>,
      <<{}, {}>> >> >>
/\ ts = << << <<[id |-> <<0, 0>>, t |-> 0], [id |-> <<1, 1>>, t |-> 2]>>,
      <<[id |-> <<2, 2>>, t |-> 0], [id |-> <<1, 1>>, t |-> 2]>>,
      <<[id |-> <<2, 2>>, t |-> 0], [id |-> <<1, 1>>, t |-> 2]>> >>,
   << <<[id |-> <<2, 2>>, t |-> 0], [id |-> <<0, 0>>, t |-> 0]>>,
      <<[id |-> <<2, 2>>, t |-> 0], [id |-> <<0, 0>>, t |-> 0]>>,
      <<[id |-> <<2, 2>>, t |-> 0], [id |-> <<0, 0>>, t |-> 0]>> >> >>
/\ TXvar = << <<<<bottom, bottom>>, <<bottom, bottom>>, <<bottom, 2>>>>,
   <<<<1, bottom>>, <<bottom, bottom>>, <<bottom, bottom>>>> >>
/\ recovered = <<<<<<1, 1>>, <<1, 1>>, <<1, 1>>>>, <<<<1, 0>>, <<1, 0>>, <<1, 0>>>>>>
/\ initCoord = <<<<2, 2>>, <<1, 1>>>>

State 42: <Next line 769, col 8 to line 774, col 27 of module AccordSpec>
/\ phase = <<<<<<1, 5>>, <<2, 5>>, <<3, 4>>>>, <<<<3, 1>>, <<2, 1>>, <<3, 1>>>>>>
/\ abal = <<<<<<0, 14>>, <<0, 14>>, <<16, 9>>>>, <<<<16, 0>>, <<0, 0>>, <<16, 0>>>>>>
/\ initTimestamp = << [id |-> <<2, 2>>, t |-> 0],
   [id |-> <<1, 1>>, t |-> 2],
   [id |-> <<0, 0>>, t |-> 1] >>
/\ bal = <<<<<<16, 14>>, <<16, 14>>, <<16, 9>>>>, <<<<16, 0>>, <<15, 0>>, <<16, 0>>>>>>
/\ txn = << <<<<0, 2>>, <<1, 2>>, <<1, 2>>>>,
   <<<<1, bottom>>, <<1, bottom>>, <<1, bottom>>>> >>
/\ postWaitingFlag = << <<<<FALSE, FALSE>>, <<FALSE, FALSE>>, <<FALSE, FALSE>>>>,
   <<<<FALSE, FALSE>>, <<FALSE, FALSE>>, <<FALSE, FALSE>>>> >>
/\ Wvar = << <<<<{}, {}>>, <<{}, {}>>, <<{}, {}>>>>,
   <<<<{}, {}>>, <<{}, {}>>, <<{}, {}>>>> >>
/\ dep = << <<<<{}, {1}>>, <<{}, {1}>>, <<{}, {}>>>>,
   <<<<{}, {}>>, <<{}, {}>>, <<{}, {}>>>> >>
/\ recoveryAttemptBal = <<<<<<0, 0>>, <<0, 0>>, <<0, 9>>>>, <<<<16, 0>>, <<0, 0>>, <<0, 0>>>>>>
/\ submitted = {1, 2}
/\ Dvar = << <<<<{}, {}>>, <<{}, {}>>, <<{}, {}>>>>,
   <<<<{}, {}>>, <<{}, {}>>, <<{}, {}>>>> >>
/\ msgs = { [ shardfrom |-> 1,
    type |-> 1,
    from |-> 1,
    shardto |-> 1,
    to |-> 2,
    body |-> [id |-> 2, tx |-> 2, D0 |-> {}] ],
  [ shardfrom |-> 1,
    type |-> 2,
    from |-> 1,
    shardto |-> 1,
    to |-> 1,
    body |-> [id |-> 2, tq |-> [id |-> <<1, 1>>, t |-> 2], Dq |-> {}] ],
  [ shardfrom |-> 1,
    type |-> 2,
    from |-> 2,
    shardto |-> 2,
    to |-> 2,
    body |-> [id |-> 1, tq |-> [id |-> <<2, 2>>, t |-> 0], Dq |-> {}] ],
  [ shardfrom |-> 1,
    type |-> 2,
    from |-> 3,
    shardto |-> 1,
    to |-> 1,
    body |-> [id |-> 2, tq |-> [id |-> <<1, 1>>, t |-> 2], Dq |-> {}] ],
  [ shardfrom |-> 1,
    type |-> 3,
    from |-> 2,
    shardto |-> 1,
    to |-> 3,
    body |->
        [ id |-> 2,
          t |-> [id |-> <<1, 1>>, t |-> 2],
          b |-> 14,
          tx |-> 2,
          D |-> {} ] ],
  [ shardfrom |-> 1,
    type |-> 3,
    from |-> 3,
    shardto |-> 1,
    to |-> 2,
    body |->
        [ id |-> 2,
          t |-> [id |-> <<1, 1>>, t |-> 2],
          b |-> 9,
          tx |-> 2,
          D |-> {} ] ],
  [ shardfrom |-> 1,
    type |-> 4,
    from |-> 3,
    shardto |-> 2,
    to |-> 1,
    body |-> [id |-> 1, b |-> 16, Dq |-> {}] ],
  [ shardfrom |-> 1,
    type |-> 5,
    from |-> 2,
    shardto |-> 1,
    to |-> 3,
    body |->
        [ id |-> 2,
          t |-> [id |-> <<1, 1>>, t |-> 2],
          b |-> 14,
          tx |-> 2,
          D |-> {1},
          fastOrSlow |-> 1 ] ],
  [ shardfrom |-> 1,
    type |-> 5,
    from |-> 3,
    shardto |-> 1,
    to |-> 1,
    body |->
        [ id |-> 2,
          t |-> [id |-> <<1, 1>>, t |-> 2],
          b |-> 9,
          tx |-> 2,
          D |-> {},
          fastOrSlow |-> 1 ] ],
  [ shardfrom |-> 1,
    type |-> 5,
    from |-> 3,
    shardto |-> 1,
    to |-> 2,
    body |->
        [ id |-> 2,
          t |-> [id |-> <<1, 1>>, t |-> 2],
          b |-> 9,
          tx |-> 2,
          D |-> {},
          fastOrSlow |-> 1 ] ],
  [ shardfrom |-> 1,
    type |-> 6,
    from |-> 3,
    shardto |-> 1,
    to |-> 3,
    body |-> [id |-> 2, b |-> 9] ],
  [ shardfrom |-> 1,
    type |-> 7,
    from |-> 2,
    shardto |-> 1,
    to |-> 3,
    body |-> [id |-> 2, b |-> 14] ],
  [ shardfrom |-> 1,
    type |-> 8,
    from |-> 1,
    shardto |-> 1,
    to |-> 2,
    body |-> [id |-> 1, b |-> 13, tx |-> 0] ],
  [ shardfrom |-> 1,
    type |-> 8,
    from |-> 1,
    shardto |-> 1,
    to |-> 2,
    body |-> [id |-> 2, b |-> 7, tx |-> 2] ],
  [ shardfrom |-> 1,
    type |-> 8,
    from |-> 1,
    shardto |-> 1,
    to |-> 3,
    body |-> [id |-> 2, b |-> 7, tx |-> 2] ],
  [ shardfrom |-> 1,
    type |-> 8,
    from |-> 1,
    shardto |-> 2,
    to |-> 1,
    body |-> [id |-> 1, b |-> 13, tx |-> 0] ],
  [ shardfrom |-> 1,
    type |-> 8,
    from |-> 1,
    shardto |-> 2,
    to |-> 3,
    body |-> [id |-> 1, b |-> 13, tx |-> 0] ],
  [ shardfrom |-> 1,
    type |-> 8,
    from |-> 2,
    shardto |-> 1,
    to |-> 1,
    body |-> [id |-> 1, b |-> 8, tx |-> 1] ],
  [ shardfrom |-> 1,
    type |-> 8,
    from |-> 2,
    shardto |-> 1,
    to |-> 3,
    body |-> [id |-> 1, b |-> 8, tx |-> 1] ],
  [ shardfrom |-> 1,
    type |-> 8,
    from |-> 2,
    shardto |-> 1,
    to |-> 3,
    body |-> [id |-> 2, b |-> 14, tx |-> 0] ],
  [ shardfrom |-> 1,
    type |-> 8,
    from |-> 2,
    shardto |-> 2,
    to |-> 1,
    body |-> [id |-> 1, b |-> 8, tx |-> 1] ],
  [ shardfrom |-> 1,
    type |-> 8,
    from |-> 2,
    shardto |-> 2,
    to |-> 2,
    body |-> [id |-> 1, b |-> 8, tx |-> 1] ],
  [ shardfrom |-> 1,
    type |-> 8,
    from |-> 2,
    shardto |-> 2,
    to |-> 3,
    body |-> [id |-> 1, b |-> 8, tx |-> 1] ],
  [ shardfrom |-> 1,
    type |-> 8,
    from |-> 3,
    shardto |-> 1,
    to |-> 1,
    body |-> [id |-> 2, b |-> 9, tx |-> 2] ],
  [ shardfrom |-> 1,
    type |-> 8,
    from |-> 3,
    shardto |-> 2,
    to |-> 1,
    body |-> [id |-> 1, b |-> 15, tx |-> 0] ],
  [ shardfrom |-> 1,
    type |-> 8,
    from |-> 3,
    shardto |-> 2,
    to |-> 3,
    body |-> [id |-> 1, b |-> 15, tx |-> 0] ],
  [ shardfrom |-> 1,
    type |-> 9,
    from |-> 1,
    shardto |-> 1,
    to |-> 1,
    body |->
        [ id |-> 1,
          b |-> 13,
          tq |-> [id |-> <<0, 0>>, t |-> 0],
          abalq |-> 0,
          txq |-> 1,
          depq |-> {},
          phaseq |-> 1,
          rejectq |-> TRUE,
          Wq |-> {},
          WPq |-> {} ] ],
  [ shardfrom |-> 1,
    type |-> 9,
    from |-> 1,
    shardto |-> 1,
    to |-> 1,
    body |->
        [ id |-> 2,
          b |-> 7,
          tq |-> [id |-> <<1, 1>>, t |-> 2],
          abalq |-> 0,
          txq |-> 2,
          depq |-> {},
          phaseq |-> 2,
          rejectq |-> FALSE,
          Wq |-> {},
          WPq |-> {} ] ],
  [ shardfrom |-> 1,
    type |-> 9,
    from |-> 1,
    shardto |-> 1,
    to |-> 3,
    body |->
        [ id |-> 1,
          b |-> 15,
          tq |-> [id |-> <<0, 0>>, t |-> 0],
          abalq |-> 0,
          txq |-> 0,
          depq |-> {},
          phaseq |-> 1,
          rejectq |-> FALSE,
          Wq |-> {},
          WPq |-> {} ] ],
  [ shardfrom |-> 1,
    type |-> 9,
    from |-> 1,
    shardto |-> 2,
    to |-> 2,
    body |->
        [ id |-> 1,
          b |-> 11,
          tq |-> [id |-> <<0, 0>>, t |-> 0],
          abalq |-> 0,
          txq |-> 1,
          depq |-> {},
          phaseq |-> 1,
          rejectq |-> TRUE,
          Wq |-> {},
          WPq |-> {} ] ],
  [ shardfrom |-> 1,
    type |-> 9,
    from |-> 2,
    shardto |-> 1,
    to |-> 2,
    body |->
        [ id |-> 1,
          b |-> 8,
          tq |-> [id |-> <<2, 2>>, t |-> 0],
          abalq |-> 0,
          txq |-> 1,
          depq |-> {},
          phaseq |-> 2,
          rejectq |-> TRUE,
          Wq |-> {},
          WPq |-> {} ] ],
  [ shardfrom |-> 1,
    type |-> 9,
    from |-> 2,
    shardto |-> 1,
    to |-> 3,
    body |->
        [ id |-> 1,
          b |-> 15,
          tq |-> [id |-> <<2, 2>>, t |-> 0],
          abalq |-> 0,
          txq |-> 1,
          depq |-> {},
          phaseq |-> 2,
          rejectq |-> FALSE,
          Wq |-> {},
          WPq |-> {} ] ],
  [ shardfrom |-> 1,
    type |-> 9,
    from |-> 3,
    shardto |-> 1,
    to |-> 1,
    body |->
        [ id |-> 1,
          b |-> 13,
          tq |-> [id |-> <<0, 0>>, t |-> 0],
          abalq |-> 0,
          txq |-> 0,
          depq |-> {},
          phaseq |-> 1,
          rejectq |-> TRUE,
          Wq |-> {},
          WPq |-> {} ] ],
  [ shardfrom |-> 1,
    type |-> 9,
    from |-> 3,
    shardto |-> 1,
    to |-> 3,
    body |->
        [ id |-> 1,
          b |-> 15,
          tq |-> [id |-> <<0, 0>>, t |-> 0],
          abalq |-> 0,
          txq |-> 0,
          depq |-> {},
          phaseq |-> 1,
          rejectq |-> TRUE,
          Wq |-> {},
          WPq |-> {} ] ],
  [ shardfrom |-> 1,
    type |-> 9,
    from |-> 3,
    shardto |-> 2,
    to |-> 1,
    body |->
        [ id |-> 1,
          b |-> 16,
          tq |-> [id |-> <<0, 0>>, t |-> 0],
          abalq |-> 0,
          txq |-> 0,
          depq |-> {},
          phaseq |-> 1,
          rejectq |-> TRUE,
          Wq |-> {},
          WPq |-> {} ] ],
  [ shardfrom |-> 2,
    type |-> 1,
    from |-> 2,
    shardto |-> 1,
    to |-> 1,
    body |-> [id |-> 1, tx |-> 1, D0 |-> {}] ],
  [ shardfrom |-> 2,
    type |-> 1,
    from |-> 2,
    shardto |-> 1,
    to |-> 3,
    body |-> [id |-> 1, tx |-> 1, D0 |-> {}] ],
  [ shardfrom |-> 2,
    type |-> 1,
    from |-> 2,
    shardto |-> 2,
    to |-> 1,
    body |-> [id |-> 1, tx |-> 1, D0 |-> {}] ],
  [ shardfrom |-> 2,
    type |-> 2,
    from |-> 2,
    shardto |-> 2,
    to |-> 2,
    body |-> [id |-> 1, tq |-> [id |-> <<2, 2>>, t |-> 0], Dq |-> {}] ],
  [ shardfrom |-> 2,
    type |-> 2,
    from |-> 3,
    shardto |-> 2,
    to |-> 2,
    body |-> [id |-> 1, tq |-> [id |-> <<2, 2>>, t |-> 0], Dq |-> {}] ],
  [ shardfrom |-> 2,
    type |-> 3,
    from |-> 1,
    shardto |-> 1,
    to |-> 1,
    body |->
        [ id |-> 1,
          t |-> [id |-> <<2, 2>>, t |-> 0],
          b |-> 16,
          tx |-> 1,
          D |-> {} ] ],
  [ shardfrom |-> 2,
    type |-> 3,
    from |-> 1,
    shardto |-> 1,
    to |-> 2,
    body |->
        [ id |-> 1,
          t |-> [id |-> <<2, 2>>, t |-> 0],
          b |-> 16,
          tx |-> 1,
          D |-> {} ] ],
  [ shardfrom |-> 2,
    type |-> 3,
    from |-> 1,
    shardto |-> 2,
    to |-> 2,
    body |->
        [ id |-> 1,
          t |-> [id |-> <<2, 2>>, t |-> 0],
          b |-> 16,
          tx |-> 1,
          D |-> {} ] ],
  [ shardfrom |-> 2,
    type |-> 4,
    from |-> 1,
    shardto |-> 2,
    to |-> 1,
    body |-> [id |-> 1, b |-> 16, Dq |-> {}] ],
  [ shardfrom |-> 2,
    type |-> 4,
    from |-> 3,
    shardto |-> 2,
    to |-> 1,
    body |-> [id |-> 1, b |-> 16, Dq |-> {}] ],
  [ shardfrom |-> 2,
    type |-> 8,
    from |-> 1,
    shardto |-> 2,
    to |-> 2,
    body |-> [id |-> 1, b |-> 16, tx |-> 0] ],
  [ shardfrom |-> 2,
    type |-> 8,
    from |-> 2,
    shardto |-> 1,
    to |-> 2,
    body |-> [id |-> 1, b |-> 11, tx |-> 1] ],
  [ shardfrom |-> 2,
    type |-> 8,
    from |-> 2,
    shardto |-> 1,
    to |-> 3,
    body |-> [id |-> 1, b |-> 11, tx |-> 1] ],
  [ shardfrom |-> 2,
    type |-> 8,
    from |-> 2,
    shardto |-> 2,
    to |-> 3,
    body |-> [id |-> 1, b |-> 11, tx |-> 1] ],
  [ shardfrom |-> 2,
    type |-> 8,
    from |-> 3,
    shardto |-> 1,
    to |-> 1,
    body |-> [id |-> 1, b |-> 6, tx |-> 1] ],
  [ shardfrom |-> 2,
    type |-> 8,
    from |-> 3,
    shardto |-> 1,
    to |-> 2,
    body |-> [id |-> 1, b |-> 6, tx |-> 1] ],
  [ shardfrom |-> 2,
    type |-> 8,
    from |-> 3,
    shardto |-> 1,
    to |-> 3,
    body |-> [id |-> 1, b |-> 6, tx |-> 1] ],
  [ shardfrom |-> 2,
    type |-> 8,
    from |-> 3,
    shardto |-> 2,
    to |-> 1,
    body |-> [id |-> 1, b |-> 6, tx |-> 1] ],
  [ shardfrom |-> 2,
    type |-> 8,
    from |-> 3,
    shardto |-> 2,
    to |-> 2,
    body |-> [id |-> 1, b |-> 6, tx |-> 1] ],
  [ shardfrom |-> 2,
    type |-> 9,
    from |-> 1,
    shardto |-> 2,
    to |-> 2,
    body |->
        [ id |-> 1,
          b |-> 11,
          tq |-> [id |-> <<0, 0>>, t |-> 0],
          abalq |-> 0,
          txq |-> 1,
          depq |-> {},
          phaseq |-> 1,
          rejectq |-> FALSE,
          Wq |-> {},
          WPq |-> {} ] ],
  [ shardfrom |-> 2,
    type |-> 9,
    from |-> 2,
    shardto |-> 1,
    to |-> 1,
    body |->
        [ id |-> 1,
          b |-> 13,
          tq |-> [id |-> <<2, 2>>, t |-> 0],
          abalq |-> 0,
          txq |-> 1,
          depq |-> {},
          phaseq |-> 2,
          rejectq |-> FALSE,
          Wq |-> {},
          WPq |-> {} ] ],
  [ shardfrom |-> 2,
    type |-> 9,
    from |-> 2,
    shardto |-> 1,
    to |-> 3,
    body |->
        [ id |-> 1,
          b |-> 15,
          tq |-> [id |-> <<2, 2>>, t |-> 0],
          abalq |-> 0,
          txq |-> 1,
          depq |-> {},
          phaseq |-> 2,
          rejectq |-> FALSE,
          Wq |-> {},
          WPq |-> {} ] ],
  [ shardfrom |-> 2,
    type |-> 9,
    from |-> 2,
    shardto |-> 2,
    to |-> 2,
    body |->
        [ id |-> 1,
          b |-> 11,
          tq |-> [id |-> <<2, 2>>, t |-> 0],
          abalq |-> 0,
          txq |-> 1,
          depq |-> {},
          phaseq |-> 2,
          rejectq |-> FALSE,
          Wq |-> {},
          WPq |-> {} ] ],
  [ shardfrom |-> 2,
    type |-> 9,
    from |-> 3,
    shardto |-> 2,
    to |-> 3,
    body |->
        [ id |-> 1,
          b |-> 6,
          tq |-> [id |-> <<2, 2>>, t |-> 0],
          abalq |-> 0,
          txq |-> 1,
          depq |-> {},
          phaseq |-> 2,
          rejectq |-> FALSE,
          Wq |-> {},
          WPq |-> {} ] ] }
/\ Qvar = << <<<<{}, {}>>, <<{}, {}>>, <<{}, {<<1, 2>>, <<1, 3>>}>>>>,
   << <<{<<1, 1>>, <<1, 2>>, <<2, 1>>, <<2, 3>>}, {}>>,
      <<{}, {}>>,
      <<{}, {}>> >> >>
/\ ts = << << <<[id |-> <<0, 0>>, t |-> 0], [id |-> <<1, 1>>, t |-> 2]>>,
      <<[id |-> <<2, 2>>, t |-> 0], [id |-> <<1, 1>>, t |-> 2]>>,
      <<[id |-> <<2, 2>>, t |-> 0], [id |-> <<1, 1>>, t |-> 2]>> >>,
   << <<[id |-> <<2, 2>>, t |-> 0], [id |-> <<0, 0>>, t |-> 0]>>,
      <<[id |-> <<2, 2>>, t |-> 0], [id |-> <<0, 0>>, t |-> 0]>>,
      <<[id |-> <<2, 2>>, t |-> 0], [id |-> <<0, 0>>, t |-> 0]>> >> >>
/\ TXvar = << <<<<bottom, bottom>>, <<bottom, bottom>>, <<bottom, 2>>>>,
   <<<<1, bottom>>, <<bottom, bottom>>, <<bottom, bottom>>>> >>
/\ recovered = <<<<<<1, 1>>, <<1, 1>>, <<1, 1>>>>, <<<<1, 0>>, <<1, 0>>, <<1, 0>>>>>>
/\ initCoord = <<<<2, 2>>, <<1, 1>>>>

State 43: <Next line 769, col 8 to line 774, col 27 of module AccordSpec>
/\ phase = <<<<<<1, 5>>, <<2, 5>>, <<3, 4>>>>, <<<<3, 1>>, <<2, 1>>, <<3, 1>>>>>>
/\ abal = <<<<<<0, 14>>, <<0, 14>>, <<16, 9>>>>, <<<<16, 0>>, <<0, 0>>, <<16, 0>>>>>>
/\ initTimestamp = << [id |-> <<2, 2>>, t |-> 0],
   [id |-> <<1, 1>>, t |-> 2],
   [id |-> <<0, 0>>, t |-> 1] >>
/\ bal = <<<<<<16, 14>>, <<16, 14>>, <<16, 9>>>>, <<<<16, 0>>, <<16, 0>>, <<16, 0>>>>>>
/\ txn = << <<<<0, 2>>, <<1, 2>>, <<1, 2>>>>,
   <<<<1, bottom>>, <<1, bottom>>, <<1, bottom>>>> >>
/\ postWaitingFlag = << <<<<FALSE, FALSE>>, <<FALSE, FALSE>>, <<FALSE, FALSE>>>>,
   <<<<FALSE, FALSE>>, <<FALSE, FALSE>>, <<FALSE, FALSE>>>> >>
/\ Wvar = << <<<<{}, {}>>, <<{}, {}>>, <<{}, {}>>>>,
   <<<<{}, {}>>, <<{}, {}>>, <<{}, {}>>>> >>
/\ dep = << <<<<{}, {1}>>, <<{}, {1}>>, <<{}, {}>>>>,
   <<<<{}, {}>>, <<{}, {}>>, <<{}, {}>>>> >>
/\ recoveryAttemptBal = <<<<<<0, 0>>, <<0, 0>>, <<0, 9>>>>, <<<<16, 0>>, <<0, 0>>, <<0, 0>>>>>>
/\ submitted = {1, 2}
/\ Dvar = << <<<<{}, {}>>, <<{}, {}>>, <<{}, {}>>>>,
   <<<<{}, {}>>, <<{}, {}>>, <<{}, {}>>>> >>
/\ msgs = { [ shardfrom |-> 1,
    type |-> 1,
    from |-> 1,
    shardto |-> 1,
    to |-> 2,
    body |-> [id |-> 2, tx |-> 2, D0 |-> {}] ],
  [ shardfrom |-> 1,
    type |-> 2,
    from |-> 1,
    shardto |-> 1,
    to |-> 1,
    body |-> [id |-> 2, tq |-> [id |-> <<1, 1>>, t |-> 2], Dq |-> {}] ],
  [ shardfrom |-> 1,
    type |-> 2,
    from |-> 2,
    shardto |-> 2,
    to |-> 2,
    body |-> [id |-> 1, tq |-> [id |-> <<2, 2>>, t |-> 0], Dq |-> {}] ],
  [ shardfrom |-> 1,
    type |-> 2,
    from |-> 3,
    shardto |-> 1,
    to |-> 1,
    body |-> [id |-> 2, tq |-> [id |-> <<1, 1>>, t |-> 2], Dq |-> {}] ],
  [ shardfrom |-> 1,
    type |-> 3,
    from |-> 2,
    shardto |-> 1,
    to |-> 3,
    body |->
        [ id |-> 2,
          t |-> [id |-> <<1, 1>>, t |-> 2],
          b |-> 14,
          tx |-> 2,
          D |-> {} ] ],
  [ shardfrom |-> 1,
    type |-> 3,
    from |-> 3,
    shardto |-> 1,
    to |-> 2,
    body |->
        [ id |-> 2,
          t |-> [id |-> <<1, 1>>, t |-> 2],
          b |-> 9,
          tx |-> 2,
          D |-> {} ] ],
  [ shardfrom |-> 1,
    type |-> 4,
    from |-> 3,
    shardto |-> 2,
    to |-> 1,
    body |-> [id |-> 1, b |-> 16, Dq |-> {}] ],
  [ shardfrom |-> 1,
    type |-> 5,
    from |-> 2,
    shardto |-> 1,
    to |-> 3,
    body |->
        [ id |-> 2,
          t |-> [id |-> <<1, 1>>, t |-> 2],
          b |-> 14,
          tx |-> 2,
          D |-> {1},
          fastOrSlow |-> 1 ] ],
  [ shardfrom |-> 1,
    type |-> 5,
    from |-> 3,
    shardto |-> 1,
    to |-> 1,
    body |->
        [ id |-> 2,
          t |-> [id |-> <<1, 1>>, t |-> 2],
          b |-> 9,
          tx |-> 2,
          D |-> {},
          fastOrSlow |-> 1 ] ],
  [ shardfrom |-> 1,
    type |-> 5,
    from |-> 3,
    shardto |-> 1,
    to |-> 2,
    body |->
        [ id |-> 2,
          t |-> [id |-> <<1, 1>>, t |-> 2],
          b |-> 9,
          tx |-> 2,
          D |-> {},
          fastOrSlow |-> 1 ] ],
  [ shardfrom |-> 1,
    type |-> 6,
    from |-> 3,
    shardto |-> 1,
    to |-> 3,
    body |-> [id |-> 2, b |-> 9] ],
  [ shardfrom |-> 1,
    type |-> 7,
    from |-> 2,
    shardto |-> 1,
    to |-> 3,
    body |-> [id |-> 2, b |-> 14] ],
  [ shardfrom |-> 1,
    type |-> 8,
    from |-> 1,
    shardto |-> 1,
    to |-> 2,
    body |-> [id |-> 1, b |-> 13, tx |-> 0] ],
  [ shardfrom |-> 1,
    type |-> 8,
    from |-> 1,
    shardto |-> 1,
    to |-> 2,
    body |-> [id |-> 2, b |-> 7, tx |-> 2] ],
  [ shardfrom |-> 1,
    type |-> 8,
    from |-> 1,
    shardto |-> 1,
    to |-> 3,
    body |-> [id |-> 2, b |-> 7, tx |-> 2] ],
  [ shardfrom |-> 1,
    type |-> 8,
    from |-> 1,
    shardto |-> 2,
    to |-> 1,
    body |-> [id |-> 1, b |-> 13, tx |-> 0] ],
  [ shardfrom |-> 1,
    type |-> 8,
    from |-> 1,
    shardto |-> 2,
    to |-> 3,
    body |-> [id |-> 1, b |-> 13, tx |-> 0] ],
  [ shardfrom |-> 1,
    type |-> 8,
    from |-> 2,
    shardto |-> 1,
    to |-> 1,
    body |-> [id |-> 1, b |-> 8, tx |-> 1] ],
  [ shardfrom |-> 1,
    type |-> 8,
    from |-> 2,
    shardto |-> 1,
    to |-> 3,
    body |-> [id |-> 1, b |-> 8, tx |-> 1] ],
  [ shardfrom |-> 1,
    type |-> 8,
    from |-> 2,
    shardto |-> 1,
    to |-> 3,
    body |-> [id |-> 2, b |-> 14, tx |-> 0] ],
  [ shardfrom |-> 1,
    type |-> 8,
    from |-> 2,
    shardto |-> 2,
    to |-> 1,
    body |-> [id |-> 1, b |-> 8, tx |-> 1] ],
  [ shardfrom |-> 1,
    type |-> 8,
    from |-> 2,
    shardto |-> 2,
    to |-> 2,
    body |-> [id |-> 1, b |-> 8, tx |-> 1] ],
  [ shardfrom |-> 1,
    type |-> 8,
    from |-> 2,
    shardto |-> 2,
    to |-> 3,
    body |-> [id |-> 1, b |-> 8, tx |-> 1] ],
  [ shardfrom |-> 1,
    type |-> 8,
    from |-> 3,
    shardto |-> 1,
    to |-> 1,
    body |-> [id |-> 2, b |-> 9, tx |-> 2] ],
  [ shardfrom |-> 1,
    type |-> 8,
    from |-> 3,
    shardto |-> 2,
    to |-> 1,
    body |-> [id |-> 1, b |-> 15, tx |-> 0] ],
  [ shardfrom |-> 1,
    type |-> 8,
    from |-> 3,
    shardto |-> 2,
    to |-> 3,
    body |-> [id |-> 1, b |-> 15, tx |-> 0] ],
  [ shardfrom |-> 1,
    type |-> 9,
    from |-> 1,
    shardto |-> 1,
    to |-> 1,
    body |->
        [ id |-> 1,
          b |-> 13,
          tq |-> [id |-> <<0, 0>>, t |-> 0],
          abalq |-> 0,
          txq |-> 1,
          depq |-> {},
          phaseq |-> 1,
          rejectq |-> TRUE,
          Wq |-> {},
          WPq |-> {} ] ],
  [ shardfrom |-> 1,
    type |-> 9,
    from |-> 1,
    shardto |-> 1,
    to |-> 1,
    body |->
        [ id |-> 2,
          b |-> 7,
          tq |-> [id |-> <<1, 1>>, t |-> 2],
          abalq |-> 0,
          txq |-> 2,
          depq |-> {},
          phaseq |-> 2,
          rejectq |-> FALSE,
          Wq |-> {},
          WPq |-> {} ] ],
  [ shardfrom |-> 1,
    type |-> 9,
    from |-> 1,
    shardto |-> 1,
    to |-> 3,
    body |->
        [ id |-> 1,
          b |-> 15,
          tq |-> [id |-> <<0, 0>>, t |-> 0],
          abalq |-> 0,
          txq |-> 0,
          depq |-> {},
          phaseq |-> 1,
          rejectq |-> FALSE,
          Wq |-> {},
          WPq |-> {} ] ],
  [ shardfrom |-> 1,
    type |-> 9,
    from |-> 1,
    shardto |-> 2,
    to |-> 2,
    body |->
        [ id |-> 1,
          b |-> 11,
          tq |-> [id |-> <<0, 0>>, t |-> 0],
          abalq |-> 0,
          txq |-> 1,
          depq |-> {},
          phaseq |-> 1,
          rejectq |-> TRUE,
          Wq |-> {},
          WPq |-> {} ] ],
  [ shardfrom |-> 1,
    type |-> 9,
    from |-> 2,
    shardto |-> 1,
    to |-> 2,
    body |->
        [ id |-> 1,
          b |-> 8,
          tq |-> [id |-> <<2, 2>>, t |-> 0],
          abalq |-> 0,
          txq |-> 1,
          depq |-> {},
          phaseq |-> 2,
          rejectq |-> TRUE,
          Wq |-> {},
          WPq |-> {} ] ],
  [ shardfrom |-> 1,
    type |-> 9,
    from |-> 2,
    shardto |-> 1,
    to |-> 3,
    body |->
        [ id |-> 1,
          b |-> 15,
          tq |-> [id |-> <<2, 2>>, t |-> 0],
          abalq |-> 0,
          txq |-> 1,
          depq |-> {},
          phaseq |-> 2,
          rejectq |-> FALSE,
          Wq |-> {},
          WPq |-> {} ] ],
  [ shardfrom |-> 1,
    type |-> 9,
    from |-> 3,
    shardto |-> 1,
    to |-> 1,
    body |->
        [ id |-> 1,
          b |-> 13,
          tq |-> [id |-> <<0, 0>>, t |-> 0],
          abalq |-> 0,
          txq |-> 0,
          depq |-> {},
          phaseq |-> 1,
          rejectq |-> TRUE,
          Wq |-> {},
          WPq |-> {} ] ],
  [ shardfrom |-> 1,
    type |-> 9,
    from |-> 3,
    shardto |-> 1,
    to |-> 3,
    body |->
        [ id |-> 1,
          b |-> 15,
          tq |-> [id |-> <<0, 0>>, t |-> 0],
          abalq |-> 0,
          txq |-> 0,
          depq |-> {},
          phaseq |-> 1,
          rejectq |-> TRUE,
          Wq |-> {},
          WPq |-> {} ] ],
  [ shardfrom |-> 1,
    type |-> 9,
    from |-> 3,
    shardto |-> 2,
    to |-> 1,
    body |->
        [ id |-> 1,
          b |-> 16,
          tq |-> [id |-> <<0, 0>>, t |-> 0],
          abalq |-> 0,
          txq |-> 0,
          depq |-> {},
          phaseq |-> 1,
          rejectq |-> TRUE,
          Wq |-> {},
          WPq |-> {} ] ],
  [ shardfrom |-> 2,
    type |-> 1,
    from |-> 2,
    shardto |-> 1,
    to |-> 1,
    body |-> [id |-> 1, tx |-> 1, D0 |-> {}] ],
  [ shardfrom |-> 2,
    type |-> 1,
    from |-> 2,
    shardto |-> 1,
    to |-> 3,
    body |-> [id |-> 1, tx |-> 1, D0 |-> {}] ],
  [ shardfrom |-> 2,
    type |-> 1,
    from |-> 2,
    shardto |-> 2,
    to |-> 1,
    body |-> [id |-> 1, tx |-> 1, D0 |-> {}] ],
  [ shardfrom |-> 2,
    type |-> 2,
    from |-> 2,
    shardto |-> 2,
    to |-> 2,
    body |-> [id |-> 1, tq |-> [id |-> <<2, 2>>, t |-> 0], Dq |-> {}] ],
  [ shardfrom |-> 2,
    type |-> 2,
    from |-> 3,
    shardto |-> 2,
    to |-> 2,
    body |-> [id |-> 1, tq |-> [id |-> <<2, 2>>, t |-> 0], Dq |-> {}] ],
  [ shardfrom |-> 2,
    type |-> 3,
    from |-> 1,
    shardto |-> 1,
    to |-> 1,
    body |->
        [ id |-> 1,
          t |-> [id |-> <<2, 2>>, t |-> 0],
          b |-> 16,
          tx |-> 1,
          D |-> {} ] ],
  [ shardfrom |-> 2,
    type |-> 3,
    from |-> 1,
    shardto |-> 1,
    to |-> 2,
    body |->
        [ id |-> 1,
          t |-> [id |-> <<2, 2>>, t |-> 0],
          b |-> 16,
          tx |-> 1,
          D |-> {} ] ],
  [ shardfrom |-> 2,
    type |-> 3,
    from |-> 1,
    shardto |-> 2,
    to |-> 2,
    body |->
        [ id |-> 1,
          t |-> [id |-> <<2, 2>>, t |-> 0],
          b |-> 16,
          tx |-> 1,
          D |-> {} ] ],
  [ shardfrom |-> 2,
    type |-> 4,
    from |-> 1,
    shardto |-> 2,
    to |-> 1,
    body |-> [id |-> 1, b |-> 16, Dq |-> {}] ],
  [ shardfrom |-> 2,
    type |-> 4,
    from |-> 3,
    shardto |-> 2,
    to |-> 1,
    body |-> [id |-> 1, b |-> 16, Dq |-> {}] ],
  [ shardfrom |-> 2,
    type |-> 8,
    from |-> 2,
    shardto |-> 1,
    to |-> 2,
    body |-> [id |-> 1, b |-> 11, tx |-> 1] ],
  [ shardfrom |-> 2,
    type |-> 8,
    from |-> 2,
    shardto |-> 1,
    to |-> 3,
    body |-> [id |-> 1, b |-> 11, tx |-> 1] ],
  [ shardfrom |-> 2,
    type |-> 8,
    from |-> 2,
    shardto |-> 2,
    to |-> 3,
    body |-> [id |-> 1, b |-> 11, tx |-> 1] ],
  [ shardfrom |-> 2,
    type |-> 8,
    from |-> 3,
    shardto |-> 1,
    to |-> 1,
    body |-> [id |-> 1, b |-> 6, tx |-> 1] ],
  [ shardfrom |-> 2,
    type |-> 8,
    from |-> 3,
    shardto |-> 1,
    to |-> 2,
    body |-> [id |-> 1, b |-> 6, tx |-> 1] ],
  [ shardfrom |-> 2,
    type |-> 8,
    from |-> 3,
    shardto |-> 1,
    to |-> 3,
    body |-> [id |-> 1, b |-> 6, tx |-> 1] ],
  [ shardfrom |-> 2,
    type |-> 8,
    from |-> 3,
    shardto |-> 2,
    to |-> 1,
    body |-> [id |-> 1, b |-> 6, tx |-> 1] ],
  [ shardfrom |-> 2,
    type |-> 8,
    from |-> 3,
    shardto |-> 2,
    to |-> 2,
    body |-> [id |-> 1, b |-> 6, tx |-> 1] ],
  [ shardfrom |-> 2,
    type |-> 9,
    from |-> 1,
    shardto |-> 2,
    to |-> 2,
    body |->
        [ id |-> 1,
          b |-> 11,
          tq |-> [id |-> <<0, 0>>, t |-> 0],
          abalq |-> 0,
          txq |-> 1,
          depq |-> {},
          phaseq |-> 1,
          rejectq |-> FALSE,
          Wq |-> {},
          WPq |-> {} ] ],
  [ shardfrom |-> 2,
    type |-> 9,
    from |-> 2,
    shardto |-> 1,
    to |-> 1,
    body |->
        [ id |-> 1,
          b |-> 13,
          tq |-> [id |-> <<2, 2>>, t |-> 0],
          abalq |-> 0,
          txq |-> 1,
          depq |-> {},
          phaseq |-> 2,
          rejectq |-> FALSE,
          Wq |-> {},
          WPq |-> {} ] ],
  [ shardfrom |-> 2,
    type |-> 9,
    from |-> 2,
    shardto |-> 1,
    to |-> 3,
    body |->
        [ id |-> 1,
          b |-> 15,
          tq |-> [id |-> <<2, 2>>, t |-> 0],
          abalq |-> 0,
          txq |-> 1,
          depq |-> {},
          phaseq |-> 2,
          rejectq |-> FALSE,
          Wq |-> {},
          WPq |-> {} ] ],
  [ shardfrom |-> 2,
    type |-> 9,
    from |-> 2,
    shardto |-> 2,
    to |-> 1,
    body |->
        [ id |-> 1,
          b |-> 16,
          tq |-> [id |-> <<2, 2>>, t |-> 0],
          abalq |-> 0,
          txq |-> 1,
          depq |-> {},
          phaseq |-> 2,
          rejectq |-> FALSE,
          Wq |-> {},
          WPq |-> {} ] ],
  [ shardfrom |-> 2,
    type |-> 9,
    from |-> 2,
    shardto |-> 2,
    to |-> 2,
    body |->
        [ id |-> 1,
          b |-> 11,
          tq |-> [id |-> <<2, 2>>, t |-> 0],
          abalq |-> 0,
          txq |-> 1,
          depq |-> {},
          phaseq |-> 2,
          rejectq |-> FALSE,
          Wq |-> {},
          WPq |-> {} ] ],
  [ shardfrom |-> 2,
    type |-> 9,
    from |-> 3,
    shardto |-> 2,
    to |-> 3,
    body |->
        [ id |-> 1,
          b |-> 6,
          tq |-> [id |-> <<2, 2>>, t |-> 0],
          abalq |-> 0,
          txq |-> 1,
          depq |-> {},
          phaseq |-> 2,
          rejectq |-> FALSE,
          Wq |-> {},
          WPq |-> {} ] ] }
/\ Qvar = << <<<<{}, {}>>, <<{}, {}>>, <<{}, {<<1, 2>>, <<1, 3>>}>>>>,
   << <<{<<1, 1>>, <<1, 2>>, <<2, 1>>, <<2, 3>>}, {}>>,
      <<{}, {}>>,
      <<{}, {}>> >> >>
/\ ts = << << <<[id |-> <<0, 0>>, t |-> 0], [id |-> <<1, 1>>, t |-> 2]>>,
      <<[id |-> <<2, 2>>, t |-> 0], [id |-> <<1, 1>>, t |-> 2]>>,
      <<[id |-> <<2, 2>>, t |-> 0], [id |-> <<1, 1>>, t |-> 2]>> >>,
   << <<[id |-> <<2, 2>>, t |-> 0], [id |-> <<0, 0>>, t |-> 0]>>,
      <<[id |-> <<2, 2>>, t |-> 0], [id |-> <<0, 0>>, t |-> 0]>>,
      <<[id |-> <<2, 2>>, t |-> 0], [id |-> <<0, 0>>, t |-> 0]>> >> >>
/\ TXvar = << <<<<bottom, bottom>>, <<bottom, bottom>>, <<bottom, 2>>>>,
   <<<<1, bottom>>, <<bottom, bottom>>, <<bottom, bottom>>>> >>
/\ recovered = <<<<<<1, 1>>, <<1, 1>>, <<1, 1>>>>, <<<<1, 0>>, <<1, 0>>, <<1, 0>>>>>>
/\ initCoord = <<<<2, 2>>, <<1, 1>>>>

State 44: <Next line 769, col 8 to line 774, col 27 of module AccordSpec>
/\ phase = <<<<<<3, 5>>, <<2, 5>>, <<3, 4>>>>, <<<<3, 1>>, <<2, 1>>, <<3, 1>>>>>>
/\ abal = <<<<<<16, 14>>, <<0, 14>>, <<16, 9>>>>, <<<<16, 0>>, <<0, 0>>, <<16, 0>>>>>>
/\ initTimestamp = << [id |-> <<2, 2>>, t |-> 0],
   [id |-> <<1, 1>>, t |-> 2],
   [id |-> <<0, 0>>, t |-> 1] >>
/\ bal = <<<<<<16, 14>>, <<16, 14>>, <<16, 9>>>>, <<<<16, 0>>, <<16, 0>>, <<16, 0>>>>>>
/\ txn = << <<<<1, 2>>, <<1, 2>>, <<1, 2>>>>,
   <<<<1, bottom>>, <<1, bottom>>, <<1, bottom>>>> >>
/\ postWaitingFlag = << <<<<FALSE, FALSE>>, <<FALSE, FALSE>>, <<FALSE, FALSE>>>>,
   <<<<FALSE, FALSE>>, <<FALSE, FALSE>>, <<FALSE, FALSE>>>> >>
/\ Wvar = << <<<<{}, {}>>, <<{}, {}>>, <<{}, {}>>>>,
   <<<<{}, {}>>, <<{}, {}>>, <<{}, {}>>>> >>
/\ dep = << <<<<{}, {1}>>, <<{}, {1}>>, <<{}, {}>>>>,
   <<<<{}, {}>>, <<{}, {}>>, <<{}, {}>>>> >>
/\ recoveryAttemptBal = <<<<<<0, 0>>, <<0, 0>>, <<0, 9>>>>, <<<<16, 0>>, <<0, 0>>, <<0, 0>>>>>>
/\ submitted = {1, 2}
/\ Dvar = << <<<<{}, {}>>, <<{}, {}>>, <<{}, {}>>>>,
   <<<<{}, {}>>, <<{}, {}>>, <<{}, {}>>>> >>
/\ msgs = { [ shardfrom |-> 1,
    type |-> 1,
    from |-> 1,
    shardto |-> 1,
    to |-> 2,
    body |-> [id |-> 2, tx |-> 2, D0 |-> {}] ],
  [ shardfrom |-> 1,
    type |-> 2,
    from |-> 1,
    shardto |-> 1,
    to |-> 1,
    body |-> [id |-> 2, tq |-> [id |-> <<1, 1>>, t |-> 2], Dq |-> {}] ],
  [ shardfrom |-> 1,
    type |-> 2,
    from |-> 2,
    shardto |-> 2,
    to |-> 2,
    body |-> [id |-> 1, tq |-> [id |-> <<2, 2>>, t |-> 0], Dq |-> {}] ],
  [ shardfrom |-> 1,
    type |-> 2,
    from |-> 3,
    shardto |-> 1,
    to |-> 1,
    body |-> [id |-> 2, tq |-> [id |-> <<1, 1>>, t |-> 2], Dq |-> {}] ],
  [ shardfrom |-> 1,
    type |-> 3,
    from |-> 2,
    shardto |-> 1,
    to |-> 3,
    body |->
        [ id |-> 2,
          t |-> [id |-> <<1, 1>>, t |-> 2],
          b |-> 14,
          tx |-> 2,
          D |-> {} ] ],
  [ shardfrom |-> 1,
    type |-> 3,
    from |-> 3,
    shardto |-> 1,
    to |-> 2,
    body |->
        [ id |-> 2,
          t |-> [id |-> <<1, 1>>, t |-> 2],
          b |-> 9,
          tx |-> 2,
          D |-> {} ] ],
  [ shardfrom |-> 1,
    type |-> 4,
    from |-> 1,
    shardto |-> 2,
    to |-> 1,
    body |-> [id |-> 1, b |-> 16, Dq |-> {}] ],
  [ shardfrom |-> 1,
    type |-> 4,
    from |-> 3,
    shardto |-> 2,
    to |-> 1,
    body |-> [id |-> 1, b |-> 16, Dq |-> {}] ],
  [ shardfrom |-> 1,
    type |-> 5,
    from |-> 2,
    shardto |-> 1,
    to |-> 3,
    body |->
        [ id |-> 2,
          t |-> [id |-> <<1, 1>>, t |-> 2],
          b |-> 14,
          tx |-> 2,
          D |-> {1},
          fastOrSlow |-> 1 ] ],
  [ shardfrom |-> 1,
    type |-> 5,
    from |-> 3,
    shardto |-> 1,
    to |-> 1,
    body |->
        [ id |-> 2,
          t |-> [id |-> <<1, 1>>, t |-> 2],
          b |-> 9,
          tx |-> 2,
          D |-> {},
          fastOrSlow |-> 1 ] ],
  [ shardfrom |-> 1,
    type |-> 5,
    from |-> 3,
    shardto |-> 1,
    to |-> 2,
    body |->
        [ id |-> 2,
          t |-> [id |-> <<1, 1>>, t |-> 2],
          b |-> 9,
          tx |-> 2,
          D |-> {},
          fastOrSlow |-> 1 ] ],
  [ shardfrom |-> 1,
    type |-> 6,
    from |-> 3,
    shardto |-> 1,
    to |-> 3,
    body |-> [id |-> 2, b |-> 9] ],
  [ shardfrom |-> 1,
    type |-> 7,
    from |-> 2,
    shardto |-> 1,
    to |-> 3,
    body |-> [id |-> 2, b |-> 14] ],
  [ shardfrom |-> 1,
    type |-> 8,
    from |-> 1,
    shardto |-> 1,
    to |-> 2,
    body |-> [id |-> 1, b |-> 13, tx |-> 0] ],
  [ shardfrom |-> 1,
    type |-> 8,
    from |-> 1,
    shardto |-> 1,
    to |-> 2,
    body |-> [id |-> 2, b |-> 7, tx |-> 2] ],
  [ shardfrom |-> 1,
    type |-> 8,
    from |-> 1,
    shardto |-> 1,
    to |-> 3,
    body |-> [id |-> 2, b |-> 7, tx |-> 2] ],
  [ shardfrom |-> 1,
    type |-> 8,
    from |-> 1,
    shardto |-> 2,
    to |-> 1,
    body |-> [id |-> 1, b |-> 13, tx |-> 0] ],
  [ shardfrom |-> 1,
    type |-> 8,
    from |-> 1,
    shardto |-> 2,
    to |-> 3,
    body |-> [id |-> 1, b |-> 13, tx |-> 0] ],
  [ shardfrom |-> 1,
    type |-> 8,
    from |-> 2,
    shardto |-> 1,
    to |-> 1,
    body |-> [id |-> 1, b |-> 8, tx |-> 1] ],
  [ shardfrom |-> 1,
    type |-> 8,
    from |-> 2,
    shardto |-> 1,
    to |-> 3,
    body |-> [id |-> 1, b |-> 8, tx |-> 1] ],
  [ shardfrom |-> 1,
    type |-> 8,
    from |-> 2,
    shardto |-> 1,
    to |-> 3,
    body |-> [id |-> 2, b |-> 14, tx |-> 0] ],
  [ shardfrom |-> 1,
    type |-> 8,
    from |-> 2,
    shardto |-> 2,
    to |-> 1,
    body |-> [id |-> 1, b |-> 8, tx |-> 1] ],
  [ shardfrom |-> 1,
    type |-> 8,
    from |-> 2,
    shardto |-> 2,
    to |-> 2,
    body |-> [id |-> 1, b |-> 8, tx |-> 1] ],
  [ shardfrom |-> 1,
    type |-> 8,
    from |-> 2,
    shardto |-> 2,
    to |-> 3,
    body |-> [id |-> 1, b |-> 8, tx |-> 1] ],
  [ shardfrom |-> 1,
    type |-> 8,
    from |-> 3,
    shardto |-> 1,
    to |-> 1,
    body |-> [id |-> 2, b |-> 9, tx |-> 2] ],
  [ shardfrom |-> 1,
    type |-> 8,
    from |-> 3,
    shardto |-> 2,
    to |-> 1,
    body |-> [id |-> 1, b |-> 15, tx |-> 0] ],
  [ shardfrom |-> 1,
    type |-> 8,
    from |-> 3,
    shardto |-> 2,
    to |-> 3,
    body |-> [id |-> 1, b |-> 15, tx |-> 0] ],
  [ shardfrom |-> 1,
    type |-> 9,
    from |-> 1,
    shardto |-> 1,
    to |-> 1,
    body |->
        [ id |-> 1,
          b |-> 13,
          tq |-> [id |-> <<0, 0>>, t |-> 0],
          abalq |-> 0,
          txq |-> 1,
          depq |-> {},
          phaseq |-> 1,
          rejectq |-> TRUE,
          Wq |-> {},
          WPq |-> {} ] ],
  [ shardfrom |-> 1,
    type |-> 9,
    from |-> 1,
    shardto |-> 1,
    to |-> 1,
    body |->
        [ id |-> 2,
          b |-> 7,
          tq |-> [id |-> <<1, 1>>, t |-> 2],
          abalq |-> 0,
          txq |-> 2,
          depq |-> {},
          phaseq |-> 2,
          rejectq |-> FALSE,
          Wq |-> {},
          WPq |-> {} ] ],
  [ shardfrom |-> 1,
    type |-> 9,
    from |-> 1,
    shardto |-> 1,
    to |-> 3,
    body |->
        [ id |-> 1,
          b |-> 15,
          tq |-> [id |-> <<0, 0>>, t |-> 0],
          abalq |-> 0,
          txq |-> 0,
          depq |-> {},
          phaseq |-> 1,
          rejectq |-> FALSE,
          Wq |-> {},
          WPq |-> {} ] ],
  [ shardfrom |-> 1,
    type |-> 9,
    from |-> 1,
    shardto |-> 2,
    to |-> 2,
    body |->
        [ id |-> 1,
          b |-> 11,
          tq |-> [id |-> <<0, 0>>, t |-> 0],
          abalq |-> 0,
          txq |-> 1,
          depq |-> {},
          phaseq |-> 1,
          rejectq |-> TRUE,
          Wq |-> {},
          WPq |-> {} ] ],
  [ shardfrom |-> 1,
    type |-> 9,
    from |-> 2,
    shardto |-> 1,
    to |-> 2,
    body |->
        [ id |-> 1,
          b |-> 8,
          tq |-> [id |-> <<2, 2>>, t |-> 0],
          abalq |-> 0,
          txq |-> 1,
          depq |-> {},
          phaseq |-> 2,
          rejectq |-> TRUE,
          Wq |-> {},
          WPq |-> {} ] ],
  [ shardfrom |-> 1,
    type |-> 9,
    from |-> 2,
    shardto |-> 1,
    to |-> 3,
    body |->
        [ id |-> 1,
          b |-> 15,
          tq |-> [id |-> <<2, 2>>, t |-> 0],
          abalq |-> 0,
          txq |-> 1,
          depq |-> {},
          phaseq |-> 2,
          rejectq |-> FALSE,
          Wq |-> {},
          WPq |-> {} ] ],
  [ shardfrom |-> 1,
    type |-> 9,
    from |-> 3,
    shardto |-> 1,
    to |-> 1,
    body |->
        [ id |-> 1,
          b |-> 13,
          tq |-> [id |-> <<0, 0>>, t |-> 0],
          abalq |-> 0,
          txq |-> 0,
          depq |-> {},
          phaseq |-> 1,
          rejectq |-> TRUE,
          Wq |-> {},
          WPq |-> {} ] ],
  [ shardfrom |-> 1,
    type |-> 9,
    from |-> 3,
    shardto |-> 1,
    to |-> 3,
    body |->
        [ id |-> 1,
          b |-> 15,
          tq |-> [id |-> <<0, 0>>, t |-> 0],
          abalq |-> 0,
          txq |-> 0,
          depq |-> {},
          phaseq |-> 1,
          rejectq |-> TRUE,
          Wq |-> {},
          WPq |-> {} ] ],
  [ shardfrom |-> 1,
    type |-> 9,
    from |-> 3,
    shardto |-> 2,
    to |-> 1,
    body |->
        [ id |-> 1,
          b |-> 16,
          tq |-> [id |-> <<0, 0>>, t |-> 0],
          abalq |-> 0,
          txq |-> 0,
          depq |-> {},
          phaseq |-> 1,
          rejectq |-> TRUE,
          Wq |-> {},
          WPq |-> {} ] ],
  [ shardfrom |-> 2,
    type |-> 1,
    from |-> 2,
    shardto |-> 1,
    to |-> 1,
    body |-> [id |-> 1, tx |-> 1, D0 |-> {}] ],
  [ shardfrom |-> 2,
    type |-> 1,
    from |-> 2,
    shardto |-> 1,
    to |-> 3,
    body |-> [id |-> 1, tx |-> 1, D0 |-> {}] ],
  [ shardfrom |-> 2,
    type |-> 1,
    from |-> 2,
    shardto |-> 2,
    to |-> 1,
    body |-> [id |-> 1, tx |-> 1, D0 |-> {}] ],
  [ shardfrom |-> 2,
    type |-> 2,
    from |-> 2,
    shardto |-> 2,
    to |-> 2,
    body |-> [id |-> 1, tq |-> [id |-> <<2, 2>>, t |-> 0], Dq |-> {}] ],
  [ shardfrom |-> 2,
    type |-> 2,
    from |-> 3,
    shardto |-> 2,
    to |-> 2,
    body |-> [id |-> 1, tq |-> [id |-> <<2, 2>>, t |-> 0], Dq |-> {}] ],
  [ shardfrom |-> 2,
    type |-> 3,
    from |-> 1,
    shardto |-> 1,
    to |-> 2,
    body |->
        [ id |-> 1,
          t |-> [id |-> <<2, 2>>, t |-> 0],
          b |-> 16,
          tx |-> 1,
          D |-> {} ] ],
  [ shardfrom |-> 2,
    type |-> 3,
    from |-> 1,
    shardto |-> 2,
    to |-> 2,
    body |->
        [ id |-> 1,
          t |-> [id |-> <<2, 2>>, t |-> 0],
          b |-> 16,
          tx |-> 1,
          D |-> {} ] ],
  [ shardfrom |-> 2,
    type |-> 4,
    from |-> 1,
    shardto |-> 2,
    to |-> 1,
    body |-> [id |-> 1, b |-> 16, Dq |-> {}] ],
  [ shardfrom |-> 2,
    type |-> 4,
    from |-> 3,
    shardto |-> 2,
    to |-> 1,
    body |-> [id |-> 1, b |-> 16, Dq |-> {}] ],
  [ shardfrom |-> 2,
    type |-> 8,
    from |-> 2,
    shardto |-> 1,
    to |-> 2,
    body |-> [id |-> 1, b |-> 11, tx |-> 1] ],
  [ shardfrom |-> 2,
    type |-> 8,
    from |-> 2,
    shardto |-> 1,
    to |-> 3,
    body |-> [id |-> 1, b |-> 11, tx |-> 1] ],
  [ shardfrom |-> 2,
    type |-> 8,
    from |-> 2,
    shardto |-> 2,
    to |-> 3,
    body |-> [id |-> 1, b |-> 11, tx |-> 1] ],
  [ shardfrom |-> 2,
    type |-> 8,
    from |-> 3,
    shardto |-> 1,
    to |-> 1,
    body |-> [id |-> 1, b |-> 6, tx |-> 1] ],
  [ shardfrom |-> 2,
    type |-> 8,
    from |-> 3,
    shardto |-> 1,
    to |-> 2,
    body |-> [id |-> 1, b |-> 6, tx |-> 1] ],
  [ shardfrom |-> 2,
    type |-> 8,
    from |-> 3,
    shardto |-> 1,
    to |-> 3,
    body |-> [id |-> 1, b |-> 6, tx |-> 1] ],
  [ shardfrom |-> 2,
    type |-> 8,
    from |-> 3,
    shardto |-> 2,
    to |-> 1,
    body |-> [id |-> 1, b |-> 6, tx |-> 1] ],
  [ shardfrom |-> 2,
    type |-> 8,
    from |-> 3,
    shardto |-> 2,
    to |-> 2,
    body |-> [id |-> 1, b |-> 6, tx |-> 1] ],
  [ shardfrom |-> 2,
    type |-> 9,
    from |-> 1,
    shardto |-> 2,
    to |-> 2,
    body |->
        [ id |-> 1,
          b |-> 11,
          tq |-> [id |-> <<0, 0>>, t |-> 0],
          abalq |-> 0,
          txq |-> 1,
          depq |-> {},
          phaseq |-> 1,
          rejectq |-> FALSE,
          Wq |-> {},
          WPq |-> {} ] ],
  [ shardfrom |-> 2,
    type |-> 9,
    from |-> 2,
    shardto |-> 1,
    to |-> 1,
    body |->
        [ id |-> 1,
          b |-> 13,
          tq |-> [id |-> <<2, 2>>, t |-> 0],
          abalq |-> 0,
          txq |-> 1,
          depq |-> {},
          phaseq |-> 2,
          rejectq |-> FALSE,
          Wq |-> {},
          WPq |-> {} ] ],
  [ shardfrom |-> 2,
    type |-> 9,
    from |-> 2,
    shardto |-> 1,
    to |-> 3,
    body |->
        [ id |-> 1,
          b |-> 15,
          tq |-> [id |-> <<2, 2>>, t |-> 0],
          abalq |-> 0,
          txq |-> 1,
          depq |-> {},
          phaseq |-> 2,
          rejectq |-> FALSE,
          Wq |-> {},
          WPq |-> {} ] ],
  [ shardfrom |-> 2,
    type |-> 9,
    from |-> 2,
    shardto |-> 2,
    to |-> 1,
    body |->
        [ id |-> 1,
          b |-> 16,
          tq |-> [id |-> <<2, 2>>, t |-> 0],
          abalq |-> 0,
          txq |-> 1,
          depq |-> {},
          phaseq |-> 2,
          rejectq |-> FALSE,
          Wq |-> {},
          WPq |-> {} ] ],
  [ shardfrom |-> 2,
    type |-> 9,
    from |-> 2,
    shardto |-> 2,
    to |-> 2,
    body |->
        [ id |-> 1,
          b |-> 11,
          tq |-> [id |-> <<2, 2>>, t |-> 0],
          abalq |-> 0,
          txq |-> 1,
          depq |-> {},
          phaseq |-> 2,
          rejectq |-> FALSE,
          Wq |-> {},
          WPq |-> {} ] ],
  [ shardfrom |-> 2,
    type |-> 9,
    from |-> 3,
    shardto |-> 2,
    to |-> 3,
    body |->
        [ id |-> 1,
          b |-> 6,
          tq |-> [id |-> <<2, 2>>, t |-> 0],
          abalq |-> 0,
          txq |-> 1,
          depq |-> {},
          phaseq |-> 2,
          rejectq |-> FALSE,
          Wq |-> {},
          WPq |-> {} ] ] }
/\ Qvar = << <<<<{}, {}>>, <<{}, {}>>, <<{}, {<<1, 2>>, <<1, 3>>}>>>>,
   << <<{<<1, 1>>, <<1, 2>>, <<2, 1>>, <<2, 3>>}, {}>>,
      <<{}, {}>>,
      <<{}, {}>> >> >>
/\ ts = << << <<[id |-> <<2, 2>>, t |-> 0], [id |-> <<1, 1>>, t |-> 2]>>,
      <<[id |-> <<2, 2>>, t |-> 0], [id |-> <<1, 1>>, t |-> 2]>>,
      <<[id |-> <<2, 2>>, t |-> 0], [id |-> <<1, 1>>, t |-> 2]>> >>,
   << <<[id |-> <<2, 2>>, t |-> 0], [id |-> <<0, 0>>, t |-> 0]>>,
      <<[id |-> <<2, 2>>, t |-> 0], [id |-> <<0, 0>>, t |-> 0]>>,
      <<[id |-> <<2, 2>>, t |-> 0], [id |-> <<0, 0>>, t |-> 0]>> >> >>
/\ TXvar = << <<<<bottom, bottom>>, <<bottom, bottom>>, <<bottom, 2>>>>,
   <<<<1, bottom>>, <<bottom, bottom>>, <<bottom, bottom>>>> >>
/\ recovered = <<<<<<1, 1>>, <<1, 1>>, <<1, 1>>>>, <<<<1, 0>>, <<1, 0>>, <<1, 0>>>>>>
/\ initCoord = <<<<2, 2>>, <<1, 1>>>>

State 45: <HandleAcceptOK line 405, col 5 to line 418, col 136 of module AccordSpec>
/\ phase = <<<<<<3, 5>>, <<2, 5>>, <<3, 4>>>>, <<<<4, 1>>, <<2, 1>>, <<3, 1>>>>>>
/\ abal = <<<<<<16, 14>>, <<0, 14>>, <<16, 9>>>>, <<<<16, 0>>, <<0, 0>>, <<16, 0>>>>>>
/\ initTimestamp = << [id |-> <<2, 2>>, t |-> 0],
   [id |-> <<1, 1>>, t |-> 2],
   [id |-> <<0, 0>>, t |-> 1] >>
/\ bal = <<<<<<16, 14>>, <<16, 14>>, <<16, 9>>>>, <<<<16, 0>>, <<16, 0>>, <<16, 0>>>>>>
/\ txn = << <<<<1, 2>>, <<1, 2>>, <<1, 2>>>>,
   <<<<1, bottom>>, <<1, bottom>>, <<1, bottom>>>> >>
/\ postWaitingFlag = << <<<<FALSE, FALSE>>, <<FALSE, FALSE>>, <<FALSE, FALSE>>>>,
   <<<<FALSE, FALSE>>, <<FALSE, FALSE>>, <<FALSE, FALSE>>>> >>
/\ Wvar = << <<<<{}, {}>>, <<{}, {}>>, <<{}, {}>>>>,
   <<<<{}, {}>>, <<{}, {}>>, <<{}, {}>>>> >>
/\ dep = << <<<<{}, {1}>>, <<{}, {1}>>, <<{}, {}>>>>,
   <<<<{}, {}>>, <<{}, {}>>, <<{}, {}>>>> >>
/\ recoveryAttemptBal = <<<<<<0, 0>>, <<0, 0>>, <<0, 9>>>>, <<<<16, 0>>, <<0, 0>>, <<0, 0>>>>>>
/\ submitted = {1, 2}
/\ Dvar = << <<<<{}, {}>>, <<{}, {}>>, <<{}, {}>>>>,
   <<<<{}, {}>>, <<{}, {}>>, <<{}, {}>>>> >>
/\ msgs = { [ shardfrom |-> 1,
    type |-> 1,
    from |-> 1,
    shardto |-> 1,
    to |-> 2,
    body |-> [id |-> 2, tx |-> 2, D0 |-> {}] ],
  [ shardfrom |-> 1,
    type |-> 2,
    from |-> 1,
    shardto |-> 1,
    to |-> 1,
    body |-> [id |-> 2, tq |-> [id |-> <<1, 1>>, t |-> 2], Dq |-> {}] ],
  [ shardfrom |-> 1,
    type |-> 2,
    from |-> 2,
    shardto |-> 2,
    to |-> 2,
    body |-> [id |-> 1, tq |-> [id |-> <<2, 2>>, t |-> 0], Dq |-> {}] ],
  [ shardfrom |-> 1,
    type |-> 2,
    from |-> 3,
    shardto |-> 1,
    to |-> 1,
    body |-> [id |-> 2, tq |-> [id |-> <<1, 1>>, t |-> 2], Dq |-> {}] ],
  [ shardfrom |-> 1,
    type |-> 3,
    from |-> 2,
    shardto |-> 1,
    to |-> 3,
    body |->
        [ id |-> 2,
          t |-> [id |-> <<1, 1>>, t |-> 2],
          b |-> 14,
          tx |-> 2,
          D |-> {} ] ],
  [ shardfrom |-> 1,
    type |-> 3,
    from |-> 3,
    shardto |-> 1,
    to |-> 2,
    body |->
        [ id |-> 2,
          t |-> [id |-> <<1, 1>>, t |-> 2],
          b |-> 9,
          tx |-> 2,
          D |-> {} ] ],
  [ shardfrom |-> 1,
    type |-> 5,
    from |-> 2,
    shardto |-> 1,
    to |-> 3,
    body |->
        [ id |-> 2,
          t |-> [id |-> <<1, 1>>, t |-> 2],
          b |-> 14,
          tx |-> 2,
          D |-> {1},
          fastOrSlow |-> 1 ] ],
  [ shardfrom |-> 1,
    type |-> 5,
    from |-> 3,
    shardto |-> 1,
    to |-> 1,
    body |->
        [ id |-> 2,
          t |-> [id |-> <<1, 1>>, t |-> 2],
          b |-> 9,
          tx |-> 2,
          D |-> {},
          fastOrSlow |-> 1 ] ],
  [ shardfrom |-> 1,
    type |-> 5,
    from |-> 3,
    shardto |-> 1,
    to |-> 2,
    body |->
        [ id |-> 2,
          t |-> [id |-> <<1, 1>>, t |-> 2],
          b |-> 9,
          tx |-> 2,
          D |-> {},
          fastOrSlow |-> 1 ] ],
  [ shardfrom |-> 1,
    type |-> 6,
    from |-> 3,
    shardto |-> 1,
    to |-> 3,
    body |-> [id |-> 2, b |-> 9] ],
  [ shardfrom |-> 1,
    type |-> 7,
    from |-> 2,
    shardto |-> 1,
    to |-> 3,
    body |-> [id |-> 2, b |-> 14] ],
  [ shardfrom |-> 1,
    type |-> 8,
    from |-> 1,
    shardto |-> 1,
    to |-> 2,
    body |-> [id |-> 1, b |-> 13, tx |-> 0] ],
  [ shardfrom |-> 1,
    type |-> 8,
    from |-> 1,
    shardto |-> 1,
    to |-> 2,
    body |-> [id |-> 2, b |-> 7, tx |-> 2] ],
  [ shardfrom |-> 1,
    type |-> 8,
    from |-> 1,
    shardto |-> 1,
    to |-> 3,
    body |-> [id |-> 2, b |-> 7, tx |-> 2] ],
  [ shardfrom |-> 1,
    type |-> 8,
    from |-> 1,
    shardto |-> 2,
    to |-> 1,
    body |-> [id |-> 1, b |-> 13, tx |-> 0] ],
  [ shardfrom |-> 1,
    type |-> 8,
    from |-> 1,
    shardto |-> 2,
    to |-> 3,
    body |-> [id |-> 1, b |-> 13, tx |-> 0] ],
  [ shardfrom |-> 1,
    type |-> 8,
    from |-> 2,
    shardto |-> 1,
    to |-> 1,
    body |-> [id |-> 1, b |-> 8, tx |-> 1] ],
  [ shardfrom |-> 1,
    type |-> 8,
    from |-> 2,
    shardto |-> 1,
    to |-> 3,
    body |-> [id |-> 1, b |-> 8, tx |-> 1] ],
  [ shardfrom |-> 1,
    type |-> 8,
    from |-> 2,
    shardto |-> 1,
    to |-> 3,
    body |-> [id |-> 2, b |-> 14, tx |-> 0] ],
  [ shardfrom |-> 1,
    type |-> 8,
    from |-> 2,
    shardto |-> 2,
    to |-> 1,
    body |-> [id |-> 1, b |-> 8, tx |-> 1] ],
  [ shardfrom |-> 1,
    type |-> 8,
    from |-> 2,
    shardto |-> 2,
    to |-> 2,
    body |-> [id |-> 1, b |-> 8, tx |-> 1] ],
  [ shardfrom |-> 1,
    type |-> 8,
    from |-> 2,
    shardto |-> 2,
    to |-> 3,
    body |-> [id |-> 1, b |-> 8, tx |-> 1] ],
  [ shardfrom |-> 1,
    type |-> 8,
    from |-> 3,
    shardto |-> 1,
    to |-> 1,
    body |-> [id |-> 2, b |-> 9, tx |-> 2] ],
  [ shardfrom |-> 1,
    type |-> 8,
    from |-> 3,
    shardto |-> 2,
    to |-> 1,
    body |-> [id |-> 1, b |-> 15, tx |-> 0] ],
  [ shardfrom |-> 1,
    type |-> 8,
    from |-> 3,
    shardto |-> 2,
    to |-> 3,
    body |-> [id |-> 1, b |-> 15, tx |-> 0] ],
  [ shardfrom |-> 1,
    type |-> 9,
    from |-> 1,
    shardto |-> 1,
    to |-> 1,
    body |->
        [ id |-> 1,
          b |-> 13,
          tq |-> [id |-> <<0, 0>>, t |-> 0],
          abalq |-> 0,
          txq |-> 1,
          depq |-> {},
          phaseq |-> 1,
          rejectq |-> TRUE,
          Wq |-> {},
          WPq |-> {} ] ],
  [ shardfrom |-> 1,
    type |-> 9,
    from |-> 1,
    shardto |-> 1,
    to |-> 1,
    body |->
        [ id |-> 2,
          b |-> 7,
          tq |-> [id |-> <<1, 1>>, t |-> 2],
          abalq |-> 0,
          txq |-> 2,
          depq |-> {},
          phaseq |-> 2,
          rejectq |-> FALSE,
          Wq |-> {},
          WPq |-> {} ] ],
  [ shardfrom |-> 1,
    type |-> 9,
    from |-> 1,
    shardto |-> 1,
    to |-> 3,
    body |->
        [ id |-> 1,
          b |-> 15,
          tq |-> [id |-> <<0, 0>>, t |-> 0],
          abalq |-> 0,
          txq |-> 0,
          depq |-> {},
          phaseq |-> 1,
          rejectq |-> FALSE,
          Wq |-> {},
          WPq |-> {} ] ],
  [ shardfrom |-> 1,
    type |-> 9,
    from |-> 1,
    shardto |-> 2,
    to |-> 2,
    body |->
        [ id |-> 1,
          b |-> 11,
          tq |-> [id |-> <<0, 0>>, t |-> 0],
          abalq |-> 0,
          txq |-> 1,
          depq |-> {},
          phaseq |-> 1,
          rejectq |-> TRUE,
          Wq |-> {},
          WPq |-> {} ] ],
  [ shardfrom |-> 1,
    type |-> 9,
    from |-> 2,
    shardto |-> 1,
    to |-> 2,
    body |->
        [ id |-> 1,
          b |-> 8,
          tq |-> [id |-> <<2, 2>>, t |-> 0],
          abalq |-> 0,
          txq |-> 1,
          depq |-> {},
          phaseq |-> 2,
          rejectq |-> TRUE,
          Wq |-> {},
          WPq |-> {} ] ],
  [ shardfrom |-> 1,
    type |-> 9,
    from |-> 2,
    shardto |-> 1,
    to |-> 3,
    body |->
        [ id |-> 1,
          b |-> 15,
          tq |-> [id |-> <<2, 2>>, t |-> 0],
          abalq |-> 0,
          txq |-> 1,
          depq |-> {},
          phaseq |-> 2,
          rejectq |-> FALSE,
          Wq |-> {},
          WPq |-> {} ] ],
  [ shardfrom |-> 1,
    type |-> 9,
    from |-> 3,
    shardto |-> 1,
    to |-> 1,
    body |->
        [ id |-> 1,
          b |-> 13,
          tq |-> [id |-> <<0, 0>>, t |-> 0],
          abalq |-> 0,
          txq |-> 0,
          depq |-> {},
          phaseq |-> 1,
          rejectq |-> TRUE,
          Wq |-> {},
          WPq |-> {} ] ],
  [ shardfrom |-> 1,
    type |-> 9,
    from |-> 3,
    shardto |-> 1,
    to |-> 3,
    body |->
        [ id |-> 1,
          b |-> 15,
          tq |-> [id |-> <<0, 0>>, t |-> 0],
          abalq |-> 0,
          txq |-> 0,
          depq |-> {},
          phaseq |-> 1,
          rejectq |-> TRUE,
          Wq |-> {},
          WPq |-> {} ] ],
  [ shardfrom |-> 1,
    type |-> 9,
    from |-> 3,
    shardto |-> 2,
    to |-> 1,
    body |->
        [ id |-> 1,
          b |-> 16,
          tq |-> [id |-> <<0, 0>>, t |-> 0],
          abalq |-> 0,
          txq |-> 0,
          depq |-> {},
          phaseq |-> 1,
          rejectq |-> TRUE,
          Wq |-> {},
          WPq |-> {} ] ],
  [ shardfrom |-> 2,
    type |-> 1,
    from |-> 2,
    shardto |-> 1,
    to |-> 1,
    body |-> [id |-> 1, tx |-> 1, D0 |-> {}] ],
  [ shardfrom |-> 2,
    type |-> 1,
    from |-> 2,
    shardto |-> 1,
    to |-> 3,
    body |-> [id |-> 1, tx |-> 1, D0 |-> {}] ],
  [ shardfrom |-> 2,
    type |-> 1,
    from |-> 2,
    shardto |-> 2,
    to |-> 1,
    body |-> [id |-> 1, tx |-> 1, D0 |-> {}] ],
  [ shardfrom |-> 2,
    type |-> 2,
    from |-> 2,
    shardto |-> 2,
    to |-> 2,
    body |-> [id |-> 1, tq |-> [id |-> <<2, 2>>, t |-> 0], Dq |-> {}] ],
  [ shardfrom |-> 2,
    type |-> 2,
    from |-> 3,
    shardto |-> 2,
    to |-> 2,
    body |-> [id |-> 1, tq |-> [id |-> <<2, 2>>, t |-> 0], Dq |-> {}] ],
  [ shardfrom |-> 2,
    type |-> 3,
    from |-> 1,
    shardto |-> 1,
    to |-> 2,
    body |->
        [ id |-> 1,
          t |-> [id |-> <<2, 2>>, t |-> 0],
          b |-> 16,
          tx |-> 1,
          D |-> {} ] ],
  [ shardfrom |-> 2,
    type |-> 3,
    from |-> 1,
    shardto |-> 2,
    to |-> 2,
    body |->
        [ id |-> 1,
          t |-> [id |-> <<2, 2>>, t |-> 0],
          b |-> 16,
          tx |-> 1,
          D |-> {} ] ],
  [ shardfrom |-> 2,
    type |-> 5,
    from |-> 1,
    shardto |-> 1,
    to |-> 1,
    body |->
        [ id |-> 1,
          t |-> [id |-> <<2, 2>>, t |-> 0],
          b |-> 16,
          tx |-> 1,
          D |-> {},
          fastOrSlow |-> 1 ] ],
  [ shardfrom |-> 2,
    type |-> 5,
    from |-> 1,
    shardto |-> 1,
    to |-> 2,
    body |->
        [ id |-> 1,
          t |-> [id |-> <<2, 2>>, t |-> 0],
          b |-> 16,
          tx |-> 1,
          D |-> {},
          fastOrSlow |-> 1 ] ],
  [ shardfrom |-> 2,
    type |-> 5,
    from |-> 1,
    shardto |-> 1,
    to |-> 3,
    body |->
        [ id |-> 1,
          t |-> [id |-> <<2, 2>>, t |-> 0],
          b |-> 16,
          tx |-> 1,
          D |-> {},
          fastOrSlow |-> 1 ] ],
  [ shardfrom |-> 2,
    type |-> 5,
    from |-> 1,
    shardto |-> 2,
    to |-> 2,
    body |->
        [ id |-> 1,
          t |-> [id |-> <<2, 2>>, t |-> 0],
          b |-> 16,
          tx |-> 1,
          D |-> {},
          fastOrSlow |-> 1 ] ],
  [ shardfrom |-> 2,
    type |-> 5,
    from |-> 1,
    shardto |-> 2,
    to |-> 3,
    body |->
        [ id |-> 1,
          t |-> [id |-> <<2, 2>>, t |-> 0],
          b |-> 16,
          tx |-> 1,
          D |-> {},
          fastOrSlow |-> 1 ] ],
  [ shardfrom |-> 2,
    type |-> 6,
    from |-> 1,
    shardto |-> 2,
    to |-> 1,
    body |-> [id |-> 1, b |-> 16] ],
  [ shardfrom |-> 2,
    type |-> 8,
    from |-> 2,
    shardto |-> 1,
    to |-> 2,
    body |-> [id |-> 1, b |-> 11, tx |-> 1] ],
  [ shardfrom |-> 2,
    type |-> 8,
    from |-> 2,
    shardto |-> 1,
    to |-> 3,
    body |-> [id |-> 1, b |-> 11, tx |-> 1] ],
  [ shardfrom |-> 2,
    type |-> 8,
    from |-> 2,
    shardto |-> 2,
    to |-> 3,
    body |-> [id |-> 1, b |-> 11, tx |-> 1] ],
  [ shardfrom |-> 2,
    type |-> 8,
    from |-> 3,
    shardto |-> 1,
    to |-> 1,
    body |-> [id |-> 1, b |-> 6, tx |-> 1] ],
  [ shardfrom |-> 2,
    type |-> 8,
    from |-> 3,
    shardto |-> 1,
    to |-> 2,
    body |-> [id |-> 1, b |-> 6, tx |-> 1] ],
  [ shardfrom |-> 2,
    type |-> 8,
    from |-> 3,
    shardto |-> 1,
    to |-> 3,
    body |-> [id |-> 1, b |-> 6, tx |-> 1] ],
  [ shardfrom |-> 2,
    type |-> 8,
    from |-> 3,
    shardto |-> 2,
    to |-> 1,
    body |-> [id |-> 1, b |-> 6, tx |-> 1] ],
  [ shardfrom |-> 2,
    type |-> 8,
    from |-> 3,
    shardto |-> 2,
    to |-> 2,
    body |-> [id |-> 1, b |-> 6, tx |-> 1] ],
  [ shardfrom |-> 2,
    type |-> 9,
    from |-> 1,
    shardto |-> 2,
    to |-> 2,
    body |->
        [ id |-> 1,
          b |-> 11,
          tq |-> [id |-> <<0, 0>>, t |-> 0],
          abalq |-> 0,
          txq |-> 1,
          depq |-> {},
          phaseq |-> 1,
          rejectq |-> FALSE,
          Wq |-> {},
          WPq |-> {} ] ],
  [ shardfrom |-> 2,
    type |-> 9,
    from |-> 2,
    shardto |-> 1,
    to |-> 1,
    body |->
        [ id |-> 1,
          b |-> 13,
          tq |-> [id |-> <<2, 2>>, t |-> 0],
          abalq |-> 0,
          txq |-> 1,
          depq |-> {},
          phaseq |-> 2,
          rejectq |-> FALSE,
          Wq |-> {},
          WPq |-> {} ] ],
  [ shardfrom |-> 2,
    type |-> 9,
    from |-> 2,
    shardto |-> 1,
    to |-> 3,
    body |->
        [ id |-> 1,
          b |-> 15,
          tq |-> [id |-> <<2, 2>>, t |-> 0],
          abalq |-> 0,
          txq |-> 1,
          depq |-> {},
          phaseq |-> 2,
          rejectq |-> FALSE,
          Wq |-> {},
          WPq |-> {} ] ],
  [ shardfrom |-> 2,
    type |-> 9,
    from |-> 2,
    shardto |-> 2,
    to |-> 1,
    body |->
        [ id |-> 1,
          b |-> 16,
          tq |-> [id |-> <<2, 2>>, t |-> 0],
          abalq |-> 0,
          txq |-> 1,
          depq |-> {},
          phaseq |-> 2,
          rejectq |-> FALSE,
          Wq |-> {},
          WPq |-> {} ] ],
  [ shardfrom |-> 2,
    type |-> 9,
    from |-> 2,
    shardto |-> 2,
    to |-> 2,
    body |->
        [ id |-> 1,
          b |-> 11,
          tq |-> [id |-> <<2, 2>>, t |-> 0],
          abalq |-> 0,
          txq |-> 1,
          depq |-> {},
          phaseq |-> 2,
          rejectq |-> FALSE,
          Wq |-> {},
          WPq |-> {} ] ],
  [ shardfrom |-> 2,
    type |-> 9,
    from |-> 3,
    shardto |-> 2,
    to |-> 3,
    body |->
        [ id |-> 1,
          b |-> 6,
          tq |-> [id |-> <<2, 2>>, t |-> 0],
          abalq |-> 0,
          txq |-> 1,
          depq |-> {},
          phaseq |-> 2,
          rejectq |-> FALSE,
          Wq |-> {},
          WPq |-> {} ] ] }
/\ Qvar = << <<<<{}, {}>>, <<{}, {}>>, <<{}, {<<1, 2>>, <<1, 3>>}>>>>,
   << <<{<<1, 1>>, <<1, 2>>, <<2, 1>>, <<2, 3>>}, {}>>,
      <<{}, {}>>,
      <<{}, {}>> >> >>
/\ ts = << << <<[id |-> <<2, 2>>, t |-> 0], [id |-> <<1, 1>>, t |-> 2]>>,
      <<[id |-> <<2, 2>>, t |-> 0], [id |-> <<1, 1>>, t |-> 2]>>,
      <<[id |-> <<2, 2>>, t |-> 0], [id |-> <<1, 1>>, t |-> 2]>> >>,
   << <<[id |-> <<2, 2>>, t |-> 0], [id |-> <<0, 0>>, t |-> 0]>>,
      <<[id |-> <<2, 2>>, t |-> 0], [id |-> <<0, 0>>, t |-> 0]>>,
      <<[id |-> <<2, 2>>, t |-> 0], [id |-> <<0, 0>>, t |-> 0]>> >> >>
/\ TXvar = << <<<<bottom, bottom>>, <<bottom, bottom>>, <<bottom, 2>>>>,
   <<<<1, bottom>>, <<bottom, bottom>>, <<bottom, bottom>>>> >>
/\ recovered = <<<<<<1, 1>>, <<1, 1>>, <<1, 1>>>>, <<<<1, 0>>, <<1, 0>>, <<1, 0>>>>>>
/\ initCoord = <<<<2, 2>>, <<1, 1>>>>

State 46: <Next line 769, col 8 to line 774, col 27 of module AccordSpec>
/\ phase = <<<<<<4, 5>>, <<2, 5>>, <<3, 4>>>>, <<<<4, 1>>, <<2, 1>>, <<3, 1>>>>>>
/\ abal = <<<<<<16, 14>>, <<0, 14>>, <<16, 9>>>>, <<<<16, 0>>, <<0, 0>>, <<16, 0>>>>>>
/\ initTimestamp = << [id |-> <<2, 2>>, t |-> 0],
   [id |-> <<1, 1>>, t |-> 2],
   [id |-> <<0, 0>>, t |-> 1] >>
/\ bal = <<<<<<16, 14>>, <<16, 14>>, <<16, 9>>>>, <<<<16, 0>>, <<16, 0>>, <<16, 0>>>>>>
/\ txn = << <<<<1, 2>>, <<1, 2>>, <<1, 2>>>>,
   <<<<1, bottom>>, <<1, bottom>>, <<1, bottom>>>> >>
/\ postWaitingFlag = << <<<<FALSE, FALSE>>, <<FALSE, FALSE>>, <<FALSE, FALSE>>>>,
   <<<<FALSE, FALSE>>, <<FALSE, FALSE>>, <<FALSE, FALSE>>>> >>
/\ Wvar = << <<<<{}, {}>>, <<{}, {}>>, <<{}, {}>>>>,
   <<<<{}, {}>>, <<{}, {}>>, <<{}, {}>>>> >>
/\ dep = << <<<<{}, {1}>>, <<{}, {1}>>, <<{}, {}>>>>,
   <<<<{}, {}>>, <<{}, {}>>, <<{}, {}>>>> >>
/\ recoveryAttemptBal = <<<<<<0, 0>>, <<0, 0>>, <<0, 9>>>>, <<<<16, 0>>, <<0, 0>>, <<0, 0>>>>>>
/\ submitted = {1, 2}
/\ Dvar = << <<<<{}, {}>>, <<{}, {}>>, <<{}, {}>>>>,
   <<<<{}, {}>>, <<{}, {}>>, <<{}, {}>>>> >>
/\ msgs = { [ shardfrom |-> 1,
    type |-> 1,
    from |-> 1,
    shardto |-> 1,
    to |-> 2,
    body |-> [id |-> 2, tx |-> 2, D0 |-> {}] ],
  [ shardfrom |-> 1,
    type |-> 2,
    from |-> 1,
    shardto |-> 1,
    to |-> 1,
    body |-> [id |-> 2, tq |-> [id |-> <<1, 1>>, t |-> 2], Dq |-> {}] ],
  [ shardfrom |-> 1,
    type |-> 2,
    from |-> 2,
    shardto |-> 2,
    to |-> 2,
    body |-> [id |-> 1, tq |-> [id |-> <<2, 2>>, t |-> 0], Dq |-> {}] ],
  [ shardfrom |-> 1,
    type |-> 2,
    from |-> 3,
    shardto |-> 1,
    to |-> 1,
    body |-> [id |-> 2, tq |-> [id |-> <<1, 1>>, t |-> 2], Dq |-> {}] ],
  [ shardfrom |-> 1,
    type |-> 3,
    from |-> 2,
    shardto |-> 1,
    to |-> 3,
    body |->
        [ id |-> 2,
          t |-> [id |-> <<1, 1>>, t |-> 2],
          b |-> 14,
          tx |-> 2,
          D |-> {} ] ],
  [ shardfrom |-> 1,
    type |-> 3,
    from |-> 3,
    shardto |-> 1,
    to |-> 2,
    body |->
        [ id |-> 2,
          t |-> [id |-> <<1, 1>>, t |-> 2],
          b |-> 9,
          tx |-> 2,
          D |-> {} ] ],
  [ shardfrom |-> 1,
    type |-> 5,
    from |-> 2,
    shardto |-> 1,
    to |-> 3,
    body |->
        [ id |-> 2,
          t |-> [id |-> <<1, 1>>, t |-> 2],
          b |-> 14,
          tx |-> 2,
          D |-> {1},
          fastOrSlow |-> 1 ] ],
  [ shardfrom |-> 1,
    type |-> 5,
    from |-> 3,
    shardto |-> 1,
    to |-> 1,
    body |->
        [ id |-> 2,
          t |-> [id |-> <<1, 1>>, t |-> 2],
          b |-> 9,
          tx |-> 2,
          D |-> {},
          fastOrSlow |-> 1 ] ],
  [ shardfrom |-> 1,
    type |-> 5,
    from |-> 3,
    shardto |-> 1,
    to |-> 2,
    body |->
        [ id |-> 2,
          t |-> [id |-> <<1, 1>>, t |-> 2],
          b |-> 9,
          tx |-> 2,
          D |-> {},
          fastOrSlow |-> 1 ] ],
  [ shardfrom |-> 1,
    type |-> 6,
    from |-> 1,
    shardto |-> 2,
    to |-> 1,
    body |-> [id |-> 1, b |-> 16] ],
  [ shardfrom |-> 1,
    type |-> 6,
    from |-> 3,
    shardto |-> 1,
    to |-> 3,
    body |-> [id |-> 2, b |-> 9] ],
  [ shardfrom |-> 1,
    type |-> 7,
    from |-> 2,
    shardto |-> 1,
    to |-> 3,
    body |-> [id |-> 2, b |-> 14] ],
  [ shardfrom |-> 1,
    type |-> 8,
    from |-> 1,
    shardto |-> 1,
    to |-> 2,
    body |-> [id |-> 1, b |-> 13, tx |-> 0] ],
  [ shardfrom |-> 1,
    type |-> 8,
    from |-> 1,
    shardto |-> 1,
    to |-> 2,
    body |-> [id |-> 2, b |-> 7, tx |-> 2] ],
  [ shardfrom |-> 1,
    type |-> 8,
    from |-> 1,
    shardto |-> 1,
    to |-> 3,
    body |-> [id |-> 2, b |-> 7, tx |-> 2] ],
  [ shardfrom |-> 1,
    type |-> 8,
    from |-> 1,
    shardto |-> 2,
    to |-> 1,
    body |-> [id |-> 1, b |-> 13, tx |-> 0] ],
  [ shardfrom |-> 1,
    type |-> 8,
    from |-> 1,
    shardto |-> 2,
    to |-> 3,
    body |-> [id |-> 1, b |-> 13, tx |-> 0] ],
  [ shardfrom |-> 1,
    type |-> 8,
    from |-> 2,
    shardto |-> 1,
    to |-> 1,
    body |-> [id |-> 1, b |-> 8, tx |-> 1] ],
  [ shardfrom |-> 1,
    type |-> 8,
    from |-> 2,
    shardto |-> 1,
    to |-> 3,
    body |-> [id |-> 1, b |-> 8, tx |-> 1] ],
  [ shardfrom |-> 1,
    type |-> 8,
    from |-> 2,
    shardto |-> 1,
    to |-> 3,
    body |-> [id |-> 2, b |-> 14, tx |-> 0] ],
  [ shardfrom |-> 1,
    type |-> 8,
    from |-> 2,
    shardto |-> 2,
    to |-> 1,
    body |-> [id |-> 1, b |-> 8, tx |-> 1] ],
  [ shardfrom |-> 1,
    type |-> 8,
    from |-> 2,
    shardto |-> 2,
    to |-> 2,
    body |-> [id |-> 1, b |-> 8, tx |-> 1] ],
  [ shardfrom |-> 1,
    type |-> 8,
    from |-> 2,
    shardto |-> 2,
    to |-> 3,
    body |-> [id |-> 1, b |-> 8, tx |-> 1] ],
  [ shardfrom |-> 1,
    type |-> 8,
    from |-> 3,
    shardto |-> 1,
    to |-> 1,
    body |-> [id |-> 2, b |-> 9, tx |-> 2] ],
  [ shardfrom |-> 1,
    type |-> 8,
    from |-> 3,
    shardto |-> 2,
    to |-> 1,
    body |-> [id |-> 1, b |-> 15, tx |-> 0] ],
  [ shardfrom |-> 1,
    type |-> 8,
    from |-> 3,
    shardto |-> 2,
    to |-> 3,
    body |-> [id |-> 1, b |-> 15, tx |-> 0] ],
  [ shardfrom |-> 1,
    type |-> 9,
    from |-> 1,
    shardto |-> 1,
    to |-> 1,
    body |->
        [ id |-> 1,
          b |-> 13,
          tq |-> [id |-> <<0, 0>>, t |-> 0],
          abalq |-> 0,
          txq |-> 1,
          depq |-> {},
          phaseq |-> 1,
          rejectq |-> TRUE,
          Wq |-> {},
          WPq |-> {} ] ],
  [ shardfrom |-> 1,
    type |-> 9,
    from |-> 1,
    shardto |-> 1,
    to |-> 1,
    body |->
        [ id |-> 2,
          b |-> 7,
          tq |-> [id |-> <<1, 1>>, t |-> 2],
          abalq |-> 0,
          txq |-> 2,
          depq |-> {},
          phaseq |-> 2,
          rejectq |-> FALSE,
          Wq |-> {},
          WPq |-> {} ] ],
  [ shardfrom |-> 1,
    type |-> 9,
    from |-> 1,
    shardto |-> 1,
    to |-> 3,
    body |->
        [ id |-> 1,
          b |-> 15,
          tq |-> [id |-> <<0, 0>>, t |-> 0],
          abalq |-> 0,
          txq |-> 0,
          depq |-> {},
          phaseq |-> 1,
          rejectq |-> FALSE,
          Wq |-> {},
          WPq |-> {} ] ],
  [ shardfrom |-> 1,
    type |-> 9,
    from |-> 1,
    shardto |-> 2,
    to |-> 2,
    body |->
        [ id |-> 1,
          b |-> 11,
          tq |-> [id |-> <<0, 0>>, t |-> 0],
          abalq |-> 0,
          txq |-> 1,
          depq |-> {},
          phaseq |-> 1,
          rejectq |-> TRUE,
          Wq |-> {},
          WPq |-> {} ] ],
  [ shardfrom |-> 1,
    type |-> 9,
    from |-> 2,
    shardto |-> 1,
    to |-> 2,
    body |->
        [ id |-> 1,
          b |-> 8,
          tq |-> [id |-> <<2, 2>>, t |-> 0],
          abalq |-> 0,
          txq |-> 1,
          depq |-> {},
          phaseq |-> 2,
          rejectq |-> TRUE,
          Wq |-> {},
          WPq |-> {} ] ],
  [ shardfrom |-> 1,
    type |-> 9,
    from |-> 2,
    shardto |-> 1,
    to |-> 3,
    body |->
        [ id |-> 1,
          b |-> 15,
          tq |-> [id |-> <<2, 2>>, t |-> 0],
          abalq |-> 0,
          txq |-> 1,
          depq |-> {},
          phaseq |-> 2,
          rejectq |-> FALSE,
          Wq |-> {},
          WPq |-> {} ] ],
  [ shardfrom |-> 1,
    type |-> 9,
    from |-> 3,
    shardto |-> 1,
    to |-> 1,
    body |->
        [ id |-> 1,
          b |-> 13,
          tq |-> [id |-> <<0, 0>>, t |-> 0],
          abalq |-> 0,
          txq |-> 0,
          depq |-> {},
          phaseq |-> 1,
          rejectq |-> TRUE,
          Wq |-> {},
          WPq |-> {} ] ],
  [ shardfrom |-> 1,
    type |-> 9,
    from |-> 3,
    shardto |-> 1,
    to |-> 3,
    body |->
        [ id |-> 1,
          b |-> 15,
          tq |-> [id |-> <<0, 0>>, t |-> 0],
          abalq |-> 0,
          txq |-> 0,
          depq |-> {},
          phaseq |-> 1,
          rejectq |-> TRUE,
          Wq |-> {},
          WPq |-> {} ] ],
  [ shardfrom |-> 1,
    type |-> 9,
    from |-> 3,
    shardto |-> 2,
    to |-> 1,
    body |->
        [ id |-> 1,
          b |-> 16,
          tq |-> [id |-> <<0, 0>>, t |-> 0],
          abalq |-> 0,
          txq |-> 0,
          depq |-> {},
          phaseq |-> 1,
          rejectq |-> TRUE,
          Wq |-> {},
          WPq |-> {} ] ],
  [ shardfrom |-> 2,
    type |-> 1,
    from |-> 2,
    shardto |-> 1,
    to |-> 1,
    body |-> [id |-> 1, tx |-> 1, D0 |-> {}] ],
  [ shardfrom |-> 2,
    type |-> 1,
    from |-> 2,
    shardto |-> 1,
    to |-> 3,
    body |-> [id |-> 1, tx |-> 1, D0 |-> {}] ],
  [ shardfrom |-> 2,
    type |-> 1,
    from |-> 2,
    shardto |-> 2,
    to |-> 1,
    body |-> [id |-> 1, tx |-> 1, D0 |-> {}] ],
  [ shardfrom |-> 2,
    type |-> 2,
    from |-> 2,
    shardto |-> 2,
    to |-> 2,
    body |-> [id |-> 1, tq |-> [id |-> <<2, 2>>, t |-> 0], Dq |-> {}] ],
  [ shardfrom |-> 2,
    type |-> 2,
    from |-> 3,
    shardto |-> 2,
    to |-> 2,
    body |-> [id |-> 1, tq |-> [id |-> <<2, 2>>, t |-> 0], Dq |-> {}] ],
  [ shardfrom |-> 2,
    type |-> 3,
    from |-> 1,
    shardto |-> 1,
    to |-> 2,
    body |->
        [ id |-> 1,
          t |-> [id |-> <<2, 2>>, t |-> 0],
          b |-> 16,
          tx |-> 1,
          D |-> {} ] ],
  [ shardfrom |-> 2,
    type |-> 3,
    from |-> 1,
    shardto |-> 2,
    to |-> 2,
    body |->
        [ id |-> 1,
          t |-> [id |-> <<2, 2>>, t |-> 0],
          b |-> 16,
          tx |-> 1,
          D |-> {} ] ],
  [ shardfrom |-> 2,
    type |-> 5,
    from |-> 1,
    shardto |-> 1,
    to |-> 2,
    body |->
        [ id |-> 1,
          t |-> [id |-> <<2, 2>>, t |-> 0],
          b |-> 16,
          tx |-> 1,
          D |-> {},
          fastOrSlow |-> 1 ] ],
  [ shardfrom |-> 2,
    type |-> 5,
    from |-> 1,
    shardto |-> 1,
    to |-> 3,
    body |->
        [ id |-> 1,
          t |-> [id |-> <<2, 2>>, t |-> 0],
          b |-> 16,
          tx |-> 1,
          D |-> {},
          fastOrSlow |-> 1 ] ],
  [ shardfrom |-> 2,
    type |-> 5,
    from |-> 1,
    shardto |-> 2,
    to |-> 2,
    body |->
        [ id |-> 1,
          t |-> [id |-> <<2, 2>>, t |-> 0],
          b |-> 16,
          tx |-> 1,
          D |-> {},
          fastOrSlow |-> 1 ] ],
  [ shardfrom |-> 2,
    type |-> 5,
    from |-> 1,
    shardto |-> 2,
    to |-> 3,
    body |->
        [ id |-> 1,
          t |-> [id |-> <<2, 2>>, t |-> 0],
          b |-> 16,
          tx |-> 1,
          D |-> {},
          fastOrSlow |-> 1 ] ],
  [ shardfrom |-> 2,
    type |-> 6,
    from |-> 1,
    shardto |-> 2,
    to |-> 1,
    body |-> [id |-> 1, b |-> 16] ],
  [ shardfrom |-> 2,
    type |-> 8,
    from |-> 2,
    shardto |-> 1,
    to |-> 2,
    body |-> [id |-> 1, b |-> 11, tx |-> 1] ],
  [ shardfrom |-> 2,
    type |-> 8,
    from |-> 2,
    shardto |-> 1,
    to |-> 3,
    body |-> [id |-> 1, b |-> 11, tx |-> 1] ],
  [ shardfrom |-> 2,
    type |-> 8,
    from |-> 2,
    shardto |-> 2,
    to |-> 3,
    body |-> [id |-> 1, b |-> 11, tx |-> 1] ],
  [ shardfrom |-> 2,
    type |-> 8,
    from |-> 3,
    shardto |-> 1,
    to |-> 1,
    body |-> [id |-> 1, b |-> 6, tx |-> 1] ],
  [ shardfrom |-> 2,
    type |-> 8,
    from |-> 3,
    shardto |-> 1,
    to |-> 2,
    body |-> [id |-> 1, b |-> 6, tx |-> 1] ],
  [ shardfrom |-> 2,
    type |-> 8,
    from |-> 3,
    shardto |-> 1,
    to |-> 3,
    body |-> [id |-> 1, b |-> 6, tx |-> 1] ],
  [ shardfrom |-> 2,
    type |-> 8,
    from |-> 3,
    shardto |-> 2,
    to |-> 1,
    body |-> [id |-> 1, b |-> 6, tx |-> 1] ],
  [ shardfrom |-> 2,
    type |-> 8,
    from |-> 3,
    shardto |-> 2,
    to |-> 2,
    body |-> [id |-> 1, b |-> 6, tx |-> 1] ],
  [ shardfrom |-> 2,
    type |-> 9,
    from |-> 1,
    shardto |-> 2,
    to |-> 2,
    body |->
        [ id |-> 1,
          b |-> 11,
          tq |-> [id |-> <<0, 0>>, t |-> 0],
          abalq |-> 0,
          txq |-> 1,
          depq |-> {},
          phaseq |-> 1,
          rejectq |-> FALSE,
          Wq |-> {},
          WPq |-> {} ] ],
  [ shardfrom |-> 2,
    type |-> 9,
    from |-> 2,
    shardto |-> 1,
    to |-> 1,
    body |->
        [ id |-> 1,
          b |-> 13,
          tq |-> [id |-> <<2, 2>>, t |-> 0],
          abalq |-> 0,
          txq |-> 1,
          depq |-> {},
          phaseq |-> 2,
          rejectq |-> FALSE,
          Wq |-> {},
          WPq |-> {} ] ],
  [ shardfrom |-> 2,
    type |-> 9,
    from |-> 2,
    shardto |-> 1,
    to |-> 3,
    body |->
        [ id |-> 1,
          b |-> 15,
          tq |-> [id |-> <<2, 2>>, t |-> 0],
          abalq |-> 0,
          txq |-> 1,
          depq |-> {},
          phaseq |-> 2,
          rejectq |-> FALSE,
          Wq |-> {},
          WPq |-> {} ] ],
  [ shardfrom |-> 2,
    type |-> 9,
    from |-> 2,
    shardto |-> 2,
    to |-> 1,
    body |->
        [ id |-> 1,
          b |-> 16,
          tq |-> [id |-> <<2, 2>>, t |-> 0],
          abalq |-> 0,
          txq |-> 1,
          depq |-> {},
          phaseq |-> 2,
          rejectq |-> FALSE,
          Wq |-> {},
          WPq |-> {} ] ],
  [ shardfrom |-> 2,
    type |-> 9,
    from |-> 2,
    shardto |-> 2,
    to |-> 2,
    body |->
        [ id |-> 1,
          b |-> 11,
          tq |-> [id |-> <<2, 2>>, t |-> 0],
          abalq |-> 0,
          txq |-> 1,
          depq |-> {},
          phaseq |-> 2,
          rejectq |-> FALSE,
          Wq |-> {},
          WPq |-> {} ] ],
  [ shardfrom |-> 2,
    type |-> 9,
    from |-> 3,
    shardto |-> 2,
    to |-> 3,
    body |->
        [ id |-> 1,
          b |-> 6,
          tq |-> [id |-> <<2, 2>>, t |-> 0],
          abalq |-> 0,
          txq |-> 1,
          depq |-> {},
          phaseq |-> 2,
          rejectq |-> FALSE,
          Wq |-> {},
          WPq |-> {} ] ] }
/\ Qvar = << <<<<{}, {}>>, <<{}, {}>>, <<{}, {<<1, 2>>, <<1, 3>>}>>>>,
   << <<{<<1, 1>>, <<1, 2>>, <<2, 1>>, <<2, 3>>}, {}>>,
      <<{}, {}>>,
      <<{}, {}>> >> >>
/\ ts = << << <<[id |-> <<2, 2>>, t |-> 0], [id |-> <<1, 1>>, t |-> 2]>>,
      <<[id |-> <<2, 2>>, t |-> 0], [id |-> <<1, 1>>, t |-> 2]>>,
      <<[id |-> <<2, 2>>, t |-> 0], [id |-> <<1, 1>>, t |-> 2]>> >>,
   << <<[id |-> <<2, 2>>, t |-> 0], [id |-> <<0, 0>>, t |-> 0]>>,
      <<[id |-> <<2, 2>>, t |-> 0], [id |-> <<0, 0>>, t |-> 0]>>,
      <<[id |-> <<2, 2>>, t |-> 0], [id |-> <<0, 0>>, t |-> 0]>> >> >>
/\ TXvar = << <<<<bottom, bottom>>, <<bottom, bottom>>, <<bottom, 2>>>>,
   <<<<1, bottom>>, <<bottom, bottom>>, <<bottom, bottom>>>> >>
/\ recovered = <<<<<<1, 1>>, <<1, 1>>, <<1, 1>>>>, <<<<1, 0>>, <<1, 0>>, <<1, 0>>>>>>
/\ initCoord = <<<<2, 2>>, <<1, 1>>>>

State 47: <Next line 769, col 8 to line 774, col 27 of module AccordSpec>
/\ phase = <<<<<<4, 5>>, <<2, 5>>, <<3, 4>>>>, <<<<4, 1>>, <<3, 1>>, <<3, 1>>>>>>
/\ abal = <<<<<<16, 14>>, <<0, 14>>, <<16, 9>>>>, <<<<16, 0>>, <<16, 0>>, <<16, 0>>>>>>
/\ initTimestamp = << [id |-> <<2, 2>>, t |-> 0],
   [id |-> <<1, 1>>, t |-> 2],
   [id |-> <<0, 0>>, t |-> 1] >>
/\ bal = <<<<<<16, 14>>, <<16, 14>>, <<16, 9>>>>, <<<<16, 0>>, <<16, 0>>, <<16, 0>>>>>>
/\ txn = << <<<<1, 2>>, <<1, 2>>, <<1, 2>>>>,
   <<<<1, bottom>>, <<1, bottom>>, <<1, bottom>>>> >>
/\ postWaitingFlag = << <<<<FALSE, FALSE>>, <<FALSE, FALSE>>, <<FALSE, FALSE>>>>,
   <<<<FALSE, FALSE>>, <<FALSE, FALSE>>, <<FALSE, FALSE>>>> >>
/\ Wvar = << <<<<{}, {}>>, <<{}, {}>>, <<{}, {}>>>>,
   <<<<{}, {}>>, <<{}, {}>>, <<{}, {}>>>> >>
/\ dep = << <<<<{}, {1}>>, <<{}, {1}>>, <<{}, {}>>>>,
   <<<<{}, {}>>, <<{}, {}>>, <<{}, {}>>>> >>
/\ recoveryAttemptBal = <<<<<<0, 0>>, <<0, 0>>, <<0, 9>>>>, <<<<16, 0>>, <<0, 0>>, <<0, 0>>>>>>
/\ submitted = {1, 2}
/\ Dvar = << <<<<{}, {}>>, <<{}, {}>>, <<{}, {}>>>>,
   <<<<{}, {}>>, <<{}, {}>>, <<{}, {}>>>> >>
/\ msgs = { [ shardfrom |-> 1,
    type |-> 1,
    from |-> 1,
    shardto |-> 1,
    to |-> 2,
    body |-> [id |-> 2, tx |-> 2, D0 |-> {}] ],
  [ shardfrom |-> 1,
    type |-> 2,
    from |-> 1,
    shardto |-> 1,
    to |-> 1,
    body |-> [id |-> 2, tq |-> [id |-> <<1, 1>>, t |-> 2], Dq |-> {}] ],
  [ shardfrom |-> 1,
    type |-> 2,
    from |-> 2,
    shardto |-> 2,
    to |-> 2,
    body |-> [id |-> 1, tq |-> [id |-> <<2, 2>>, t |-> 0], Dq |-> {}] ],
  [ shardfrom |-> 1,
    type |-> 2,
    from |-> 3,
    shardto |-> 1,
    to |-> 1,
    body |-> [id |-> 2, tq |-> [id |-> <<1, 1>>, t |-> 2], Dq |-> {}] ],
  [ shardfrom |-> 1,
    type |-> 3,
    from |-> 2,
    shardto |-> 1,
    to |-> 3,
    body |->
        [ id |-> 2,
          t |-> [id |-> <<1, 1>>, t |-> 2],
          b |-> 14,
          tx |-> 2,
          D |-> {} ] ],
  [ shardfrom |-> 1,
    type |-> 3,
    from |-> 3,
    shardto |-> 1,
    to |-> 2,
    body |->
        [ id |-> 2,
          t |-> [id |-> <<1, 1>>, t |-> 2],
          b |-> 9,
          tx |-> 2,
          D |-> {} ] ],
  [ shardfrom |-> 1,
    type |-> 5,
    from |-> 2,
    shardto |-> 1,
    to |-> 3,
    body |->
        [ id |-> 2,
          t |-> [id |-> <<1, 1>>, t |-> 2],
          b |-> 14,
          tx |-> 2,
          D |-> {1},
          fastOrSlow |-> 1 ] ],
  [ shardfrom |-> 1,
    type |-> 5,
    from |-> 3,
    shardto |-> 1,
    to |-> 1,
    body |->
        [ id |-> 2,
          t |-> [id |-> <<1, 1>>, t |-> 2],
          b |-> 9,
          tx |-> 2,
          D |-> {},
          fastOrSlow |-> 1 ] ],
  [ shardfrom |-> 1,
    type |-> 5,
    from |-> 3,
    shardto |-> 1,
    to |-> 2,
    body |->
        [ id |-> 2,
          t |-> [id |-> <<1, 1>>, t |-> 2],
          b |-> 9,
          tx |-> 2,
          D |-> {},
          fastOrSlow |-> 1 ] ],
  [ shardfrom |-> 1,
    type |-> 6,
    from |-> 1,
    shardto |-> 2,
    to |-> 1,
    body |-> [id |-> 1, b |-> 16] ],
  [ shardfrom |-> 1,
    type |-> 6,
    from |-> 3,
    shardto |-> 1,
    to |-> 3,
    body |-> [id |-> 2, b |-> 9] ],
  [ shardfrom |-> 1,
    type |-> 7,
    from |-> 2,
    shardto |-> 1,
    to |-> 3,
    body |-> [id |-> 2, b |-> 14] ],
  [ shardfrom |-> 1,
    type |-> 8,
    from |-> 1,
    shardto |-> 1,
    to |-> 2,
    body |-> [id |-> 1, b |-> 13, tx |-> 0] ],
  [ shardfrom |-> 1,
    type |-> 8,
    from |-> 1,
    shardto |-> 1,
    to |-> 2,
    body |-> [id |-> 2, b |-> 7, tx |-> 2] ],
  [ shardfrom |-> 1,
    type |-> 8,
    from |-> 1,
    shardto |-> 1,
    to |-> 3,
    body |-> [id |-> 2, b |-> 7, tx |-> 2] ],
  [ shardfrom |-> 1,
    type |-> 8,
    from |-> 1,
    shardto |-> 2,
    to |-> 1,
    body |-> [id |-> 1, b |-> 13, tx |-> 0] ],
  [ shardfrom |-> 1,
    type |-> 8,
    from |-> 1,
    shardto |-> 2,
    to |-> 3,
    body |-> [id |-> 1, b |-> 13, tx |-> 0] ],
  [ shardfrom |-> 1,
    type |-> 8,
    from |-> 2,
    shardto |-> 1,
    to |-> 1,
    body |-> [id |-> 1, b |-> 8, tx |-> 1] ],
  [ shardfrom |-> 1,
    type |-> 8,
    from |-> 2,
    shardto |-> 1,
    to |-> 3,
    body |-> [id |-> 1, b |-> 8, tx |-> 1] ],
  [ shardfrom |-> 1,
    type |-> 8,
    from |-> 2,
    shardto |-> 1,
    to |-> 3,
    body |-> [id |-> 2, b |-> 14, tx |-> 0] ],
  [ shardfrom |-> 1,
    type |-> 8,
    from |-> 2,
    shardto |-> 2,
    to |-> 1,
    body |-> [id |-> 1, b |-> 8, tx |-> 1] ],
  [ shardfrom |-> 1,
    type |-> 8,
    from |-> 2,
    shardto |-> 2,
    to |-> 2,
    body |-> [id |-> 1, b |-> 8, tx |-> 1] ],
  [ shardfrom |-> 1,
    type |-> 8,
    from |-> 2,
    shardto |-> 2,
    to |-> 3,
    body |-> [id |-> 1, b |-> 8, tx |-> 1] ],
  [ shardfrom |-> 1,
    type |-> 8,
    from |-> 3,
    shardto |-> 1,
    to |-> 1,
    body |-> [id |-> 2, b |-> 9, tx |-> 2] ],
  [ shardfrom |-> 1,
    type |-> 8,
    from |-> 3,
    shardto |-> 2,
    to |-> 1,
    body |-> [id |-> 1, b |-> 15, tx |-> 0] ],
  [ shardfrom |-> 1,
    type |-> 8,
    from |-> 3,
    shardto |-> 2,
    to |-> 3,
    body |-> [id |-> 1, b |-> 15, tx |-> 0] ],
  [ shardfrom |-> 1,
    type |-> 9,
    from |-> 1,
    shardto |-> 1,
    to |-> 1,
    body |->
        [ id |-> 1,
          b |-> 13,
          tq |-> [id |-> <<0, 0>>, t |-> 0],
          abalq |-> 0,
          txq |-> 1,
          depq |-> {},
          phaseq |-> 1,
          rejectq |-> TRUE,
          Wq |-> {},
          WPq |-> {} ] ],
  [ shardfrom |-> 1,
    type |-> 9,
    from |-> 1,
    shardto |-> 1,
    to |-> 1,
    body |->
        [ id |-> 2,
          b |-> 7,
          tq |-> [id |-> <<1, 1>>, t |-> 2],
          abalq |-> 0,
          txq |-> 2,
          depq |-> {},
          phaseq |-> 2,
          rejectq |-> FALSE,
          Wq |-> {},
          WPq |-> {} ] ],
  [ shardfrom |-> 1,
    type |-> 9,
    from |-> 1,
    shardto |-> 1,
    to |-> 3,
    body |->
        [ id |-> 1,
          b |-> 15,
          tq |-> [id |-> <<0, 0>>, t |-> 0],
          abalq |-> 0,
          txq |-> 0,
          depq |-> {},
          phaseq |-> 1,
          rejectq |-> FALSE,
          Wq |-> {},
          WPq |-> {} ] ],
  [ shardfrom |-> 1,
    type |-> 9,
    from |-> 1,
    shardto |-> 2,
    to |-> 2,
    body |->
        [ id |-> 1,
          b |-> 11,
          tq |-> [id |-> <<0, 0>>, t |-> 0],
          abalq |-> 0,
          txq |-> 1,
          depq |-> {},
          phaseq |-> 1,
          rejectq |-> TRUE,
          Wq |-> {},
          WPq |-> {} ] ],
  [ shardfrom |-> 1,
    type |-> 9,
    from |-> 2,
    shardto |-> 1,
    to |-> 2,
    body |->
        [ id |-> 1,
          b |-> 8,
          tq |-> [id |-> <<2, 2>>, t |-> 0],
          abalq |-> 0,
          txq |-> 1,
          depq |-> {},
          phaseq |-> 2,
          rejectq |-> TRUE,
          Wq |-> {},
          WPq |-> {} ] ],
  [ shardfrom |-> 1,
    type |-> 9,
    from |-> 2,
    shardto |-> 1,
    to |-> 3,
    body |->
        [ id |-> 1,
          b |-> 15,
          tq |-> [id |-> <<2, 2>>, t |-> 0],
          abalq |-> 0,
          txq |-> 1,
          depq |-> {},
          phaseq |-> 2,
          rejectq |-> FALSE,
          Wq |-> {},
          WPq |-> {} ] ],
  [ shardfrom |-> 1,
    type |-> 9,
    from |-> 3,
    shardto |-> 1,
    to |-> 1,
    body |->
        [ id |-> 1,
          b |-> 13,
          tq |-> [id |-> <<0, 0>>, t |-> 0],
          abalq |-> 0,
          txq |-> 0,
          depq |-> {},
          phaseq |-> 1,
          rejectq |-> TRUE,
          Wq |-> {},
          WPq |-> {} ] ],
  [ shardfrom |-> 1,
    type |-> 9,
    from |-> 3,
    shardto |-> 1,
    to |-> 3,
    body |->
        [ id |-> 1,
          b |-> 15,
          tq |-> [id |-> <<0, 0>>, t |-> 0],
          abalq |-> 0,
          txq |-> 0,
          depq |-> {},
          phaseq |-> 1,
          rejectq |-> TRUE,
          Wq |-> {},
          WPq |-> {} ] ],
  [ shardfrom |-> 1,
    type |-> 9,
    from |-> 3,
    shardto |-> 2,
    to |-> 1,
    body |->
        [ id |-> 1,
          b |-> 16,
          tq |-> [id |-> <<0, 0>>, t |-> 0],
          abalq |-> 0,
          txq |-> 0,
          depq |-> {},
          phaseq |-> 1,
          rejectq |-> TRUE,
          Wq |-> {},
          WPq |-> {} ] ],
  [ shardfrom |-> 2,
    type |-> 1,
    from |-> 2,
    shardto |-> 1,
    to |-> 1,
    body |-> [id |-> 1, tx |-> 1, D0 |-> {}] ],
  [ shardfrom |-> 2,
    type |-> 1,
    from |-> 2,
    shardto |-> 1,
    to |-> 3,
    body |-> [id |-> 1, tx |-> 1, D0 |-> {}] ],
  [ shardfrom |-> 2,
    type |-> 1,
    from |-> 2,
    shardto |-> 2,
    to |-> 1,
    body |-> [id |-> 1, tx |-> 1, D0 |-> {}] ],
  [ shardfrom |-> 2,
    type |-> 2,
    from |-> 2,
    shardto |-> 2,
    to |-> 2,
    body |-> [id |-> 1, tq |-> [id |-> <<2, 2>>, t |-> 0], Dq |-> {}] ],
  [ shardfrom |-> 2,
    type |-> 2,
    from |-> 3,
    shardto |-> 2,
    to |-> 2,
    body |-> [id |-> 1, tq |-> [id |-> <<2, 2>>, t |-> 0], Dq |-> {}] ],
  [ shardfrom |-> 2,
    type |-> 3,
    from |-> 1,
    shardto |-> 1,
    to |-> 2,
    body |->
        [ id |-> 1,
          t |-> [id |-> <<2, 2>>, t |-> 0],
          b |-> 16,
          tx |-> 1,
          D |-> {} ] ],
  [ shardfrom |-> 2,
    type |-> 4,
    from |-> 2,
    shardto |-> 2,
    to |-> 1,
    body |-> [id |-> 1, b |-> 16, Dq |-> {}] ],
  [ shardfrom |-> 2,
    type |-> 5,
    from |-> 1,
    shardto |-> 1,
    to |-> 2,
    body |->
        [ id |-> 1,
          t |-> [id |-> <<2, 2>>, t |-> 0],
          b |-> 16,
          tx |-> 1,
          D |-> {},
          fastOrSlow |-> 1 ] ],
  [ shardfrom |-> 2,
    type |-> 5,
    from |-> 1,
    shardto |-> 1,
    to |-> 3,
    body |->
        [ id |-> 1,
          t |-> [id |-> <<2, 2>>, t |-> 0],
          b |-> 16,
          tx |-> 1,
          D |-> {},
          fastOrSlow |-> 1 ] ],
  [ shardfrom |-> 2,
    type |-> 5,
    from |-> 1,
    shardto |-> 2,
    to |-> 2,
    body |->
        [ id |-> 1,
          t |-> [id |-> <<2, 2>>, t |-> 0],
          b |-> 16,
          tx |-> 1,
          D |-> {},
          fastOrSlow |-> 1 ] ],
  [ shardfrom |-> 2,
    type |-> 5,
    from |-> 1,
    shardto |-> 2,
    to |-> 3,
    body |->
        [ id |-> 1,
          t |-> [id |-> <<2, 2>>, t |-> 0],
          b |-> 16,
          tx |-> 1,
          D |-> {},
          fastOrSlow |-> 1 ] ],
  [ shardfrom |-> 2,
    type |-> 6,
    from |-> 1,
    shardto |-> 2,
    to |-> 1,
    body |-> [id |-> 1, b |-> 16] ],
  [ shardfrom |-> 2,
    type |-> 8,
    from |-> 2,
    shardto |-> 1,
    to |-> 2,
    body |-> [id |-> 1, b |-> 11, tx |-> 1] ],
  [ shardfrom |-> 2,
    type |-> 8,
    from |-> 2,
    shardto |-> 1,
    to |-> 3,
    body |-> [id |-> 1, b |-> 11, tx |-> 1] ],
  [ shardfrom |-> 2,
    type |-> 8,
    from |-> 2,
    shardto |-> 2,
    to |-> 3,
    body |-> [id |-> 1, b |-> 11, tx |-> 1] ],
  [ shardfrom |-> 2,
    type |-> 8,
    from |-> 3,
    shardto |-> 1,
    to |-> 1,
    body |-> [id |-> 1, b |-> 6, tx |-> 1] ],
  [ shardfrom |-> 2,
    type |-> 8,
    from |-> 3,
    shardto |-> 1,
    to |-> 2,
    body |-> [id |-> 1, b |-> 6, tx |-> 1] ],
  [ shardfrom |-> 2,
    type |-> 8,
    from |-> 3,
    shardto |-> 1,
    to |-> 3,
    body |-> [id |-> 1, b |-> 6, tx |-> 1] ],
  [ shardfrom |-> 2,
    type |-> 8,
    from |-> 3,
    shardto |-> 2,
    to |-> 1,
    body |-> [id |-> 1, b |-> 6, tx |-> 1] ],
  [ shardfrom |-> 2,
    type |-> 8,
    from |-> 3,
    shardto |-> 2,
    to |-> 2,
    body |-> [id |-> 1, b |-> 6, tx |-> 1] ],
  [ shardfrom |-> 2,
    type |-> 9,
    from |-> 1,
    shardto |-> 2,
    to |-> 2,
    body |->
        [ id |-> 1,
          b |-> 11,
          tq |-> [id |-> <<0, 0>>, t |-> 0],
          abalq |-> 0,
          txq |-> 1,
          depq |-> {},
          phaseq |-> 1,
          rejectq |-> FALSE,
          Wq |-> {},
          WPq |-> {} ] ],
  [ shardfrom |-> 2,
    type |-> 9,
    from |-> 2,
    shardto |-> 1,
    to |-> 1,
    body |->
        [ id |-> 1,
          b |-> 13,
          tq |-> [id |-> <<2, 2>>, t |-> 0],
          abalq |-> 0,
          txq |-> 1,
          depq |-> {},
          phaseq |-> 2,
          rejectq |-> FALSE,
          Wq |-> {},
          WPq |-> {} ] ],
  [ shardfrom |-> 2,
    type |-> 9,
    from |-> 2,
    shardto |-> 1,
    to |-> 3,
    body |->
        [ id |-> 1,
          b |-> 15,
          tq |-> [id |-> <<2, 2>>, t |-> 0],
          abalq |-> 0,
          txq |-> 1,
          depq |-> {},
          phaseq |-> 2,
          rejectq |-> FALSE,
          Wq |-> {},
          WPq |-> {} ] ],
  [ shardfrom |-> 2,
    type |-> 9,
    from |-> 2,
    shardto |-> 2,
    to |-> 1,
    body |->
        [ id |-> 1,
          b |-> 16,
          tq |-> [id |-> <<2, 2>>, t |-> 0],
          abalq |-> 0,
          txq |-> 1,
          depq |-> {},
          phaseq |-> 2,
          rejectq |-> FALSE,
          Wq |-> {},
          WPq |-> {} ] ],
  [ shardfrom |-> 2,
    type |-> 9,
    from |-> 2,
    shardto |-> 2,
    to |-> 2,
    body |->
        [ id |-> 1,
          b |-> 11,
          tq |-> [id |-> <<2, 2>>, t |-> 0],
          abalq |-> 0,
          txq |-> 1,
          depq |-> {},
          phaseq |-> 2,
          rejectq |-> FALSE,
          Wq |-> {},
          WPq |-> {} ] ],
  [ shardfrom |-> 2,
    type |-> 9,
    from |-> 3,
    shardto |-> 2,
    to |-> 3,
    body |->
        [ id |-> 1,
          b |-> 6,
          tq |-> [id |-> <<2, 2>>, t |-> 0],
          abalq |-> 0,
          txq |-> 1,
          depq |-> {},
          phaseq |-> 2,
          rejectq |-> FALSE,
          Wq |-> {},
          WPq |-> {} ] ] }
/\ Qvar = << <<<<{}, {}>>, <<{}, {}>>, <<{}, {<<1, 2>>, <<1, 3>>}>>>>,
   << <<{<<1, 1>>, <<1, 2>>, <<2, 1>>, <<2, 3>>}, {}>>,
      <<{}, {}>>,
      <<{}, {}>> >> >>
/\ ts = << << <<[id |-> <<2, 2>>, t |-> 0], [id |-> <<1, 1>>, t |-> 2]>>,
      <<[id |-> <<2, 2>>, t |-> 0], [id |-> <<1, 1>>, t |-> 2]>>,
      <<[id |-> <<2, 2>>, t |-> 0], [id |-> <<1, 1>>, t |-> 2]>> >>,
   << <<[id |-> <<2, 2>>, t |-> 0], [id |-> <<0, 0>>, t |-> 0]>>,
      <<[id |-> <<2, 2>>, t |-> 0], [id |-> <<0, 0>>, t |-> 0]>>,
      <<[id |-> <<2, 2>>, t |-> 0], [id |-> <<0, 0>>, t |-> 0]>> >> >>
/\ TXvar = << <<<<bottom, bottom>>, <<bottom, bottom>>, <<bottom, 2>>>>,
   <<<<1, bottom>>, <<bottom, bottom>>, <<bottom, bottom>>>> >>
/\ recovered = <<<<<<1, 1>>, <<1, 1>>, <<1, 1>>>>, <<<<1, 0>>, <<1, 0>>, <<1, 0>>>>>>
/\ initCoord = <<<<2, 2>>, <<1, 1>>>>

State 48: <Next line 769, col 8 to line 774, col 27 of module AccordSpec>
/\ phase = <<<<<<4, 5>>, <<2, 5>>, <<3, 4>>>>, <<<<4, 1>>, <<4, 1>>, <<3, 1>>>>>>
/\ abal = <<<<<<16, 14>>, <<0, 14>>, <<16, 9>>>>, <<<<16, 0>>, <<16, 0>>, <<16, 0>>>>>>
/\ initTimestamp = << [id |-> <<2, 2>>, t |-> 0],
   [id |-> <<1, 1>>, t |-> 2],
   [id |-> <<0, 0>>, t |-> 1] >>
/\ bal = <<<<<<16, 14>>, <<16, 14>>, <<16, 9>>>>, <<<<16, 0>>, <<16, 0>>, <<16, 0>>>>>>
/\ txn = << <<<<1, 2>>, <<1, 2>>, <<1, 2>>>>,
   <<<<1, bottom>>, <<1, bottom>>, <<1, bottom>>>> >>
/\ postWaitingFlag = << <<<<FALSE, FALSE>>, <<FALSE, FALSE>>, <<FALSE, FALSE>>>>,
   <<<<FALSE, FALSE>>, <<FALSE, FALSE>>, <<FALSE, FALSE>>>> >>
/\ Wvar = << <<<<{}, {}>>, <<{}, {}>>, <<{}, {}>>>>,
   <<<<{}, {}>>, <<{}, {}>>, <<{}, {}>>>> >>
/\ dep = << <<<<{}, {1}>>, <<{}, {1}>>, <<{}, {}>>>>,
   <<<<{}, {}>>, <<{}, {}>>, <<{}, {}>>>> >>
/\ recoveryAttemptBal = <<<<<<0, 0>>, <<0, 0>>, <<0, 9>>>>, <<<<16, 0>>, <<0, 0>>, <<0, 0>>>>>>
/\ submitted = {1, 2}
/\ Dvar = << <<<<{}, {}>>, <<{}, {}>>, <<{}, {}>>>>,
   <<<<{}, {}>>, <<{}, {}>>, <<{}, {}>>>> >>
/\ msgs = { [ shardfrom |-> 1,
    type |-> 1,
    from |-> 1,
    shardto |-> 1,
    to |-> 2,
    body |-> [id |-> 2, tx |-> 2, D0 |-> {}] ],
  [ shardfrom |-> 1,
    type |-> 2,
    from |-> 1,
    shardto |-> 1,
    to |-> 1,
    body |-> [id |-> 2, tq |-> [id |-> <<1, 1>>, t |-> 2], Dq |-> {}] ],
  [ shardfrom |-> 1,
    type |-> 2,
    from |-> 2,
    shardto |-> 2,
    to |-> 2,
    body |-> [id |-> 1, tq |-> [id |-> <<2, 2>>, t |-> 0], Dq |-> {}] ],
  [ shardfrom |-> 1,
    type |-> 2,
    from |-> 3,
    shardto |-> 1,
    to |-> 1,
    body |-> [id |-> 2, tq |-> [id |-> <<1, 1>>, t |-> 2], Dq |-> {}] ],
  [ shardfrom |-> 1,
    type |-> 3,
    from |-> 2,
    shardto |-> 1,
    to |-> 3,
    body |->
        [ id |-> 2,
          t |-> [id |-> <<1, 1>>, t |-> 2],
          b |-> 14,
          tx |-> 2,
          D |-> {} ] ],
  [ shardfrom |-> 1,
    type |-> 3,
    from |-> 3,
    shardto |-> 1,
    to |-> 2,
    body |->
        [ id |-> 2,
          t |-> [id |-> <<1, 1>>, t |-> 2],
          b |-> 9,
          tx |-> 2,
          D |-> {} ] ],
  [ shardfrom |-> 1,
    type |-> 5,
    from |-> 2,
    shardto |-> 1,
    to |-> 3,
    body |->
        [ id |-> 2,
          t |-> [id |-> <<1, 1>>, t |-> 2],
          b |-> 14,
          tx |-> 2,
          D |-> {1},
          fastOrSlow |-> 1 ] ],
  [ shardfrom |-> 1,
    type |-> 5,
    from |-> 3,
    shardto |-> 1,
    to |-> 1,
    body |->
        [ id |-> 2,
          t |-> [id |-> <<1, 1>>, t |-> 2],
          b |-> 9,
          tx |-> 2,
          D |-> {},
          fastOrSlow |-> 1 ] ],
  [ shardfrom |-> 1,
    type |-> 5,
    from |-> 3,
    shardto |-> 1,
    to |-> 2,
    body |->
        [ id |-> 2,
          t |-> [id |-> <<1, 1>>, t |-> 2],
          b |-> 9,
          tx |-> 2,
          D |-> {},
          fastOrSlow |-> 1 ] ],
  [ shardfrom |-> 1,
    type |-> 6,
    from |-> 1,
    shardto |-> 2,
    to |-> 1,
    body |-> [id |-> 1, b |-> 16] ],
  [ shardfrom |-> 1,
    type |-> 6,
    from |-> 3,
    shardto |-> 1,
    to |-> 3,
    body |-> [id |-> 2, b |-> 9] ],
  [ shardfrom |-> 1,
    type |-> 7,
    from |-> 2,
    shardto |-> 1,
    to |-> 3,
    body |-> [id |-> 2, b |-> 14] ],
  [ shardfrom |-> 1,
    type |-> 8,
    from |-> 1,
    shardto |-> 1,
    to |-> 2,
    body |-> [id |-> 1, b |-> 13, tx |-> 0] ],
  [ shardfrom |-> 1,
    type |-> 8,
    from |-> 1,
    shardto |-> 1,
    to |-> 2,
    body |-> [id |-> 2, b |-> 7, tx |-> 2] ],
  [ shardfrom |-> 1,
    type |-> 8,
    from |-> 1,
    shardto |-> 1,
    to |-> 3,
    body |-> [id |-> 2, b |-> 7, tx |-> 2] ],
  [ shardfrom |-> 1,
    type |-> 8,
    from |-> 1,
    shardto |-> 2,
    to |-> 1,
    body |-> [id |-> 1, b |-> 13, tx |-> 0] ],
  [ shardfrom |-> 1,
    type |-> 8,
    from |-> 1,
    shardto |-> 2,
    to |-> 3,
    body |-> [id |-> 1, b |-> 13, tx |-> 0] ],
  [ shardfrom |-> 1,
    type |-> 8,
    from |-> 2,
    shardto |-> 1,
    to |-> 1,
    body |-> [id |-> 1, b |-> 8, tx |-> 1] ],
  [ shardfrom |-> 1,
    type |-> 8,
    from |-> 2,
    shardto |-> 1,
    to |-> 3,
    body |-> [id |-> 1, b |-> 8, tx |-> 1] ],
  [ shardfrom |-> 1,
    type |-> 8,
    from |-> 2,
    shardto |-> 1,
    to |-> 3,
    body |-> [id |-> 2, b |-> 14, tx |-> 0] ],
  [ shardfrom |-> 1,
    type |-> 8,
    from |-> 2,
    shardto |-> 2,
    to |-> 1,
    body |-> [id |-> 1, b |-> 8, tx |-> 1] ],
  [ shardfrom |-> 1,
    type |-> 8,
    from |-> 2,
    shardto |-> 2,
    to |-> 2,
    body |-> [id |-> 1, b |-> 8, tx |-> 1] ],
  [ shardfrom |-> 1,
    type |-> 8,
    from |-> 2,
    shardto |-> 2,
    to |-> 3,
    body |-> [id |-> 1, b |-> 8, tx |-> 1] ],
  [ shardfrom |-> 1,
    type |-> 8,
    from |-> 3,
    shardto |-> 1,
    to |-> 1,
    body |-> [id |-> 2, b |-> 9, tx |-> 2] ],
  [ shardfrom |-> 1,
    type |-> 8,
    from |-> 3,
    shardto |-> 2,
    to |-> 1,
    body |-> [id |-> 1, b |-> 15, tx |-> 0] ],
  [ shardfrom |-> 1,
    type |-> 8,
    from |-> 3,
    shardto |-> 2,
    to |-> 3,
    body |-> [id |-> 1, b |-> 15, tx |-> 0] ],
  [ shardfrom |-> 1,
    type |-> 9,
    from |-> 1,
    shardto |-> 1,
    to |-> 1,
    body |->
        [ id |-> 1,
          b |-> 13,
          tq |-> [id |-> <<0, 0>>, t |-> 0],
          abalq |-> 0,
          txq |-> 1,
          depq |-> {},
          phaseq |-> 1,
          rejectq |-> TRUE,
          Wq |-> {},
          WPq |-> {} ] ],
  [ shardfrom |-> 1,
    type |-> 9,
    from |-> 1,
    shardto |-> 1,
    to |-> 1,
    body |->
        [ id |-> 2,
          b |-> 7,
          tq |-> [id |-> <<1, 1>>, t |-> 2],
          abalq |-> 0,
          txq |-> 2,
          depq |-> {},
          phaseq |-> 2,
          rejectq |-> FALSE,
          Wq |-> {},
          WPq |-> {} ] ],
  [ shardfrom |-> 1,
    type |-> 9,
    from |-> 1,
    shardto |-> 1,
    to |-> 3,
    body |->
        [ id |-> 1,
          b |-> 15,
          tq |-> [id |-> <<0, 0>>, t |-> 0],
          abalq |-> 0,
          txq |-> 0,
          depq |-> {},
          phaseq |-> 1,
          rejectq |-> FALSE,
          Wq |-> {},
          WPq |-> {} ] ],
  [ shardfrom |-> 1,
    type |-> 9,
    from |-> 1,
    shardto |-> 2,
    to |-> 2,
    body |->
        [ id |-> 1,
          b |-> 11,
          tq |-> [id |-> <<0, 0>>, t |-> 0],
          abalq |-> 0,
          txq |-> 1,
          depq |-> {},
          phaseq |-> 1,
          rejectq |-> TRUE,
          Wq |-> {},
          WPq |-> {} ] ],
  [ shardfrom |-> 1,
    type |-> 9,
    from |-> 2,
    shardto |-> 1,
    to |-> 2,
    body |->
        [ id |-> 1,
          b |-> 8,
          tq |-> [id |-> <<2, 2>>, t |-> 0],
          abalq |-> 0,
          txq |-> 1,
          depq |-> {},
          phaseq |-> 2,
          rejectq |-> TRUE,
          Wq |-> {},
          WPq |-> {} ] ],
  [ shardfrom |-> 1,
    type |-> 9,
    from |-> 2,
    shardto |-> 1,
    to |-> 3,
    body |->
        [ id |-> 1,
          b |-> 15,
          tq |-> [id |-> <<2, 2>>, t |-> 0],
          abalq |-> 0,
          txq |-> 1,
          depq |-> {},
          phaseq |-> 2,
          rejectq |-> FALSE,
          Wq |-> {},
          WPq |-> {} ] ],
  [ shardfrom |-> 1,
    type |-> 9,
    from |-> 3,
    shardto |-> 1,
    to |-> 1,
    body |->
        [ id |-> 1,
          b |-> 13,
          tq |-> [id |-> <<0, 0>>, t |-> 0],
          abalq |-> 0,
          txq |-> 0,
          depq |-> {},
          phaseq |-> 1,
          rejectq |-> TRUE,
          Wq |-> {},
          WPq |-> {} ] ],
  [ shardfrom |-> 1,
    type |-> 9,
    from |-> 3,
    shardto |-> 1,
    to |-> 3,
    body |->
        [ id |-> 1,
          b |-> 15,
          tq |-> [id |-> <<0, 0>>, t |-> 0],
          abalq |-> 0,
          txq |-> 0,
          depq |-> {},
          phaseq |-> 1,
          rejectq |-> TRUE,
          Wq |-> {},
          WPq |-> {} ] ],
  [ shardfrom |-> 1,
    type |-> 9,
    from |-> 3,
    shardto |-> 2,
    to |-> 1,
    body |->
        [ id |-> 1,
          b |-> 16,
          tq |-> [id |-> <<0, 0>>, t |-> 0],
          abalq |-> 0,
          txq |-> 0,
          depq |-> {},
          phaseq |-> 1,
          rejectq |-> TRUE,
          Wq |-> {},
          WPq |-> {} ] ],
  [ shardfrom |-> 2,
    type |-> 1,
    from |-> 2,
    shardto |-> 1,
    to |-> 1,
    body |-> [id |-> 1, tx |-> 1, D0 |-> {}] ],
  [ shardfrom |-> 2,
    type |-> 1,
    from |-> 2,
    shardto |-> 1,
    to |-> 3,
    body |-> [id |-> 1, tx |-> 1, D0 |-> {}] ],
  [ shardfrom |-> 2,
    type |-> 1,
    from |-> 2,
    shardto |-> 2,
    to |-> 1,
    body |-> [id |-> 1, tx |-> 1, D0 |-> {}] ],
  [ shardfrom |-> 2,
    type |-> 2,
    from |-> 2,
    shardto |-> 2,
    to |-> 2,
    body |-> [id |-> 1, tq |-> [id |-> <<2, 2>>, t |-> 0], Dq |-> {}] ],
  [ shardfrom |-> 2,
    type |-> 2,
    from |-> 3,
    shardto |-> 2,
    to |-> 2,
    body |-> [id |-> 1, tq |-> [id |-> <<2, 2>>, t |-> 0], Dq |-> {}] ],
  [ shardfrom |-> 2,
    type |-> 3,
    from |-> 1,
    shardto |-> 1,
    to |-> 2,
    body |->
        [ id |-> 1,
          t |-> [id |-> <<2, 2>>, t |-> 0],
          b |-> 16,
          tx |-> 1,
          D |-> {} ] ],
  [ shardfrom |-> 2,
    type |-> 4,
    from |-> 2,
    shardto |-> 2,
    to |-> 1,
    body |-> [id |-> 1, b |-> 16, Dq |-> {}] ],
  [ shardfrom |-> 2,
    type |-> 5,
    from |-> 1,
    shardto |-> 1,
    to |-> 2,
    body |->
        [ id |-> 1,
          t |-> [id |-> <<2, 2>>, t |-> 0],
          b |-> 16,
          tx |-> 1,
          D |-> {},
          fastOrSlow |-> 1 ] ],
  [ shardfrom |-> 2,
    type |-> 5,
    from |-> 1,
    shardto |-> 1,
    to |-> 3,
    body |->
        [ id |-> 1,
          t |-> [id |-> <<2, 2>>, t |-> 0],
          b |-> 16,
          tx |-> 1,
          D |-> {},
          fastOrSlow |-> 1 ] ],
  [ shardfrom |-> 2,
    type |-> 5,
    from |-> 1,
    shardto |-> 2,
    to |-> 3,
    body |->
        [ id |-> 1,
          t |-> [id |-> <<2, 2>>, t |-> 0],
          b |-> 16,
          tx |-> 1,
          D |-> {},
          fastOrSlow |-> 1 ] ],
  [ shardfrom |-> 2,
    type |-> 6,
    from |-> 1,
    shardto |-> 2,
    to |-> 1,
    body |-> [id |-> 1, b |-> 16] ],
  [ shardfrom |-> 2,
    type |-> 6,
    from |-> 2,
    shardto |-> 2,
    to |-> 1,
    body |-> [id |-> 1, b |-> 16] ],
  [ shardfrom |-> 2,
    type |-> 8,
    from |-> 2,
    shardto |-> 1,
    to |-> 2,
    body |-> [id |-> 1, b |-> 11, tx |-> 1] ],
  [ shardfrom |-> 2,
    type |-> 8,
    from |-> 2,
    shardto |-> 1,
    to |-> 3,
    body |-> [id |-> 1, b |-> 11, tx |-> 1] ],
  [ shardfrom |-> 2,
    type |-> 8,
    from |-> 2,
    shardto |-> 2,
    to |-> 3,
    body |-> [id |-> 1, b |-> 11, tx |-> 1] ],
  [ shardfrom |-> 2,
    type |-> 8,
    from |-> 3,
    shardto |-> 1,
    to |-> 1,
    body |-> [id |-> 1, b |-> 6, tx |-> 1] ],
  [ shardfrom |-> 2,
    type |-> 8,
    from |-> 3,
    shardto |-> 1,
    to |-> 2,
    body |-> [id |-> 1, b |-> 6, tx |-> 1] ],
  [ shardfrom |-> 2,
    type |-> 8,
    from |-> 3,
    shardto |-> 1,
    to |-> 3,
    body |-> [id |-> 1, b |-> 6, tx |-> 1] ],
  [ shardfrom |-> 2,
    type |-> 8,
    from |-> 3,
    shardto |-> 2,
    to |-> 1,
    body |-> [id |-> 1, b |-> 6, tx |-> 1] ],
  [ shardfrom |-> 2,
    type |-> 8,
    from |-> 3,
    shardto |-> 2,
    to |-> 2,
    body |-> [id |-> 1, b |-> 6, tx |-> 1] ],
  [ shardfrom |-> 2,
    type |-> 9,
    from |-> 1,
    shardto |-> 2,
    to |-> 2,
    body |->
        [ id |-> 1,
          b |-> 11,
          tq |-> [id |-> <<0, 0>>, t |-> 0],
          abalq |-> 0,
          txq |-> 1,
          depq |-> {},
          phaseq |-> 1,
          rejectq |-> FALSE,
          Wq |-> {},
          WPq |-> {} ] ],
  [ shardfrom |-> 2,
    type |-> 9,
    from |-> 2,
    shardto |-> 1,
    to |-> 1,
    body |->
        [ id |-> 1,
          b |-> 13,
          tq |-> [id |-> <<2, 2>>, t |-> 0],
          abalq |-> 0,
          txq |-> 1,
          depq |-> {},
          phaseq |-> 2,
          rejectq |-> FALSE,
          Wq |-> {},
          WPq |-> {} ] ],
  [ shardfrom |-> 2,
    type |-> 9,
    from |-> 2,
    shardto |-> 1,
    to |-> 3,
    body |->
        [ id |-> 1,
          b |-> 15,
          tq |-> [id |-> <<2, 2>>, t |-> 0],
          abalq |-> 0,
          txq |-> 1,
          depq |-> {},
          phaseq |-> 2,
          rejectq |-> FALSE,
          Wq |-> {},
          WPq |-> {} ] ],
  [ shardfrom |-> 2,
    type |-> 9,
    from |-> 2,
    shardto |-> 2,
    to |-> 1,
    body |->
        [ id |-> 1,
          b |-> 16,
          tq |-> [id |-> <<2, 2>>, t |-> 0],
          abalq |-> 0,
          txq |-> 1,
          depq |-> {},
          phaseq |-> 2,
          rejectq |-> FALSE,
          Wq |-> {},
          WPq |-> {} ] ],
  [ shardfrom |-> 2,
    type |-> 9,
    from |-> 2,
    shardto |-> 2,
    to |-> 2,
    body |->
        [ id |-> 1,
          b |-> 11,
          tq |-> [id |-> <<2, 2>>, t |-> 0],
          abalq |-> 0,
          txq |-> 1,
          depq |-> {},
          phaseq |-> 2,
          rejectq |-> FALSE,
          Wq |-> {},
          WPq |-> {} ] ],
  [ shardfrom |-> 2,
    type |-> 9,
    from |-> 3,
    shardto |-> 2,
    to |-> 3,
    body |->
        [ id |-> 1,
          b |-> 6,
          tq |-> [id |-> <<2, 2>>, t |-> 0],
          abalq |-> 0,
          txq |-> 1,
          depq |-> {},
          phaseq |-> 2,
          rejectq |-> FALSE,
          Wq |-> {},
          WPq |-> {} ] ] }
/\ Qvar = << <<<<{}, {}>>, <<{}, {}>>, <<{}, {<<1, 2>>, <<1, 3>>}>>>>,
   << <<{<<1, 1>>, <<1, 2>>, <<2, 1>>, <<2, 3>>}, {}>>,
      <<{}, {}>>,
      <<{}, {}>> >> >>
/\ ts = << << <<[id |-> <<2, 2>>, t |-> 0], [id |-> <<1, 1>>, t |-> 2]>>,
      <<[id |-> <<2, 2>>, t |-> 0], [id |-> <<1, 1>>, t |-> 2]>>,
      <<[id |-> <<2, 2>>, t |-> 0], [id |-> <<1, 1>>, t |-> 2]>> >>,
   << <<[id |-> <<2, 2>>, t |-> 0], [id |-> <<0, 0>>, t |-> 0]>>,
      <<[id |-> <<2, 2>>, t |-> 0], [id |-> <<0, 0>>, t |-> 0]>>,
      <<[id |-> <<2, 2>>, t |-> 0], [id |-> <<0, 0>>, t |-> 0]>> >> >>
/\ TXvar = << <<<<bottom, bottom>>, <<bottom, bottom>>, <<bottom, 2>>>>,
   <<<<1, bottom>>, <<bottom, bottom>>, <<bottom, bottom>>>> >>
/\ recovered = <<<<<<1, 1>>, <<1, 1>>, <<1, 1>>>>, <<<<1, 0>>, <<1, 0>>, <<1, 0>>>>>>
/\ initCoord = <<<<2, 2>>, <<1, 1>>>>

State 49: <Next line 769, col 8 to line 774, col 27 of module AccordSpec>
/\ phase = <<<<<<4, 5>>, <<4, 5>>, <<3, 4>>>>, <<<<4, 1>>, <<4, 1>>, <<3, 1>>>>>>
/\ abal = <<<<<<16, 14>>, <<16, 14>>, <<16, 9>>>>, <<<<16, 0>>, <<16, 0>>, <<16, 0>>>>>>
/\ initTimestamp = << [id |-> <<2, 2>>, t |-> 0],
   [id |-> <<1, 1>>, t |-> 2],
   [id |-> <<0, 0>>, t |-> 1] >>
/\ bal = <<<<<<16, 14>>, <<16, 14>>, <<16, 9>>>>, <<<<16, 0>>, <<16, 0>>, <<16, 0>>>>>>
/\ txn = << <<<<1, 2>>, <<1, 2>>, <<1, 2>>>>,
   <<<<1, bottom>>, <<1, bottom>>, <<1, bottom>>>> >>
/\ postWaitingFlag = << <<<<FALSE, FALSE>>, <<FALSE, FALSE>>, <<FALSE, FALSE>>>>,
   <<<<FALSE, FALSE>>, <<FALSE, FALSE>>, <<FALSE, FALSE>>>> >>
/\ Wvar = << <<<<{}, {}>>, <<{}, {}>>, <<{}, {}>>>>,
   <<<<{}, {}>>, <<{}, {}>>, <<{}, {}>>>> >>
/\ dep = << <<<<{}, {1}>>, <<{}, {1}>>, <<{}, {}>>>>,
   <<<<{}, {}>>, <<{}, {}>>, <<{}, {}>>>> >>
/\ recoveryAttemptBal = <<<<<<0, 0>>, <<0, 0>>, <<0, 9>>>>, <<<<16, 0>>, <<0, 0>>, <<0, 0>>>>>>
/\ submitted = {1, 2}
/\ Dvar = << <<<<{}, {}>>, <<{}, {}>>, <<{}, {}>>>>,
   <<<<{}, {}>>, <<{}, {}>>, <<{}, {}>>>> >>
/\ msgs = { [ shardfrom |-> 1,
    type |-> 1,
    from |-> 1,
    shardto |-> 1,
    to |-> 2,
    body |-> [id |-> 2, tx |-> 2, D0 |-> {}] ],
  [ shardfrom |-> 1,
    type |-> 2,
    from |-> 1,
    shardto |-> 1,
    to |-> 1,
    body |-> [id |-> 2, tq |-> [id |-> <<1, 1>>, t |-> 2], Dq |-> {}] ],
  [ shardfrom |-> 1,
    type |-> 2,
    from |-> 2,
    shardto |-> 2,
    to |-> 2,
    body |-> [id |-> 1, tq |-> [id |-> <<2, 2>>, t |-> 0], Dq |-> {}] ],
  [ shardfrom |-> 1,
    type |-> 2,
    from |-> 3,
    shardto |-> 1,
    to |-> 1,
    body |-> [id |-> 2, tq |-> [id |-> <<1, 1>>, t |-> 2], Dq |-> {}] ],
  [ shardfrom |-> 1,
    type |-> 3,
    from |-> 2,
    shardto |-> 1,
    to |-> 3,
    body |->
        [ id |-> 2,
          t |-> [id |-> <<1, 1>>, t |-> 2],
          b |-> 14,
          tx |-> 2,
          D |-> {} ] ],
  [ shardfrom |-> 1,
    type |-> 3,
    from |-> 3,
    shardto |-> 1,
    to |-> 2,
    body |->
        [ id |-> 2,
          t |-> [id |-> <<1, 1>>, t |-> 2],
          b |-> 9,
          tx |-> 2,
          D |-> {} ] ],
  [ shardfrom |-> 1,
    type |-> 5,
    from |-> 2,
    shardto |-> 1,
    to |-> 3,
    body |->
        [ id |-> 2,
          t |-> [id |-> <<1, 1>>, t |-> 2],
          b |-> 14,
          tx |-> 2,
          D |-> {1},
          fastOrSlow |-> 1 ] ],
  [ shardfrom |-> 1,
    type |-> 5,
    from |-> 3,
    shardto |-> 1,
    to |-> 1,
    body |->
        [ id |-> 2,
          t |-> [id |-> <<1, 1>>, t |-> 2],
          b |-> 9,
          tx |-> 2,
          D |-> {},
          fastOrSlow |-> 1 ] ],
  [ shardfrom |-> 1,
    type |-> 5,
    from |-> 3,
    shardto |-> 1,
    to |-> 2,
    body |->
        [ id |-> 2,
          t |-> [id |-> <<1, 1>>, t |-> 2],
          b |-> 9,
          tx |-> 2,
          D |-> {},
          fastOrSlow |-> 1 ] ],
  [ shardfrom |-> 1,
    type |-> 6,
    from |-> 1,
    shardto |-> 2,
    to |-> 1,
    body |-> [id |-> 1, b |-> 16] ],
  [ shardfrom |-> 1,
    type |-> 6,
    from |-> 2,
    shardto |-> 2,
    to |-> 1,
    body |-> [id |-> 1, b |-> 16] ],
  [ shardfrom |-> 1,
    type |-> 6,
    from |-> 3,
    shardto |-> 1,
    to |-> 3,
    body |-> [id |-> 2, b |-> 9] ],
  [ shardfrom |-> 1,
    type |-> 7,
    from |-> 2,
    shardto |-> 1,
    to |-> 3,
    body |-> [id |-> 2, b |-> 14] ],
  [ shardfrom |-> 1,
    type |-> 8,
    from |-> 1,
    shardto |-> 1,
    to |-> 2,
    body |-> [id |-> 1, b |-> 13, tx |-> 0] ],
  [ shardfrom |-> 1,
    type |-> 8,
    from |-> 1,
    shardto |-> 1,
    to |-> 2,
    body |-> [id |-> 2, b |-> 7, tx |-> 2] ],
  [ shardfrom |-> 1,
    type |-> 8,
    from |-> 1,
    shardto |-> 1,
    to |-> 3,
    body |-> [id |-> 2, b |-> 7, tx |-> 2] ],
  [ shardfrom |-> 1,
    type |-> 8,
    from |-> 1,
    shardto |-> 2,
    to |-> 1,
    body |-> [id |-> 1, b |-> 13, tx |-> 0] ],
  [ shardfrom |-> 1,
    type |-> 8,
    from |-> 1,
    shardto |-> 2,
    to |-> 3,
    body |-> [id |-> 1, b |-> 13, tx |-> 0] ],
  [ shardfrom |-> 1,
    type |-> 8,
    from |-> 2,
    shardto |-> 1,
    to |-> 1,
    body |-> [id |-> 1, b |-> 8, tx |-> 1] ],
  [ shardfrom |-> 1,
    type |-> 8,
    from |-> 2,
    shardto |-> 1,
    to |-> 3,
    body |-> [id |-> 1, b |-> 8, tx |-> 1] ],
  [ shardfrom |-> 1,
    type |-> 8,
    from |-> 2,
    shardto |-> 1,
    to |-> 3,
    body |-> [id |-> 2, b |-> 14, tx |-> 0] ],
  [ shardfrom |-> 1,
    type |-> 8,
    from |-> 2,
    shardto |-> 2,
    to |-> 1,
    body |-> [id |-> 1, b |-> 8, tx |-> 1] ],
  [ shardfrom |-> 1,
    type |-> 8,
    from |-> 2,
    shardto |-> 2,
    to |-> 2,
    body |-> [id |-> 1, b |-> 8, tx |-> 1] ],
  [ shardfrom |-> 1,
    type |-> 8,
    from |-> 2,
    shardto |-> 2,
    to |-> 3,
    body |-> [id |-> 1, b |-> 8, tx |-> 1] ],
  [ shardfrom |-> 1,
    type |-> 8,
    from |-> 3,
    shardto |-> 1,
    to |-> 1,
    body |-> [id |-> 2, b |-> 9, tx |-> 2] ],
  [ shardfrom |-> 1,
    type |-> 8,
    from |-> 3,
    shardto |-> 2,
    to |-> 1,
    body |-> [id |-> 1, b |-> 15, tx |-> 0] ],
  [ shardfrom |-> 1,
    type |-> 8,
    from |-> 3,
    shardto |-> 2,
    to |-> 3,
    body |-> [id |-> 1, b |-> 15, tx |-> 0] ],
  [ shardfrom |-> 1,
    type |-> 9,
    from |-> 1,
    shardto |-> 1,
    to |-> 1,
    body |->
        [ id |-> 1,
          b |-> 13,
          tq |-> [id |-> <<0, 0>>, t |-> 0],
          abalq |-> 0,
          txq |-> 1,
          depq |-> {},
          phaseq |-> 1,
          rejectq |-> TRUE,
          Wq |-> {},
          WPq |-> {} ] ],
  [ shardfrom |-> 1,
    type |-> 9,
    from |-> 1,
    shardto |-> 1,
    to |-> 1,
    body |->
        [ id |-> 2,
          b |-> 7,
          tq |-> [id |-> <<1, 1>>, t |-> 2],
          abalq |-> 0,
          txq |-> 2,
          depq |-> {},
          phaseq |-> 2,
          rejectq |-> FALSE,
          Wq |-> {},
          WPq |-> {} ] ],
  [ shardfrom |-> 1,
    type |-> 9,
    from |-> 1,
    shardto |-> 1,
    to |-> 3,
    body |->
        [ id |-> 1,
          b |-> 15,
          tq |-> [id |-> <<0, 0>>, t |-> 0],
          abalq |-> 0,
          txq |-> 0,
          depq |-> {},
          phaseq |-> 1,
          rejectq |-> FALSE,
          Wq |-> {},
          WPq |-> {} ] ],
  [ shardfrom |-> 1,
    type |-> 9,
    from |-> 1,
    shardto |-> 2,
    to |-> 2,
    body |->
        [ id |-> 1,
          b |-> 11,
          tq |-> [id |-> <<0, 0>>, t |-> 0],
          abalq |-> 0,
          txq |-> 1,
          depq |-> {},
          phaseq |-> 1,
          rejectq |-> TRUE,
          Wq |-> {},
          WPq |-> {} ] ],
  [ shardfrom |-> 1,
    type |-> 9,
    from |-> 2,
    shardto |-> 1,
    to |-> 2,
    body |->
        [ id |-> 1,
          b |-> 8,
          tq |-> [id |-> <<2, 2>>, t |-> 0],
          abalq |-> 0,
          txq |-> 1,
          depq |-> {},
          phaseq |-> 2,
          rejectq |-> TRUE,
          Wq |-> {},
          WPq |-> {} ] ],
  [ shardfrom |-> 1,
    type |-> 9,
    from |-> 2,
    shardto |-> 1,
    to |-> 3,
    body |->
        [ id |-> 1,
          b |-> 15,
          tq |-> [id |-> <<2, 2>>, t |-> 0],
          abalq |-> 0,
          txq |-> 1,
          depq |-> {},
          phaseq |-> 2,
          rejectq |-> FALSE,
          Wq |-> {},
          WPq |-> {} ] ],
  [ shardfrom |-> 1,
    type |-> 9,
    from |-> 3,
    shardto |-> 1,
    to |-> 1,
    body |->
        [ id |-> 1,
          b |-> 13,
          tq |-> [id |-> <<0, 0>>, t |-> 0],
          abalq |-> 0,
          txq |-> 0,
          depq |-> {},
          phaseq |-> 1,
          rejectq |-> TRUE,
          Wq |-> {},
          WPq |-> {} ] ],
  [ shardfrom |-> 1,
    type |-> 9,
    from |-> 3,
    shardto |-> 1,
    to |-> 3,
    body |->
        [ id |-> 1,
          b |-> 15,
          tq |-> [id |-> <<0, 0>>, t |-> 0],
          abalq |-> 0,
          txq |-> 0,
          depq |-> {},
          phaseq |-> 1,
          rejectq |-> TRUE,
          Wq |-> {},
          WPq |-> {} ] ],
  [ shardfrom |-> 1,
    type |-> 9,
    from |-> 3,
    shardto |-> 2,
    to |-> 1,
    body |->
        [ id |-> 1,
          b |-> 16,
          tq |-> [id |-> <<0, 0>>, t |-> 0],
          abalq |-> 0,
          txq |-> 0,
          depq |-> {},
          phaseq |-> 1,
          rejectq |-> TRUE,
          Wq |-> {},
          WPq |-> {} ] ],
  [ shardfrom |-> 2,
    type |-> 1,
    from |-> 2,
    shardto |-> 1,
    to |-> 1,
    body |-> [id |-> 1, tx |-> 1, D0 |-> {}] ],
  [ shardfrom |-> 2,
    type |-> 1,
    from |-> 2,
    shardto |-> 1,
    to |-> 3,
    body |-> [id |-> 1, tx |-> 1, D0 |-> {}] ],
  [ shardfrom |-> 2,
    type |-> 1,
    from |-> 2,
    shardto |-> 2,
    to |-> 1,
    body |-> [id |-> 1, tx |-> 1, D0 |-> {}] ],
  [ shardfrom |-> 2,
    type |-> 2,
    from |-> 2,
    shardto |-> 2,
    to |-> 2,
    body |-> [id |-> 1, tq |-> [id |-> <<2, 2>>, t |-> 0], Dq |-> {}] ],
  [ shardfrom |-> 2,
    type |-> 2,
    from |-> 3,
    shardto |-> 2,
    to |-> 2,
    body |-> [id |-> 1, tq |-> [id |-> <<2, 2>>, t |-> 0], Dq |-> {}] ],
  [ shardfrom |-> 2,
    type |-> 3,
    from |-> 1,
    shardto |-> 1,
    to |-> 2,
    body |->
        [ id |-> 1,
          t |-> [id |-> <<2, 2>>, t |-> 0],
          b |-> 16,
          tx |-> 1,
          D |-> {} ] ],
  [ shardfrom |-> 2,
    type |-> 4,
    from |-> 2,
    shardto |-> 2,
    to |-> 1,
    body |-> [id |-> 1, b |-> 16, Dq |-> {}] ],
  [ shardfrom |-> 2,
    type |-> 5,
    from |-> 1,
    shardto |-> 1,
    to |-> 3,
    body |->
        [ id |-> 1,
          t |-> [id |-> <<2, 2>>, t |-> 0],
          b |-> 16,
          tx |-> 1,
          D |-> {},
          fastOrSlow |-> 1 ] ],
  [ shardfrom |-> 2,
    type |-> 5,
    from |-> 1,
    shardto |-> 2,
    to |-> 3,
    body |->
        [ id |-> 1,
          t |-> [id |-> <<2, 2>>, t |-> 0],
          b |-> 16,
          tx |-> 1,
          D |-> {},
          fastOrSlow |-> 1 ] ],
  [ shardfrom |-> 2,
    type |-> 6,
    from |-> 1,
    shardto |-> 2,
    to |-> 1,
    body |-> [id |-> 1, b |-> 16] ],
  [ shardfrom |-> 2,
    type |-> 6,
    from |-> 2,
    shardto |-> 2,
    to |-> 1,
    body |-> [id |-> 1, b |-> 16] ],
  [ shardfrom |-> 2,
    type |-> 8,
    from |-> 2,
    shardto |-> 1,
    to |-> 2,
    body |-> [id |-> 1, b |-> 11, tx |-> 1] ],
  [ shardfrom |-> 2,
    type |-> 8,
    from |-> 2,
    shardto |-> 1,
    to |-> 3,
    body |-> [id |-> 1, b |-> 11, tx |-> 1] ],
  [ shardfrom |-> 2,
    type |-> 8,
    from |-> 2,
    shardto |-> 2,
    to |-> 3,
    body |-> [id |-> 1, b |-> 11, tx |-> 1] ],
  [ shardfrom |-> 2,
    type |-> 8,
    from |-> 3,
    shardto |-> 1,
    to |-> 1,
    body |-> [id |-> 1, b |-> 6, tx |-> 1] ],
  [ shardfrom |-> 2,
    type |-> 8,
    from |-> 3,
    shardto |-> 1,
    to |-> 2,
    body |-> [id |-> 1, b |-> 6, tx |-> 1] ],
  [ shardfrom |-> 2,
    type |-> 8,
    from |-> 3,
    shardto |-> 1,
    to |-> 3,
    body |-> [id |-> 1, b |-> 6, tx |-> 1] ],
  [ shardfrom |-> 2,
    type |-> 8,
    from |-> 3,
    shardto |-> 2,
    to |-> 1,
    body |-> [id |-> 1, b |-> 6, tx |-> 1] ],
  [ shardfrom |-> 2,
    type |-> 8,
    from |-> 3,
    shardto |-> 2,
    to |-> 2,
    body |-> [id |-> 1, b |-> 6, tx |-> 1] ],
  [ shardfrom |-> 2,
    type |-> 9,
    from |-> 1,
    shardto |-> 2,
    to |-> 2,
    body |->
        [ id |-> 1,
          b |-> 11,
          tq |-> [id |-> <<0, 0>>, t |-> 0],
          abalq |-> 0,
          txq |-> 1,
          depq |-> {},
          phaseq |-> 1,
          rejectq |-> FALSE,
          Wq |-> {},
          WPq |-> {} ] ],
  [ shardfrom |-> 2,
    type |-> 9,
    from |-> 2,
    shardto |-> 1,
    to |-> 1,
    body |->
        [ id |-> 1,
          b |-> 13,
          tq |-> [id |-> <<2, 2>>, t |-> 0],
          abalq |-> 0,
          txq |-> 1,
          depq |-> {},
          phaseq |-> 2,
          rejectq |-> FALSE,
          Wq |-> {},
          WPq |-> {} ] ],
  [ shardfrom |-> 2,
    type |-> 9,
    from |-> 2,
    shardto |-> 1,
    to |-> 3,
    body |->
        [ id |-> 1,
          b |-> 15,
          tq |-> [id |-> <<2, 2>>, t |-> 0],
          abalq |-> 0,
          txq |-> 1,
          depq |-> {},
          phaseq |-> 2,
          rejectq |-> FALSE,
          Wq |-> {},
          WPq |-> {} ] ],
  [ shardfrom |-> 2,
    type |-> 9,
    from |-> 2,
    shardto |-> 2,
    to |-> 1,
    body |->
        [ id |-> 1,
          b |-> 16,
          tq |-> [id |-> <<2, 2>>, t |-> 0],
          abalq |-> 0,
          txq |-> 1,
          depq |-> {},
          phaseq |-> 2,
          rejectq |-> FALSE,
          Wq |-> {},
          WPq |-> {} ] ],
  [ shardfrom |-> 2,
    type |-> 9,
    from |-> 2,
    shardto |-> 2,
    to |-> 2,
    body |->
        [ id |-> 1,
          b |-> 11,
          tq |-> [id |-> <<2, 2>>, t |-> 0],
          abalq |-> 0,
          txq |-> 1,
          depq |-> {},
          phaseq |-> 2,
          rejectq |-> FALSE,
          Wq |-> {},
          WPq |-> {} ] ],
  [ shardfrom |-> 2,
    type |-> 9,
    from |-> 3,
    shardto |-> 2,
    to |-> 3,
    body |->
        [ id |-> 1,
          b |-> 6,
          tq |-> [id |-> <<2, 2>>, t |-> 0],
          abalq |-> 0,
          txq |-> 1,
          depq |-> {},
          phaseq |-> 2,
          rejectq |-> FALSE,
          Wq |-> {},
          WPq |-> {} ] ] }
/\ Qvar = << <<<<{}, {}>>, <<{}, {}>>, <<{}, {<<1, 2>>, <<1, 3>>}>>>>,
   << <<{<<1, 1>>, <<1, 2>>, <<2, 1>>, <<2, 3>>}, {}>>,
      <<{}, {}>>,
      <<{}, {}>> >> >>
/\ ts = << << <<[id |-> <<2, 2>>, t |-> 0], [id |-> <<1, 1>>, t |-> 2]>>,
      <<[id |-> <<2, 2>>, t |-> 0], [id |-> <<1, 1>>, t |-> 2]>>,
      <<[id |-> <<2, 2>>, t |-> 0], [id |-> <<1, 1>>, t |-> 2]>> >>,
   << <<[id |-> <<2, 2>>, t |-> 0], [id |-> <<0, 0>>, t |-> 0]>>,
      <<[id |-> <<2, 2>>, t |-> 0], [id |-> <<0, 0>>, t |-> 0]>>,
      <<[id |-> <<2, 2>>, t |-> 0], [id |-> <<0, 0>>, t |-> 0]>> >> >>
/\ TXvar = << <<<<bottom, bottom>>, <<bottom, bottom>>, <<bottom, 2>>>>,
   <<<<1, bottom>>, <<bottom, bottom>>, <<bottom, bottom>>>> >>
/\ recovered = <<<<<<1, 1>>, <<1, 1>>, <<1, 1>>>>, <<<<1, 0>>, <<1, 0>>, <<1, 0>>>>>>
/\ initCoord = <<<<2, 2>>, <<1, 1>>>>

State 50: <HandleCommitOK line 444, col 5 to line 455, col 156 of module AccordSpec>
/\ phase = <<<<<<4, 5>>, <<4, 5>>, <<3, 4>>>>, <<<<5, 1>>, <<4, 1>>, <<3, 1>>>>>>
/\ abal = <<<<<<16, 14>>, <<16, 14>>, <<16, 9>>>>, <<<<16, 0>>, <<16, 0>>, <<16, 0>>>>>>
/\ initTimestamp = << [id |-> <<2, 2>>, t |-> 0],
   [id |-> <<1, 1>>, t |-> 2],
   [id |-> <<0, 0>>, t |-> 1] >>
/\ bal = <<<<<<16, 14>>, <<16, 14>>, <<16, 9>>>>, <<<<16, 0>>, <<16, 0>>, <<16, 0>>>>>>
/\ txn = << <<<<1, 2>>, <<1, 2>>, <<1, 2>>>>,
   <<<<1, bottom>>, <<1, bottom>>, <<1, bottom>>>> >>
/\ postWaitingFlag = << <<<<FALSE, FALSE>>, <<FALSE, FALSE>>, <<FALSE, FALSE>>>>,
   <<<<FALSE, FALSE>>, <<FALSE, FALSE>>, <<FALSE, FALSE>>>> >>
/\ Wvar = << <<<<{}, {}>>, <<{}, {}>>, <<{}, {}>>>>,
   <<<<{}, {}>>, <<{}, {}>>, <<{}, {}>>>> >>
/\ dep = << <<<<{}, {1}>>, <<{}, {1}>>, <<{}, {}>>>>,
   <<<<{}, {}>>, <<{}, {}>>, <<{}, {}>>>> >>
/\ recoveryAttemptBal = <<<<<<0, 0>>, <<0, 0>>, <<0, 9>>>>, <<<<16, 0>>, <<0, 0>>, <<0, 0>>>>>>
/\ submitted = {1, 2}
/\ Dvar = << <<<<{}, {}>>, <<{}, {}>>, <<{}, {}>>>>,
   <<<<{}, {}>>, <<{}, {}>>, <<{}, {}>>>> >>
/\ msgs = { [ shardfrom |-> 1,
    type |-> 1,
    from |-> 1,
    shardto |-> 1,
    to |-> 2,
    body |-> [id |-> 2, tx |-> 2, D0 |-> {}] ],
  [ shardfrom |-> 1,
    type |-> 2,
    from |-> 1,
    shardto |-> 1,
    to |-> 1,
    body |-> [id |-> 2, tq |-> [id |-> <<1, 1>>, t |-> 2], Dq |-> {}] ],
  [ shardfrom |-> 1,
    type |-> 2,
    from |-> 2,
    shardto |-> 2,
    to |-> 2,
    body |-> [id |-> 1, tq |-> [id |-> <<2, 2>>, t |-> 0], Dq |-> {}] ],
  [ shardfrom |-> 1,
    type |-> 2,
    from |-> 3,
    shardto |-> 1,
    to |-> 1,
    body |-> [id |-> 2, tq |-> [id |-> <<1, 1>>, t |-> 2], Dq |-> {}] ],
  [ shardfrom |-> 1,
    type |-> 3,
    from |-> 2,
    shardto |-> 1,
    to |-> 3,
    body |->
        [ id |-> 2,
          t |-> [id |-> <<1, 1>>, t |-> 2],
          b |-> 14,
          tx |-> 2,
          D |-> {} ] ],
  [ shardfrom |-> 1,
    type |-> 3,
    from |-> 3,
    shardto |-> 1,
    to |-> 2,
    body |->
        [ id |-> 2,
          t |-> [id |-> <<1, 1>>, t |-> 2],
          b |-> 9,
          tx |-> 2,
          D |-> {} ] ],
  [ shardfrom |-> 1,
    type |-> 5,
    from |-> 2,
    shardto |-> 1,
    to |-> 3,
    body |->
        [ id |-> 2,
          t |-> [id |-> <<1, 1>>, t |-> 2],
          b |-> 14,
          tx |-> 2,
          D |-> {1},
          fastOrSlow |-> 1 ] ],
  [ shardfrom |-> 1,
    type |-> 5,
    from |-> 3,
    shardto |-> 1,
    to |-> 1,
    body |->
        [ id |-> 2,
          t |-> [id |-> <<1, 1>>, t |-> 2],
          b |-> 9,
          tx |-> 2,
          D |-> {},
          fastOrSlow |-> 1 ] ],
  [ shardfrom |-> 1,
    type |-> 5,
    from |-> 3,
    shardto |-> 1,
    to |-> 2,
    body |->
        [ id |-> 2,
          t |-> [id |-> <<1, 1>>, t |-> 2],
          b |-> 9,
          tx |-> 2,
          D |-> {},
          fastOrSlow |-> 1 ] ],
  [ shardfrom |-> 1,
    type |-> 6,
    from |-> 3,
    shardto |-> 1,
    to |-> 3,
    body |-> [id |-> 2, b |-> 9] ],
  [ shardfrom |-> 1,
    type |-> 7,
    from |-> 2,
    shardto |-> 1,
    to |-> 3,
    body |-> [id |-> 2, b |-> 14] ],
  [ shardfrom |-> 1,
    type |-> 8,
    from |-> 1,
    shardto |-> 1,
    to |-> 2,
    body |-> [id |-> 1, b |-> 13, tx |-> 0] ],
  [ shardfrom |-> 1,
    type |-> 8,
    from |-> 1,
    shardto |-> 1,
    to |-> 2,
    body |-> [id |-> 2, b |-> 7, tx |-> 2] ],
  [ shardfrom |-> 1,
    type |-> 8,
    from |-> 1,
    shardto |-> 1,
    to |-> 3,
    body |-> [id |-> 2, b |-> 7, tx |-> 2] ],
  [ shardfrom |-> 1,
    type |-> 8,
    from |-> 1,
    shardto |-> 2,
    to |-> 1,
    body |-> [id |-> 1, b |-> 13, tx |-> 0] ],
  [ shardfrom |-> 1,
    type |-> 8,
    from |-> 1,
    shardto |-> 2,
    to |-> 3,
    body |-> [id |-> 1, b |-> 13, tx |-> 0] ],
  [ shardfrom |-> 1,
    type |-> 8,
    from |-> 2,
    shardto |-> 1,
    to |-> 1,
    body |-> [id |-> 1, b |-> 8, tx |-> 1] ],
  [ shardfrom |-> 1,
    type |-> 8,
    from |-> 2,
    shardto |-> 1,
    to |-> 3,
    body |-> [id |-> 1, b |-> 8, tx |-> 1] ],
  [ shardfrom |-> 1,
    type |-> 8,
    from |-> 2,
    shardto |-> 1,
    to |-> 3,
    body |-> [id |-> 2, b |-> 14, tx |-> 0] ],
  [ shardfrom |-> 1,
    type |-> 8,
    from |-> 2,
    shardto |-> 2,
    to |-> 1,
    body |-> [id |-> 1, b |-> 8, tx |-> 1] ],
  [ shardfrom |-> 1,
    type |-> 8,
    from |-> 2,
    shardto |-> 2,
    to |-> 2,
    body |-> [id |-> 1, b |-> 8, tx |-> 1] ],
  [ shardfrom |-> 1,
    type |-> 8,
    from |-> 2,
    shardto |-> 2,
    to |-> 3,
    body |-> [id |-> 1, b |-> 8, tx |-> 1] ],
  [ shardfrom |-> 1,
    type |-> 8,
    from |-> 3,
    shardto |-> 1,
    to |-> 1,
    body |-> [id |-> 2, b |-> 9, tx |-> 2] ],
  [ shardfrom |-> 1,
    type |-> 8,
    from |-> 3,
    shardto |-> 2,
    to |-> 1,
    body |-> [id |-> 1, b |-> 15, tx |-> 0] ],
  [ shardfrom |-> 1,
    type |-> 8,
    from |-> 3,
    shardto |-> 2,
    to |-> 3,
    body |-> [id |-> 1, b |-> 15, tx |-> 0] ],
  [ shardfrom |-> 1,
    type |-> 9,
    from |-> 1,
    shardto |-> 1,
    to |-> 1,
    body |->
        [ id |-> 1,
          b |-> 13,
          tq |-> [id |-> <<0, 0>>, t |-> 0],
          abalq |-> 0,
          txq |-> 1,
          depq |-> {},
          phaseq |-> 1,
          rejectq |-> TRUE,
          Wq |-> {},
          WPq |-> {} ] ],
  [ shardfrom |-> 1,
    type |-> 9,
    from |-> 1,
    shardto |-> 1,
    to |-> 1,
    body |->
        [ id |-> 2,
          b |-> 7,
          tq |-> [id |-> <<1, 1>>, t |-> 2],
          abalq |-> 0,
          txq |-> 2,
          depq |-> {},
          phaseq |-> 2,
          rejectq |-> FALSE,
          Wq |-> {},
          WPq |-> {} ] ],
  [ shardfrom |-> 1,
    type |-> 9,
    from |-> 1,
    shardto |-> 1,
    to |-> 3,
    body |->
        [ id |-> 1,
          b |-> 15,
          tq |-> [id |-> <<0, 0>>, t |-> 0],
          abalq |-> 0,
          txq |-> 0,
          depq |-> {},
          phaseq |-> 1,
          rejectq |-> FALSE,
          Wq |-> {},
          WPq |-> {} ] ],
  [ shardfrom |-> 1,
    type |-> 9,
    from |-> 1,
    shardto |-> 2,
    to |-> 2,
    body |->
        [ id |-> 1,
          b |-> 11,
          tq |-> [id |-> <<0, 0>>, t |-> 0],
          abalq |-> 0,
          txq |-> 1,
          depq |-> {},
          phaseq |-> 1,
          rejectq |-> TRUE,
          Wq |-> {},
          WPq |-> {} ] ],
  [ shardfrom |-> 1,
    type |-> 9,
    from |-> 2,
    shardto |-> 1,
    to |-> 2,
    body |->
        [ id |-> 1,
          b |-> 8,
          tq |-> [id |-> <<2, 2>>, t |-> 0],
          abalq |-> 0,
          txq |-> 1,
          depq |-> {},
          phaseq |-> 2,
          rejectq |-> TRUE,
          Wq |-> {},
          WPq |-> {} ] ],
  [ shardfrom |-> 1,
    type |-> 9,
    from |-> 2,
    shardto |-> 1,
    to |-> 3,
    body |->
        [ id |-> 1,
          b |-> 15,
          tq |-> [id |-> <<2, 2>>, t |-> 0],
          abalq |-> 0,
          txq |-> 1,
          depq |-> {},
          phaseq |-> 2,
          rejectq |-> FALSE,
          Wq |-> {},
          WPq |-> {} ] ],
  [ shardfrom |-> 1,
    type |-> 9,
    from |-> 3,
    shardto |-> 1,
    to |-> 1,
    body |->
        [ id |-> 1,
          b |-> 13,
          tq |-> [id |-> <<0, 0>>, t |-> 0],
          abalq |-> 0,
          txq |-> 0,
          depq |-> {},
          phaseq |-> 1,
          rejectq |-> TRUE,
          Wq |-> {},
          WPq |-> {} ] ],
  [ shardfrom |-> 1,
    type |-> 9,
    from |-> 3,
    shardto |-> 1,
    to |-> 3,
    body |->
        [ id |-> 1,
          b |-> 15,
          tq |-> [id |-> <<0, 0>>, t |-> 0],
          abalq |-> 0,
          txq |-> 0,
          depq |-> {},
          phaseq |-> 1,
          rejectq |-> TRUE,
          Wq |-> {},
          WPq |-> {} ] ],
  [ shardfrom |-> 1,
    type |-> 9,
    from |-> 3,
    shardto |-> 2,
    to |-> 1,
    body |->
        [ id |-> 1,
          b |-> 16,
          tq |-> [id |-> <<0, 0>>, t |-> 0],
          abalq |-> 0,
          txq |-> 0,
          depq |-> {},
          phaseq |-> 1,
          rejectq |-> TRUE,
          Wq |-> {},
          WPq |-> {} ] ],
  [ shardfrom |-> 2,
    type |-> 1,
    from |-> 2,
    shardto |-> 1,
    to |-> 1,
    body |-> [id |-> 1, tx |-> 1, D0 |-> {}] ],
  [ shardfrom |-> 2,
    type |-> 1,
    from |-> 2,
    shardto |-> 1,
    to |-> 3,
    body |-> [id |-> 1, tx |-> 1, D0 |-> {}] ],
  [ shardfrom |-> 2,
    type |-> 1,
    from |-> 2,
    shardto |-> 2,
    to |-> 1,
    body |-> [id |-> 1, tx |-> 1, D0 |-> {}] ],
  [ shardfrom |-> 2,
    type |-> 2,
    from |-> 2,
    shardto |-> 2,
    to |-> 2,
    body |-> [id |-> 1, tq |-> [id |-> <<2, 2>>, t |-> 0], Dq |-> {}] ],
  [ shardfrom |-> 2,
    type |-> 2,
    from |-> 3,
    shardto |-> 2,
    to |-> 2,
    body |-> [id |-> 1, tq |-> [id |-> <<2, 2>>, t |-> 0], Dq |-> {}] ],
  [ shardfrom |-> 2,
    type |-> 3,
    from |-> 1,
    shardto |-> 1,
    to |-> 2,
    body |->
        [ id |-> 1,
          t |-> [id |-> <<2, 2>>, t |-> 0],
          b |-> 16,
          tx |-> 1,
          D |-> {} ] ],
  [ shardfrom |-> 2,
    type |-> 4,
    from |-> 2,
    shardto |-> 2,
    to |-> 1,
    body |-> [id |-> 1, b |-> 16, Dq |-> {}] ],
  [ shardfrom |-> 2,
    type |-> 5,
    from |-> 1,
    shardto |-> 1,
    to |-> 3,
    body |->
        [ id |-> 1,
          t |-> [id |-> <<2, 2>>, t |-> 0],
          b |-> 16,
          tx |-> 1,
          D |-> {},
          fastOrSlow |-> 1 ] ],
  [ shardfrom |-> 2,
    type |-> 5,
    from |-> 1,
    shardto |-> 2,
    to |-> 3,
    body |->
        [ id |-> 1,
          t |-> [id |-> <<2, 2>>, t |-> 0],
          b |-> 16,
          tx |-> 1,
          D |-> {},
          fastOrSlow |-> 1 ] ],
  [ shardfrom |-> 2,
    type |-> 7,
    from |-> 1,
    shardto |-> 1,
    to |-> 1,
    body |-> [id |-> 1, b |-> 16] ],
  [ shardfrom |-> 2,
    type |-> 7,
    from |-> 1,
    shardto |-> 1,
    to |-> 2,
    body |-> [id |-> 1, b |-> 16] ],
  [ shardfrom |-> 2,
    type |-> 7,
    from |-> 1,
    shardto |-> 1,
    to |-> 3,
    body |-> [id |-> 1, b |-> 16] ],
  [ shardfrom |-> 2,
    type |-> 7,
    from |-> 1,
    shardto |-> 2,
    to |-> 2,
    body |-> [id |-> 1, b |-> 16] ],
  [ shardfrom |-> 2,
    type |-> 7,
    from |-> 1,
    shardto |-> 2,
    to |-> 3,
    body |-> [id |-> 1, b |-> 16] ],
  [ shardfrom |-> 2,
    type |-> 8,
    from |-> 2,
    shardto |-> 1,
    to |-> 2,
    body |-> [id |-> 1, b |-> 11, tx |-> 1] ],
  [ shardfrom |-> 2,
    type |-> 8,
    from |-> 2,
    shardto |-> 1,
    to |-> 3,
    body |-> [id |-> 1, b |-> 11, tx |-> 1] ],
  [ shardfrom |-> 2,
    type |-> 8,
    from |-> 2,
    shardto |-> 2,
    to |-> 3,
    body |-> [id |-> 1, b |-> 11, tx |-> 1] ],
  [ shardfrom |-> 2,
    type |-> 8,
    from |-> 3,
    shardto |-> 1,
    to |-> 1,
    body |-> [id |-> 1, b |-> 6, tx |-> 1] ],
  [ shardfrom |-> 2,
    type |-> 8,
    from |-> 3,
    shardto |-> 1,
    to |-> 2,
    body |-> [id |-> 1, b |-> 6, tx |-> 1] ],
  [ shardfrom |-> 2,
    type |-> 8,
    from |-> 3,
    shardto |-> 1,
    to |-> 3,
    body |-> [id |-> 1, b |-> 6, tx |-> 1] ],
  [ shardfrom |-> 2,
    type |-> 8,
    from |-> 3,
    shardto |-> 2,
    to |-> 1,
    body |-> [id |-> 1, b |-> 6, tx |-> 1] ],
  [ shardfrom |-> 2,
    type |-> 8,
    from |-> 3,
    shardto |-> 2,
    to |-> 2,
    body |-> [id |-> 1, b |-> 6, tx |-> 1] ],
  [ shardfrom |-> 2,
    type |-> 9,
    from |-> 1,
    shardto |-> 2,
    to |-> 2,
    body |->
        [ id |-> 1,
          b |-> 11,
          tq |-> [id |-> <<0, 0>>, t |-> 0],
          abalq |-> 0,
          txq |-> 1,
          depq |-> {},
          phaseq |-> 1,
          rejectq |-> FALSE,
          Wq |-> {},
          WPq |-> {} ] ],
  [ shardfrom |-> 2,
    type |-> 9,
    from |-> 2,
    shardto |-> 1,
    to |-> 1,
    body |->
        [ id |-> 1,
          b |-> 13,
          tq |-> [id |-> <<2, 2>>, t |-> 0],
          abalq |-> 0,
          txq |-> 1,
          depq |-> {},
          phaseq |-> 2,
          rejectq |-> FALSE,
          Wq |-> {},
          WPq |-> {} ] ],
  [ shardfrom |-> 2,
    type |-> 9,
    from |-> 2,
    shardto |-> 1,
    to |-> 3,
    body |->
        [ id |-> 1,
          b |-> 15,
          tq |-> [id |-> <<2, 2>>, t |-> 0],
          abalq |-> 0,
          txq |-> 1,
          depq |-> {},
          phaseq |-> 2,
          rejectq |-> FALSE,
          Wq |-> {},
          WPq |-> {} ] ],
  [ shardfrom |-> 2,
    type |-> 9,
    from |-> 2,
    shardto |-> 2,
    to |-> 1,
    body |->
        [ id |-> 1,
          b |-> 16,
          tq |-> [id |-> <<2, 2>>, t |-> 0],
          abalq |-> 0,
          txq |-> 1,
          depq |-> {},
          phaseq |-> 2,
          rejectq |-> FALSE,
          Wq |-> {},
          WPq |-> {} ] ],
  [ shardfrom |-> 2,
    type |-> 9,
    from |-> 2,
    shardto |-> 2,
    to |-> 2,
    body |->
        [ id |-> 1,
          b |-> 11,
          tq |-> [id |-> <<2, 2>>, t |-> 0],
          abalq |-> 0,
          txq |-> 1,
          depq |-> {},
          phaseq |-> 2,
          rejectq |-> FALSE,
          Wq |-> {},
          WPq |-> {} ] ],
  [ shardfrom |-> 2,
    type |-> 9,
    from |-> 3,
    shardto |-> 2,
    to |-> 3,
    body |->
        [ id |-> 1,
          b |-> 6,
          tq |-> [id |-> <<2, 2>>, t |-> 0],
          abalq |-> 0,
          txq |-> 1,
          depq |-> {},
          phaseq |-> 2,
          rejectq |-> FALSE,
          Wq |-> {},
          WPq |-> {} ] ] }
/\ Qvar = << <<<<{}, {}>>, <<{}, {}>>, <<{}, {<<1, 2>>, <<1, 3>>}>>>>,
   << <<{<<1, 1>>, <<1, 2>>, <<2, 1>>, <<2, 3>>}, {}>>,
      <<{}, {}>>,
      <<{}, {}>> >> >>
/\ ts = << << <<[id |-> <<2, 2>>, t |-> 0], [id |-> <<1, 1>>, t |-> 2]>>,
      <<[id |-> <<2, 2>>, t |-> 0], [id |-> <<1, 1>>, t |-> 2]>>,
      <<[id |-> <<2, 2>>, t |-> 0], [id |-> <<1, 1>>, t |-> 2]>> >>,
   << <<[id |-> <<2, 2>>, t |-> 0], [id |-> <<0, 0>>, t |-> 0]>>,
      <<[id |-> <<2, 2>>, t |-> 0], [id |-> <<0, 0>>, t |-> 0]>>,
      <<[id |-> <<2, 2>>, t |-> 0], [id |-> <<0, 0>>, t |-> 0]>> >> >>
/\ TXvar = << <<<<bottom, bottom>>, <<bottom, bottom>>, <<bottom, 2>>>>,
   <<<<1, bottom>>, <<bottom, bottom>>, <<bottom, bottom>>>> >>
/\ recovered = <<<<<<1, 1>>, <<1, 1>>, <<1, 1>>>>, <<<<1, 0>>, <<1, 0>>, <<1, 0>>>>>>
/\ initCoord = <<<<2, 2>>, <<1, 1>>>>

State 51: <Next line 769, col 8 to line 774, col 27 of module AccordSpec>
/\ phase = <<<<<<4, 5>>, <<4, 5>>, <<3, 4>>>>, <<<<5, 1>>, <<5, 1>>, <<3, 1>>>>>>
/\ abal = <<<<<<16, 14>>, <<16, 14>>, <<16, 9>>>>, <<<<16, 0>>, <<16, 0>>, <<16, 0>>>>>>
/\ initTimestamp = << [id |-> <<2, 2>>, t |-> 0],
   [id |-> <<1, 1>>, t |-> 2],
   [id |-> <<0, 0>>, t |-> 1] >>
/\ bal = <<<<<<16, 14>>, <<16, 14>>, <<16, 9>>>>, <<<<16, 0>>, <<16, 0>>, <<16, 0>>>>>>
/\ txn = << <<<<1, 2>>, <<1, 2>>, <<1, 2>>>>,
   <<<<1, bottom>>, <<1, bottom>>, <<1, bottom>>>> >>
/\ postWaitingFlag = << <<<<FALSE, FALSE>>, <<FALSE, FALSE>>, <<FALSE, FALSE>>>>,
   <<<<FALSE, FALSE>>, <<FALSE, FALSE>>, <<FALSE, FALSE>>>> >>
/\ Wvar = << <<<<{}, {}>>, <<{}, {}>>, <<{}, {}>>>>,
   <<<<{}, {}>>, <<{}, {}>>, <<{}, {}>>>> >>
/\ dep = << <<<<{}, {1}>>, <<{}, {1}>>, <<{}, {}>>>>,
   <<<<{}, {}>>, <<{}, {}>>, <<{}, {}>>>> >>
/\ recoveryAttemptBal = <<<<<<0, 0>>, <<0, 0>>, <<0, 9>>>>, <<<<16, 0>>, <<0, 0>>, <<0, 0>>>>>>
/\ submitted = {1, 2}
/\ Dvar = << <<<<{}, {}>>, <<{}, {}>>, <<{}, {}>>>>,
   <<<<{}, {}>>, <<{}, {}>>, <<{}, {}>>>> >>
/\ msgs = { [ shardfrom |-> 1,
    type |-> 1,
    from |-> 1,
    shardto |-> 1,
    to |-> 2,
    body |-> [id |-> 2, tx |-> 2, D0 |-> {}] ],
  [ shardfrom |-> 1,
    type |-> 2,
    from |-> 1,
    shardto |-> 1,
    to |-> 1,
    body |-> [id |-> 2, tq |-> [id |-> <<1, 1>>, t |-> 2], Dq |-> {}] ],
  [ shardfrom |-> 1,
    type |-> 2,
    from |-> 2,
    shardto |-> 2,
    to |-> 2,
    body |-> [id |-> 1, tq |-> [id |-> <<2, 2>>, t |-> 0], Dq |-> {}] ],
  [ shardfrom |-> 1,
    type |-> 2,
    from |-> 3,
    shardto |-> 1,
    to |-> 1,
    body |-> [id |-> 2, tq |-> [id |-> <<1, 1>>, t |-> 2], Dq |-> {}] ],
  [ shardfrom |-> 1,
    type |-> 3,
    from |-> 2,
    shardto |-> 1,
    to |-> 3,
    body |->
        [ id |-> 2,
          t |-> [id |-> <<1, 1>>, t |-> 2],
          b |-> 14,
          tx |-> 2,
          D |-> {} ] ],
  [ shardfrom |-> 1,
    type |-> 3,
    from |-> 3,
    shardto |-> 1,
    to |-> 2,
    body |->
        [ id |-> 2,
          t |-> [id |-> <<1, 1>>, t |-> 2],
          b |-> 9,
          tx |-> 2,
          D |-> {} ] ],
  [ shardfrom |-> 1,
    type |-> 5,
    from |-> 2,
    shardto |-> 1,
    to |-> 3,
    body |->
        [ id |-> 2,
          t |-> [id |-> <<1, 1>>, t |-> 2],
          b |-> 14,
          tx |-> 2,
          D |-> {1},
          fastOrSlow |-> 1 ] ],
  [ shardfrom |-> 1,
    type |-> 5,
    from |-> 3,
    shardto |-> 1,
    to |-> 1,
    body |->
        [ id |-> 2,
          t |-> [id |-> <<1, 1>>, t |-> 2],
          b |-> 9,
          tx |-> 2,
          D |-> {},
          fastOrSlow |-> 1 ] ],
  [ shardfrom |-> 1,
    type |-> 5,
    from |-> 3,
    shardto |-> 1,
    to |-> 2,
    body |->
        [ id |-> 2,
          t |-> [id |-> <<1, 1>>, t |-> 2],
          b |-> 9,
          tx |-> 2,
          D |-> {},
          fastOrSlow |-> 1 ] ],
  [ shardfrom |-> 1,
    type |-> 6,
    from |-> 3,
    shardto |-> 1,
    to |-> 3,
    body |-> [id |-> 2, b |-> 9] ],
  [ shardfrom |-> 1,
    type |-> 7,
    from |-> 2,
    shardto |-> 1,
    to |-> 3,
    body |-> [id |-> 2, b |-> 14] ],
  [ shardfrom |-> 1,
    type |-> 8,
    from |-> 1,
    shardto |-> 1,
    to |-> 2,
    body |-> [id |-> 1, b |-> 13, tx |-> 0] ],
  [ shardfrom |-> 1,
    type |-> 8,
    from |-> 1,
    shardto |-> 1,
    to |-> 2,
    body |-> [id |-> 2, b |-> 7, tx |-> 2] ],
  [ shardfrom |-> 1,
    type |-> 8,
    from |-> 1,
    shardto |-> 1,
    to |-> 3,
    body |-> [id |-> 2, b |-> 7, tx |-> 2] ],
  [ shardfrom |-> 1,
    type |-> 8,
    from |-> 1,
    shardto |-> 2,
    to |-> 1,
    body |-> [id |-> 1, b |-> 13, tx |-> 0] ],
  [ shardfrom |-> 1,
    type |-> 8,
    from |-> 1,
    shardto |-> 2,
    to |-> 3,
    body |-> [id |-> 1, b |-> 13, tx |-> 0] ],
  [ shardfrom |-> 1,
    type |-> 8,
    from |-> 2,
    shardto |-> 1,
    to |-> 1,
    body |-> [id |-> 1, b |-> 8, tx |-> 1] ],
  [ shardfrom |-> 1,
    type |-> 8,
    from |-> 2,
    shardto |-> 1,
    to |-> 3,
    body |-> [id |-> 1, b |-> 8, tx |-> 1] ],
  [ shardfrom |-> 1,
    type |-> 8,
    from |-> 2,
    shardto |-> 1,
    to |-> 3,
    body |-> [id |-> 2, b |-> 14, tx |-> 0] ],
  [ shardfrom |-> 1,
    type |-> 8,
    from |-> 2,
    shardto |-> 2,
    to |-> 1,
    body |-> [id |-> 1, b |-> 8, tx |-> 1] ],
  [ shardfrom |-> 1,
    type |-> 8,
    from |-> 2,
    shardto |-> 2,
    to |-> 2,
    body |-> [id |-> 1, b |-> 8, tx |-> 1] ],
  [ shardfrom |-> 1,
    type |-> 8,
    from |-> 2,
    shardto |-> 2,
    to |-> 3,
    body |-> [id |-> 1, b |-> 8, tx |-> 1] ],
  [ shardfrom |-> 1,
    type |-> 8,
    from |-> 3,
    shardto |-> 1,
    to |-> 1,
    body |-> [id |-> 2, b |-> 9, tx |-> 2] ],
  [ shardfrom |-> 1,
    type |-> 8,
    from |-> 3,
    shardto |-> 2,
    to |-> 1,
    body |-> [id |-> 1, b |-> 15, tx |-> 0] ],
  [ shardfrom |-> 1,
    type |-> 8,
    from |-> 3,
    shardto |-> 2,
    to |-> 3,
    body |-> [id |-> 1, b |-> 15, tx |-> 0] ],
  [ shardfrom |-> 1,
    type |-> 9,
    from |-> 1,
    shardto |-> 1,
    to |-> 1,
    body |->
        [ id |-> 1,
          b |-> 13,
          tq |-> [id |-> <<0, 0>>, t |-> 0],
          abalq |-> 0,
          txq |-> 1,
          depq |-> {},
          phaseq |-> 1,
          rejectq |-> TRUE,
          Wq |-> {},
          WPq |-> {} ] ],
  [ shardfrom |-> 1,
    type |-> 9,
    from |-> 1,
    shardto |-> 1,
    to |-> 1,
    body |->
        [ id |-> 2,
          b |-> 7,
          tq |-> [id |-> <<1, 1>>, t |-> 2],
          abalq |-> 0,
          txq |-> 2,
          depq |-> {},
          phaseq |-> 2,
          rejectq |-> FALSE,
          Wq |-> {},
          WPq |-> {} ] ],
  [ shardfrom |-> 1,
    type |-> 9,
    from |-> 1,
    shardto |-> 1,
    to |-> 3,
    body |->
        [ id |-> 1,
          b |-> 15,
          tq |-> [id |-> <<0, 0>>, t |-> 0],
          abalq |-> 0,
          txq |-> 0,
          depq |-> {},
          phaseq |-> 1,
          rejectq |-> FALSE,
          Wq |-> {},
          WPq |-> {} ] ],
  [ shardfrom |-> 1,
    type |-> 9,
    from |-> 1,
    shardto |-> 2,
    to |-> 2,
    body |->
        [ id |-> 1,
          b |-> 11,
          tq |-> [id |-> <<0, 0>>, t |-> 0],
          abalq |-> 0,
          txq |-> 1,
          depq |-> {},
          phaseq |-> 1,
          rejectq |-> TRUE,
          Wq |-> {},
          WPq |-> {} ] ],
  [ shardfrom |-> 1,
    type |-> 9,
    from |-> 2,
    shardto |-> 1,
    to |-> 2,
    body |->
        [ id |-> 1,
          b |-> 8,
          tq |-> [id |-> <<2, 2>>, t |-> 0],
          abalq |-> 0,
          txq |-> 1,
          depq |-> {},
          phaseq |-> 2,
          rejectq |-> TRUE,
          Wq |-> {},
          WPq |-> {} ] ],
  [ shardfrom |-> 1,
    type |-> 9,
    from |-> 2,
    shardto |-> 1,
    to |-> 3,
    body |->
        [ id |-> 1,
          b |-> 15,
          tq |-> [id |-> <<2, 2>>, t |-> 0],
          abalq |-> 0,
          txq |-> 1,
          depq |-> {},
          phaseq |-> 2,
          rejectq |-> FALSE,
          Wq |-> {},
          WPq |-> {} ] ],
  [ shardfrom |-> 1,
    type |-> 9,
    from |-> 3,
    shardto |-> 1,
    to |-> 1,
    body |->
        [ id |-> 1,
          b |-> 13,
          tq |-> [id |-> <<0, 0>>, t |-> 0],
          abalq |-> 0,
          txq |-> 0,
          depq |-> {},
          phaseq |-> 1,
          rejectq |-> TRUE,
          Wq |-> {},
          WPq |-> {} ] ],
  [ shardfrom |-> 1,
    type |-> 9,
    from |-> 3,
    shardto |-> 1,
    to |-> 3,
    body |->
        [ id |-> 1,
          b |-> 15,
          tq |-> [id |-> <<0, 0>>, t |-> 0],
          abalq |-> 0,
          txq |-> 0,
          depq |-> {},
          phaseq |-> 1,
          rejectq |-> TRUE,
          Wq |-> {},
          WPq |-> {} ] ],
  [ shardfrom |-> 1,
    type |-> 9,
    from |-> 3,
    shardto |-> 2,
    to |-> 1,
    body |->
        [ id |-> 1,
          b |-> 16,
          tq |-> [id |-> <<0, 0>>, t |-> 0],
          abalq |-> 0,
          txq |-> 0,
          depq |-> {},
          phaseq |-> 1,
          rejectq |-> TRUE,
          Wq |-> {},
          WPq |-> {} ] ],
  [ shardfrom |-> 2,
    type |-> 1,
    from |-> 2,
    shardto |-> 1,
    to |-> 1,
    body |-> [id |-> 1, tx |-> 1, D0 |-> {}] ],
  [ shardfrom |-> 2,
    type |-> 1,
    from |-> 2,
    shardto |-> 1,
    to |-> 3,
    body |-> [id |-> 1, tx |-> 1, D0 |-> {}] ],
  [ shardfrom |-> 2,
    type |-> 1,
    from |-> 2,
    shardto |-> 2,
    to |-> 1,
    body |-> [id |-> 1, tx |-> 1, D0 |-> {}] ],
  [ shardfrom |-> 2,
    type |-> 2,
    from |-> 2,
    shardto |-> 2,
    to |-> 2,
    body |-> [id |-> 1, tq |-> [id |-> <<2, 2>>, t |-> 0], Dq |-> {}] ],
  [ shardfrom |-> 2,
    type |-> 2,
    from |-> 3,
    shardto |-> 2,
    to |-> 2,
    body |-> [id |-> 1, tq |-> [id |-> <<2, 2>>, t |-> 0], Dq |-> {}] ],
  [ shardfrom |-> 2,
    type |-> 3,
    from |-> 1,
    shardto |-> 1,
    to |-> 2,
    body |->
        [ id |-> 1,
          t |-> [id |-> <<2, 2>>, t |-> 0],
          b |-> 16,
          tx |-> 1,
          D |-> {} ] ],
  [ shardfrom |-> 2,
    type |-> 4,
    from |-> 2,
    shardto |-> 2,
    to |-> 1,
    body |-> [id |-> 1, b |-> 16, Dq |-> {}] ],
  [ shardfrom |-> 2,
    type |-> 5,
    from |-> 1,
    shardto |-> 1,
    to |-> 3,
    body |->
        [ id |-> 1,
          t |-> [id |-> <<2, 2>>, t |-> 0],
          b |-> 16,
          tx |-> 1,
          D |-> {},
          fastOrSlow |-> 1 ] ],
  [ shardfrom |-> 2,
    type |-> 5,
    from |-> 1,
    shardto |-> 2,
    to |-> 3,
    body |->
        [ id |-> 1,
          t |-> [id |-> <<2, 2>>, t |-> 0],
          b |-> 16,
          tx |-> 1,
          D |-> {},
          fastOrSlow |-> 1 ] ],
  [ shardfrom |-> 2,
    type |-> 7,
    from |-> 1,
    shardto |-> 1,
    to |-> 1,
    body |-> [id |-> 1, b |-> 16] ],
  [ shardfrom |-> 2,
    type |-> 7,
    from |-> 1,
    shardto |-> 1,
    to |-> 2,
    body |-> [id |-> 1, b |-> 16] ],
  [ shardfrom |-> 2,
    type |-> 7,
    from |-> 1,
    shardto |-> 1,
    to |-> 3,
    body |-> [id |-> 1, b |-> 16] ],
  [ shardfrom |-> 2,
    type |-> 7,
    from |-> 1,
    shardto |-> 2,
    to |-> 3,
    body |-> [id |-> 1, b |-> 16] ],
  [ shardfrom |-> 2,
    type |-> 8,
    from |-> 2,
    shardto |-> 1,
    to |-> 2,
    body |-> [id |-> 1, b |-> 11, tx |-> 1] ],
  [ shardfrom |-> 2,
    type |-> 8,
    from |-> 2,
    shardto |-> 1,
    to |-> 3,
    body |-> [id |-> 1, b |-> 11, tx |-> 1] ],
  [ shardfrom |-> 2,
    type |-> 8,
    from |-> 2,
    shardto |-> 2,
    to |-> 3,
    body |-> [id |-> 1, b |-> 11, tx |-> 1] ],
  [ shardfrom |-> 2,
    type |-> 8,
    from |-> 3,
    shardto |-> 1,
    to |-> 1,
    body |-> [id |-> 1, b |-> 6, tx |-> 1] ],
  [ shardfrom |-> 2,
    type |-> 8,
    from |-> 3,
    shardto |-> 1,
    to |-> 2,
    body |-> [id |-> 1, b |-> 6, tx |-> 1] ],
  [ shardfrom |-> 2,
    type |-> 8,
    from |-> 3,
    shardto |-> 1,
    to |-> 3,
    body |-> [id |-> 1, b |-> 6, tx |-> 1] ],
  [ shardfrom |-> 2,
    type |-> 8,
    from |-> 3,
    shardto |-> 2,
    to |-> 1,
    body |-> [id |-> 1, b |-> 6, tx |-> 1] ],
  [ shardfrom |-> 2,
    type |-> 8,
    from |-> 3,
    shardto |-> 2,
    to |-> 2,
    body |-> [id |-> 1, b |-> 6, tx |-> 1] ],
  [ shardfrom |-> 2,
    type |-> 9,
    from |-> 1,
    shardto |-> 2,
    to |-> 2,
    body |->
        [ id |-> 1,
          b |-> 11,
          tq |-> [id |-> <<0, 0>>, t |-> 0],
          abalq |-> 0,
          txq |-> 1,
          depq |-> {},
          phaseq |-> 1,
          rejectq |-> FALSE,
          Wq |-> {},
          WPq |-> {} ] ],
  [ shardfrom |-> 2,
    type |-> 9,
    from |-> 2,
    shardto |-> 1,
    to |-> 1,
    body |->
        [ id |-> 1,
          b |-> 13,
          tq |-> [id |-> <<2, 2>>, t |-> 0],
          abalq |-> 0,
          txq |-> 1,
          depq |-> {},
          phaseq |-> 2,
          rejectq |-> FALSE,
          Wq |-> {},
          WPq |-> {} ] ],
  [ shardfrom |-> 2,
    type |-> 9,
    from |-> 2,
    shardto |-> 1,
    to |-> 3,
    body |->
        [ id |-> 1,
          b |-> 15,
          tq |-> [id |-> <<2, 2>>, t |-> 0],
          abalq |-> 0,
          txq |-> 1,
          depq |-> {},
          phaseq |-> 2,
          rejectq |-> FALSE,
          Wq |-> {},
          WPq |-> {} ] ],
  [ shardfrom |-> 2,
    type |-> 9,
    from |-> 2,
    shardto |-> 2,
    to |-> 1,
    body |->
        [ id |-> 1,
          b |-> 16,
          tq |-> [id |-> <<2, 2>>, t |-> 0],
          abalq |-> 0,
          txq |-> 1,
          depq |-> {},
          phaseq |-> 2,
          rejectq |-> FALSE,
          Wq |-> {},
          WPq |-> {} ] ],
  [ shardfrom |-> 2,
    type |-> 9,
    from |-> 2,
    shardto |-> 2,
    to |-> 2,
    body |->
        [ id |-> 1,
          b |-> 11,
          tq |-> [id |-> <<2, 2>>, t |-> 0],
          abalq |-> 0,
          txq |-> 1,
          depq |-> {},
          phaseq |-> 2,
          rejectq |-> FALSE,
          Wq |-> {},
          WPq |-> {} ] ],
  [ shardfrom |-> 2,
    type |-> 9,
    from |-> 3,
    shardto |-> 2,
    to |-> 3,
    body |->
        [ id |-> 1,
          b |-> 6,
          tq |-> [id |-> <<2, 2>>, t |-> 0],
          abalq |-> 0,
          txq |-> 1,
          depq |-> {},
          phaseq |-> 2,
          rejectq |-> FALSE,
          Wq |-> {},
          WPq |-> {} ] ] }
/\ Qvar = << <<<<{}, {}>>, <<{}, {}>>, <<{}, {<<1, 2>>, <<1, 3>>}>>>>,
   << <<{<<1, 1>>, <<1, 2>>, <<2, 1>>, <<2, 3>>}, {}>>,
      <<{}, {}>>,
      <<{}, {}>> >> >>
/\ ts = << << <<[id |-> <<2, 2>>, t |-> 0], [id |-> <<1, 1>>, t |-> 2]>>,
      <<[id |-> <<2, 2>>, t |-> 0], [id |-> <<1, 1>>, t |-> 2]>>,
      <<[id |-> <<2, 2>>, t |-> 0], [id |-> <<1, 1>>, t |-> 2]>> >>,
   << <<[id |-> <<2, 2>>, t |-> 0], [id |-> <<0, 0>>, t |-> 0]>>,
      <<[id |-> <<2, 2>>, t |-> 0], [id |-> <<0, 0>>, t |-> 0]>>,
      <<[id |-> <<2, 2>>, t |-> 0], [id |-> <<0, 0>>, t |-> 0]>> >> >>
/\ TXvar = << <<<<bottom, bottom>>, <<bottom, bottom>>, <<bottom, 2>>>>,
   <<<<1, bottom>>, <<bottom, bottom>>, <<bottom, bottom>>>> >>
/\ recovered = <<<<<<1, 1>>, <<1, 1>>, <<1, 1>>>>, <<<<1, 0>>, <<1, 0>>, <<1, 0>>>>>>
/\ initCoord = <<<<2, 2>>, <<1, 1>>>>

State 52: <Next line 769, col 8 to line 774, col 27 of module AccordSpec>
/\ phase = <<<<<<4, 5>>, <<5, 5>>, <<3, 4>>>>, <<<<5, 1>>, <<5, 1>>, <<3, 1>>>>>>
/\ abal = <<<<<<16, 14>>, <<16, 14>>, <<16, 9>>>>, <<<<16, 0>>, <<16, 0>>, <<16, 0>>>>>>
/\ initTimestamp = << [id |-> <<2, 2>>, t |-> 0],
   [id |-> <<1, 1>>, t |-> 2],
   [id |-> <<0, 0>>, t |-> 1] >>
/\ bal = <<<<<<16, 14>>, <<16, 14>>, <<16, 9>>>>, <<<<16, 0>>, <<16, 0>>, <<16, 0>>>>>>
/\ txn = << <<<<1, 2>>, <<1, 2>>, <<1, 2>>>>,
   <<<<1, bottom>>, <<1, bottom>>, <<1, bottom>>>> >>
/\ postWaitingFlag = << <<<<FALSE, FALSE>>, <<FALSE, FALSE>>, <<FALSE, FALSE>>>>,
   <<<<FALSE, FALSE>>, <<FALSE, FALSE>>, <<FALSE, FALSE>>>> >>
/\ Wvar = << <<<<{}, {}>>, <<{}, {}>>, <<{}, {}>>>>,
   <<<<{}, {}>>, <<{}, {}>>, <<{}, {}>>>> >>
/\ dep = << <<<<{}, {1}>>, <<{}, {1}>>, <<{}, {}>>>>,
   <<<<{}, {}>>, <<{}, {}>>, <<{}, {}>>>> >>
/\ recoveryAttemptBal = <<<<<<0, 0>>, <<0, 0>>, <<0, 9>>>>, <<<<16, 0>>, <<0, 0>>, <<0, 0>>>>>>
/\ submitted = {1, 2}
/\ Dvar = << <<<<{}, {}>>, <<{}, {}>>, <<{}, {}>>>>,
   <<<<{}, {}>>, <<{}, {}>>, <<{}, {}>>>> >>
/\ msgs = { [ shardfrom |-> 1,
    type |-> 1,
    from |-> 1,
    shardto |-> 1,
    to |-> 2,
    body |-> [id |-> 2, tx |-> 2, D0 |-> {}] ],
  [ shardfrom |-> 1,
    type |-> 2,
    from |-> 1,
    shardto |-> 1,
    to |-> 1,
    body |-> [id |-> 2, tq |-> [id |-> <<1, 1>>, t |-> 2], Dq |-> {}] ],
  [ shardfrom |-> 1,
    type |-> 2,
    from |-> 2,
    shardto |-> 2,
    to |-> 2,
    body |-> [id |-> 1, tq |-> [id |-> <<2, 2>>, t |-> 0], Dq |-> {}] ],
  [ shardfrom |-> 1,
    type |-> 2,
    from |-> 3,
    shardto |-> 1,
    to |-> 1,
    body |-> [id |-> 2, tq |-> [id |-> <<1, 1>>, t |-> 2], Dq |-> {}] ],
  [ shardfrom |-> 1,
    type |-> 3,
    from |-> 2,
    shardto |-> 1,
    to |-> 3,
    body |->
        [ id |-> 2,
          t |-> [id |-> <<1, 1>>, t |-> 2],
          b |-> 14,
          tx |-> 2,
          D |-> {} ] ],
  [ shardfrom |-> 1,
    type |-> 3,
    from |-> 3,
    shardto |-> 1,
    to |-> 2,
    body |->
        [ id |-> 2,
          t |-> [id |-> <<1, 1>>, t |-> 2],
          b |-> 9,
          tx |-> 2,
          D |-> {} ] ],
  [ shardfrom |-> 1,
    type |-> 5,
    from |-> 2,
    shardto |-> 1,
    to |-> 3,
    body |->
        [ id |-> 2,
          t |-> [id |-> <<1, 1>>, t |-> 2],
          b |-> 14,
          tx |-> 2,
          D |-> {1},
          fastOrSlow |-> 1 ] ],
  [ shardfrom |-> 1,
    type |-> 5,
    from |-> 3,
    shardto |-> 1,
    to |-> 1,
    body |->
        [ id |-> 2,
          t |-> [id |-> <<1, 1>>, t |-> 2],
          b |-> 9,
          tx |-> 2,
          D |-> {},
          fastOrSlow |-> 1 ] ],
  [ shardfrom |-> 1,
    type |-> 5,
    from |-> 3,
    shardto |-> 1,
    to |-> 2,
    body |->
        [ id |-> 2,
          t |-> [id |-> <<1, 1>>, t |-> 2],
          b |-> 9,
          tx |-> 2,
          D |-> {},
          fastOrSlow |-> 1 ] ],
  [ shardfrom |-> 1,
    type |-> 6,
    from |-> 3,
    shardto |-> 1,
    to |-> 3,
    body |-> [id |-> 2, b |-> 9] ],
  [ shardfrom |-> 1,
    type |-> 7,
    from |-> 2,
    shardto |-> 1,
    to |-> 3,
    body |-> [id |-> 2, b |-> 14] ],
  [ shardfrom |-> 1,
    type |-> 8,
    from |-> 1,
    shardto |-> 1,
    to |-> 2,
    body |-> [id |-> 1, b |-> 13, tx |-> 0] ],
  [ shardfrom |-> 1,
    type |-> 8,
    from |-> 1,
    shardto |-> 1,
    to |-> 2,
    body |-> [id |-> 2, b |-> 7, tx |-> 2] ],
  [ shardfrom |-> 1,
    type |-> 8,
    from |-> 1,
    shardto |-> 1,
    to |-> 3,
    body |-> [id |-> 2, b |-> 7, tx |-> 2] ],
  [ shardfrom |-> 1,
    type |-> 8,
    from |-> 1,
    shardto |-> 2,
    to |-> 1,
    body |-> [id |-> 1, b |-> 13, tx |-> 0] ],
  [ shardfrom |-> 1,
    type |-> 8,
    from |-> 1,
    shardto |-> 2,
    to |-> 3,
    body |-> [id |-> 1, b |-> 13, tx |-> 0] ],
  [ shardfrom |-> 1,
    type |-> 8,
    from |-> 2,
    shardto |-> 1,
    to |-> 1,
    body |-> [id |-> 1, b |-> 8, tx |-> 1] ],
  [ shardfrom |-> 1,
    type |-> 8,
    from |-> 2,
    shardto |-> 1,
    to |-> 3,
    body |-> [id |-> 1, b |-> 8, tx |-> 1] ],
  [ shardfrom |-> 1,
    type |-> 8,
    from |-> 2,
    shardto |-> 1,
    to |-> 3,
    body |-> [id |-> 2, b |-> 14, tx |-> 0] ],
  [ shardfrom |-> 1,
    type |-> 8,
    from |-> 2,
    shardto |-> 2,
    to |-> 1,
    body |-> [id |-> 1, b |-> 8, tx |-> 1] ],
  [ shardfrom |-> 1,
    type |-> 8,
    from |-> 2,
    shardto |-> 2,
    to |-> 2,
    body |-> [id |-> 1, b |-> 8, tx |-> 1] ],
  [ shardfrom |-> 1,
    type |-> 8,
    from |-> 2,
    shardto |-> 2,
    to |-> 3,
    body |-> [id |-> 1, b |-> 8, tx |-> 1] ],
  [ shardfrom |-> 1,
    type |-> 8,
    from |-> 3,
    shardto |-> 1,
    to |-> 1,
    body |-> [id |-> 2, b |-> 9, tx |-> 2] ],
  [ shardfrom |-> 1,
    type |-> 8,
    from |-> 3,
    shardto |-> 2,
    to |-> 1,
    body |-> [id |-> 1, b |-> 15, tx |-> 0] ],
  [ shardfrom |-> 1,
    type |-> 8,
    from |-> 3,
    shardto |-> 2,
    to |-> 3,
    body |-> [id |-> 1, b |-> 15, tx |-> 0] ],
  [ shardfrom |-> 1,
    type |-> 9,
    from |-> 1,
    shardto |-> 1,
    to |-> 1,
    body |->
        [ id |-> 1,
          b |-> 13,
          tq |-> [id |-> <<0, 0>>, t |-> 0],
          abalq |-> 0,
          txq |-> 1,
          depq |-> {},
          phaseq |-> 1,
          rejectq |-> TRUE,
          Wq |-> {},
          WPq |-> {} ] ],
  [ shardfrom |-> 1,
    type |-> 9,
    from |-> 1,
    shardto |-> 1,
    to |-> 1,
    body |->
        [ id |-> 2,
          b |-> 7,
          tq |-> [id |-> <<1, 1>>, t |-> 2],
          abalq |-> 0,
          txq |-> 2,
          depq |-> {},
          phaseq |-> 2,
          rejectq |-> FALSE,
          Wq |-> {},
          WPq |-> {} ] ],
  [ shardfrom |-> 1,
    type |-> 9,
    from |-> 1,
    shardto |-> 1,
    to |-> 3,
    body |->
        [ id |-> 1,
          b |-> 15,
          tq |-> [id |-> <<0, 0>>, t |-> 0],
          abalq |-> 0,
          txq |-> 0,
          depq |-> {},
          phaseq |-> 1,
          rejectq |-> FALSE,
          Wq |-> {},
          WPq |-> {} ] ],
  [ shardfrom |-> 1,
    type |-> 9,
    from |-> 1,
    shardto |-> 2,
    to |-> 2,
    body |->
        [ id |-> 1,
          b |-> 11,
          tq |-> [id |-> <<0, 0>>, t |-> 0],
          abalq |-> 0,
          txq |-> 1,
          depq |-> {},
          phaseq |-> 1,
          rejectq |-> TRUE,
          Wq |-> {},
          WPq |-> {} ] ],
  [ shardfrom |-> 1,
    type |-> 9,
    from |-> 2,
    shardto |-> 1,
    to |-> 2,
    body |->
        [ id |-> 1,
          b |-> 8,
          tq |-> [id |-> <<2, 2>>, t |-> 0],
          abalq |-> 0,
          txq |-> 1,
          depq |-> {},
          phaseq |-> 2,
          rejectq |-> TRUE,
          Wq |-> {},
          WPq |-> {} ] ],
  [ shardfrom |-> 1,
    type |-> 9,
    from |-> 2,
    shardto |-> 1,
    to |-> 3,
    body |->
        [ id |-> 1,
          b |-> 15,
          tq |-> [id |-> <<2, 2>>, t |-> 0],
          abalq |-> 0,
          txq |-> 1,
          depq |-> {},
          phaseq |-> 2,
          rejectq |-> FALSE,
          Wq |-> {},
          WPq |-> {} ] ],
  [ shardfrom |-> 1,
    type |-> 9,
    from |-> 3,
    shardto |-> 1,
    to |-> 1,
    body |->
        [ id |-> 1,
          b |-> 13,
          tq |-> [id |-> <<0, 0>>, t |-> 0],
          abalq |-> 0,
          txq |-> 0,
          depq |-> {},
          phaseq |-> 1,
          rejectq |-> TRUE,
          Wq |-> {},
          WPq |-> {} ] ],
  [ shardfrom |-> 1,
    type |-> 9,
    from |-> 3,
    shardto |-> 1,
    to |-> 3,
    body |->
        [ id |-> 1,
          b |-> 15,
          tq |-> [id |-> <<0, 0>>, t |-> 0],
          abalq |-> 0,
          txq |-> 0,
          depq |-> {},
          phaseq |-> 1,
          rejectq |-> TRUE,
          Wq |-> {},
          WPq |-> {} ] ],
  [ shardfrom |-> 1,
    type |-> 9,
    from |-> 3,
    shardto |-> 2,
    to |-> 1,
    body |->
        [ id |-> 1,
          b |-> 16,
          tq |-> [id |-> <<0, 0>>, t |-> 0],
          abalq |-> 0,
          txq |-> 0,
          depq |-> {},
          phaseq |-> 1,
          rejectq |-> TRUE,
          Wq |-> {},
          WPq |-> {} ] ],
  [ shardfrom |-> 2,
    type |-> 1,
    from |-> 2,
    shardto |-> 1,
    to |-> 1,
    body |-> [id |-> 1, tx |-> 1, D0 |-> {}] ],
  [ shardfrom |-> 2,
    type |-> 1,
    from |-> 2,
    shardto |-> 1,
    to |-> 3,
    body |-> [id |-> 1, tx |-> 1, D0 |-> {}] ],
  [ shardfrom |-> 2,
    type |-> 1,
    from |-> 2,
    shardto |-> 2,
    to |-> 1,
    body |-> [id |-> 1, tx |-> 1, D0 |-> {}] ],
  [ shardfrom |-> 2,
    type |-> 2,
    from |-> 2,
    shardto |-> 2,
    to |-> 2,
    body |-> [id |-> 1, tq |-> [id |-> <<2, 2>>, t |-> 0], Dq |-> {}] ],
  [ shardfrom |-> 2,
    type |-> 2,
    from |-> 3,
    shardto |-> 2,
    to |-> 2,
    body |-> [id |-> 1, tq |-> [id |-> <<2, 2>>, t |-> 0], Dq |-> {}] ],
  [ shardfrom |-> 2,
    type |-> 3,
    from |-> 1,
    shardto |-> 1,
    to |-> 2,
    body |->
        [ id |-> 1,
          t |-> [id |-> <<2, 2>>, t |-> 0],
          b |-> 16,
          tx |-> 1,
          D |-> {} ] ],
  [ shardfrom |-> 2,
    type |-> 4,
    from |-> 2,
    shardto |-> 2,
    to |-> 1,
    body |-> [id |-> 1, b |-> 16, Dq |-> {}] ],
  [ shardfrom |-> 2,
    type |-> 5,
    from |-> 1,
    shardto |-> 1,
    to |-> 3,
    body |->
        [ id |-> 1,
          t |-> [id |-> <<2, 2>>, t |-> 0],
          b |-> 16,
          tx |-> 1,
          D |-> {},
          fastOrSlow |-> 1 ] ],
  [ shardfrom |-> 2,
    type |-> 5,
    from |-> 1,
    shardto |-> 2,
    to |-> 3,
    body |->
        [ id |-> 1,
          t |-> [id |-> <<2, 2>>, t |-> 0],
          b |-> 16,
          tx |-> 1,
          D |-> {},
          fastOrSlow |-> 1 ] ],
  [ shardfrom |-> 2,
    type |-> 7,
    from |-> 1,
    shardto |-> 1,
    to |-> 1,
    body |-> [id |-> 1, b |-> 16] ],
  [ shardfrom |-> 2,
    type |-> 7,
    from |-> 1,
    shardto |-> 1,
    to |-> 3,
    body |-> [id |-> 1, b |-> 16] ],
  [ shardfrom |-> 2,
    type |-> 7,
    from |-> 1,
    shardto |-> 2,
    to |-> 3,
    body |-> [id |-> 1, b |-> 16] ],
  [ shardfrom |-> 2,
    type |-> 8,
    from |-> 2,
    shardto |-> 1,
    to |-> 2,
    body |-> [id |-> 1, b |-> 11, tx |-> 1] ],
  [ shardfrom |-> 2,
    type |-> 8,
    from |-> 2,
    shardto |-> 1,
    to |-> 3,
    body |-> [id |-> 1, b |-> 11, tx |-> 1] ],
  [ shardfrom |-> 2,
    type |-> 8,
    from |-> 2,
    shardto |-> 2,
    to |-> 3,
    body |-> [id |-> 1, b |-> 11, tx |-> 1] ],
  [ shardfrom |-> 2,
    type |-> 8,
    from |-> 3,
    shardto |-> 1,
    to |-> 1,
    body |-> [id |-> 1, b |-> 6, tx |-> 1] ],
  [ shardfrom |-> 2,
    type |-> 8,
    from |-> 3,
    shardto |-> 1,
    to |-> 2,
    body |-> [id |-> 1, b |-> 6, tx |-> 1] ],
  [ shardfrom |-> 2,
    type |-> 8,
    from |-> 3,
    shardto |-> 1,
    to |-> 3,
    body |-> [id |-> 1, b |-> 6, tx |-> 1] ],
  [ shardfrom |-> 2,
    type |-> 8,
    from |-> 3,
    shardto |-> 2,
    to |-> 1,
    body |-> [id |-> 1, b |-> 6, tx |-> 1] ],
  [ shardfrom |-> 2,
    type |-> 8,
    from |-> 3,
    shardto |-> 2,
    to |-> 2,
    body |-> [id |-> 1, b |-> 6, tx |-> 1] ],
  [ shardfrom |-> 2,
    type |-> 9,
    from |-> 1,
    shardto |-> 2,
    to |-> 2,
    body |->
        [ id |-> 1,
          b |-> 11,
          tq |-> [id |-> <<0, 0>>, t |-> 0],
          abalq |-> 0,
          txq |-> 1,
          depq |-> {},
          phaseq |-> 1,
          rejectq |-> FALSE,
          Wq |-> {},
          WPq |-> {} ] ],
  [ shardfrom |-> 2,
    type |-> 9,
    from |-> 2,
    shardto |-> 1,
    to |-> 1,
    body |->
        [ id |-> 1,
          b |-> 13,
          tq |-> [id |-> <<2, 2>>, t |-> 0],
          abalq |-> 0,
          txq |-> 1,
          depq |-> {},
          phaseq |-> 2,
          rejectq |-> FALSE,
          Wq |-> {},
          WPq |-> {} ] ],
  [ shardfrom |-> 2,
    type |-> 9,
    from |-> 2,
    shardto |-> 1,
    to |-> 3,
    body |->
        [ id |-> 1,
          b |-> 15,
          tq |-> [id |-> <<2, 2>>, t |-> 0],
          abalq |-> 0,
          txq |-> 1,
          depq |-> {},
          phaseq |-> 2,
          rejectq |-> FALSE,
          Wq |-> {},
          WPq |-> {} ] ],
  [ shardfrom |-> 2,
    type |-> 9,
    from |-> 2,
    shardto |-> 2,
    to |-> 1,
    body |->
        [ id |-> 1,
          b |-> 16,
          tq |-> [id |-> <<2, 2>>, t |-> 0],
          abalq |-> 0,
          txq |-> 1,
          depq |-> {},
          phaseq |-> 2,
          rejectq |-> FALSE,
          Wq |-> {},
          WPq |-> {} ] ],
  [ shardfrom |-> 2,
    type |-> 9,
    from |-> 2,
    shardto |-> 2,
    to |-> 2,
    body |->
        [ id |-> 1,
          b |-> 11,
          tq |-> [id |-> <<2, 2>>, t |-> 0],
          abalq |-> 0,
          txq |-> 1,
          depq |-> {},
          phaseq |-> 2,
          rejectq |-> FALSE,
          Wq |-> {},
          WPq |-> {} ] ],
  [ shardfrom |-> 2,
    type |-> 9,
    from |-> 3,
    shardto |-> 2,
    to |-> 3,
    body |->
        [ id |-> 1,
          b |-> 6,
          tq |-> [id |-> <<2, 2>>, t |-> 0],
          abalq |-> 0,
          txq |-> 1,
          depq |-> {},
          phaseq |-> 2,
          rejectq |-> FALSE,
          Wq |-> {},
          WPq |-> {} ] ] }
/\ Qvar = << <<<<{}, {}>>, <<{}, {}>>, <<{}, {<<1, 2>>, <<1, 3>>}>>>>,
   << <<{<<1, 1>>, <<1, 2>>, <<2, 1>>, <<2, 3>>}, {}>>,
      <<{}, {}>>,
      <<{}, {}>> >> >>
/\ ts = << << <<[id |-> <<2, 2>>, t |-> 0], [id |-> <<1, 1>>, t |-> 2]>>,
      <<[id |-> <<2, 2>>, t |-> 0], [id |-> <<1, 1>>, t |-> 2]>>,
      <<[id |-> <<2, 2>>, t |-> 0], [id |-> <<1, 1>>, t |-> 2]>> >>,
   << <<[id |-> <<2, 2>>, t |-> 0], [id |-> <<0, 0>>, t |-> 0]>>,
      <<[id |-> <<2, 2>>, t |-> 0], [id |-> <<0, 0>>, t |-> 0]>>,
      <<[id |-> <<2, 2>>, t |-> 0], [id |-> <<0, 0>>, t |-> 0]>> >> >>
/\ TXvar = << <<<<bottom, bottom>>, <<bottom, bottom>>, <<bottom, 2>>>>,
   <<<<1, bottom>>, <<bottom, bottom>>, <<bottom, bottom>>>> >>
/\ recovered = <<<<<<1, 1>>, <<1, 1>>, <<1, 1>>>>, <<<<1, 0>>, <<1, 0>>, <<1, 0>>>>>>
/\ initCoord = <<<<2, 2>>, <<1, 1>>>>

State 53: <Next line 769, col 8 to line 774, col 27 of module AccordSpec>
/\ phase = <<<<<<4, 5>>, <<5, 5>>, <<4, 4>>>>, <<<<5, 1>>, <<5, 1>>, <<3, 1>>>>>>
/\ abal = <<<<<<16, 14>>, <<16, 14>>, <<16, 9>>>>, <<<<16, 0>>, <<16, 0>>, <<16, 0>>>>>>
/\ initTimestamp = << [id |-> <<2, 2>>, t |-> 0],
   [id |-> <<1, 1>>, t |-> 2],
   [id |-> <<0, 0>>, t |-> 1] >>
/\ bal = <<<<<<16, 14>>, <<16, 14>>, <<16, 9>>>>, <<<<16, 0>>, <<16, 0>>, <<16, 0>>>>>>
/\ txn = << <<<<1, 2>>, <<1, 2>>, <<1, 2>>>>,
   <<<<1, bottom>>, <<1, bottom>>, <<1, bottom>>>> >>
/\ postWaitingFlag = << <<<<FALSE, FALSE>>, <<FALSE, FALSE>>, <<FALSE, FALSE>>>>,
   <<<<FALSE, FALSE>>, <<FALSE, FALSE>>, <<FALSE, FALSE>>>> >>
/\ Wvar = << <<<<{}, {}>>, <<{}, {}>>, <<{}, {}>>>>,
   <<<<{}, {}>>, <<{}, {}>>, <<{}, {}>>>> >>
/\ dep = << <<<<{}, {1}>>, <<{}, {1}>>, <<{}, {}>>>>,
   <<<<{}, {}>>, <<{}, {}>>, <<{}, {}>>>> >>
/\ recoveryAttemptBal = <<<<<<0, 0>>, <<0, 0>>, <<0, 9>>>>, <<<<16, 0>>, <<0, 0>>, <<0, 0>>>>>>
/\ submitted = {1, 2}
/\ Dvar = << <<<<{}, {}>>, <<{}, {}>>, <<{}, {}>>>>,
   <<<<{}, {}>>, <<{}, {}>>, <<{}, {}>>>> >>
/\ msgs = { [ shardfrom |-> 1,
    type |-> 1,
    from |-> 1,
    shardto |-> 1,
    to |-> 2,
    body |-> [id |-> 2, tx |-> 2, D0 |-> {}] ],
  [ shardfrom |-> 1,
    type |-> 2,
    from |-> 1,
    shardto |-> 1,
    to |-> 1,
    body |-> [id |-> 2, tq |-> [id |-> <<1, 1>>, t |-> 2], Dq |-> {}] ],
  [ shardfrom |-> 1,
    type |-> 2,
    from |-> 2,
    shardto |-> 2,
    to |-> 2,
    body |-> [id |-> 1, tq |-> [id |-> <<2, 2>>, t |-> 0], Dq |-> {}] ],
  [ shardfrom |-> 1,
    type |-> 2,
    from |-> 3,
    shardto |-> 1,
    to |-> 1,
    body |-> [id |-> 2, tq |-> [id |-> <<1, 1>>, t |-> 2], Dq |-> {}] ],
  [ shardfrom |-> 1,
    type |-> 3,
    from |-> 2,
    shardto |-> 1,
    to |-> 3,
    body |->
        [ id |-> 2,
          t |-> [id |-> <<1, 1>>, t |-> 2],
          b |-> 14,
          tx |-> 2,
          D |-> {} ] ],
  [ shardfrom |-> 1,
    type |-> 3,
    from |-> 3,
    shardto |-> 1,
    to |-> 2,
    body |->
        [ id |-> 2,
          t |-> [id |-> <<1, 1>>, t |-> 2],
          b |-> 9,
          tx |-> 2,
          D |-> {} ] ],
  [ shardfrom |-> 1,
    type |-> 5,
    from |-> 2,
    shardto |-> 1,
    to |-> 3,
    body |->
        [ id |-> 2,
          t |-> [id |-> <<1, 1>>, t |-> 2],
          b |-> 14,
          tx |-> 2,
          D |-> {1},
          fastOrSlow |-> 1 ] ],
  [ shardfrom |-> 1,
    type |-> 5,
    from |-> 3,
    shardto |-> 1,
    to |-> 1,
    body |->
        [ id |-> 2,
          t |-> [id |-> <<1, 1>>, t |-> 2],
          b |-> 9,
          tx |-> 2,
          D |-> {},
          fastOrSlow |-> 1 ] ],
  [ shardfrom |-> 1,
    type |-> 5,
    from |-> 3,
    shardto |-> 1,
    to |-> 2,
    body |->
        [ id |-> 2,
          t |-> [id |-> <<1, 1>>, t |-> 2],
          b |-> 9,
          tx |-> 2,
          D |-> {},
          fastOrSlow |-> 1 ] ],
  [ shardfrom |-> 1,
    type |-> 6,
    from |-> 3,
    shardto |-> 1,
    to |-> 3,
    body |-> [id |-> 2, b |-> 9] ],
  [ shardfrom |-> 1,
    type |-> 6,
    from |-> 3,
    shardto |-> 2,
    to |-> 1,
    body |-> [id |-> 1, b |-> 16] ],
  [ shardfrom |-> 1,
    type |-> 7,
    from |-> 2,
    shardto |-> 1,
    to |-> 3,
    body |-> [id |-> 2, b |-> 14] ],
  [ shardfrom |-> 1,
    type |-> 8,
    from |-> 1,
    shardto |-> 1,
    to |-> 2,
    body |-> [id |-> 1, b |-> 13, tx |-> 0] ],
  [ shardfrom |-> 1,
    type |-> 8,
    from |-> 1,
    shardto |-> 1,
    to |-> 2,
    body |-> [id |-> 2, b |-> 7, tx |-> 2] ],
  [ shardfrom |-> 1,
    type |-> 8,
    from |-> 1,
    shardto |-> 1,
    to |-> 3,
    body |-> [id |-> 2, b |-> 7, tx |-> 2] ],
  [ shardfrom |-> 1,
    type |-> 8,
    from |-> 1,
    shardto |-> 2,
    to |-> 1,
    body |-> [id |-> 1, b |-> 13, tx |-> 0] ],
  [ shardfrom |-> 1,
    type |-> 8,
    from |-> 1,
    shardto |-> 2,
    to |-> 3,
    body |-> [id |-> 1, b |-> 13, tx |-> 0] ],
  [ shardfrom |-> 1,
    type |-> 8,
    from |-> 2,
    shardto |-> 1,
    to |-> 1,
    body |-> [id |-> 1, b |-> 8, tx |-> 1] ],
  [ shardfrom |-> 1,
    type |-> 8,
    from |-> 2,
    shardto |-> 1,
    to |-> 3,
    body |-> [id |-> 1, b |-> 8, tx |-> 1] ],
  [ shardfrom |-> 1,
    type |-> 8,
    from |-> 2,
    shardto |-> 1,
    to |-> 3,
    body |-> [id |-> 2, b |-> 14, tx |-> 0] ],
  [ shardfrom |-> 1,
    type |-> 8,
    from |-> 2,
    shardto |-> 2,
    to |-> 1,
    body |-> [id |-> 1, b |-> 8, tx |-> 1] ],
  [ shardfrom |-> 1,
    type |-> 8,
    from |-> 2,
    shardto |-> 2,
    to |-> 2,
    body |-> [id |-> 1, b |-> 8, tx |-> 1] ],
  [ shardfrom |-> 1,
    type |-> 8,
    from |-> 2,
    shardto |-> 2,
    to |-> 3,
    body |-> [id |-> 1, b |-> 8, tx |-> 1] ],
  [ shardfrom |-> 1,
    type |-> 8,
    from |-> 3,
    shardto |-> 1,
    to |-> 1,
    body |-> [id |-> 2, b |-> 9, tx |-> 2] ],
  [ shardfrom |-> 1,
    type |-> 8,
    from |-> 3,
    shardto |-> 2,
    to |-> 1,
    body |-> [id |-> 1, b |-> 15, tx |-> 0] ],
  [ shardfrom |-> 1,
    type |-> 8,
    from |-> 3,
    shardto |-> 2,
    to |-> 3,
    body |-> [id |-> 1, b |-> 15, tx |-> 0] ],
  [ shardfrom |-> 1,
    type |-> 9,
    from |-> 1,
    shardto |-> 1,
    to |-> 1,
    body |->
        [ id |-> 1,
          b |-> 13,
          tq |-> [id |-> <<0, 0>>, t |-> 0],
          abalq |-> 0,
          txq |-> 1,
          depq |-> {},
          phaseq |-> 1,
          rejectq |-> TRUE,
          Wq |-> {},
          WPq |-> {} ] ],
  [ shardfrom |-> 1,
    type |-> 9,
    from |-> 1,
    shardto |-> 1,
    to |-> 1,
    body |->
        [ id |-> 2,
          b |-> 7,
          tq |-> [id |-> <<1, 1>>, t |-> 2],
          abalq |-> 0,
          txq |-> 2,
          depq |-> {},
          phaseq |-> 2,
          rejectq |-> FALSE,
          Wq |-> {},
          WPq |-> {} ] ],
  [ shardfrom |-> 1,
    type |-> 9,
    from |-> 1,
    shardto |-> 1,
    to |-> 3,
    body |->
        [ id |-> 1,
          b |-> 15,
          tq |-> [id |-> <<0, 0>>, t |-> 0],
          abalq |-> 0,
          txq |-> 0,
          depq |-> {},
          phaseq |-> 1,
          rejectq |-> FALSE,
          Wq |-> {},
          WPq |-> {} ] ],
  [ shardfrom |-> 1,
    type |-> 9,
    from |-> 1,
    shardto |-> 2,
    to |-> 2,
    body |->
        [ id |-> 1,
          b |-> 11,
          tq |-> [id |-> <<0, 0>>, t |-> 0],
          abalq |-> 0,
          txq |-> 1,
          depq |-> {},
          phaseq |-> 1,
          rejectq |-> TRUE,
          Wq |-> {},
          WPq |-> {} ] ],
  [ shardfrom |-> 1,
    type |-> 9,
    from |-> 2,
    shardto |-> 1,
    to |-> 2,
    body |->
        [ id |-> 1,
          b |-> 8,
          tq |-> [id |-> <<2, 2>>, t |-> 0],
          abalq |-> 0,
          txq |-> 1,
          depq |-> {},
          phaseq |-> 2,
          rejectq |-> TRUE,
          Wq |-> {},
          WPq |-> {} ] ],
  [ shardfrom |-> 1,
    type |-> 9,
    from |-> 2,
    shardto |-> 1,
    to |-> 3,
    body |->
        [ id |-> 1,
          b |-> 15,
          tq |-> [id |-> <<2, 2>>, t |-> 0],
          abalq |-> 0,
          txq |-> 1,
          depq |-> {},
          phaseq |-> 2,
          rejectq |-> FALSE,
          Wq |-> {},
          WPq |-> {} ] ],
  [ shardfrom |-> 1,
    type |-> 9,
    from |-> 3,
    shardto |-> 1,
    to |-> 1,
    body |->
        [ id |-> 1,
          b |-> 13,
          tq |-> [id |-> <<0, 0>>, t |-> 0],
          abalq |-> 0,
          txq |-> 0,
          depq |-> {},
          phaseq |-> 1,
          rejectq |-> TRUE,
          Wq |-> {},
          WPq |-> {} ] ],
  [ shardfrom |-> 1,
    type |-> 9,
    from |-> 3,
    shardto |-> 1,
    to |-> 3,
    body |->
        [ id |-> 1,
          b |-> 15,
          tq |-> [id |-> <<0, 0>>, t |-> 0],
          abalq |-> 0,
          txq |-> 0,
          depq |-> {},
          phaseq |-> 1,
          rejectq |-> TRUE,
          Wq |-> {},
          WPq |-> {} ] ],
  [ shardfrom |-> 1,
    type |-> 9,
    from |-> 3,
    shardto |-> 2,
    to |-> 1,
    body |->
        [ id |-> 1,
          b |-> 16,
          tq |-> [id |-> <<0, 0>>, t |-> 0],
          abalq |-> 0,
          txq |-> 0,
          depq |-> {},
          phaseq |-> 1,
          rejectq |-> TRUE,
          Wq |-> {},
          WPq |-> {} ] ],
  [ shardfrom |-> 2,
    type |-> 1,
    from |-> 2,
    shardto |-> 1,
    to |-> 1,
    body |-> [id |-> 1, tx |-> 1, D0 |-> {}] ],
  [ shardfrom |-> 2,
    type |-> 1,
    from |-> 2,
    shardto |-> 1,
    to |-> 3,
    body |-> [id |-> 1, tx |-> 1, D0 |-> {}] ],
  [ shardfrom |-> 2,
    type |-> 1,
    from |-> 2,
    shardto |-> 2,
    to |-> 1,
    body |-> [id |-> 1, tx |-> 1, D0 |-> {}] ],
  [ shardfrom |-> 2,
    type |-> 2,
    from |-> 2,
    shardto |-> 2,
    to |-> 2,
    body |-> [id |-> 1, tq |-> [id |-> <<2, 2>>, t |-> 0], Dq |-> {}] ],
  [ shardfrom |-> 2,
    type |-> 2,
    from |-> 3,
    shardto |-> 2,
    to |-> 2,
    body |-> [id |-> 1, tq |-> [id |-> <<2, 2>>, t |-> 0], Dq |-> {}] ],
  [ shardfrom |-> 2,
    type |-> 3,
    from |-> 1,
    shardto |-> 1,
    to |-> 2,
    body |->
        [ id |-> 1,
          t |-> [id |-> <<2, 2>>, t |-> 0],
          b |-> 16,
          tx |-> 1,
          D |-> {} ] ],
  [ shardfrom |-> 2,
    type |-> 4,
    from |-> 2,
    shardto |-> 2,
    to |-> 1,
    body |-> [id |-> 1, b |-> 16, Dq |-> {}] ],
  [ shardfrom |-> 2,
    type |-> 5,
    from |-> 1,
    shardto |-> 2,
    to |-> 3,
    body |->
        [ id |-> 1,
          t |-> [id |-> <<2, 2>>, t |-> 0],
          b |-> 16,
          tx |-> 1,
          D |-> {},
          fastOrSlow |-> 1 ] ],
  [ shardfrom |-> 2,
    type |-> 7,
    from |-> 1,
    shardto |-> 1,
    to |-> 1,
    body |-> [id |-> 1, b |-> 16] ],
  [ shardfrom |-> 2,
    type |-> 7,
    from |-> 1,
    shardto |-> 1,
    to |-> 3,
    body |-> [id |-> 1, b |-> 16] ],
  [ shardfrom |-> 2,
    type |-> 7,
    from |-> 1,
    shardto |-> 2,
    to |-> 3,
    body |-> [id |-> 1, b |-> 16] ],
  [ shardfrom |-> 2,
    type |-> 8,
    from |-> 2,
    shardto |-> 1,
    to |-> 2,
    body |-> [id |-> 1, b |-> 11, tx |-> 1] ],
  [ shardfrom |-> 2,
    type |-> 8,
    from |-> 2,
    shardto |-> 1,
    to |-> 3,
    body |-> [id |-> 1, b |-> 11, tx |-> 1] ],
  [ shardfrom |-> 2,
    type |-> 8,
    from |-> 2,
    shardto |-> 2,
    to |-> 3,
    body |-> [id |-> 1, b |-> 11, tx |-> 1] ],
  [ shardfrom |-> 2,
    type |-> 8,
    from |-> 3,
    shardto |-> 1,
    to |-> 1,
    body |-> [id |-> 1, b |-> 6, tx |-> 1] ],
  [ shardfrom |-> 2,
    type |-> 8,
    from |-> 3,
    shardto |-> 1,
    to |-> 2,
    body |-> [id |-> 1, b |-> 6, tx |-> 1] ],
  [ shardfrom |-> 2,
    type |-> 8,
    from |-> 3,
    shardto |-> 1,
    to |-> 3,
    body |-> [id |-> 1, b |-> 6, tx |-> 1] ],
  [ shardfrom |-> 2,
    type |-> 8,
    from |-> 3,
    shardto |-> 2,
    to |-> 1,
    body |-> [id |-> 1, b |-> 6, tx |-> 1] ],
  [ shardfrom |-> 2,
    type |-> 8,
    from |-> 3,
    shardto |-> 2,
    to |-> 2,
    body |-> [id |-> 1, b |-> 6, tx |-> 1] ],
  [ shardfrom |-> 2,
    type |-> 9,
    from |-> 1,
    shardto |-> 2,
    to |-> 2,
    body |->
        [ id |-> 1,
          b |-> 11,
          tq |-> [id |-> <<0, 0>>, t |-> 0],
          abalq |-> 0,
          txq |-> 1,
          depq |-> {},
          phaseq |-> 1,
          rejectq |-> FALSE,
          Wq |-> {},
          WPq |-> {} ] ],
  [ shardfrom |-> 2,
    type |-> 9,
    from |-> 2,
    shardto |-> 1,
    to |-> 1,
    body |->
        [ id |-> 1,
          b |-> 13,
          tq |-> [id |-> <<2, 2>>, t |-> 0],
          abalq |-> 0,
          txq |-> 1,
          depq |-> {},
          phaseq |-> 2,
          rejectq |-> FALSE,
          Wq |-> {},
          WPq |-> {} ] ],
  [ shardfrom |-> 2,
    type |-> 9,
    from |-> 2,
    shardto |-> 1,
    to |-> 3,
    body |->
        [ id |-> 1,
          b |-> 15,
          tq |-> [id |-> <<2, 2>>, t |-> 0],
          abalq |-> 0,
          txq |-> 1,
          depq |-> {},
          phaseq |-> 2,
          rejectq |-> FALSE,
          Wq |-> {},
          WPq |-> {} ] ],
  [ shardfrom |-> 2,
    type |-> 9,
    from |-> 2,
    shardto |-> 2,
    to |-> 1,
    body |->
        [ id |-> 1,
          b |-> 16,
          tq |-> [id |-> <<2, 2>>, t |-> 0],
          abalq |-> 0,
          txq |-> 1,
          depq |-> {},
          phaseq |-> 2,
          rejectq |-> FALSE,
          Wq |-> {},
          WPq |-> {} ] ],
  [ shardfrom |-> 2,
    type |-> 9,
    from |-> 2,
    shardto |-> 2,
    to |-> 2,
    body |->
        [ id |-> 1,
          b |-> 11,
          tq |-> [id |-> <<2, 2>>, t |-> 0],
          abalq |-> 0,
          txq |-> 1,
          depq |-> {},
          phaseq |-> 2,
          rejectq |-> FALSE,
          Wq |-> {},
          WPq |-> {} ] ],
  [ shardfrom |-> 2,
    type |-> 9,
    from |-> 3,
    shardto |-> 2,
    to |-> 3,
    body |->
        [ id |-> 1,
          b |-> 6,
          tq |-> [id |-> <<2, 2>>, t |-> 0],
          abalq |-> 0,
          txq |-> 1,
          depq |-> {},
          phaseq |-> 2,
          rejectq |-> FALSE,
          Wq |-> {},
          WPq |-> {} ] ] }
/\ Qvar = << <<<<{}, {}>>, <<{}, {}>>, <<{}, {<<1, 2>>, <<1, 3>>}>>>>,
   << <<{<<1, 1>>, <<1, 2>>, <<2, 1>>, <<2, 3>>}, {}>>,
      <<{}, {}>>,
      <<{}, {}>> >> >>
/\ ts = << << <<[id |-> <<2, 2>>, t |-> 0], [id |-> <<1, 1>>, t |-> 2]>>,
      <<[id |-> <<2, 2>>, t |-> 0], [id |-> <<1, 1>>, t |-> 2]>>,
      <<[id |-> <<2, 2>>, t |-> 0], [id |-> <<1, 1>>, t |-> 2]>> >>,
   << <<[id |-> <<2, 2>>, t |-> 0], [id |-> <<0, 0>>, t |-> 0]>>,
      <<[id |-> <<2, 2>>, t |-> 0], [id |-> <<0, 0>>, t |-> 0]>>,
      <<[id |-> <<2, 2>>, t |-> 0], [id |-> <<0, 0>>, t |-> 0]>> >> >>
/\ TXvar = << <<<<bottom, bottom>>, <<bottom, bottom>>, <<bottom, 2>>>>,
   <<<<1, bottom>>, <<bottom, bottom>>, <<bottom, bottom>>>> >>
/\ recovered = <<<<<<1, 1>>, <<1, 1>>, <<1, 1>>>>, <<<<1, 0>>, <<1, 0>>, <<1, 0>>>>>>
/\ initCoord = <<<<2, 2>>, <<1, 1>>>>

State 54: <Next line 769, col 8 to line 774, col 27 of module AccordSpec>
/\ phase = <<<<<<4, 5>>, <<5, 5>>, <<4, 4>>>>, <<<<5, 1>>, <<5, 1>>, <<4, 1>>>>>>
/\ abal = <<<<<<16, 14>>, <<16, 14>>, <<16, 9>>>>, <<<<16, 0>>, <<16, 0>>, <<16, 0>>>>>>
/\ initTimestamp = << [id |-> <<2, 2>>, t |-> 0],
   [id |-> <<1, 1>>, t |-> 2],
   [id |-> <<0, 0>>, t |-> 1] >>
/\ bal = <<<<<<16, 14>>, <<16, 14>>, <<16, 9>>>>, <<<<16, 0>>, <<16, 0>>, <<16, 0>>>>>>
/\ txn = << <<<<1, 2>>, <<1, 2>>, <<1, 2>>>>,
   <<<<1, bottom>>, <<1, bottom>>, <<1, bottom>>>> >>
/\ postWaitingFlag = << <<<<FALSE, FALSE>>, <<FALSE, FALSE>>, <<FALSE, FALSE>>>>,
   <<<<FALSE, FALSE>>, <<FALSE, FALSE>>, <<FALSE, FALSE>>>> >>
/\ Wvar = << <<<<{}, {}>>, <<{}, {}>>, <<{}, {}>>>>,
   <<<<{}, {}>>, <<{}, {}>>, <<{}, {}>>>> >>
/\ dep = << <<<<{}, {1}>>, <<{}, {1}>>, <<{}, {}>>>>,
   <<<<{}, {}>>, <<{}, {}>>, <<{}, {}>>>> >>
/\ recoveryAttemptBal = <<<<<<0, 0>>, <<0, 0>>, <<0, 9>>>>, <<<<16, 0>>, <<0, 0>>, <<0, 0>>>>>>
/\ submitted = {1, 2}
/\ Dvar = << <<<<{}, {}>>, <<{}, {}>>, <<{}, {}>>>>,
   <<<<{}, {}>>, <<{}, {}>>, <<{}, {}>>>> >>
/\ msgs = { [ shardfrom |-> 1,
    type |-> 1,
    from |-> 1,
    shardto |-> 1,
    to |-> 2,
    body |-> [id |-> 2, tx |-> 2, D0 |-> {}] ],
  [ shardfrom |-> 1,
    type |-> 2,
    from |-> 1,
    shardto |-> 1,
    to |-> 1,
    body |-> [id |-> 2, tq |-> [id |-> <<1, 1>>, t |-> 2], Dq |-> {}] ],
  [ shardfrom |-> 1,
    type |-> 2,
    from |-> 2,
    shardto |-> 2,
    to |-> 2,
    body |-> [id |-> 1, tq |-> [id |-> <<2, 2>>, t |-> 0], Dq |-> {}] ],
  [ shardfrom |-> 1,
    type |-> 2,
    from |-> 3,
    shardto |-> 1,
    to |-> 1,
    body |-> [id |-> 2, tq |-> [id |-> <<1, 1>>, t |-> 2], Dq |-> {}] ],
  [ shardfrom |-> 1,
    type |-> 3,
    from |-> 2,
    shardto |-> 1,
    to |-> 3,
    body |->
        [ id |-> 2,
          t |-> [id |-> <<1, 1>>, t |-> 2],
          b |-> 14,
          tx |-> 2,
          D |-> {} ] ],
  [ shardfrom |-> 1,
    type |-> 3,
    from |-> 3,
    shardto |-> 1,
    to |-> 2,
    body |->
        [ id |-> 2,
          t |-> [id |-> <<1, 1>>, t |-> 2],
          b |-> 9,
          tx |-> 2,
          D |-> {} ] ],
  [ shardfrom |-> 1,
    type |-> 5,
    from |-> 2,
    shardto |-> 1,
    to |-> 3,
    body |->
        [ id |-> 2,
          t |-> [id |-> <<1, 1>>, t |-> 2],
          b |-> 14,
          tx |-> 2,
          D |-> {1},
          fastOrSlow |-> 1 ] ],
  [ shardfrom |-> 1,
    type |-> 5,
    from |-> 3,
    shardto |-> 1,
    to |-> 1,
    body |->
        [ id |-> 2,
          t |-> [id |-> <<1, 1>>, t |-> 2],
          b |-> 9,
          tx |-> 2,
          D |-> {},
          fastOrSlow |-> 1 ] ],
  [ shardfrom |-> 1,
    type |-> 5,
    from |-> 3,
    shardto |-> 1,
    to |-> 2,
    body |->
        [ id |-> 2,
          t |-> [id |-> <<1, 1>>, t |-> 2],
          b |-> 9,
          tx |-> 2,
          D |-> {},
          fastOrSlow |-> 1 ] ],
  [ shardfrom |-> 1,
    type |-> 6,
    from |-> 3,
    shardto |-> 1,
    to |-> 3,
    body |-> [id |-> 2, b |-> 9] ],
  [ shardfrom |-> 1,
    type |-> 6,
    from |-> 3,
    shardto |-> 2,
    to |-> 1,
    body |-> [id |-> 1, b |-> 16] ],
  [ shardfrom |-> 1,
    type |-> 7,
    from |-> 2,
    shardto |-> 1,
    to |-> 3,
    body |-> [id |-> 2, b |-> 14] ],
  [ shardfrom |-> 1,
    type |-> 8,
    from |-> 1,
    shardto |-> 1,
    to |-> 2,
    body |-> [id |-> 1, b |-> 13, tx |-> 0] ],
  [ shardfrom |-> 1,
    type |-> 8,
    from |-> 1,
    shardto |-> 1,
    to |-> 2,
    body |-> [id |-> 2, b |-> 7, tx |-> 2] ],
  [ shardfrom |-> 1,
    type |-> 8,
    from |-> 1,
    shardto |-> 1,
    to |-> 3,
    body |-> [id |-> 2, b |-> 7, tx |-> 2] ],
  [ shardfrom |-> 1,
    type |-> 8,
    from |-> 1,
    shardto |-> 2,
    to |-> 1,
    body |-> [id |-> 1, b |-> 13, tx |-> 0] ],
  [ shardfrom |-> 1,
    type |-> 8,
    from |-> 1,
    shardto |-> 2,
    to |-> 3,
    body |-> [id |-> 1, b |-> 13, tx |-> 0] ],
  [ shardfrom |-> 1,
    type |-> 8,
    from |-> 2,
    shardto |-> 1,
    to |-> 1,
    body |-> [id |-> 1, b |-> 8, tx |-> 1] ],
  [ shardfrom |-> 1,
    type |-> 8,
    from |-> 2,
    shardto |-> 1,
    to |-> 3,
    body |-> [id |-> 1, b |-> 8, tx |-> 1] ],
  [ shardfrom |-> 1,
    type |-> 8,
    from |-> 2,
    shardto |-> 1,
    to |-> 3,
    body |-> [id |-> 2, b |-> 14, tx |-> 0] ],
  [ shardfrom |-> 1,
    type |-> 8,
    from |-> 2,
    shardto |-> 2,
    to |-> 1,
    body |-> [id |-> 1, b |-> 8, tx |-> 1] ],
  [ shardfrom |-> 1,
    type |-> 8,
    from |-> 2,
    shardto |-> 2,
    to |-> 2,
    body |-> [id |-> 1, b |-> 8, tx |-> 1] ],
  [ shardfrom |-> 1,
    type |-> 8,
    from |-> 2,
    shardto |-> 2,
    to |-> 3,
    body |-> [id |-> 1, b |-> 8, tx |-> 1] ],
  [ shardfrom |-> 1,
    type |-> 8,
    from |-> 3,
    shardto |-> 1,
    to |-> 1,
    body |-> [id |-> 2, b |-> 9, tx |-> 2] ],
  [ shardfrom |-> 1,
    type |-> 8,
    from |-> 3,
    shardto |-> 2,
    to |-> 1,
    body |-> [id |-> 1, b |-> 15, tx |-> 0] ],
  [ shardfrom |-> 1,
    type |-> 8,
    from |-> 3,
    shardto |-> 2,
    to |-> 3,
    body |-> [id |-> 1, b |-> 15, tx |-> 0] ],
  [ shardfrom |-> 1,
    type |-> 9,
    from |-> 1,
    shardto |-> 1,
    to |-> 1,
    body |->
        [ id |-> 1,
          b |-> 13,
          tq |-> [id |-> <<0, 0>>, t |-> 0],
          abalq |-> 0,
          txq |-> 1,
          depq |-> {},
          phaseq |-> 1,
          rejectq |-> TRUE,
          Wq |-> {},
          WPq |-> {} ] ],
  [ shardfrom |-> 1,
    type |-> 9,
    from |-> 1,
    shardto |-> 1,
    to |-> 1,
    body |->
        [ id |-> 2,
          b |-> 7,
          tq |-> [id |-> <<1, 1>>, t |-> 2],
          abalq |-> 0,
          txq |-> 2,
          depq |-> {},
          phaseq |-> 2,
          rejectq |-> FALSE,
          Wq |-> {},
          WPq |-> {} ] ],
  [ shardfrom |-> 1,
    type |-> 9,
    from |-> 1,
    shardto |-> 1,
    to |-> 3,
    body |->
        [ id |-> 1,
          b |-> 15,
          tq |-> [id |-> <<0, 0>>, t |-> 0],
          abalq |-> 0,
          txq |-> 0,
          depq |-> {},
          phaseq |-> 1,
          rejectq |-> FALSE,
          Wq |-> {},
          WPq |-> {} ] ],
  [ shardfrom |-> 1,
    type |-> 9,
    from |-> 1,
    shardto |-> 2,
    to |-> 2,
    body |->
        [ id |-> 1,
          b |-> 11,
          tq |-> [id |-> <<0, 0>>, t |-> 0],
          abalq |-> 0,
          txq |-> 1,
          depq |-> {},
          phaseq |-> 1,
          rejectq |-> TRUE,
          Wq |-> {},
          WPq |-> {} ] ],
  [ shardfrom |-> 1,
    type |-> 9,
    from |-> 2,
    shardto |-> 1,
    to |-> 2,
    body |->
        [ id |-> 1,
          b |-> 8,
          tq |-> [id |-> <<2, 2>>, t |-> 0],
          abalq |-> 0,
          txq |-> 1,
          depq |-> {},
          phaseq |-> 2,
          rejectq |-> TRUE,
          Wq |-> {},
          WPq |-> {} ] ],
  [ shardfrom |-> 1,
    type |-> 9,
    from |-> 2,
    shardto |-> 1,
    to |-> 3,
    body |->
        [ id |-> 1,
          b |-> 15,
          tq |-> [id |-> <<2, 2>>, t |-> 0],
          abalq |-> 0,
          txq |-> 1,
          depq |-> {},
          phaseq |-> 2,
          rejectq |-> FALSE,
          Wq |-> {},
          WPq |-> {} ] ],
  [ shardfrom |-> 1,
    type |-> 9,
    from |-> 3,
    shardto |-> 1,
    to |-> 1,
    body |->
        [ id |-> 1,
          b |-> 13,
          tq |-> [id |-> <<0, 0>>, t |-> 0],
          abalq |-> 0,
          txq |-> 0,
          depq |-> {},
          phaseq |-> 1,
          rejectq |-> TRUE,
          Wq |-> {},
          WPq |-> {} ] ],
  [ shardfrom |-> 1,
    type |-> 9,
    from |-> 3,
    shardto |-> 1,
    to |-> 3,
    body |->
        [ id |-> 1,
          b |-> 15,
          tq |-> [id |-> <<0, 0>>, t |-> 0],
          abalq |-> 0,
          txq |-> 0,
          depq |-> {},
          phaseq |-> 1,
          rejectq |-> TRUE,
          Wq |-> {},
          WPq |-> {} ] ],
  [ shardfrom |-> 1,
    type |-> 9,
    from |-> 3,
    shardto |-> 2,
    to |-> 1,
    body |->
        [ id |-> 1,
          b |-> 16,
          tq |-> [id |-> <<0, 0>>, t |-> 0],
          abalq |-> 0,
          txq |-> 0,
          depq |-> {},
          phaseq |-> 1,
          rejectq |-> TRUE,
          Wq |-> {},
          WPq |-> {} ] ],
  [ shardfrom |-> 2,
    type |-> 1,
    from |-> 2,
    shardto |-> 1,
    to |-> 1,
    body |-> [id |-> 1, tx |-> 1, D0 |-> {}] ],
  [ shardfrom |-> 2,
    type |-> 1,
    from |-> 2,
    shardto |-> 1,
    to |-> 3,
    body |-> [id |-> 1, tx |-> 1, D0 |-> {}] ],
  [ shardfrom |-> 2,
    type |-> 1,
    from |-> 2,
    shardto |-> 2,
    to |-> 1,
    body |-> [id |-> 1, tx |-> 1, D0 |-> {}] ],
  [ shardfrom |-> 2,
    type |-> 2,
    from |-> 2,
    shardto |-> 2,
    to |-> 2,
    body |-> [id |-> 1, tq |-> [id |-> <<2, 2>>, t |-> 0], Dq |-> {}] ],
  [ shardfrom |-> 2,
    type |-> 2,
    from |-> 3,
    shardto |-> 2,
    to |-> 2,
    body |-> [id |-> 1, tq |-> [id |-> <<2, 2>>, t |-> 0], Dq |-> {}] ],
  [ shardfrom |-> 2,
    type |-> 3,
    from |-> 1,
    shardto |-> 1,
    to |-> 2,
    body |->
        [ id |-> 1,
          t |-> [id |-> <<2, 2>>, t |-> 0],
          b |-> 16,
          tx |-> 1,
          D |-> {} ] ],
  [ shardfrom |-> 2,
    type |-> 4,
    from |-> 2,
    shardto |-> 2,
    to |-> 1,
    body |-> [id |-> 1, b |-> 16, Dq |-> {}] ],
  [ shardfrom |-> 2,
    type |-> 6,
    from |-> 3,
    shardto |-> 2,
    to |-> 1,
    body |-> [id |-> 1, b |-> 16] ],
  [ shardfrom |-> 2,
    type |-> 7,
    from |-> 1,
    shardto |-> 1,
    to |-> 1,
    body |-> [id |-> 1, b |-> 16] ],
  [ shardfrom |-> 2,
    type |-> 7,
    from |-> 1,
    shardto |-> 1,
    to |-> 3,
    body |-> [id |-> 1, b |-> 16] ],
  [ shardfrom |-> 2,
    type |-> 7,
    from |-> 1,
    shardto |-> 2,
    to |-> 3,
    body |-> [id |-> 1, b |-> 16] ],
  [ shardfrom |-> 2,
    type |-> 8,
    from |-> 2,
    shardto |-> 1,
    to |-> 2,
    body |-> [id |-> 1, b |-> 11, tx |-> 1] ],
  [ shardfrom |-> 2,
    type |-> 8,
    from |-> 2,
    shardto |-> 1,
    to |-> 3,
    body |-> [id |-> 1, b |-> 11, tx |-> 1] ],
  [ shardfrom |-> 2,
    type |-> 8,
    from |-> 2,
    shardto |-> 2,
    to |-> 3,
    body |-> [id |-> 1, b |-> 11, tx |-> 1] ],
  [ shardfrom |-> 2,
    type |-> 8,
    from |-> 3,
    shardto |-> 1,
    to |-> 1,
    body |-> [id |-> 1, b |-> 6, tx |-> 1] ],
  [ shardfrom |-> 2,
    type |-> 8,
    from |-> 3,
    shardto |-> 1,
    to |-> 2,
    body |-> [id |-> 1, b |-> 6, tx |-> 1] ],
  [ shardfrom |-> 2,
    type |-> 8,
    from |-> 3,
    shardto |-> 1,
    to |-> 3,
    body |-> [id |-> 1, b |-> 6, tx |-> 1] ],
  [ shardfrom |-> 2,
    type |-> 8,
    from |-> 3,
    shardto |-> 2,
    to |-> 1,
    body |-> [id |-> 1, b |-> 6, tx |-> 1] ],
  [ shardfrom |-> 2,
    type |-> 8,
    from |-> 3,
    shardto |-> 2,
    to |-> 2,
    body |-> [id |-> 1, b |-> 6, tx |-> 1] ],
  [ shardfrom |-> 2,
    type |-> 9,
    from |-> 1,
    shardto |-> 2,
    to |-> 2,
    body |->
        [ id |-> 1,
          b |-> 11,
          tq |-> [id |-> <<0, 0>>, t |-> 0],
          abalq |-> 0,
          txq |-> 1,
          depq |-> {},
          phaseq |-> 1,
          rejectq |-> FALSE,
          Wq |-> {},
          WPq |-> {} ] ],
  [ shardfrom |-> 2,
    type |-> 9,
    from |-> 2,
    shardto |-> 1,
    to |-> 1,
    body |->
        [ id |-> 1,
          b |-> 13,
          tq |-> [id |-> <<2, 2>>, t |-> 0],
          abalq |-> 0,
          txq |-> 1,
          depq |-> {},
          phaseq |-> 2,
          rejectq |-> FALSE,
          Wq |-> {},
          WPq |-> {} ] ],
  [ shardfrom |-> 2,
    type |-> 9,
    from |-> 2,
    shardto |-> 1,
    to |-> 3,
    body |->
        [ id |-> 1,
          b |-> 15,
          tq |-> [id |-> <<2, 2>>, t |-> 0],
          abalq |-> 0,
          txq |-> 1,
          depq |-> {},
          phaseq |-> 2,
          rejectq |-> FALSE,
          Wq |-> {},
          WPq |-> {} ] ],
  [ shardfrom |-> 2,
    type |-> 9,
    from |-> 2,
    shardto |-> 2,
    to |-> 1,
    body |->
        [ id |-> 1,
          b |-> 16,
          tq |-> [id |-> <<2, 2>>, t |-> 0],
          abalq |-> 0,
          txq |-> 1,
          depq |-> {},
          phaseq |-> 2,
          rejectq |-> FALSE,
          Wq |-> {},
          WPq |-> {} ] ],
  [ shardfrom |-> 2,
    type |-> 9,
    from |-> 2,
    shardto |-> 2,
    to |-> 2,
    body |->
        [ id |-> 1,
          b |-> 11,
          tq |-> [id |-> <<2, 2>>, t |-> 0],
          abalq |-> 0,
          txq |-> 1,
          depq |-> {},
          phaseq |-> 2,
          rejectq |-> FALSE,
          Wq |-> {},
          WPq |-> {} ] ],
  [ shardfrom |-> 2,
    type |-> 9,
    from |-> 3,
    shardto |-> 2,
    to |-> 3,
    body |->
        [ id |-> 1,
          b |-> 6,
          tq |-> [id |-> <<2, 2>>, t |-> 0],
          abalq |-> 0,
          txq |-> 1,
          depq |-> {},
          phaseq |-> 2,
          rejectq |-> FALSE,
          Wq |-> {},
          WPq |-> {} ] ] }
/\ Qvar = << <<<<{}, {}>>, <<{}, {}>>, <<{}, {<<1, 2>>, <<1, 3>>}>>>>,
   << <<{<<1, 1>>, <<1, 2>>, <<2, 1>>, <<2, 3>>}, {}>>,
      <<{}, {}>>,
      <<{}, {}>> >> >>
/\ ts = << << <<[id |-> <<2, 2>>, t |-> 0], [id |-> <<1, 1>>, t |-> 2]>>,
      <<[id |-> <<2, 2>>, t |-> 0], [id |-> <<1, 1>>, t |-> 2]>>,
      <<[id |-> <<2, 2>>, t |-> 0], [id |-> <<1, 1>>, t |-> 2]>> >>,
   << <<[id |-> <<2, 2>>, t |-> 0], [id |-> <<0, 0>>, t |-> 0]>>,
      <<[id |-> <<2, 2>>, t |-> 0], [id |-> <<0, 0>>, t |-> 0]>>,
      <<[id |-> <<2, 2>>, t |-> 0], [id |-> <<0, 0>>, t |-> 0]>> >> >>
/\ TXvar = << <<<<bottom, bottom>>, <<bottom, bottom>>, <<bottom, 2>>>>,
   <<<<1, bottom>>, <<bottom, bottom>>, <<bottom, bottom>>>> >>
/\ recovered = <<<<<<1, 1>>, <<1, 1>>, <<1, 1>>>>, <<<<1, 0>>, <<1, 0>>, <<1, 0>>>>>>
/\ initCoord = <<<<2, 2>>, <<1, 1>>>>

State 55: <Next line 769, col 8 to line 774, col 27 of module AccordSpec>
/\ phase = <<<<<<4, 5>>, <<5, 5>>, <<4, 4>>>>, <<<<5, 1>>, <<5, 1>>, <<5, 1>>>>>>
/\ abal = <<<<<<16, 14>>, <<16, 14>>, <<16, 9>>>>, <<<<16, 0>>, <<16, 0>>, <<16, 0>>>>>>
/\ initTimestamp = << [id |-> <<2, 2>>, t |-> 0],
   [id |-> <<1, 1>>, t |-> 2],
   [id |-> <<0, 0>>, t |-> 1] >>
/\ bal = <<<<<<16, 14>>, <<16, 14>>, <<16, 9>>>>, <<<<16, 0>>, <<16, 0>>, <<16, 0>>>>>>
/\ txn = << <<<<1, 2>>, <<1, 2>>, <<1, 2>>>>,
   <<<<1, bottom>>, <<1, bottom>>, <<1, bottom>>>> >>
/\ postWaitingFlag = << <<<<FALSE, FALSE>>, <<FALSE, FALSE>>, <<FALSE, FALSE>>>>,
   <<<<FALSE, FALSE>>, <<FALSE, FALSE>>, <<FALSE, FALSE>>>> >>
/\ Wvar = << <<<<{}, {}>>, <<{}, {}>>, <<{}, {}>>>>,
   <<<<{}, {}>>, <<{}, {}>>, <<{}, {}>>>> >>
/\ dep = << <<<<{}, {1}>>, <<{}, {1}>>, <<{}, {}>>>>,
   <<<<{}, {}>>, <<{}, {}>>, <<{}, {}>>>> >>
/\ recoveryAttemptBal = <<<<<<0, 0>>, <<0, 0>>, <<0, 9>>>>, <<<<16, 0>>, <<0, 0>>, <<0, 0>>>>>>
/\ submitted = {1, 2}
/\ Dvar = << <<<<{}, {}>>, <<{}, {}>>, <<{}, {}>>>>,
   <<<<{}, {}>>, <<{}, {}>>, <<{}, {}>>>> >>
/\ msgs = { [ shardfrom |-> 1,
    type |-> 1,
    from |-> 1,
    shardto |-> 1,
    to |-> 2,
    body |-> [id |-> 2, tx |-> 2, D0 |-> {}] ],
  [ shardfrom |-> 1,
    type |-> 2,
    from |-> 1,
    shardto |-> 1,
    to |-> 1,
    body |-> [id |-> 2, tq |-> [id |-> <<1, 1>>, t |-> 2], Dq |-> {}] ],
  [ shardfrom |-> 1,
    type |-> 2,
    from |-> 2,
    shardto |-> 2,
    to |-> 2,
    body |-> [id |-> 1, tq |-> [id |-> <<2, 2>>, t |-> 0], Dq |-> {}] ],
  [ shardfrom |-> 1,
    type |-> 2,
    from |-> 3,
    shardto |-> 1,
    to |-> 1,
    body |-> [id |-> 2, tq |-> [id |-> <<1, 1>>, t |-> 2], Dq |-> {}] ],
  [ shardfrom |-> 1,
    type |-> 3,
    from |-> 2,
    shardto |-> 1,
    to |-> 3,
    body |->
        [ id |-> 2,
          t |-> [id |-> <<1, 1>>, t |-> 2],
          b |-> 14,
          tx |-> 2,
          D |-> {} ] ],
  [ shardfrom |-> 1,
    type |-> 3,
    from |-> 3,
    shardto |-> 1,
    to |-> 2,
    body |->
        [ id |-> 2,
          t |-> [id |-> <<1, 1>>, t |-> 2],
          b |-> 9,
          tx |-> 2,
          D |-> {} ] ],
  [ shardfrom |-> 1,
    type |-> 5,
    from |-> 2,
    shardto |-> 1,
    to |-> 3,
    body |->
        [ id |-> 2,
          t |-> [id |-> <<1, 1>>, t |-> 2],
          b |-> 14,
          tx |-> 2,
          D |-> {1},
          fastOrSlow |-> 1 ] ],
  [ shardfrom |-> 1,
    type |-> 5,
    from |-> 3,
    shardto |-> 1,
    to |-> 1,
    body |->
        [ id |-> 2,
          t |-> [id |-> <<1, 1>>, t |-> 2],
          b |-> 9,
          tx |-> 2,
          D |-> {},
          fastOrSlow |-> 1 ] ],
  [ shardfrom |-> 1,
    type |-> 5,
    from |-> 3,
    shardto |-> 1,
    to |-> 2,
    body |->
        [ id |-> 2,
          t |-> [id |-> <<1, 1>>, t |-> 2],
          b |-> 9,
          tx |-> 2,
          D |-> {},
          fastOrSlow |-> 1 ] ],
  [ shardfrom |-> 1,
    type |-> 6,
    from |-> 3,
    shardto |-> 1,
    to |-> 3,
    body |-> [id |-> 2, b |-> 9] ],
  [ shardfrom |-> 1,
    type |-> 6,
    from |-> 3,
    shardto |-> 2,
    to |-> 1,
    body |-> [id |-> 1, b |-> 16] ],
  [ shardfrom |-> 1,
    type |-> 7,
    from |-> 2,
    shardto |-> 1,
    to |-> 3,
    body |-> [id |-> 2, b |-> 14] ],
  [ shardfrom |-> 1,
    type |-> 8,
    from |-> 1,
    shardto |-> 1,
    to |-> 2,
    body |-> [id |-> 1, b |-> 13, tx |-> 0] ],
  [ shardfrom |-> 1,
    type |-> 8,
    from |-> 1,
    shardto |-> 1,
    to |-> 2,
    body |-> [id |-> 2, b |-> 7, tx |-> 2] ],
  [ shardfrom |-> 1,
    type |-> 8,
    from |-> 1,
    shardto |-> 1,
    to |-> 3,
    body |-> [id |-> 2, b |-> 7, tx |-> 2] ],
  [ shardfrom |-> 1,
    type |-> 8,
    from |-> 1,
    shardto |-> 2,
    to |-> 1,
    body |-> [id |-> 1, b |-> 13, tx |-> 0] ],
  [ shardfrom |-> 1,
    type |-> 8,
    from |-> 1,
    shardto |-> 2,
    to |-> 3,
    body |-> [id |-> 1, b |-> 13, tx |-> 0] ],
  [ shardfrom |-> 1,
    type |-> 8,
    from |-> 2,
    shardto |-> 1,
    to |-> 1,
    body |-> [id |-> 1, b |-> 8, tx |-> 1] ],
  [ shardfrom |-> 1,
    type |-> 8,
    from |-> 2,
    shardto |-> 1,
    to |-> 3,
    body |-> [id |-> 1, b |-> 8, tx |-> 1] ],
  [ shardfrom |-> 1,
    type |-> 8,
    from |-> 2,
    shardto |-> 1,
    to |-> 3,
    body |-> [id |-> 2, b |-> 14, tx |-> 0] ],
  [ shardfrom |-> 1,
    type |-> 8,
    from |-> 2,
    shardto |-> 2,
    to |-> 1,
    body |-> [id |-> 1, b |-> 8, tx |-> 1] ],
  [ shardfrom |-> 1,
    type |-> 8,
    from |-> 2,
    shardto |-> 2,
    to |-> 2,
    body |-> [id |-> 1, b |-> 8, tx |-> 1] ],
  [ shardfrom |-> 1,
    type |-> 8,
    from |-> 2,
    shardto |-> 2,
    to |-> 3,
    body |-> [id |-> 1, b |-> 8, tx |-> 1] ],
  [ shardfrom |-> 1,
    type |-> 8,
    from |-> 3,
    shardto |-> 1,
    to |-> 1,
    body |-> [id |-> 2, b |-> 9, tx |-> 2] ],
  [ shardfrom |-> 1,
    type |-> 8,
    from |-> 3,
    shardto |-> 2,
    to |-> 1,
    body |-> [id |-> 1, b |-> 15, tx |-> 0] ],
  [ shardfrom |-> 1,
    type |-> 8,
    from |-> 3,
    shardto |-> 2,
    to |-> 3,
    body |-> [id |-> 1, b |-> 15, tx |-> 0] ],
  [ shardfrom |-> 1,
    type |-> 9,
    from |-> 1,
    shardto |-> 1,
    to |-> 1,
    body |->
        [ id |-> 1,
          b |-> 13,
          tq |-> [id |-> <<0, 0>>, t |-> 0],
          abalq |-> 0,
          txq |-> 1,
          depq |-> {},
          phaseq |-> 1,
          rejectq |-> TRUE,
          Wq |-> {},
          WPq |-> {} ] ],
  [ shardfrom |-> 1,
    type |-> 9,
    from |-> 1,
    shardto |-> 1,
    to |-> 1,
    body |->
        [ id |-> 2,
          b |-> 7,
          tq |-> [id |-> <<1, 1>>, t |-> 2],
          abalq |-> 0,
          txq |-> 2,
          depq |-> {},
          phaseq |-> 2,
          rejectq |-> FALSE,
          Wq |-> {},
          WPq |-> {} ] ],
  [ shardfrom |-> 1,
    type |-> 9,
    from |-> 1,
    shardto |-> 1,
    to |-> 3,
    body |->
        [ id |-> 1,
          b |-> 15,
          tq |-> [id |-> <<0, 0>>, t |-> 0],
          abalq |-> 0,
          txq |-> 0,
          depq |-> {},
          phaseq |-> 1,
          rejectq |-> FALSE,
          Wq |-> {},
          WPq |-> {} ] ],
  [ shardfrom |-> 1,
    type |-> 9,
    from |-> 1,
    shardto |-> 2,
    to |-> 2,
    body |->
        [ id |-> 1,
          b |-> 11,
          tq |-> [id |-> <<0, 0>>, t |-> 0],
          abalq |-> 0,
          txq |-> 1,
          depq |-> {},
          phaseq |-> 1,
          rejectq |-> TRUE,
          Wq |-> {},
          WPq |-> {} ] ],
  [ shardfrom |-> 1,
    type |-> 9,
    from |-> 2,
    shardto |-> 1,
    to |-> 2,
    body |->
        [ id |-> 1,
          b |-> 8,
          tq |-> [id |-> <<2, 2>>, t |-> 0],
          abalq |-> 0,
          txq |-> 1,
          depq |-> {},
          phaseq |-> 2,
          rejectq |-> TRUE,
          Wq |-> {},
          WPq |-> {} ] ],
  [ shardfrom |-> 1,
    type |-> 9,
    from |-> 2,
    shardto |-> 1,
    to |-> 3,
    body |->
        [ id |-> 1,
          b |-> 15,
          tq |-> [id |-> <<2, 2>>, t |-> 0],
          abalq |-> 0,
          txq |-> 1,
          depq |-> {},
          phaseq |-> 2,
          rejectq |-> FALSE,
          Wq |-> {},
          WPq |-> {} ] ],
  [ shardfrom |-> 1,
    type |-> 9,
    from |-> 3,
    shardto |-> 1,
    to |-> 1,
    body |->
        [ id |-> 1,
          b |-> 13,
          tq |-> [id |-> <<0, 0>>, t |-> 0],
          abalq |-> 0,
          txq |-> 0,
          depq |-> {},
          phaseq |-> 1,
          rejectq |-> TRUE,
          Wq |-> {},
          WPq |-> {} ] ],
  [ shardfrom |-> 1,
    type |-> 9,
    from |-> 3,
    shardto |-> 1,
    to |-> 3,
    body |->
        [ id |-> 1,
          b |-> 15,
          tq |-> [id |-> <<0, 0>>, t |-> 0],
          abalq |-> 0,
          txq |-> 0,
          depq |-> {},
          phaseq |-> 1,
          rejectq |-> TRUE,
          Wq |-> {},
          WPq |-> {} ] ],
  [ shardfrom |-> 1,
    type |-> 9,
    from |-> 3,
    shardto |-> 2,
    to |-> 1,
    body |->
        [ id |-> 1,
          b |-> 16,
          tq |-> [id |-> <<0, 0>>, t |-> 0],
          abalq |-> 0,
          txq |-> 0,
          depq |-> {},
          phaseq |-> 1,
          rejectq |-> TRUE,
          Wq |-> {},
          WPq |-> {} ] ],
  [ shardfrom |-> 2,
    type |-> 1,
    from |-> 2,
    shardto |-> 1,
    to |-> 1,
    body |-> [id |-> 1, tx |-> 1, D0 |-> {}] ],
  [ shardfrom |-> 2,
    type |-> 1,
    from |-> 2,
    shardto |-> 1,
    to |-> 3,
    body |-> [id |-> 1, tx |-> 1, D0 |-> {}] ],
  [ shardfrom |-> 2,
    type |-> 1,
    from |-> 2,
    shardto |-> 2,
    to |-> 1,
    body |-> [id |-> 1, tx |-> 1, D0 |-> {}] ],
  [ shardfrom |-> 2,
    type |-> 2,
    from |-> 2,
    shardto |-> 2,
    to |-> 2,
    body |-> [id |-> 1, tq |-> [id |-> <<2, 2>>, t |-> 0], Dq |-> {}] ],
  [ shardfrom |-> 2,
    type |-> 2,
    from |-> 3,
    shardto |-> 2,
    to |-> 2,
    body |-> [id |-> 1, tq |-> [id |-> <<2, 2>>, t |-> 0], Dq |-> {}] ],
  [ shardfrom |-> 2,
    type |-> 3,
    from |-> 1,
    shardto |-> 1,
    to |-> 2,
    body |->
        [ id |-> 1,
          t |-> [id |-> <<2, 2>>, t |-> 0],
          b |-> 16,
          tx |-> 1,
          D |-> {} ] ],
  [ shardfrom |-> 2,
    type |-> 4,
    from |-> 2,
    shardto |-> 2,
    to |-> 1,
    body |-> [id |-> 1, b |-> 16, Dq |-> {}] ],
  [ shardfrom |-> 2,
    type |-> 6,
    from |-> 3,
    shardto |-> 2,
    to |-> 1,
    body |-> [id |-> 1, b |-> 16] ],
  [ shardfrom |-> 2,
    type |-> 7,
    from |-> 1,
    shardto |-> 1,
    to |-> 1,
    body |-> [id |-> 1, b |-> 16] ],
  [ shardfrom |-> 2,
    type |-> 7,
    from |-> 1,
    shardto |-> 1,
    to |-> 3,
    body |-> [id |-> 1, b |-> 16] ],
  [ shardfrom |-> 2,
    type |-> 8,
    from |-> 2,
    shardto |-> 1,
    to |-> 2,
    body |-> [id |-> 1, b |-> 11, tx |-> 1] ],
  [ shardfrom |-> 2,
    type |-> 8,
    from |-> 2,
    shardto |-> 1,
    to |-> 3,
    body |-> [id |-> 1, b |-> 11, tx |-> 1] ],
  [ shardfrom |-> 2,
    type |-> 8,
    from |-> 2,
    shardto |-> 2,
    to |-> 3,
    body |-> [id |-> 1, b |-> 11, tx |-> 1] ],
  [ shardfrom |-> 2,
    type |-> 8,
    from |-> 3,
    shardto |-> 1,
    to |-> 1,
    body |-> [id |-> 1, b |-> 6, tx |-> 1] ],
  [ shardfrom |-> 2,
    type |-> 8,
    from |-> 3,
    shardto |-> 1,
    to |-> 2,
    body |-> [id |-> 1, b |-> 6, tx |-> 1] ],
  [ shardfrom |-> 2,
    type |-> 8,
    from |-> 3,
    shardto |-> 1,
    to |-> 3,
    body |-> [id |-> 1, b |-> 6, tx |-> 1] ],
  [ shardfrom |-> 2,
    type |-> 8,
    from |-> 3,
    shardto |-> 2,
    to |-> 1,
    body |-> [id |-> 1, b |-> 6, tx |-> 1] ],
  [ shardfrom |-> 2,
    type |-> 8,
    from |-> 3,
    shardto |-> 2,
    to |-> 2,
    body |-> [id |-> 1, b |-> 6, tx |-> 1] ],
  [ shardfrom |-> 2,
    type |-> 9,
    from |-> 1,
    shardto |-> 2,
    to |-> 2,
    body |->
        [ id |-> 1,
          b |-> 11,
          tq |-> [id |-> <<0, 0>>, t |-> 0],
          abalq |-> 0,
          txq |-> 1,
          depq |-> {},
          phaseq |-> 1,
          rejectq |-> FALSE,
          Wq |-> {},
          WPq |-> {} ] ],
  [ shardfrom |-> 2,
    type |-> 9,
    from |-> 2,
    shardto |-> 1,
    to |-> 1,
    body |->
        [ id |-> 1,
          b |-> 13,
          tq |-> [id |-> <<2, 2>>, t |-> 0],
          abalq |-> 0,
          txq |-> 1,
          depq |-> {},
          phaseq |-> 2,
          rejectq |-> FALSE,
          Wq |-> {},
          WPq |-> {} ] ],
  [ shardfrom |-> 2,
    type |-> 9,
    from |-> 2,
    shardto |-> 1,
    to |-> 3,
    body |->
        [ id |-> 1,
          b |-> 15,
          tq |-> [id |-> <<2, 2>>, t |-> 0],
          abalq |-> 0,
          txq |-> 1,
          depq |-> {},
          phaseq |-> 2,
          rejectq |-> FALSE,
          Wq |-> {},
          WPq |-> {} ] ],
  [ shardfrom |-> 2,
    type |-> 9,
    from |-> 2,
    shardto |-> 2,
    to |-> 1,
    body |->
        [ id |-> 1,
          b |-> 16,
          tq |-> [id |-> <<2, 2>>, t |-> 0],
          abalq |-> 0,
          txq |-> 1,
          depq |-> {},
          phaseq |-> 2,
          rejectq |-> FALSE,
          Wq |-> {},
          WPq |-> {} ] ],
  [ shardfrom |-> 2,
    type |-> 9,
    from |-> 2,
    shardto |-> 2,
    to |-> 2,
    body |->
        [ id |-> 1,
          b |-> 11,
          tq |-> [id |-> <<2, 2>>, t |-> 0],
          abalq |-> 0,
          txq |-> 1,
          depq |-> {},
          phaseq |-> 2,
          rejectq |-> FALSE,
          Wq |-> {},
          WPq |-> {} ] ],
  [ shardfrom |-> 2,
    type |-> 9,
    from |-> 3,
    shardto |-> 2,
    to |-> 3,
    body |->
        [ id |-> 1,
          b |-> 6,
          tq |-> [id |-> <<2, 2>>, t |-> 0],
          abalq |-> 0,
          txq |-> 1,
          depq |-> {},
          phaseq |-> 2,
          rejectq |-> FALSE,
          Wq |-> {},
          WPq |-> {} ] ] }
/\ Qvar = << <<<<{}, {}>>, <<{}, {}>>, <<{}, {<<1, 2>>, <<1, 3>>}>>>>,
   << <<{<<1, 1>>, <<1, 2>>, <<2, 1>>, <<2, 3>>}, {}>>,
      <<{}, {}>>,
      <<{}, {}>> >> >>
/\ ts = << << <<[id |-> <<2, 2>>, t |-> 0], [id |-> <<1, 1>>, t |-> 2]>>,
      <<[id |-> <<2, 2>>, t |-> 0], [id |-> <<1, 1>>, t |-> 2]>>,
      <<[id |-> <<2, 2>>, t |-> 0], [id |-> <<1, 1>>, t |-> 2]>> >>,
   << <<[id |-> <<2, 2>>, t |-> 0], [id |-> <<0, 0>>, t |-> 0]>>,
      <<[id |-> <<2, 2>>, t |-> 0], [id |-> <<0, 0>>, t |-> 0]>>,
      <<[id |-> <<2, 2>>, t |-> 0], [id |-> <<0, 0>>, t |-> 0]>> >> >>
/\ TXvar = << <<<<bottom, bottom>>, <<bottom, bottom>>, <<bottom, 2>>>>,
   <<<<1, bottom>>, <<bottom, bottom>>, <<bottom, bottom>>>> >>
/\ recovered = <<<<<<1, 1>>, <<1, 1>>, <<1, 1>>>>, <<<<1, 0>>, <<1, 0>>, <<1, 0>>>>>>
/\ initCoord = <<<<2, 2>>, <<1, 1>>>>

State 56: <Next line 769, col 8 to line 774, col 27 of module AccordSpec>
/\ phase = <<<<<<4, 5>>, <<5, 5>>, <<5, 4>>>>, <<<<5, 1>>, <<5, 1>>, <<5, 1>>>>>>
/\ abal = <<<<<<16, 14>>, <<16, 14>>, <<16, 9>>>>, <<<<16, 0>>, <<16, 0>>, <<16, 0>>>>>>
/\ initTimestamp = << [id |-> <<2, 2>>, t |-> 0],
   [id |-> <<1, 1>>, t |-> 2],
   [id |-> <<0, 0>>, t |-> 1] >>
/\ bal = <<<<<<16, 14>>, <<16, 14>>, <<16, 9>>>>, <<<<16, 0>>, <<16, 0>>, <<16, 0>>>>>>
/\ txn = << <<<<1, 2>>, <<1, 2>>, <<1, 2>>>>,
   <<<<1, bottom>>, <<1, bottom>>, <<1, bottom>>>> >>
/\ postWaitingFlag = << <<<<FALSE, FALSE>>, <<FALSE, FALSE>>, <<FALSE, FALSE>>>>,
   <<<<FALSE, FALSE>>, <<FALSE, FALSE>>, <<FALSE, FALSE>>>> >>
/\ Wvar = << <<<<{}, {}>>, <<{}, {}>>, <<{}, {}>>>>,
   <<<<{}, {}>>, <<{}, {}>>, <<{}, {}>>>> >>
/\ dep = << <<<<{}, {1}>>, <<{}, {1}>>, <<{}, {}>>>>,
   <<<<{}, {}>>, <<{}, {}>>, <<{}, {}>>>> >>
/\ recoveryAttemptBal = <<<<<<0, 0>>, <<0, 0>>, <<0, 9>>>>, <<<<16, 0>>, <<0, 0>>, <<0, 0>>>>>>
/\ submitted = {1, 2}
/\ Dvar = << <<<<{}, {}>>, <<{}, {}>>, <<{}, {}>>>>,
   <<<<{}, {}>>, <<{}, {}>>, <<{}, {}>>>> >>
/\ msgs = { [ shardfrom |-> 1,
    type |-> 1,
    from |-> 1,
    shardto |-> 1,
    to |-> 2,
    body |-> [id |-> 2, tx |-> 2, D0 |-> {}] ],
  [ shardfrom |-> 1,
    type |-> 2,
    from |-> 1,
    shardto |-> 1,
    to |-> 1,
    body |-> [id |-> 2, tq |-> [id |-> <<1, 1>>, t |-> 2], Dq |-> {}] ],
  [ shardfrom |-> 1,
    type |-> 2,
    from |-> 2,
    shardto |-> 2,
    to |-> 2,
    body |-> [id |-> 1, tq |-> [id |-> <<2, 2>>, t |-> 0], Dq |-> {}] ],
  [ shardfrom |-> 1,
    type |-> 2,
    from |-> 3,
    shardto |-> 1,
    to |-> 1,
    body |-> [id |-> 2, tq |-> [id |-> <<1, 1>>, t |-> 2], Dq |-> {}] ],
  [ shardfrom |-> 1,
    type |-> 3,
    from |-> 2,
    shardto |-> 1,
    to |-> 3,
    body |->
        [ id |-> 2,
          t |-> [id |-> <<1, 1>>, t |-> 2],
          b |-> 14,
          tx |-> 2,
          D |-> {} ] ],
  [ shardfrom |-> 1,
    type |-> 3,
    from |-> 3,
    shardto |-> 1,
    to |-> 2,
    body |->
        [ id |-> 2,
          t |-> [id |-> <<1, 1>>, t |-> 2],
          b |-> 9,
          tx |-> 2,
          D |-> {} ] ],
  [ shardfrom |-> 1,
    type |-> 5,
    from |-> 2,
    shardto |-> 1,
    to |-> 3,
    body |->
        [ id |-> 2,
          t |-> [id |-> <<1, 1>>, t |-> 2],
          b |-> 14,
          tx |-> 2,
          D |-> {1},
          fastOrSlow |-> 1 ] ],
  [ shardfrom |-> 1,
    type |-> 5,
    from |-> 3,
    shardto |-> 1,
    to |-> 1,
    body |->
        [ id |-> 2,
          t |-> [id |-> <<1, 1>>, t |-> 2],
          b |-> 9,
          tx |-> 2,
          D |-> {},
          fastOrSlow |-> 1 ] ],
  [ shardfrom |-> 1,
    type |-> 5,
    from |-> 3,
    shardto |-> 1,
    to |-> 2,
    body |->
        [ id |-> 2,
          t |-> [id |-> <<1, 1>>, t |-> 2],
          b |-> 9,
          tx |-> 2,
          D |-> {},
          fastOrSlow |-> 1 ] ],
  [ shardfrom |-> 1,
    type |-> 6,
    from |-> 3,
    shardto |-> 1,
    to |-> 3,
    body |-> [id |-> 2, b |-> 9] ],
  [ shardfrom |-> 1,
    type |-> 6,
    from |-> 3,
    shardto |-> 2,
    to |-> 1,
    body |-> [id |-> 1, b |-> 16] ],
  [ shardfrom |-> 1,
    type |-> 7,
    from |-> 2,
    shardto |-> 1,
    to |-> 3,
    body |-> [id |-> 2, b |-> 14] ],
  [ shardfrom |-> 1,
    type |-> 8,
    from |-> 1,
    shardto |-> 1,
    to |-> 2,
    body |-> [id |-> 1, b |-> 13, tx |-> 0] ],
  [ shardfrom |-> 1,
    type |-> 8,
    from |-> 1,
    shardto |-> 1,
    to |-> 2,
    body |-> [id |-> 2, b |-> 7, tx |-> 2] ],
  [ shardfrom |-> 1,
    type |-> 8,
    from |-> 1,
    shardto |-> 1,
    to |-> 3,
    body |-> [id |-> 2, b |-> 7, tx |-> 2] ],
  [ shardfrom |-> 1,
    type |-> 8,
    from |-> 1,
    shardto |-> 2,
    to |-> 1,
    body |-> [id |-> 1, b |-> 13, tx |-> 0] ],
  [ shardfrom |-> 1,
    type |-> 8,
    from |-> 1,
    shardto |-> 2,
    to |-> 3,
    body |-> [id |-> 1, b |-> 13, tx |-> 0] ],
  [ shardfrom |-> 1,
    type |-> 8,
    from |-> 2,
    shardto |-> 1,
    to |-> 1,
    body |-> [id |-> 1, b |-> 8, tx |-> 1] ],
  [ shardfrom |-> 1,
    type |-> 8,
    from |-> 2,
    shardto |-> 1,
    to |-> 3,
    body |-> [id |-> 1, b |-> 8, tx |-> 1] ],
  [ shardfrom |-> 1,
    type |-> 8,
    from |-> 2,
    shardto |-> 1,
    to |-> 3,
    body |-> [id |-> 2, b |-> 14, tx |-> 0] ],
  [ shardfrom |-> 1,
    type |-> 8,
    from |-> 2,
    shardto |-> 2,
    to |-> 1,
    body |-> [id |-> 1, b |-> 8, tx |-> 1] ],
  [ shardfrom |-> 1,
    type |-> 8,
    from |-> 2,
    shardto |-> 2,
    to |-> 2,
    body |-> [id |-> 1, b |-> 8, tx |-> 1] ],
  [ shardfrom |-> 1,
    type |-> 8,
    from |-> 2,
    shardto |-> 2,
    to |-> 3,
    body |-> [id |-> 1, b |-> 8, tx |-> 1] ],
  [ shardfrom |-> 1,
    type |-> 8,
    from |-> 3,
    shardto |-> 1,
    to |-> 1,
    body |-> [id |-> 2, b |-> 9, tx |-> 2] ],
  [ shardfrom |-> 1,
    type |-> 8,
    from |-> 3,
    shardto |-> 2,
    to |-> 1,
    body |-> [id |-> 1, b |-> 15, tx |-> 0] ],
  [ shardfrom |-> 1,
    type |-> 8,
    from |-> 3,
    shardto |-> 2,
    to |-> 3,
    body |-> [id |-> 1, b |-> 15, tx |-> 0] ],
  [ shardfrom |-> 1,
    type |-> 9,
    from |-> 1,
    shardto |-> 1,
    to |-> 1,
    body |->
        [ id |-> 1,
          b |-> 13,
          tq |-> [id |-> <<0, 0>>, t |-> 0],
          abalq |-> 0,
          txq |-> 1,
          depq |-> {},
          phaseq |-> 1,
          rejectq |-> TRUE,
          Wq |-> {},
          WPq |-> {} ] ],
  [ shardfrom |-> 1,
    type |-> 9,
    from |-> 1,
    shardto |-> 1,
    to |-> 1,
    body |->
        [ id |-> 2,
          b |-> 7,
          tq |-> [id |-> <<1, 1>>, t |-> 2],
          abalq |-> 0,
          txq |-> 2,
          depq |-> {},
          phaseq |-> 2,
          rejectq |-> FALSE,
          Wq |-> {},
          WPq |-> {} ] ],
  [ shardfrom |-> 1,
    type |-> 9,
    from |-> 1,
    shardto |-> 1,
    to |-> 3,
    body |->
        [ id |-> 1,
          b |-> 15,
          tq |-> [id |-> <<0, 0>>, t |-> 0],
          abalq |-> 0,
          txq |-> 0,
          depq |-> {},
          phaseq |-> 1,
          rejectq |-> FALSE,
          Wq |-> {},
          WPq |-> {} ] ],
  [ shardfrom |-> 1,
    type |-> 9,
    from |-> 1,
    shardto |-> 2,
    to |-> 2,
    body |->
        [ id |-> 1,
          b |-> 11,
          tq |-> [id |-> <<0, 0>>, t |-> 0],
          abalq |-> 0,
          txq |-> 1,
          depq |-> {},
          phaseq |-> 1,
          rejectq |-> TRUE,
          Wq |-> {},
          WPq |-> {} ] ],
  [ shardfrom |-> 1,
    type |-> 9,
    from |-> 2,
    shardto |-> 1,
    to |-> 2,
    body |->
        [ id |-> 1,
          b |-> 8,
          tq |-> [id |-> <<2, 2>>, t |-> 0],
          abalq |-> 0,
          txq |-> 1,
          depq |-> {},
          phaseq |-> 2,
          rejectq |-> TRUE,
          Wq |-> {},
          WPq |-> {} ] ],
  [ shardfrom |-> 1,
    type |-> 9,
    from |-> 2,
    shardto |-> 1,
    to |-> 3,
    body |->
        [ id |-> 1,
          b |-> 15,
          tq |-> [id |-> <<2, 2>>, t |-> 0],
          abalq |-> 0,
          txq |-> 1,
          depq |-> {},
          phaseq |-> 2,
          rejectq |-> FALSE,
          Wq |-> {},
          WPq |-> {} ] ],
  [ shardfrom |-> 1,
    type |-> 9,
    from |-> 3,
    shardto |-> 1,
    to |-> 1,
    body |->
        [ id |-> 1,
          b |-> 13,
          tq |-> [id |-> <<0, 0>>, t |-> 0],
          abalq |-> 0,
          txq |-> 0,
          depq |-> {},
          phaseq |-> 1,
          rejectq |-> TRUE,
          Wq |-> {},
          WPq |-> {} ] ],
  [ shardfrom |-> 1,
    type |-> 9,
    from |-> 3,
    shardto |-> 1,
    to |-> 3,
    body |->
        [ id |-> 1,
          b |-> 15,
          tq |-> [id |-> <<0, 0>>, t |-> 0],
          abalq |-> 0,
          txq |-> 0,
          depq |-> {},
          phaseq |-> 1,
          rejectq |-> TRUE,
          Wq |-> {},
          WPq |-> {} ] ],
  [ shardfrom |-> 1,
    type |-> 9,
    from |-> 3,
    shardto |-> 2,
    to |-> 1,
    body |->
        [ id |-> 1,
          b |-> 16,
          tq |-> [id |-> <<0, 0>>, t |-> 0],
          abalq |-> 0,
          txq |-> 0,
          depq |-> {},
          phaseq |-> 1,
          rejectq |-> TRUE,
          Wq |-> {},
          WPq |-> {} ] ],
  [ shardfrom |-> 2,
    type |-> 1,
    from |-> 2,
    shardto |-> 1,
    to |-> 1,
    body |-> [id |-> 1, tx |-> 1, D0 |-> {}] ],
  [ shardfrom |-> 2,
    type |-> 1,
    from |-> 2,
    shardto |-> 1,
    to |-> 3,
    body |-> [id |-> 1, tx |-> 1, D0 |-> {}] ],
  [ shardfrom |-> 2,
    type |-> 1,
    from |-> 2,
    shardto |-> 2,
    to |-> 1,
    body |-> [id |-> 1, tx |-> 1, D0 |-> {}] ],
  [ shardfrom |-> 2,
    type |-> 2,
    from |-> 2,
    shardto |-> 2,
    to |-> 2,
    body |-> [id |-> 1, tq |-> [id |-> <<2, 2>>, t |-> 0], Dq |-> {}] ],
  [ shardfrom |-> 2,
    type |-> 2,
    from |-> 3,
    shardto |-> 2,
    to |-> 2,
    body |-> [id |-> 1, tq |-> [id |-> <<2, 2>>, t |-> 0], Dq |-> {}] ],
  [ shardfrom |-> 2,
    type |-> 3,
    from |-> 1,
    shardto |-> 1,
    to |-> 2,
    body |->
        [ id |-> 1,
          t |-> [id |-> <<2, 2>>, t |-> 0],
          b |-> 16,
          tx |-> 1,
          D |-> {} ] ],
  [ shardfrom |-> 2,
    type |-> 4,
    from |-> 2,
    shardto |-> 2,
    to |-> 1,
    body |-> [id |-> 1, b |-> 16, Dq |-> {}] ],
  [ shardfrom |-> 2,
    type |-> 6,
    from |-> 3,
    shardto |-> 2,
    to |-> 1,
    body |-> [id |-> 1, b |-> 16] ],
  [ shardfrom |-> 2,
    type |-> 7,
    from |-> 1,
    shardto |-> 1,
    to |-> 1,
    body |-> [id |-> 1, b |-> 16] ],
  [ shardfrom |-> 2,
    type |-> 8,
    from |-> 2,
    shardto |-> 1,
    to |-> 2,
    body |-> [id |-> 1, b |-> 11, tx |-> 1] ],
  [ shardfrom |-> 2,
    type |-> 8,
    from |-> 2,
    shardto |-> 1,
    to |-> 3,
    body |-> [id |-> 1, b |-> 11, tx |-> 1] ],
  [ shardfrom |-> 2,
    type |-> 8,
    from |-> 2,
    shardto |-> 2,
    to |-> 3,
    body |-> [id |-> 1, b |-> 11, tx |-> 1] ],
  [ shardfrom |-> 2,
    type |-> 8,
    from |-> 3,
    shardto |-> 1,
    to |-> 1,
    body |-> [id |-> 1, b |-> 6, tx |-> 1] ],
  [ shardfrom |-> 2,
    type |-> 8,
    from |-> 3,
    shardto |-> 1,
    to |-> 2,
    body |-> [id |-> 1, b |-> 6, tx |-> 1] ],
  [ shardfrom |-> 2,
    type |-> 8,
    from |-> 3,
    shardto |-> 1,
    to |-> 3,
    body |-> [id |-> 1, b |-> 6, tx |-> 1] ],
  [ shardfrom |-> 2,
    type |-> 8,
    from |-> 3,
    shardto |-> 2,
    to |-> 1,
    body |-> [id |-> 1, b |-> 6, tx |-> 1] ],
  [ shardfrom |-> 2,
    type |-> 8,
    from |-> 3,
    shardto |-> 2,
    to |-> 2,
    body |-> [id |-> 1, b |-> 6, tx |-> 1] ],
  [ shardfrom |-> 2,
    type |-> 9,
    from |-> 1,
    shardto |-> 2,
    to |-> 2,
    body |->
        [ id |-> 1,
          b |-> 11,
          tq |-> [id |-> <<0, 0>>, t |-> 0],
          abalq |-> 0,
          txq |-> 1,
          depq |-> {},
          phaseq |-> 1,
          rejectq |-> FALSE,
          Wq |-> {},
          WPq |-> {} ] ],
  [ shardfrom |-> 2,
    type |-> 9,
    from |-> 2,
    shardto |-> 1,
    to |-> 1,
    body |->
        [ id |-> 1,
          b |-> 13,
          tq |-> [id |-> <<2, 2>>, t |-> 0],
          abalq |-> 0,
          txq |-> 1,
          depq |-> {},
          phaseq |-> 2,
          rejectq |-> FALSE,
          Wq |-> {},
          WPq |-> {} ] ],
  [ shardfrom |-> 2,
    type |-> 9,
    from |-> 2,
    shardto |-> 1,
    to |-> 3,
    body |->
        [ id |-> 1,
          b |-> 15,
          tq |-> [id |-> <<2, 2>>, t |-> 0],
          abalq |-> 0,
          txq |-> 1,
          depq |-> {},
          phaseq |-> 2,
          rejectq |-> FALSE,
          Wq |-> {},
          WPq |-> {} ] ],
  [ shardfrom |-> 2,
    type |-> 9,
    from |-> 2,
    shardto |-> 2,
    to |-> 1,
    body |->
        [ id |-> 1,
          b |-> 16,
          tq |-> [id |-> <<2, 2>>, t |-> 0],
          abalq |-> 0,
          txq |-> 1,
          depq |-> {},
          phaseq |-> 2,
          rejectq |-> FALSE,
          Wq |-> {},
          WPq |-> {} ] ],
  [ shardfrom |-> 2,
    type |-> 9,
    from |-> 2,
    shardto |-> 2,
    to |-> 2,
    body |->
        [ id |-> 1,
          b |-> 11,
          tq |-> [id |-> <<2, 2>>, t |-> 0],
          abalq |-> 0,
          txq |-> 1,
          depq |-> {},
          phaseq |-> 2,
          rejectq |-> FALSE,
          Wq |-> {},
          WPq |-> {} ] ],
  [ shardfrom |-> 2,
    type |-> 9,
    from |-> 3,
    shardto |-> 2,
    to |-> 3,
    body |->
        [ id |-> 1,
          b |-> 6,
          tq |-> [id |-> <<2, 2>>, t |-> 0],
          abalq |-> 0,
          txq |-> 1,
          depq |-> {},
          phaseq |-> 2,
          rejectq |-> FALSE,
          Wq |-> {},
          WPq |-> {} ] ] }
/\ Qvar = << <<<<{}, {}>>, <<{}, {}>>, <<{}, {<<1, 2>>, <<1, 3>>}>>>>,
   << <<{<<1, 1>>, <<1, 2>>, <<2, 1>>, <<2, 3>>}, {}>>,
      <<{}, {}>>,
      <<{}, {}>> >> >>
/\ ts = << << <<[id |-> <<2, 2>>, t |-> 0], [id |-> <<1, 1>>, t |-> 2]>>,
      <<[id |-> <<2, 2>>, t |-> 0], [id |-> <<1, 1>>, t |-> 2]>>,
      <<[id |-> <<2, 2>>, t |-> 0], [id |-> <<1, 1>>, t |-> 2]>> >>,
   << <<[id |-> <<2, 2>>, t |-> 0], [id |-> <<0, 0>>, t |-> 0]>>,
      <<[id |-> <<2, 2>>, t |-> 0], [id |-> <<0, 0>>, t |-> 0]>>,
      <<[id |-> <<2, 2>>, t |-> 0], [id |-> <<0, 0>>, t |-> 0]>> >> >>
/\ TXvar = << <<<<bottom, bottom>>, <<bottom, bottom>>, <<bottom, 2>>>>,
   <<<<1, bottom>>, <<bottom, bottom>>, <<bottom, bottom>>>> >>
/\ recovered = <<<<<<1, 1>>, <<1, 1>>, <<1, 1>>>>, <<<<1, 0>>, <<1, 0>>, <<1, 0>>>>>>
/\ initCoord = <<<<2, 2>>, <<1, 1>>>>

State 57: <Next line 769, col 8 to line 774, col 27 of module AccordSpec>
/\ phase = <<<<<<4, 5>>, <<5, 5>>, <<5, 4>>>>, <<<<5, 1>>, <<5, 1>>, <<5, 1>>>>>>
/\ abal = <<<<<<16, 14>>, <<16, 14>>, <<16, 9>>>>, <<<<16, 0>>, <<16, 0>>, <<16, 0>>>>>>
/\ initTimestamp = << [id |-> <<2, 2>>, t |-> 0],
   [id |-> <<1, 1>>, t |-> 2],
   [id |-> <<0, 0>>, t |-> 1] >>
/\ bal = <<<<<<16, 14>>, <<16, 14>>, <<16, 14>>>>, <<<<16, 0>>, <<16, 0>>, <<16, 0>>>>>>
/\ txn = << <<<<1, 2>>, <<1, 2>>, <<1, 2>>>>,
   <<<<1, bottom>>, <<1, bottom>>, <<1, bottom>>>> >>
/\ postWaitingFlag = << <<<<FALSE, FALSE>>, <<FALSE, FALSE>>, <<FALSE, FALSE>>>>,
   <<<<FALSE, FALSE>>, <<FALSE, FALSE>>, <<FALSE, FALSE>>>> >>
/\ Wvar = << <<<<{}, {}>>, <<{}, {}>>, <<{}, {}>>>>,
   <<<<{}, {}>>, <<{}, {}>>, <<{}, {}>>>> >>
/\ dep = << <<<<{}, {1}>>, <<{}, {1}>>, <<{}, {}>>>>,
   <<<<{}, {}>>, <<{}, {}>>, <<{}, {}>>>> >>
/\ recoveryAttemptBal = <<<<<<0, 0>>, <<0, 0>>, <<0, 9>>>>, <<<<16, 0>>, <<0, 0>>, <<0, 0>>>>>>
/\ submitted = {1, 2}
/\ Dvar = << <<<<{}, {}>>, <<{}, {}>>, <<{}, {}>>>>,
   <<<<{}, {}>>, <<{}, {}>>, <<{}, {}>>>> >>
/\ msgs = { [ shardfrom |-> 1,
    type |-> 1,
    from |-> 1,
    shardto |-> 1,
    to |-> 2,
    body |-> [id |-> 2, tx |-> 2, D0 |-> {}] ],
  [ shardfrom |-> 1,
    type |-> 2,
    from |-> 1,
    shardto |-> 1,
    to |-> 1,
    body |-> [id |-> 2, tq |-> [id |-> <<1, 1>>, t |-> 2], Dq |-> {}] ],
  [ shardfrom |-> 1,
    type |-> 2,
    from |-> 2,
    shardto |-> 2,
    to |-> 2,
    body |-> [id |-> 1, tq |-> [id |-> <<2, 2>>, t |-> 0], Dq |-> {}] ],
  [ shardfrom |-> 1,
    type |-> 2,
    from |-> 3,
    shardto |-> 1,
    to |-> 1,
    body |-> [id |-> 2, tq |-> [id |-> <<1, 1>>, t |-> 2], Dq |-> {}] ],
  [ shardfrom |-> 1,
    type |-> 3,
    from |-> 2,
    shardto |-> 1,
    to |-> 3,
    body |->
        [ id |-> 2,
          t |-> [id |-> <<1, 1>>, t |-> 2],
          b |-> 14,
          tx |-> 2,
          D |-> {} ] ],
  [ shardfrom |-> 1,
    type |-> 3,
    from |-> 3,
    shardto |-> 1,
    to |-> 2,
    body |->
        [ id |-> 2,
          t |-> [id |-> <<1, 1>>, t |-> 2],
          b |-> 9,
          tx |-> 2,
          D |-> {} ] ],
  [ shardfrom |-> 1,
    type |-> 5,
    from |-> 2,
    shardto |-> 1,
    to |-> 3,
    body |->
        [ id |-> 2,
          t |-> [id |-> <<1, 1>>, t |-> 2],
          b |-> 14,
          tx |-> 2,
          D |-> {1},
          fastOrSlow |-> 1 ] ],
  [ shardfrom |-> 1,
    type |-> 5,
    from |-> 3,
    shardto |-> 1,
    to |-> 1,
    body |->
        [ id |-> 2,
          t |-> [id |-> <<1, 1>>, t |-> 2],
          b |-> 9,
          tx |-> 2,
          D |-> {},
          fastOrSlow |-> 1 ] ],
  [ shardfrom |-> 1,
    type |-> 5,
    from |-> 3,
    shardto |-> 1,
    to |-> 2,
    body |->
        [ id |-> 2,
          t |-> [id |-> <<1, 1>>, t |-> 2],
          b |-> 9,
          tx |-> 2,
          D |-> {},
          fastOrSlow |-> 1 ] ],
  [ shardfrom |-> 1,
    type |-> 6,
    from |-> 3,
    shardto |-> 1,
    to |-> 3,
    body |-> [id |-> 2, b |-> 9] ],
  [ shardfrom |-> 1,
    type |-> 6,
    from |-> 3,
    shardto |-> 2,
    to |-> 1,
    body |-> [id |-> 1, b |-> 16] ],
  [ shardfrom |-> 1,
    type |-> 7,
    from |-> 2,
    shardto |-> 1,
    to |-> 3,
    body |-> [id |-> 2, b |-> 14] ],
  [ shardfrom |-> 1,
    type |-> 8,
    from |-> 1,
    shardto |-> 1,
    to |-> 2,
    body |-> [id |-> 1, b |-> 13, tx |-> 0] ],
  [ shardfrom |-> 1,
    type |-> 8,
    from |-> 1,
    shardto |-> 1,
    to |-> 2,
    body |-> [id |-> 2, b |-> 7, tx |-> 2] ],
  [ shardfrom |-> 1,
    type |-> 8,
    from |-> 1,
    shardto |-> 1,
    to |-> 3,
    body |-> [id |-> 2, b |-> 7, tx |-> 2] ],
  [ shardfrom |-> 1,
    type |-> 8,
    from |-> 1,
    shardto |-> 2,
    to |-> 1,
    body |-> [id |-> 1, b |-> 13, tx |-> 0] ],
  [ shardfrom |-> 1,
    type |-> 8,
    from |-> 1,
    shardto |-> 2,
    to |-> 3,
    body |-> [id |-> 1, b |-> 13, tx |-> 0] ],
  [ shardfrom |-> 1,
    type |-> 8,
    from |-> 2,
    shardto |-> 1,
    to |-> 1,
    body |-> [id |-> 1, b |-> 8, tx |-> 1] ],
  [ shardfrom |-> 1,
    type |-> 8,
    from |-> 2,
    shardto |-> 1,
    to |-> 3,
    body |-> [id |-> 1, b |-> 8, tx |-> 1] ],
  [ shardfrom |-> 1,
    type |-> 8,
    from |-> 2,
    shardto |-> 2,
    to |-> 1,
    body |-> [id |-> 1, b |-> 8, tx |-> 1] ],
  [ shardfrom |-> 1,
    type |-> 8,
    from |-> 2,
    shardto |-> 2,
    to |-> 2,
    body |-> [id |-> 1, b |-> 8, tx |-> 1] ],
  [ shardfrom |-> 1,
    type |-> 8,
    from |-> 2,
    shardto |-> 2,
    to |-> 3,
    body |-> [id |-> 1, b |-> 8, tx |-> 1] ],
  [ shardfrom |-> 1,
    type |-> 8,
    from |-> 3,
    shardto |-> 1,
    to |-> 1,
    body |-> [id |-> 2, b |-> 9, tx |-> 2] ],
  [ shardfrom |-> 1,
    type |-> 8,
    from |-> 3,
    shardto |-> 2,
    to |-> 1,
    body |-> [id |-> 1, b |-> 15, tx |-> 0] ],
  [ shardfrom |-> 1,
    type |-> 8,
    from |-> 3,
    shardto |-> 2,
    to |-> 3,
    body |-> [id |-> 1, b |-> 15, tx |-> 0] ],
  [ shardfrom |-> 1,
    type |-> 9,
    from |-> 1,
    shardto |-> 1,
    to |-> 1,
    body |->
        [ id |-> 1,
          b |-> 13,
          tq |-> [id |-> <<0, 0>>, t |-> 0],
          abalq |-> 0,
          txq |-> 1,
          depq |-> {},
          phaseq |-> 1,
          rejectq |-> TRUE,
          Wq |-> {},
          WPq |-> {} ] ],
  [ shardfrom |-> 1,
    type |-> 9,
    from |-> 1,
    shardto |-> 1,
    to |-> 1,
    body |->
        [ id |-> 2,
          b |-> 7,
          tq |-> [id |-> <<1, 1>>, t |-> 2],
          abalq |-> 0,
          txq |-> 2,
          depq |-> {},
          phaseq |-> 2,
          rejectq |-> FALSE,
          Wq |-> {},
          WPq |-> {} ] ],
  [ shardfrom |-> 1,
    type |-> 9,
    from |-> 1,
    shardto |-> 1,
    to |-> 3,
    body |->
        [ id |-> 1,
          b |-> 15,
          tq |-> [id |-> <<0, 0>>, t |-> 0],
          abalq |-> 0,
          txq |-> 0,
          depq |-> {},
          phaseq |-> 1,
          rejectq |-> FALSE,
          Wq |-> {},
          WPq |-> {} ] ],
  [ shardfrom |-> 1,
    type |-> 9,
    from |-> 1,
    shardto |-> 2,
    to |-> 2,
    body |->
        [ id |-> 1,
          b |-> 11,
          tq |-> [id |-> <<0, 0>>, t |-> 0],
          abalq |-> 0,
          txq |-> 1,
          depq |-> {},
          phaseq |-> 1,
          rejectq |-> TRUE,
          Wq |-> {},
          WPq |-> {} ] ],
  [ shardfrom |-> 1,
    type |-> 9,
    from |-> 2,
    shardto |-> 1,
    to |-> 2,
    body |->
        [ id |-> 1,
          b |-> 8,
          tq |-> [id |-> <<2, 2>>, t |-> 0],
          abalq |-> 0,
          txq |-> 1,
          depq |-> {},
          phaseq |-> 2,
          rejectq |-> TRUE,
          Wq |-> {},
          WPq |-> {} ] ],
  [ shardfrom |-> 1,
    type |-> 9,
    from |-> 2,
    shardto |-> 1,
    to |-> 3,
    body |->
        [ id |-> 1,
          b |-> 15,
          tq |-> [id |-> <<2, 2>>, t |-> 0],
          abalq |-> 0,
          txq |-> 1,
          depq |-> {},
          phaseq |-> 2,
          rejectq |-> FALSE,
          Wq |-> {},
          WPq |-> {} ] ],
  [ shardfrom |-> 1,
    type |-> 9,
    from |-> 3,
    shardto |-> 1,
    to |-> 1,
    body |->
        [ id |-> 1,
          b |-> 13,
          tq |-> [id |-> <<0, 0>>, t |-> 0],
          abalq |-> 0,
          txq |-> 0,
          depq |-> {},
          phaseq |-> 1,
          rejectq |-> TRUE,
          Wq |-> {},
          WPq |-> {} ] ],
  [ shardfrom |-> 1,
    type |-> 9,
    from |-> 3,
    shardto |-> 1,
    to |-> 2,
    body |->
        [ id |-> 2,
          b |-> 14,
          tq |-> [id |-> <<1, 1>>, t |-> 2],
          abalq |-> 9,
          txq |-> 2,
          depq |-> {},
          phaseq |-> 4,
          rejectq |-> FALSE,
          Wq |-> {},
          WPq |-> {} ] ],
  [ shardfrom |-> 1,
    type |-> 9,
    from |-> 3,
    shardto |-> 1,
    to |-> 3,
    body |->
        [ id |-> 1,
          b |-> 15,
          tq |-> [id |-> <<0, 0>>, t |-> 0],
          abalq |-> 0,
          txq |-> 0,
          depq |-> {},
          phaseq |-> 1,
          rejectq |-> TRUE,
          Wq |-> {},
          WPq |-> {} ] ],
  [ shardfrom |-> 1,
    type |-> 9,
    from |-> 3,
    shardto |-> 2,
    to |-> 1,
    body |->
        [ id |-> 1,
          b |-> 16,
          tq |-> [id |-> <<0, 0>>, t |-> 0],
          abalq |-> 0,
          txq |-> 0,
          depq |-> {},
          phaseq |-> 1,
          rejectq |-> TRUE,
          Wq |-> {},
          WPq |-> {} ] ],
  [ shardfrom |-> 2,
    type |-> 1,
    from |-> 2,
    shardto |-> 1,
    to |-> 1,
    body |-> [id |-> 1, tx |-> 1, D0 |-> {}] ],
  [ shardfrom |-> 2,
    type |-> 1,
    from |-> 2,
    shardto |-> 1,
    to |-> 3,
    body |-> [id |-> 1, tx |-> 1, D0 |-> {}] ],
  [ shardfrom |-> 2,
    type |-> 1,
    from |-> 2,
    shardto |-> 2,
    to |-> 1,
    body |-> [id |-> 1, tx |-> 1, D0 |-> {}] ],
  [ shardfrom |-> 2,
    type |-> 2,
    from |-> 2,
    shardto |-> 2,
    to |-> 2,
    body |-> [id |-> 1, tq |-> [id |-> <<2, 2>>, t |-> 0], Dq |-> {}] ],
  [ shardfrom |-> 2,
    type |-> 2,
    from |-> 3,
    shardto |-> 2,
    to |-> 2,
    body |-> [id |-> 1, tq |-> [id |-> <<2, 2>>, t |-> 0], Dq |-> {}] ],
  [ shardfrom |-> 2,
    type |-> 3,
    from |-> 1,
    shardto |-> 1,
    to |-> 2,
    body |->
        [ id |-> 1,
          t |-> [id |-> <<2, 2>>, t |-> 0],
          b |-> 16,
          tx |-> 1,
          D |-> {} ] ],
  [ shardfrom |-> 2,
    type |-> 4,
    from |-> 2,
    shardto |-> 2,
    to |-> 1,
    body |-> [id |-> 1, b |-> 16, Dq |-> {}] ],
  [ shardfrom |-> 2,
    type |-> 6,
    from |-> 3,
    shardto |-> 2,
    to |-> 1,
    body |-> [id |-> 1, b |-> 16] ],
  [ shardfrom |-> 2,
    type |-> 7,
    from |-> 1,
    shardto |-> 1,
    to |-> 1,
    body |-> [id |-> 1, b |-> 16] ],
  [ shardfrom |-> 2,
    type |-> 8,
    from |-> 2,
    shardto |-> 1,
    to |-> 2,
    body |-> [id |-> 1, b |-> 11, tx |-> 1] ],
  [ shardfrom |-> 2,
    type |-> 8,
    from |-> 2,
    shardto |-> 1,
    to |-> 3,
    body |-> [id |-> 1, b |-> 11, tx |-> 1] ],
  [ shardfrom |-> 2,
    type |-> 8,
    from |-> 2,
    shardto |-> 2,
    to |-> 3,
    body |-> [id |-> 1, b |-> 11, tx |-> 1] ],
  [ shardfrom |-> 2,
    type |-> 8,
    from |-> 3,
    shardto |-> 1,
    to |-> 1,
    body |-> [id |-> 1, b |-> 6, tx |-> 1] ],
  [ shardfrom |-> 2,
    type |-> 8,
    from |-> 3,
    shardto |-> 1,
    to |-> 2,
    body |-> [id |-> 1, b |-> 6, tx |-> 1] ],
  [ shardfrom |-> 2,
    type |-> 8,
    from |-> 3,
    shardto |-> 1,
    to |-> 3,
    body |-> [id |-> 1, b |-> 6, tx |-> 1] ],
  [ shardfrom |-> 2,
    type |-> 8,
    from |-> 3,
    shardto |-> 2,
    to |-> 1,
    body |-> [id |-> 1, b |-> 6, tx |-> 1] ],
  [ shardfrom |-> 2,
    type |-> 8,
    from |-> 3,
    shardto |-> 2,
    to |-> 2,
    body |-> [id |-> 1, b |-> 6, tx |-> 1] ],
  [ shardfrom |-> 2,
    type |-> 9,
    from |-> 1,
    shardto |-> 2,
    to |-> 2,
    body |->
        [ id |-> 1,
          b |-> 11,
          tq |-> [id |-> <<0, 0>>, t |-> 0],
          abalq |-> 0,
          txq |-> 1,
          depq |-> {},
          phaseq |-> 1,
          rejectq |-> FALSE,
          Wq |-> {},
          WPq |-> {} ] ],
  [ shardfrom |-> 2,
    type |-> 9,
    from |-> 2,
    shardto |-> 1,
    to |-> 1,
    body |->
        [ id |-> 1,
          b |-> 13,
          tq |-> [id |-> <<2, 2>>, t |-> 0],
          abalq |-> 0,
          txq |-> 1,
          depq |-> {},
          phaseq |-> 2,
          rejectq |-> FALSE,
          Wq |-> {},
          WPq |-> {} ] ],
  [ shardfrom |-> 2,
    type |-> 9,
    from |-> 2,
    shardto |-> 1,
    to |-> 3,
    body |->
        [ id |-> 1,
          b |-> 15,
          tq |-> [id |-> <<2, 2>>, t |-> 0],
          abalq |-> 0,
          txq |-> 1,
          depq |-> {},
          phaseq |-> 2,
          rejectq |-> FALSE,
          Wq |-> {},
          WPq |-> {} ] ],
  [ shardfrom |-> 2,
    type |-> 9,
    from |-> 2,
    shardto |-> 2,
    to |-> 1,
    body |->
        [ id |-> 1,
          b |-> 16,
          tq |-> [id |-> <<2, 2>>, t |-> 0],
          abalq |-> 0,
          txq |-> 1,
          depq |-> {},
          phaseq |-> 2,
          rejectq |-> FALSE,
          Wq |-> {},
          WPq |-> {} ] ],
  [ shardfrom |-> 2,
    type |-> 9,
    from |-> 2,
    shardto |-> 2,
    to |-> 2,
    body |->
        [ id |-> 1,
          b |-> 11,
          tq |-> [id |-> <<2, 2>>, t |-> 0],
          abalq |-> 0,
          txq |-> 1,
          depq |-> {},
          phaseq |-> 2,
          rejectq |-> FALSE,
          Wq |-> {},
          WPq |-> {} ] ],
  [ shardfrom |-> 2,
    type |-> 9,
    from |-> 3,
    shardto |-> 2,
    to |-> 3,
    body |->
        [ id |-> 1,
          b |-> 6,
          tq |-> [id |-> <<2, 2>>, t |-> 0],
          abalq |-> 0,
          txq |-> 1,
          depq |-> {},
          phaseq |-> 2,
          rejectq |-> FALSE,
          Wq |-> {},
          WPq |-> {} ] ] }
/\ Qvar = << <<<<{}, {}>>, <<{}, {}>>, <<{}, {<<1, 2>>, <<1, 3>>}>>>>,
   << <<{<<1, 1>>, <<1, 2>>, <<2, 1>>, <<2, 3>>}, {}>>,
      <<{}, {}>>,
      <<{}, {}>> >> >>
/\ ts = << << <<[id |-> <<2, 2>>, t |-> 0], [id |-> <<1, 1>>, t |-> 2]>>,
      <<[id |-> <<2, 2>>, t |-> 0], [id |-> <<1, 1>>, t |-> 2]>>,
      <<[id |-> <<2, 2>>, t |-> 0], [id |-> <<1, 1>>, t |-> 2]>> >>,
   << <<[id |-> <<2, 2>>, t |-> 0], [id |-> <<0, 0>>, t |-> 0]>>,
      <<[id |-> <<2, 2>>, t |-> 0], [id |-> <<0, 0>>, t |-> 0]>>,
      <<[id |-> <<2, 2>>, t |-> 0], [id |-> <<0, 0>>, t |-> 0]>> >> >>
/\ TXvar = << <<<<bottom, bottom>>, <<bottom, bottom>>, <<bottom, 2>>>>,
   <<<<1, bottom>>, <<bottom, bottom>>, <<bottom, bottom>>>> >>
/\ recovered = <<<<<<1, 1>>, <<1, 1>>, <<1, 1>>>>, <<<<1, 0>>, <<1, 0>>, <<1, 0>>>>>>
/\ initCoord = <<<<2, 2>>, <<1, 1>>>>

State 58: <Next line 769, col 8 to line 774, col 27 of module AccordSpec>
/\ phase = <<<<<<4, 5>>, <<5, 5>>, <<5, 5>>>>, <<<<5, 1>>, <<5, 1>>, <<5, 1>>>>>>
/\ abal = <<<<<<16, 14>>, <<16, 14>>, <<16, 9>>>>, <<<<16, 0>>, <<16, 0>>, <<16, 0>>>>>>
/\ initTimestamp = << [id |-> <<2, 2>>, t |-> 0],
   [id |-> <<1, 1>>, t |-> 2],
   [id |-> <<0, 0>>, t |-> 1] >>
/\ bal = <<<<<<16, 14>>, <<16, 14>>, <<16, 14>>>>, <<<<16, 0>>, <<16, 0>>, <<16, 0>>>>>>
/\ txn = << <<<<1, 2>>, <<1, 2>>, <<1, 2>>>>,
   <<<<1, bottom>>, <<1, bottom>>, <<1, bottom>>>> >>
/\ postWaitingFlag = << <<<<FALSE, FALSE>>, <<FALSE, FALSE>>, <<FALSE, FALSE>>>>,
   <<<<FALSE, FALSE>>, <<FALSE, FALSE>>, <<FALSE, FALSE>>>> >>
/\ Wvar = << <<<<{}, {}>>, <<{}, {}>>, <<{}, {}>>>>,
   <<<<{}, {}>>, <<{}, {}>>, <<{}, {}>>>> >>
/\ dep = << <<<<{}, {1}>>, <<{}, {1}>>, <<{}, {}>>>>,
   <<<<{}, {}>>, <<{}, {}>>, <<{}, {}>>>> >>
/\ recoveryAttemptBal = <<<<<<0, 0>>, <<0, 0>>, <<0, 9>>>>, <<<<16, 0>>, <<0, 0>>, <<0, 0>>>>>>
/\ submitted = {1, 2}
/\ Dvar = << <<<<{}, {}>>, <<{}, {}>>, <<{}, {}>>>>,
   <<<<{}, {}>>, <<{}, {}>>, <<{}, {}>>>> >>
/\ msgs = { [ shardfrom |-> 1,
    type |-> 1,
    from |-> 1,
    shardto |-> 1,
    to |-> 2,
    body |-> [id |-> 2, tx |-> 2, D0 |-> {}] ],
  [ shardfrom |-> 1,
    type |-> 2,
    from |-> 1,
    shardto |-> 1,
    to |-> 1,
    body |-> [id |-> 2, tq |-> [id |-> <<1, 1>>, t |-> 2], Dq |-> {}] ],
  [ shardfrom |-> 1,
    type |-> 2,
    from |-> 2,
    shardto |-> 2,
    to |-> 2,
    body |-> [id |-> 1, tq |-> [id |-> <<2, 2>>, t |-> 0], Dq |-> {}] ],
  [ shardfrom |-> 1,
    type |-> 2,
    from |-> 3,
    shardto |-> 1,
    to |-> 1,
    body |-> [id |-> 2, tq |-> [id |-> <<1, 1>>, t |-> 2], Dq |-> {}] ],
  [ shardfrom |-> 1,
    type |-> 3,
    from |-> 2,
    shardto |-> 1,
    to |-> 3,
    body |->
        [ id |-> 2,
          t |-> [id |-> <<1, 1>>, t |-> 2],
          b |-> 14,
          tx |-> 2,
          D |-> {} ] ],
  [ shardfrom |-> 1,
    type |-> 3,
    from |-> 3,
    shardto |-> 1,
    to |-> 2,
    body |->
        [ id |-> 2,
          t |-> [id |-> <<1, 1>>, t |-> 2],
          b |-> 9,
          tx |-> 2,
          D |-> {} ] ],
  [ shardfrom |-> 1,
    type |-> 5,
    from |-> 2,
    shardto |-> 1,
    to |-> 3,
    body |->
        [ id |-> 2,
          t |-> [id |-> <<1, 1>>, t |-> 2],
          b |-> 14,
          tx |-> 2,
          D |-> {1},
          fastOrSlow |-> 1 ] ],
  [ shardfrom |-> 1,
    type |-> 5,
    from |-> 3,
    shardto |-> 1,
    to |-> 1,
    body |->
        [ id |-> 2,
          t |-> [id |-> <<1, 1>>, t |-> 2],
          b |-> 9,
          tx |-> 2,
          D |-> {},
          fastOrSlow |-> 1 ] ],
  [ shardfrom |-> 1,
    type |-> 5,
    from |-> 3,
    shardto |-> 1,
    to |-> 2,
    body |->
        [ id |-> 2,
          t |-> [id |-> <<1, 1>>, t |-> 2],
          b |-> 9,
          tx |-> 2,
          D |-> {},
          fastOrSlow |-> 1 ] ],
  [ shardfrom |-> 1,
    type |-> 6,
    from |-> 3,
    shardto |-> 1,
    to |-> 3,
    body |-> [id |-> 2, b |-> 9] ],
  [ shardfrom |-> 1,
    type |-> 6,
    from |-> 3,
    shardto |-> 2,
    to |-> 1,
    body |-> [id |-> 1, b |-> 16] ],
  [ shardfrom |-> 1,
    type |-> 8,
    from |-> 1,
    shardto |-> 1,
    to |-> 2,
    body |-> [id |-> 1, b |-> 13, tx |-> 0] ],
  [ shardfrom |-> 1,
    type |-> 8,
    from |-> 1,
    shardto |-> 1,
    to |-> 2,
    body |-> [id |-> 2, b |-> 7, tx |-> 2] ],
  [ shardfrom |-> 1,
    type |-> 8,
    from |-> 1,
    shardto |-> 1,
    to |-> 3,
    body |-> [id |-> 2, b |-> 7, tx |-> 2] ],
  [ shardfrom |-> 1,
    type |-> 8,
    from |-> 1,
    shardto |-> 2,
    to |-> 1,
    body |-> [id |-> 1, b |-> 13, tx |-> 0] ],
  [ shardfrom |-> 1,
    type |-> 8,
    from |-> 1,
    shardto |-> 2,
    to |-> 3,
    body |-> [id |-> 1, b |-> 13, tx |-> 0] ],
  [ shardfrom |-> 1,
    type |-> 8,
    from |-> 2,
    shardto |-> 1,
    to |-> 1,
    body |-> [id |-> 1, b |-> 8, tx |-> 1] ],
  [ shardfrom |-> 1,
    type |-> 8,
    from |-> 2,
    shardto |-> 1,
    to |-> 3,
    body |-> [id |-> 1, b |-> 8, tx |-> 1] ],
  [ shardfrom |-> 1,
    type |-> 8,
    from |-> 2,
    shardto |-> 2,
    to |-> 1,
    body |-> [id |-> 1, b |-> 8, tx |-> 1] ],
  [ shardfrom |-> 1,
    type |-> 8,
    from |-> 2,
    shardto |-> 2,
    to |-> 2,
    body |-> [id |-> 1, b |-> 8, tx |-> 1] ],
  [ shardfrom |-> 1,
    type |-> 8,
    from |-> 2,
    shardto |-> 2,
    to |-> 3,
    body |-> [id |-> 1, b |-> 8, tx |-> 1] ],
  [ shardfrom |-> 1,
    type |-> 8,
    from |-> 3,
    shardto |-> 1,
    to |-> 1,
    body |-> [id |-> 2, b |-> 9, tx |-> 2] ],
  [ shardfrom |-> 1,
    type |-> 8,
    from |-> 3,
    shardto |-> 2,
    to |-> 1,
    body |-> [id |-> 1, b |-> 15, tx |-> 0] ],
  [ shardfrom |-> 1,
    type |-> 8,
    from |-> 3,
    shardto |-> 2,
    to |-> 3,
    body |-> [id |-> 1, b |-> 15, tx |-> 0] ],
  [ shardfrom |-> 1,
    type |-> 9,
    from |-> 1,
    shardto |-> 1,
    to |-> 1,
    body |->
        [ id |-> 1,
          b |-> 13,
          tq |-> [id |-> <<0, 0>>, t |-> 0],
          abalq |-> 0,
          txq |-> 1,
          depq |-> {},
          phaseq |-> 1,
          rejectq |-> TRUE,
          Wq |-> {},
          WPq |-> {} ] ],
  [ shardfrom |-> 1,
    type |-> 9,
    from |-> 1,
    shardto |-> 1,
    to |-> 1,
    body |->
        [ id |-> 2,
          b |-> 7,
          tq |-> [id |-> <<1, 1>>, t |-> 2],
          abalq |-> 0,
          txq |-> 2,
          depq |-> {},
          phaseq |-> 2,
          rejectq |-> FALSE,
          Wq |-> {},
          WPq |-> {} ] ],
  [ shardfrom |-> 1,
    type |-> 9,
    from |-> 1,
    shardto |-> 1,
    to |-> 3,
    body |->
        [ id |-> 1,
          b |-> 15,
          tq |-> [id |-> <<0, 0>>, t |-> 0],
          abalq |-> 0,
          txq |-> 0,
          depq |-> {},
          phaseq |-> 1,
          rejectq |-> FALSE,
          Wq |-> {},
          WPq |-> {} ] ],
  [ shardfrom |-> 1,
    type |-> 9,
    from |-> 1,
    shardto |-> 2,
    to |-> 2,
    body |->
        [ id |-> 1,
          b |-> 11,
          tq |-> [id |-> <<0, 0>>, t |-> 0],
          abalq |-> 0,
          txq |-> 1,
          depq |-> {},
          phaseq |-> 1,
          rejectq |-> TRUE,
          Wq |-> {},
          WPq |-> {} ] ],
  [ shardfrom |-> 1,
    type |-> 9,
    from |-> 2,
    shardto |-> 1,
    to |-> 2,
    body |->
        [ id |-> 1,
          b |-> 8,
          tq |-> [id |-> <<2, 2>>, t |-> 0],
          abalq |-> 0,
          txq |-> 1,
          depq |-> {},
          phaseq |-> 2,
          rejectq |-> TRUE,
          Wq |-> {},
          WPq |-> {} ] ],
  [ shardfrom |-> 1,
    type |-> 9,
    from |-> 2,
    shardto |-> 1,
    to |-> 3,
    body |->
        [ id |-> 1,
          b |-> 15,
          tq |-> [id |-> <<2, 2>>, t |-> 0],
          abalq |-> 0,
          txq |-> 1,
          depq |-> {},
          phaseq |-> 2,
          rejectq |-> FALSE,
          Wq |-> {},
          WPq |-> {} ] ],
  [ shardfrom |-> 1,
    type |-> 9,
    from |-> 3,
    shardto |-> 1,
    to |-> 1,
    body |->
        [ id |-> 1,
          b |-> 13,
          tq |-> [id |-> <<0, 0>>, t |-> 0],
          abalq |-> 0,
          txq |-> 0,
          depq |-> {},
          phaseq |-> 1,
          rejectq |-> TRUE,
          Wq |-> {},
          WPq |-> {} ] ],
  [ shardfrom |-> 1,
    type |-> 9,
    from |-> 3,
    shardto |-> 1,
    to |-> 2,
    body |->
        [ id |-> 2,
          b |-> 14,
          tq |-> [id |-> <<1, 1>>, t |-> 2],
          abalq |-> 9,
          txq |-> 2,
          depq |-> {},
          phaseq |-> 4,
          rejectq |-> FALSE,
          Wq |-> {},
          WPq |-> {} ] ],
  [ shardfrom |-> 1,
    type |-> 9,
    from |-> 3,
    shardto |-> 1,
    to |-> 3,
    body |->
        [ id |-> 1,
          b |-> 15,
          tq |-> [id |-> <<0, 0>>, t |-> 0],
          abalq |-> 0,
          txq |-> 0,
          depq |-> {},
          phaseq |-> 1,
          rejectq |-> TRUE,
          Wq |-> {},
          WPq |-> {} ] ],
  [ shardfrom |-> 1,
    type |-> 9,
    from |-> 3,
    shardto |-> 2,
    to |-> 1,
    body |->
        [ id |-> 1,
          b |-> 16,
          tq |-> [id |-> <<0, 0>>, t |-> 0],
          abalq |-> 0,
          txq |-> 0,
          depq |-> {},
          phaseq |-> 1,
          rejectq |-> TRUE,
          Wq |-> {},
          WPq |-> {} ] ],
  [ shardfrom |-> 2,
    type |-> 1,
    from |-> 2,
    shardto |-> 1,
    to |-> 1,
    body |-> [id |-> 1, tx |-> 1, D0 |-> {}] ],
  [ shardfrom |-> 2,
    type |-> 1,
    from |-> 2,
    shardto |-> 1,
    to |-> 3,
    body |-> [id |-> 1, tx |-> 1, D0 |-> {}] ],
  [ shardfrom |-> 2,
    type |-> 1,
    from |-> 2,
    shardto |-> 2,
    to |-> 1,
    body |-> [id |-> 1, tx |-> 1, D0 |-> {}] ],
  [ shardfrom |-> 2,
    type |-> 2,
    from |-> 2,
    shardto |-> 2,
    to |-> 2,
    body |-> [id |-> 1, tq |-> [id |-> <<2, 2>>, t |-> 0], Dq |-> {}] ],
  [ shardfrom |-> 2,
    type |-> 2,
    from |-> 3,
    shardto |-> 2,
    to |-> 2,
    body |-> [id |-> 1, tq |-> [id |-> <<2, 2>>, t |-> 0], Dq |-> {}] ],
  [ shardfrom |-> 2,
    type |-> 3,
    from |-> 1,
    shardto |-> 1,
    to |-> 2,
    body |->
        [ id |-> 1,
          t |-> [id |-> <<2, 2>>, t |-> 0],
          b |-> 16,
          tx |-> 1,
          D |-> {} ] ],
  [ shardfrom |-> 2,
    type |-> 4,
    from |-> 2,
    shardto |-> 2,
    to |-> 1,
    body |-> [id |-> 1, b |-> 16, Dq |-> {}] ],
  [ shardfrom |-> 2,
    type |-> 6,
    from |-> 3,
    shardto |-> 2,
    to |-> 1,
    body |-> [id |-> 1, b |-> 16] ],
  [ shardfrom |-> 2,
    type |-> 7,
    from |-> 1,
    shardto |-> 1,
    to |-> 1,
    body |-> [id |-> 1, b |-> 16] ],
  [ shardfrom |-> 2,
    type |-> 8,
    from |-> 2,
    shardto |-> 1,
    to |-> 2,
    body |-> [id |-> 1, b |-> 11, tx |-> 1] ],
  [ shardfrom |-> 2,
    type |-> 8,
    from |-> 2,
    shardto |-> 1,
    to |-> 3,
    body |-> [id |-> 1, b |-> 11, tx |-> 1] ],
  [ shardfrom |-> 2,
    type |-> 8,
    from |-> 2,
    shardto |-> 2,
    to |-> 3,
    body |-> [id |-> 1, b |-> 11, tx |-> 1] ],
  [ shardfrom |-> 2,
    type |-> 8,
    from |-> 3,
    shardto |-> 1,
    to |-> 1,
    body |-> [id |-> 1, b |-> 6, tx |-> 1] ],
  [ shardfrom |-> 2,
    type |-> 8,
    from |-> 3,
    shardto |-> 1,
    to |-> 2,
    body |-> [id |-> 1, b |-> 6, tx |-> 1] ],
  [ shardfrom |-> 2,
    type |-> 8,
    from |-> 3,
    shardto |-> 1,
    to |-> 3,
    body |-> [id |-> 1, b |-> 6, tx |-> 1] ],
  [ shardfrom |-> 2,
    type |-> 8,
    from |-> 3,
    shardto |-> 2,
    to |-> 1,
    body |-> [id |-> 1, b |-> 6, tx |-> 1] ],
  [ shardfrom |-> 2,
    type |-> 8,
    from |-> 3,
    shardto |-> 2,
    to |-> 2,
    body |-> [id |-> 1, b |-> 6, tx |-> 1] ],
  [ shardfrom |-> 2,
    type |-> 9,
    from |-> 1,
    shardto |-> 2,
    to |-> 2,
    body |->
        [ id |-> 1,
          b |-> 11,
          tq |-> [id |-> <<0, 0>>, t |-> 0],
          abalq |-> 0,
          txq |-> 1,
          depq |-> {},
          phaseq |-> 1,
          rejectq |-> FALSE,
          Wq |-> {},
          WPq |-> {} ] ],
  [ shardfrom |-> 2,
    type |-> 9,
    from |-> 2,
    shardto |-> 1,
    to |-> 1,
    body |->
        [ id |-> 1,
          b |-> 13,
          tq |-> [id |-> <<2, 2>>, t |-> 0],
          abalq |-> 0,
          txq |-> 1,
          depq |-> {},
          phaseq |-> 2,
          rejectq |-> FALSE,
          Wq |-> {},
          WPq |-> {} ] ],
  [ shardfrom |-> 2,
    type |-> 9,
    from |-> 2,
    shardto |-> 1,
    to |-> 3,
    body |->
        [ id |-> 1,
          b |-> 15,
          tq |-> [id |-> <<2, 2>>, t |-> 0],
          abalq |-> 0,
          txq |-> 1,
          depq |-> {},
          phaseq |-> 2,
          rejectq |-> FALSE,
          Wq |-> {},
          WPq |-> {} ] ],
  [ shardfrom |-> 2,
    type |-> 9,
    from |-> 2,
    shardto |-> 2,
    to |-> 1,
    body |->
        [ id |-> 1,
          b |-> 16,
          tq |-> [id |-> <<2, 2>>, t |-> 0],
          abalq |-> 0,
          txq |-> 1,
          depq |-> {},
          phaseq |-> 2,
          rejectq |-> FALSE,
          Wq |-> {},
          WPq |-> {} ] ],
  [ shardfrom |-> 2,
    type |-> 9,
    from |-> 2,
    shardto |-> 2,
    to |-> 2,
    body |->
        [ id |-> 1,
          b |-> 11,
          tq |-> [id |-> <<2, 2>>, t |-> 0],
          abalq |-> 0,
          txq |-> 1,
          depq |-> {},
          phaseq |-> 2,
          rejectq |-> FALSE,
          Wq |-> {},
          WPq |-> {} ] ],
  [ shardfrom |-> 2,
    type |-> 9,
    from |-> 3,
    shardto |-> 2,
    to |-> 3,
    body |->
        [ id |-> 1,
          b |-> 6,
          tq |-> [id |-> <<2, 2>>, t |-> 0],
          abalq |-> 0,
          txq |-> 1,
          depq |-> {},
          phaseq |-> 2,
          rejectq |-> FALSE,
          Wq |-> {},
          WPq |-> {} ] ] }
/\ Qvar = << <<<<{}, {}>>, <<{}, {}>>, <<{}, {<<1, 2>>, <<1, 3>>}>>>>,
   << <<{<<1, 1>>, <<1, 2>>, <<2, 1>>, <<2, 3>>}, {}>>,
      <<{}, {}>>,
      <<{}, {}>> >> >>
/\ ts = << << <<[id |-> <<2, 2>>, t |-> 0], [id |-> <<1, 1>>, t |-> 2]>>,
      <<[id |-> <<2, 2>>, t |-> 0], [id |-> <<1, 1>>, t |-> 2]>>,
      <<[id |-> <<2, 2>>, t |-> 0], [id |-> <<1, 1>>, t |-> 2]>> >>,
   << <<[id |-> <<2, 2>>, t |-> 0], [id |-> <<0, 0>>, t |-> 0]>>,
      <<[id |-> <<2, 2>>, t |-> 0], [id |-> <<0, 0>>, t |-> 0]>>,
      <<[id |-> <<2, 2>>, t |-> 0], [id |-> <<0, 0>>, t |-> 0]>> >> >>
/\ TXvar = << <<<<bottom, bottom>>, <<bottom, bottom>>, <<bottom, 2>>>>,
   <<<<1, bottom>>, <<bottom, bottom>>, <<bottom, bottom>>>> >>
/\ recovered = <<<<<<1, 1>>, <<1, 1>>, <<1, 1>>>>, <<<<1, 0>>, <<1, 0>>, <<1, 0>>>>>>
/\ initCoord = <<<<2, 2>>, <<1, 1>>>>

The number of states generated: 37541036274
Simulation using seed 6747003158431932073 and aril 0
Progress: 37541040637 states checked.
Finished in 1d 20h at (2026-04-01 06:53:21)
