TLC2 Version 2.19 of 08 August 2024 (rev: 5a47802)
Warning: Please run the Java VM which executes TLC with a throughput optimized garbage collector by passing the "-XX:+UseParallelGC" property.
(Use the -nowarning option to disable this warning.)
Running Random Simulation with seed 6486334434953157401 with 60 workers on 72 cores with 30208MB heap and 64MB offheap memory [pid: 1021113] (Linux 6.12.69+deb13-cloud-amd64 amd64, Debian 21.0.10 x86_64).
Parsing file /home/alexandre.siret/AccordTLASpec/SpecAccord/RecoveryAndCommitSpec/AccordSpec.tla
Parsing file /tmp/TLC.tla
Parsing file /tmp/Naturals.tla
Parsing file /tmp/Sequences.tla
Parsing file /tmp/FiniteSets.tla
Semantic processing of module Naturals
Semantic processing of module Sequences
Semantic processing of module FiniteSets
Semantic processing of module TLC
Semantic processing of module AccordSpec
Starting... (2026-04-10 11:06:02)
Computed 1 initial states...
Progress: 11116067 states checked.
Progress: 22597045 states checked.
Progress: 34130457 states checked.
Progress: 45587911 states checked.
Progress: 57094280 states checked.
Progress: 68585161 states checked.
Progress: 80078124 states checked.
Progress: 91556138 states checked.
Progress: 103022686 states checked.
Progress: 114522534 states checked.
Progress: 126022667 states checked.
Progress: 137525784 states checked.
Progress: 149031984 states checked.
Progress: 160536417 states checked.
Progress: 172001563 states checked.
Progress: 183444336 states checked.
Progress: 194865118 states checked.
Progress: 206302608 states checked.
Progress: 217743388 states checked.
Progress: 229198387 states checked.
Progress: 240672577 states checked.
Progress: 252153872 states checked.
Progress: 263611267 states checked.
Progress: 275121621 states checked.
Progress: 286588429 states checked.
Progress: 298093331 states checked.
Progress: 309553716 states checked.
Progress: 321022541 states checked.
Progress: 332450724 states checked.
Progress: 343913184 states checked.
Progress: 355368509 states checked.
Progress: 366767845 states checked.
Progress: 378222659 states checked.
Progress: 389682426 states checked.
Progress: 401129424 states checked.
Progress: 412593008 states checked.
Progress: 424074124 states checked.
Progress: 435483111 states checked.
Progress: 446922138 states checked.
Progress: 458299576 states checked.
Progress: 469672413 states checked.
Progress: 481152554 states checked.
Progress: 492668029 states checked.
Progress: 504167126 states checked.
Progress: 515629478 states checked.
Progress: 527102149 states checked.
Progress: 538536650 states checked.
Progress: 549991301 states checked.
Progress: 561439307 states checked.
Progress: 572913814 states checked.
Progress: 584313614 states checked.
Progress: 595691725 states checked.
Progress: 607110215 states checked.
Progress: 618572628 states checked.
Progress: 630057657 states checked.
Progress: 641512099 states checked.
Progress: 652971641 states checked.
Progress: 664461057 states checked.
Progress: 675970187 states checked.
Progress: 687489656 states checked.
Progress: 698928848 states checked.
Progress: 710360611 states checked.
Progress: 721821493 states checked.
Progress: 733260073 states checked.
Progress: 744742780 states checked.
Progress: 756250243 states checked.
Progress: 767738503 states checked.
Progress: 779208772 states checked.
Progress: 790606916 states checked.
Progress: 802021685 states checked.
Progress: 813410540 states checked.
Progress: 824847059 states checked.
Progress: 836280318 states checked.
Progress: 847674311 states checked.
Progress: 859047566 states checked.
Progress: 870477484 states checked.
Progress: 881908541 states checked.
Progress: 893333356 states checked.
Progress: 904748206 states checked.
Progress: 916169617 states checked.
Progress: 927585596 states checked.
Progress: 939025010 states checked.
Progress: 950454977 states checked.
Progress: 961919977 states checked.
Progress: 973326245 states checked.
Progress: 984830631 states checked.
Progress: 996294301 states checked.
Progress: 1007768900 states checked.
Progress: 1019302538 states checked.
Progress: 1030735113 states checked.
Progress: 1042219070 states checked.
Progress: 1053685229 states checked.
Progress: 1065109751 states checked.
Progress: 1076587235 states checked.
Progress: 1087947660 states checked.
Progress: 1099415782 states checked.
Progress: 1110874730 states checked.
Progress: 1122356092 states checked.
Progress: 1133823633 states checked.
Progress: 1145288880 states checked.
Progress: 1156745099 states checked.
Progress: 1168213865 states checked.
Progress: 1179641521 states checked.
Progress: 1191076065 states checked.
Progress: 1202465999 states checked.
Progress: 1213927212 states checked.
Progress: 1225352995 states checked.
Progress: 1236794493 states checked.
Progress: 1248196554 states checked.
Progress: 1259616990 states checked.
Progress: 1271031502 states checked.
Progress: 1282449570 states checked.
Progress: 1293936890 states checked.
Progress: 1305418092 states checked.
Progress: 1316922688 states checked.
Progress: 1328367052 states checked.
Progress: 1339834914 states checked.
Progress: 1351280659 states checked.
Progress: 1362734521 states checked.
Progress: 1374142135 states checked.
Progress: 1385571040 states checked.
Progress: 1397013861 states checked.
Progress: 1408547104 states checked.
Progress: 1420036332 states checked.
Progress: 1431558924 states checked.
Progress: 1442985963 states checked.
Progress: 1454393718 states checked.
Progress: 1465871597 states checked.
Progress: 1477323446 states checked.
Progress: 1488725874 states checked.
Progress: 1500155994 states checked.
Progress: 1511640787 states checked.
Progress: 1523081448 states checked.
Progress: 1534505295 states checked.
Progress: 1545915611 states checked.
Progress: 1557307692 states checked.
Progress: 1568721859 states checked.
Progress: 1580137395 states checked.
Progress: 1591534253 states checked.
Progress: 1602957919 states checked.
Progress: 1614375273 states checked.
Progress: 1625796417 states checked.
Progress: 1637231271 states checked.
Progress: 1648637167 states checked.
Progress: 1660040387 states checked.
Progress: 1671501894 states checked.
Progress: 1682886662 states checked.
Progress: 1694291283 states checked.
Progress: 1705664935 states checked.
Progress: 1717062257 states checked.
Progress: 1728547883 states checked.
Progress: 1740020452 states checked.
Progress: 1751498577 states checked.
Progress: 1763019348 states checked.
Progress: 1774527624 states checked.
Progress: 1786038762 states checked.
Progress: 1797553373 states checked.
Progress: 1808990397 states checked.
Progress: 1820476525 states checked.
Progress: 1831941117 states checked.
Progress: 1843403432 states checked.
Progress: 1854895269 states checked.
Progress: 1866382085 states checked.
Progress: 1877880958 states checked.
Progress: 1889348243 states checked.
Progress: 1900833199 states checked.
Progress: 1912288806 states checked.
Progress: 1923737200 states checked.
Progress: 1935203310 states checked.
Progress: 1946685000 states checked.
Progress: 1958138963 states checked.
Progress: 1969617698 states checked.
Progress: 1981072296 states checked.
Progress: 1992571878 states checked.
Progress: 2004056793 states checked.
Progress: 2015594230 states checked.
Progress: 2027028379 states checked.
Progress: 2038438652 states checked.
Progress: 2049903637 states checked.
Progress: 2061387169 states checked.
Progress: 2072904422 states checked.
Progress: 2084376954 states checked.
Progress: 2095854353 states checked.
Progress: 2107283457 states checked.
Progress: 2118758435 states checked.
Progress: 2130241751 states checked.
Progress: 2141626535 states checked.
Progress: 2153019814 states checked.
Progress: 2164481093 states checked.
Progress: 2175937821 states checked.
Progress: 2187403373 states checked.
Progress: 2198843196 states checked.
Progress: 2210259401 states checked.
Progress: 2221656926 states checked.
Progress: 2233119194 states checked.
Progress: 2244540930 states checked.
Progress: 2255931685 states checked.
Progress: 2267303150 states checked.
Progress: 2278708957 states checked.
Progress: 2290177916 states checked.
Progress: 2301600888 states checked.
Progress: 2313000855 states checked.
Progress: 2324455379 states checked.
Progress: 2335873094 states checked.
Progress: 2347309768 states checked.
Progress: 2358756937 states checked.
Progress: 2370160254 states checked.
Progress: 2381638507 states checked.
Progress: 2393160415 states checked.
Progress: 2404671030 states checked.
Progress: 2416182026 states checked.
Progress: 2427695153 states checked.
Progress: 2439222772 states checked.
Progress: 2450688098 states checked.
Progress: 2462158244 states checked.
Progress: 2473618161 states checked.
Progress: 2485129834 states checked.
Progress: 2496593230 states checked.
Progress: 2508034053 states checked.
Progress: 2519508416 states checked.
Progress: 2530971655 states checked.
Progress: 2542455245 states checked.
Progress: 2553892583 states checked.
Progress: 2565371479 states checked.
Progress: 2576790199 states checked.
Progress: 2588207824 states checked.
Progress: 2599610833 states checked.
Progress: 2611072509 states checked.
Progress: 2622504790 states checked.
Progress: 2633949250 states checked.
Progress: 2645364988 states checked.
Progress: 2656784527 states checked.
Progress: 2668199087 states checked.
Progress: 2679636901 states checked.
Progress: 2691112533 states checked.
Progress: 2702595946 states checked.
Progress: 2714072273 states checked.
Progress: 2725505060 states checked.
Progress: 2736928388 states checked.
Progress: 2748401023 states checked.
Progress: 2759778782 states checked.
Progress: 2771185935 states checked.
Progress: 2782663959 states checked.
Progress: 2794079222 states checked.
Progress: 2805519487 states checked.
Progress: 2816931849 states checked.
Progress: 2828336924 states checked.
Progress: 2839739772 states checked.
Progress: 2851184182 states checked.
Progress: 2862581219 states checked.
Progress: 2873980406 states checked.
Progress: 2885397797 states checked.
Progress: 2896811009 states checked.
Progress: 2908268858 states checked.
Progress: 2919749071 states checked.
Progress: 2931183879 states checked.
Progress: 2942623673 states checked.
Progress: 2954037015 states checked.
Progress: 2965492568 states checked.
Progress: 2976935405 states checked.
Progress: 2988270419 states checked.
Progress: 2999677335 states checked.
Progress: 3011053446 states checked.
Progress: 3022469208 states checked.
Progress: 3033869209 states checked.
Progress: 3045269215 states checked.
Progress: 3056645900 states checked.
Progress: 3068064219 states checked.
Progress: 3079461996 states checked.
Progress: 3090859969 states checked.
Progress: 3102215802 states checked.
Progress: 3113563513 states checked.
Progress: 3124978865 states checked.
Progress: 3136365026 states checked.
Progress: 3147807251 states checked.
Progress: 3159252067 states checked.
Progress: 3170695675 states checked.
Progress: 3182166610 states checked.
Progress: 3193582882 states checked.
Progress: 3205036596 states checked.
Progress: 3216428001 states checked.
Progress: 3227787487 states checked.
Progress: 3239141396 states checked.
Progress: 3250511029 states checked.
Progress: 3261920109 states checked.
Progress: 3273302105 states checked.
Progress: 3284691560 states checked.
Progress: 3296097198 states checked.
Progress: 3307502910 states checked.
Progress: 3318909392 states checked.
Progress: 3330355197 states checked.
Progress: 3341788521 states checked.
Progress: 3353223768 states checked.
Progress: 3364660062 states checked.
Progress: 3376096777 states checked.
Progress: 3387469301 states checked.
Progress: 3399121588 states checked.
Progress: 3410485871 states checked.
Progress: 3421895658 states checked.
Progress: 3433276393 states checked.
Progress: 3444712441 states checked.
Progress: 3456051850 states checked.
Progress: 3467386585 states checked.
Progress: 3478713812 states checked.
Progress: 3490011161 states checked.
Progress: 3501349797 states checked.
Progress: 3512688811 states checked.
Progress: 3524100099 states checked.
Progress: 3535494212 states checked.
Progress: 3546865183 states checked.
Progress: 3558271752 states checked.
Progress: 3569648379 states checked.
Progress: 3581046511 states checked.
Progress: 3592426494 states checked.
Progress: 3603839722 states checked.
Progress: 3615210805 states checked.
Progress: 3626632541 states checked.
Progress: 3637992904 states checked.
Progress: 3649391220 states checked.
Progress: 3660793401 states checked.
Progress: 3672135776 states checked.
Progress: 3683472669 states checked.
Progress: 3694835206 states checked.
Progress: 3706218511 states checked.
Progress: 3717625251 states checked.
Progress: 3729057479 states checked.
Progress: 3740491502 states checked.
Progress: 3751896137 states checked.
Progress: 3763349712 states checked.
Progress: 3774777199 states checked.
Progress: 3786205289 states checked.
Progress: 3797569644 states checked.
Progress: 3808973066 states checked.
Progress: 3820305315 states checked.
Progress: 3831653662 states checked.
Progress: 3843075254 states checked.
Progress: 3854569212 states checked.
Progress: 3865982382 states checked.
Progress: 3877409036 states checked.
Progress: 3888822708 states checked.
Progress: 3900266396 states checked.
Progress: 3911683475 states checked.
Progress: 3923030441 states checked.
Progress: 3934419424 states checked.
Progress: 3945818844 states checked.
Progress: 3957205698 states checked.
Progress: 3968583631 states checked.
Progress: 3979982486 states checked.
Progress: 3991352232 states checked.
Progress: 4002751225 states checked.
Progress: 4014145414 states checked.
Progress: 4025500931 states checked.
Progress: 4036832035 states checked.
Progress: 4048159930 states checked.
Progress: 4059578084 states checked.
Progress: 4070932180 states checked.
Progress: 4082319955 states checked.
Progress: 4093629880 states checked.
Progress: 4104986794 states checked.
Progress: 4116400137 states checked.
Progress: 4127782267 states checked.
Progress: 4139150519 states checked.
Progress: 4150539060 states checked.
Progress: 4161884236 states checked.
Progress: 4173308419 states checked.
Progress: 4184756554 states checked.
Progress: 4196173179 states checked.
Progress: 4207573975 states checked.
Progress: 4218994148 states checked.
Progress: 4230404917 states checked.
Progress: 4241821686 states checked.
Progress: 4253237743 states checked.
Progress: 4264651525 states checked.
Progress: 4275982610 states checked.
Progress: 4287368403 states checked.
Progress: 4298785737 states checked.
Progress: 4310128186 states checked.
Progress: 4321566047 states checked.
Progress: 4332937506 states checked.
Progress: 4344289177 states checked.
Progress: 4355695722 states checked.
Progress: 4367098730 states checked.
Progress: 4378530952 states checked.
Progress: 4389908399 states checked.
Progress: 4401258678 states checked.
Progress: 4412610447 states checked.
Progress: 4423917914 states checked.
Progress: 4435293212 states checked.
Progress: 4446613905 states checked.
Progress: 4457976562 states checked.
Progress: 4469353100 states checked.
Progress: 4480686983 states checked.
Progress: 4492073748 states checked.
Progress: 4503436773 states checked.
Progress: 4514817352 states checked.
Progress: 4526228835 states checked.
Progress: 4537562531 states checked.
Progress: 4548944131 states checked.
Progress: 4560303944 states checked.
Progress: 4571694107 states checked.
Progress: 4583005098 states checked.
Progress: 4594372697 states checked.
Progress: 4605762737 states checked.
Progress: 4617135661 states checked.
Progress: 4628550821 states checked.
Progress: 4639969329 states checked.
Progress: 4651351667 states checked.
Progress: 4662710481 states checked.
Progress: 4674093611 states checked.
Progress: 4685501906 states checked.
Progress: 4696938673 states checked.
Progress: 4708275426 states checked.
Progress: 4719643556 states checked.
Progress: 4730997171 states checked.
Progress: 4742357868 states checked.
Progress: 4753732155 states checked.
Progress: 4765139385 states checked.
Progress: 4776515605 states checked.
Progress: 4787853737 states checked.
Progress: 4799215478 states checked.
Progress: 4810566033 states checked.
Progress: 4821909759 states checked.
Progress: 4833259603 states checked.
Progress: 4844652691 states checked.
Progress: 4856045289 states checked.
Progress: 4867370244 states checked.
Progress: 4878783230 states checked.
Progress: 4890228866 states checked.
Progress: 4901625678 states checked.
Progress: 4913022483 states checked.
Progress: 4924412733 states checked.
Progress: 4935795677 states checked.
Progress: 4947198702 states checked.
Progress: 4958580630 states checked.
Progress: 4970035440 states checked.
Progress: 4981435737 states checked.
Progress: 4992846776 states checked.
Progress: 5004235500 states checked.
Progress: 5015639809 states checked.
Progress: 5027010928 states checked.
Progress: 5038395719 states checked.
Progress: 5049756921 states checked.
Progress: 5061119072 states checked.
Progress: 5072498135 states checked.
Progress: 5083887764 states checked.
Progress: 5095260730 states checked.
Progress: 5106614901 states checked.
Progress: 5117987851 states checked.
Progress: 5129366114 states checked.
Progress: 5140662916 states checked.
Progress: 5152021851 states checked.
Progress: 5163408370 states checked.
Progress: 5174836585 states checked.
Progress: 5186277838 states checked.
Progress: 5197707967 states checked.
Progress: 5209078030 states checked.
Progress: 5220473775 states checked.
Progress: 5231888174 states checked.
Progress: 5243277990 states checked.
Progress: 5254649387 states checked.
Progress: 5266056365 states checked.
Progress: 5277431451 states checked.
Progress: 5288830987 states checked.
Progress: 5300222546 states checked.
Progress: 5311589655 states checked.
Progress: 5322994644 states checked.
Progress: 5334341184 states checked.
Progress: 5345771491 states checked.
Progress: 5357193027 states checked.
Progress: 5368585567 states checked.
Progress: 5379943518 states checked.
Progress: 5391344509 states checked.
Progress: 5402760635 states checked.
Progress: 5414093034 states checked.
Progress: 5425486544 states checked.
Progress: 5436896096 states checked.
Progress: 5448281596 states checked.
Progress: 5459652217 states checked.
Progress: 5471015044 states checked.
Progress: 5482392117 states checked.
Progress: 5493800295 states checked.
Progress: 5505229000 states checked.
Progress: 5516664024 states checked.
Progress: 5528125513 states checked.
Progress: 5539559727 states checked.
Progress: 5550944706 states checked.
Progress: 5562327878 states checked.
Progress: 5573732233 states checked.
Progress: 5585153363 states checked.
Progress: 5596558047 states checked.
Progress: 5608004962 states checked.
Progress: 5619423451 states checked.
Progress: 5630835771 states checked.
Progress: 5642326439 states checked.
Progress: 5653694480 states checked.
Progress: 5665180810 states checked.
Progress: 5676677847 states checked.
Progress: 5688083030 states checked.
Progress: 5699545914 states checked.
Progress: 5710957143 states checked.
Progress: 5722390423 states checked.
Progress: 5733737234 states checked.
Progress: 5745088107 states checked.
Progress: 5756485659 states checked.
Progress: 5767886074 states checked.
Progress: 5779311360 states checked.
Progress: 5790700092 states checked.
Progress: 5802125618 states checked.
Progress: 5813533904 states checked.
Progress: 5824935062 states checked.
Progress: 5836346645 states checked.
Progress: 5847692439 states checked.
Progress: 5859084889 states checked.
Progress: 5870463610 states checked.
Progress: 5881815503 states checked.
Progress: 5893185014 states checked.
Progress: 5904537322 states checked.
Progress: 5915930770 states checked.
Progress: 5927287059 states checked.
Progress: 5938649875 states checked.
Progress: 5950006980 states checked.
Progress: 5961363790 states checked.
Progress: 5972770078 states checked.
Progress: 5984158504 states checked.
Progress: 5995584402 states checked.
Progress: 6007011096 states checked.
Progress: 6018394436 states checked.
Progress: 6029792114 states checked.
Progress: 6041204220 states checked.
Progress: 6052635879 states checked.
Progress: 6064060927 states checked.
Progress: 6075458541 states checked.
Progress: 6086847611 states checked.
Progress: 6098268306 states checked.
Progress: 6109685540 states checked.
Progress: 6121069406 states checked.
Progress: 6132418820 states checked.
Progress: 6143799600 states checked.
Progress: 6155123972 states checked.
Progress: 6166559683 states checked.
Progress: 6178004690 states checked.
Progress: 6189434269 states checked.
Progress: 6200836107 states checked.
Progress: 6212250723 states checked.
Progress: 6223651612 states checked.
Progress: 6235056044 states checked.
Progress: 6246418672 states checked.
Progress: 6257863024 states checked.
Progress: 6269260550 states checked.
Progress: 6280684582 states checked.
Progress: 6292099941 states checked.
Progress: 6303488685 states checked.
Progress: 6314868843 states checked.
Progress: 6326268014 states checked.
Progress: 6337690113 states checked.
Progress: 6349087103 states checked.
Progress: 6360486153 states checked.
Progress: 6371911377 states checked.
Progress: 6383326265 states checked.
Progress: 6394775861 states checked.
Progress: 6406215579 states checked.
Progress: 6417688832 states checked.
Progress: 6429117309 states checked.
Progress: 6440495102 states checked.
Progress: 6451893408 states checked.
Progress: 6463285671 states checked.
Progress: 6474714501 states checked.
Progress: 6486122592 states checked.
Progress: 6497520231 states checked.
Progress: 6508875040 states checked.
Progress: 6520234406 states checked.
Progress: 6531639818 states checked.
Progress: 6543048562 states checked.
Progress: 6554433644 states checked.
Progress: 6565816720 states checked.
Progress: 6577202059 states checked.
Progress: 6588647334 states checked.
Progress: 6600037595 states checked.
Progress: 6611431321 states checked.
Progress: 6622850226 states checked.
Progress: 6634260431 states checked.
Progress: 6645699398 states checked.
Progress: 6657140296 states checked.
Progress: 6668547283 states checked.
Progress: 6679905552 states checked.
Progress: 6691273020 states checked.
Progress: 6702645138 states checked.
Progress: 6714015903 states checked.
Progress: 6725380977 states checked.
Progress: 6736770967 states checked.
Progress: 6748131668 states checked.
Progress: 6759502988 states checked.
Progress: 6770873598 states checked.
Progress: 6782265662 states checked.
Progress: 6793670855 states checked.
Progress: 6805081477 states checked.
Progress: 6816458800 states checked.
Progress: 6827814479 states checked.
Progress: 6839234894 states checked.
Progress: 6850676806 states checked.
Progress: 6862133485 states checked.
Progress: 6873585004 states checked.
Progress: 6884976467 states checked.
Progress: 6896427500 states checked.
Progress: 6907746027 states checked.
Progress: 6919072626 states checked.
Progress: 6930396910 states checked.
Progress: 6941785554 states checked.
Progress: 6953197070 states checked.
Progress: 6964559829 states checked.
Progress: 6975954519 states checked.
Progress: 6987299341 states checked.
Progress: 6998688663 states checked.
Progress: 7010093985 states checked.
Progress: 7021482110 states checked.
Progress: 7032900618 states checked.
Progress: 7044247336 states checked.
Progress: 7055666552 states checked.
Progress: 7067061442 states checked.
Progress: 7078466770 states checked.
Progress: 7089882992 states checked.
Progress: 7101311401 states checked.
Progress: 7112677269 states checked.
Progress: 7124032851 states checked.
Progress: 7135373683 states checked.
Progress: 7146768888 states checked.
Progress: 7158180019 states checked.
Progress: 7169581118 states checked.
Progress: 7180953013 states checked.
Progress: 7192388556 states checked.
Progress: 7203773579 states checked.
Progress: 7215157418 states checked.
Progress: 7226488616 states checked.
Progress: 7237861022 states checked.
Progress: 7249275741 states checked.
Progress: 7260666442 states checked.
Progress: 7272057116 states checked.
Progress: 7283460453 states checked.
Progress: 7294838022 states checked.
Progress: 7306193971 states checked.
Progress: 7317552885 states checked.
Progress: 7328878915 states checked.
Progress: 7340236560 states checked.
Progress: 7351585354 states checked.
Progress: 7362940647 states checked.
Progress: 7374352685 states checked.
Progress: 7385784717 states checked.
Progress: 7397205523 states checked.
Progress: 7408582828 states checked.
Progress: 7419953675 states checked.
Progress: 7431390621 states checked.
Progress: 7442835349 states checked.
Progress: 7454234069 states checked.
Progress: 7465646613 states checked.
Progress: 7477065586 states checked.
Progress: 7488479279 states checked.
Progress: 7499875512 states checked.
Progress: 7511331285 states checked.
Progress: 7522789307 states checked.
Progress: 7534261340 states checked.
Progress: 7545628853 states checked.
Progress: 7556974166 states checked.
Progress: 7568341059 states checked.
Progress: 7579695833 states checked.
Progress: 7591106207 states checked.
Progress: 7602492228 states checked.
Progress: 7613850126 states checked.
Progress: 7625244024 states checked.
Progress: 7636627529 states checked.
Progress: 7648003841 states checked.
Progress: 7659345105 states checked.
Progress: 7670682432 states checked.
Progress: 7682056262 states checked.
Progress: 7693440385 states checked.
Progress: 7704802399 states checked.
Progress: 7716198168 states checked.
Progress: 7727623772 states checked.
Progress: 7739017616 states checked.
Progress: 7750363361 states checked.
Progress: 7761678202 states checked.
Progress: 7773023800 states checked.
Progress: 7784358772 states checked.
Progress: 7795752941 states checked.
Progress: 7807093247 states checked.
Progress: 7818471293 states checked.
Progress: 7829862443 states checked.
Progress: 7841238534 states checked.
Progress: 7852613035 states checked.
Progress: 7864012797 states checked.
Progress: 7875394699 states checked.
Progress: 7886774586 states checked.
Progress: 7898117636 states checked.
Progress: 7909507861 states checked.
Progress: 7920884577 states checked.
Progress: 7932307457 states checked.
Progress: 7943721440 states checked.
Progress: 7955093974 states checked.
Progress: 7966478868 states checked.
Progress: 7977920463 states checked.
Progress: 7989302037 states checked.
Progress: 8000792425 states checked.
Progress: 8012185883 states checked.
Progress: 8023613015 states checked.
Progress: 8035022904 states checked.
Progress: 8046455955 states checked.
Progress: 8057899378 states checked.
Progress: 8069355902 states checked.
Progress: 8080792512 states checked.
Progress: 8092200723 states checked.
Progress: 8103584049 states checked.
Progress: 8114875244 states checked.
Progress: 8126244722 states checked.
Progress: 8137640714 states checked.
Progress: 8149020286 states checked.
Progress: 8160399358 states checked.
Progress: 8171755875 states checked.
Progress: 8183155692 states checked.
Progress: 8194558443 states checked.
Progress: 8205957881 states checked.
Progress: 8217364919 states checked.
Progress: 8228727989 states checked.
Progress: 8240133299 states checked.
Progress: 8251552582 states checked.
Progress: 8262887487 states checked.
Progress: 8274305334 states checked.
Progress: 8285731614 states checked.
Progress: 8297147959 states checked.
Progress: 8308545891 states checked.
Progress: 8319899468 states checked.
Progress: 8331267791 states checked.
Progress: 8342677436 states checked.
Progress: 8354075751 states checked.
Progress: 8365472377 states checked.
Progress: 8376895038 states checked.
Progress: 8388278345 states checked.
Progress: 8399652619 states checked.
Progress: 8411059779 states checked.
Progress: 8422459373 states checked.
Progress: 8433901147 states checked.
Progress: 8445287228 states checked.
Progress: 8456660763 states checked.
Progress: 8468038839 states checked.
Progress: 8479471037 states checked.
Progress: 8490882230 states checked.
Progress: 8502254151 states checked.
Progress: 8513689866 states checked.
Progress: 8525128277 states checked.
Progress: 8536498094 states checked.
Progress: 8547862828 states checked.
Progress: 8559255946 states checked.
Progress: 8570631355 states checked.
Progress: 8582003153 states checked.
Progress: 8593403884 states checked.
Progress: 8604754792 states checked.
Progress: 8616111475 states checked.
Progress: 8627480460 states checked.
Progress: 8638865610 states checked.
Progress: 8650300603 states checked.
Progress: 8661744164 states checked.
Progress: 8673201373 states checked.
Progress: 8684602934 states checked.
Progress: 8695978229 states checked.
Progress: 8707360045 states checked.
Progress: 8718739775 states checked.
Progress: 8730112714 states checked.
Progress: 8741562263 states checked.
Progress: 8752889137 states checked.
Progress: 8764288561 states checked.
Progress: 8775727973 states checked.
Progress: 8787109290 states checked.
Progress: 8798522585 states checked.
Progress: 8809851002 states checked.
Progress: 8821235042 states checked.
Progress: 8832558510 states checked.
Progress: 8843953631 states checked.
Progress: 8855385560 states checked.
Progress: 8866780412 states checked.
Progress: 8878115562 states checked.
Progress: 8889474301 states checked.
Progress: 8900834007 states checked.
Progress: 8912201123 states checked.
Progress: 8923598427 states checked.
Progress: 8934919009 states checked.
Progress: 8946289616 states checked.
Progress: 8957652909 states checked.
Progress: 8969014687 states checked.
Progress: 8980444789 states checked.
Progress: 8991814261 states checked.
Progress: 9003202611 states checked.
Progress: 9014587253 states checked.
Progress: 9025973427 states checked.
Progress: 9037458334 states checked.
Progress: 9048917892 states checked.
Progress: 9060384021 states checked.
Progress: 9071812793 states checked.
Progress: 9083203346 states checked.
Progress: 9094616326 states checked.
Progress: 9106012901 states checked.
Progress: 9117441027 states checked.
Progress: 9128928642 states checked.
Progress: 9140441823 states checked.
Progress: 9151966844 states checked.
Progress: 9163444480 states checked.
Progress: 9174955450 states checked.
Progress: 9186398504 states checked.
Progress: 9197782934 states checked.
Progress: 9209202178 states checked.
Progress: 9220603485 states checked.
Progress: 9232002282 states checked.
Progress: 9243410262 states checked.
Progress: 9254819335 states checked.
Progress: 9266229793 states checked.
Progress: 9277623481 states checked.
Progress: 9289015870 states checked.
Progress: 9300401556 states checked.
Progress: 9311794586 states checked.
Progress: 9323215012 states checked.
Progress: 9334632427 states checked.
Progress: 9346033877 states checked.
Progress: 9357424001 states checked.
Progress: 9368792835 states checked.
Progress: 9380175374 states checked.
Progress: 9391570867 states checked.
Progress: 9402937714 states checked.
Progress: 9414335192 states checked.
Progress: 9425746521 states checked.
Progress: 9437120627 states checked.
Progress: 9448558857 states checked.
Progress: 9459977206 states checked.
Progress: 9471393606 states checked.
Progress: 9482799836 states checked.
Progress: 9494161846 states checked.
Progress: 9505525677 states checked.
Progress: 9516910237 states checked.
Progress: 9528311064 states checked.
Progress: 9539711365 states checked.
Progress: 9551131643 states checked.
Progress: 9562507278 states checked.
Progress: 9573924384 states checked.
Progress: 9585338834 states checked.
Progress: 9596752221 states checked.
Progress: 9608205251 states checked.
Progress: 9619612135 states checked.
Progress: 9630989309 states checked.
Progress: 9642372448 states checked.
Progress: 9653752476 states checked.
Progress: 9665131805 states checked.
Progress: 9676550612 states checked.
Progress: 9687937664 states checked.
Progress: 9699311849 states checked.
Progress: 9710731778 states checked.
Progress: 9722143509 states checked.
Progress: 9733497988 states checked.
Progress: 9744874933 states checked.
Progress: 9756246225 states checked.
Progress: 9767604270 states checked.
Progress: 9778956390 states checked.
Progress: 9790369164 states checked.
Progress: 9801760838 states checked.
Progress: 9813188043 states checked.
Progress: 9824579229 states checked.
Progress: 9835987882 states checked.
Progress: 9847381924 states checked.
Progress: 9858763687 states checked.
Progress: 9870167850 states checked.
Progress: 9881519424 states checked.
Progress: 9892942977 states checked.
Progress: 9904338157 states checked.
Progress: 9915687818 states checked.
Progress: 9927109186 states checked.
Progress: 9938465772 states checked.
Progress: 9949834554 states checked.
Progress: 9961235318 states checked.
Progress: 9972640923 states checked.
Progress: 9984023410 states checked.
Progress: 9995423976 states checked.
Progress: 10006843462 states checked.
Progress: 10018264605 states checked.
Progress: 10029641595 states checked.
Progress: 10041038739 states checked.
Progress: 10052442188 states checked.
Progress: 10063798159 states checked.
Progress: 10075173374 states checked.
Progress: 10086633970 states checked.
Progress: 10098101038 states checked.
Progress: 10109557082 states checked.
Progress: 10120912426 states checked.
Progress: 10132304521 states checked.
Progress: 10143667968 states checked.
Progress: 10155068087 states checked.
Progress: 10166480952 states checked.
Progress: 10177814275 states checked.
Progress: 10189157097 states checked.
Progress: 10200535498 states checked.
Progress: 10211993568 states checked.
Progress: 10223422915 states checked.
Progress: 10234850061 states checked.
Progress: 10246305319 states checked.
Progress: 10257740014 states checked.
Progress: 10269151597 states checked.
Progress: 10280540932 states checked.
Progress: 10291958931 states checked.
Progress: 10303384604 states checked.
Progress: 10314859118 states checked.
Progress: 10326301719 states checked.
Progress: 10337729447 states checked.
Progress: 10349190593 states checked.
Progress: 10360559532 states checked.
Progress: 10371979587 states checked.
Progress: 10383294004 states checked.
Progress: 10394702161 states checked.
Progress: 10406145936 states checked.
Progress: 10417588444 states checked.
Progress: 10429046527 states checked.
Progress: 10440497051 states checked.
Progress: 10451981299 states checked.
Progress: 10463422615 states checked.
Progress: 10474899640 states checked.
Progress: 10486386342 states checked.
Progress: 10497883342 states checked.
Progress: 10509298816 states checked.
Progress: 10520669110 states checked.
Progress: 10532019007 states checked.
Progress: 10543358544 states checked.
Progress: 10554707420 states checked.
Progress: 10566074799 states checked.
Progress: 10577490461 states checked.
Progress: 10588936318 states checked.
Progress: 10600372963 states checked.
Progress: 10611775489 states checked.
Progress: 10623159297 states checked.
Progress: 10634506962 states checked.
Progress: 10645883026 states checked.
Progress: 10657324255 states checked.
Progress: 10668760018 states checked.
Progress: 10680153067 states checked.
Progress: 10691616553 states checked.
Progress: 10703049546 states checked.
Progress: 10714507364 states checked.
Progress: 10725970949 states checked.
Progress: 10737438596 states checked.
Progress: 10748870698 states checked.
Progress: 10760253850 states checked.
Progress: 10771653011 states checked.
Progress: 10783033819 states checked.
Progress: 10794445309 states checked.
Progress: 10805879336 states checked.
Progress: 10817265173 states checked.
Progress: 10828640086 states checked.
Progress: 10840025528 states checked.
Progress: 10851388821 states checked.
Progress: 10862808821 states checked.
Progress: 10874237562 states checked.
Progress: 10885653129 states checked.
Progress: 10897073272 states checked.
Progress: 10908502049 states checked.
Progress: 10919940947 states checked.
Progress: 10931347449 states checked.
Progress: 10942765733 states checked.
Progress: 10954202155 states checked.
Progress: 10965588125 states checked.
Progress: 10977030615 states checked.
Progress: 10988433918 states checked.
Progress: 10999896475 states checked.
Progress: 11011367592 states checked.
Progress: 11022857695 states checked.
Progress: 11034255738 states checked.
Progress: 11045734174 states checked.
Progress: 11057250410 states checked.
Progress: 11068732868 states checked.
Progress: 11080217560 states checked.
Progress: 11091611325 states checked.
Progress: 11102982843 states checked.
Progress: 11114377774 states checked.
Progress: 11125804310 states checked.
Progress: 11137211488 states checked.
Progress: 11148602632 states checked.
Progress: 11159973502 states checked.
Progress: 11171348166 states checked.
Progress: 11182688081 states checked.
Progress: 11194095415 states checked.
Progress: 11205484433 states checked.
Progress: 11216879705 states checked.
Progress: 11228303876 states checked.
Progress: 11239660316 states checked.
Progress: 11251023441 states checked.
Progress: 11262417085 states checked.
Progress: 11273828428 states checked.
Progress: 11285248208 states checked.
Progress: 11296647844 states checked.
Progress: 11308046082 states checked.
Progress: 11319391074 states checked.
Progress: 11330768958 states checked.
Progress: 11342160899 states checked.
Progress: 11353582532 states checked.
Progress: 11365099622 states checked.
Progress: 11376568069 states checked.
Progress: 11387965758 states checked.
Progress: 11399304637 states checked.
Progress: 11410666831 states checked.
Progress: 11421993903 states checked.
Progress: 11433363240 states checked.
Progress: 11444727431 states checked.
Progress: 11456107194 states checked.
Progress: 11467451523 states checked.
Progress: 11478834544 states checked.
Progress: 11490286028 states checked.
Progress: 11501689703 states checked.
Progress: 11513047412 states checked.
Progress: 11524410040 states checked.
Progress: 11535734450 states checked.
Progress: 11547036731 states checked.
Progress: 11558368530 states checked.
Progress: 11569715047 states checked.
Progress: 11581076243 states checked.
Progress: 11592384799 states checked.
Progress: 11603763792 states checked.
Progress: 11615152438 states checked.
Progress: 11626574380 states checked.
Progress: 11637993060 states checked.
Progress: 11649442914 states checked.
Progress: 11660923678 states checked.
Progress: 11672361737 states checked.
Progress: 11683822189 states checked.
Progress: 11695251675 states checked.
Progress: 11706756957 states checked.
Progress: 11718237583 states checked.
Progress: 11729662590 states checked.
Progress: 11741018517 states checked.
Progress: 11752378224 states checked.
Progress: 11763761131 states checked.
Progress: 11775136919 states checked.
Progress: 11786497261 states checked.
Progress: 11797919201 states checked.
Progress: 11809321314 states checked.
Progress: 11820717276 states checked.
Progress: 11832096442 states checked.
Progress: 11843439364 states checked.
Progress: 11854826752 states checked.
Progress: 11866213358 states checked.
Progress: 11877621070 states checked.
Progress: 11889095096 states checked.
Progress: 11900537378 states checked.
Progress: 11911967441 states checked.
Progress: 11923343608 states checked.
Progress: 11934758377 states checked.
Progress: 11946150614 states checked.
Progress: 11957597630 states checked.
Progress: 11969052302 states checked.
Progress: 11980490405 states checked.
Progress: 11992027255 states checked.
Progress: 12003536519 states checked.
Progress: 12014999139 states checked.
Progress: 12026568774 states checked.
Progress: 12038036236 states checked.
Progress: 12049468484 states checked.
Progress: 12060837074 states checked.
Progress: 12072221279 states checked.
Progress: 12083649213 states checked.
Progress: 12095102114 states checked.
Progress: 12106532731 states checked.
Progress: 12117977325 states checked.
Progress: 12129356584 states checked.
Progress: 12140764518 states checked.
Progress: 12152169044 states checked.
Progress: 12163536135 states checked.
Progress: 12174948073 states checked.
Progress: 12186386116 states checked.
Progress: 12197808489 states checked.
Progress: 12209220925 states checked.
Progress: 12220599207 states checked.
Progress: 12231970966 states checked.
Progress: 12243347190 states checked.
Progress: 12254734041 states checked.
Progress: 12266153804 states checked.
Progress: 12277569967 states checked.
Progress: 12289007349 states checked.
Progress: 12300413450 states checked.
Progress: 12311825472 states checked.
Progress: 12323244282 states checked.
Progress: 12334650316 states checked.
Progress: 12346077771 states checked.
Progress: 12357494097 states checked.
Progress: 12368869040 states checked.
Progress: 12380304894 states checked.
Progress: 12391703031 states checked.
Progress: 12403157952 states checked.
Progress: 12414594864 states checked.
Progress: 12426014494 states checked.
Progress: 12437434316 states checked.
Progress: 12448847230 states checked.
Progress: 12460248855 states checked.
Progress: 12471692988 states checked.
Progress: 12483140166 states checked.
Progress: 12494558243 states checked.
Progress: 12506000820 states checked.
Progress: 12517402228 states checked.
Progress: 12528823109 states checked.
Progress: 12540246705 states checked.
Progress: 12551618462 states checked.
Progress: 12562998343 states checked.
Progress: 12574419560 states checked.
Progress: 12585867260 states checked.
Progress: 12597326425 states checked.
Progress: 12608804598 states checked.
Progress: 12620241269 states checked.
Progress: 12631728021 states checked.
Progress: 12643247181 states checked.
Progress: 12654704150 states checked.
Progress: 12666129826 states checked.
Progress: 12677590655 states checked.
Progress: 12689104581 states checked.
Progress: 12700618324 states checked.
Progress: 12712013422 states checked.
Progress: 12723385182 states checked.
Progress: 12734825758 states checked.
Progress: 12746234620 states checked.
Progress: 12757660741 states checked.
Progress: 12769045876 states checked.
Progress: 12780488277 states checked.
Progress: 12791915317 states checked.
Progress: 12803288754 states checked.
Progress: 12814649117 states checked.
Progress: 12826026627 states checked.
Progress: 12837387989 states checked.
Progress: 12848786295 states checked.
Progress: 12860155137 states checked.
Progress: 12871556778 states checked.
Progress: 12882951174 states checked.
Progress: 12894430205 states checked.
Progress: 12905851432 states checked.
Progress: 12917275133 states checked.
Progress: 12928704823 states checked.
Progress: 12940144795 states checked.
Progress: 12951575939 states checked.
Progress: 12962988542 states checked.
Progress: 12974437622 states checked.
Progress: 12985816620 states checked.
Progress: 12997234615 states checked.
Progress: 13008659493 states checked.
Progress: 13020005989 states checked.
Progress: 13031336016 states checked.
Progress: 13042662465 states checked.
Progress: 13054035718 states checked.
Progress: 13065360344 states checked.
Progress: 13076708543 states checked.
Progress: 13088116449 states checked.
Progress: 13099558278 states checked.
Progress: 13110938195 states checked.
Progress: 13122336589 states checked.
Progress: 13133774759 states checked.
Progress: 13145222379 states checked.
Progress: 13156669801 states checked.
Progress: 13168078350 states checked.
Progress: 13179504100 states checked.
Progress: 13190965602 states checked.
Progress: 13202415127 states checked.
Progress: 13213824843 states checked.
Progress: 13225221949 states checked.
Progress: 13236604551 states checked.
Progress: 13248013513 states checked.
Progress: 13259396480 states checked.
Progress: 13270761821 states checked.
Progress: 13282148116 states checked.
Progress: 13293545778 states checked.
Progress: 13304930592 states checked.
Progress: 13316352616 states checked.
Progress: 13327776169 states checked.
Progress: 13339188259 states checked.
Progress: 13350629748 states checked.
Progress: 13362032092 states checked.
Progress: 13373368551 states checked.
Progress: 13384767198 states checked.
Progress: 13396161761 states checked.
Progress: 13407529056 states checked.
Progress: 13418946078 states checked.
Progress: 13430362829 states checked.
Progress: 13441739144 states checked.
Progress: 13453164485 states checked.
Progress: 13464477913 states checked.
Progress: 13475810063 states checked.
Progress: 13487159916 states checked.
Progress: 13498539090 states checked.
Progress: 13509908088 states checked.
Progress: 13521287819 states checked.
Progress: 13532668787 states checked.
Progress: 13544040469 states checked.
Progress: 13555384207 states checked.
Progress: 13566838174 states checked.
Progress: 13578301126 states checked.
Progress: 13589712521 states checked.
Progress: 13601100783 states checked.
Progress: 13612510014 states checked.
Progress: 13623940761 states checked.
Progress: 13635374149 states checked.
Progress: 13646837112 states checked.
Progress: 13658305360 states checked.
Progress: 13669749245 states checked.
Progress: 13681182445 states checked.
Progress: 13692540222 states checked.
Progress: 13703947512 states checked.
Progress: 13715355034 states checked.
Progress: 13726802064 states checked.
Progress: 13738235690 states checked.
Progress: 13749638851 states checked.
Progress: 13760975834 states checked.
Progress: 13772336906 states checked.
Progress: 13783756723 states checked.
Progress: 13795159545 states checked.
Progress: 13806562465 states checked.
Progress: 13817987184 states checked.
Progress: 13829392259 states checked.
Progress: 13840814489 states checked.
Progress: 13852264962 states checked.
Progress: 13863669419 states checked.
Progress: 13875094215 states checked.
Progress: 13886494539 states checked.
Progress: 13897946526 states checked.
Progress: 13909411656 states checked.
Progress: 13920851941 states checked.
Progress: 13932332560 states checked.
Progress: 13943745090 states checked.
Progress: 13955158933 states checked.
Progress: 13966554940 states checked.
Progress: 13977993710 states checked.
Progress: 13989405600 states checked.
Progress: 14000831717 states checked.
Progress: 14012264216 states checked.
Progress: 14023747545 states checked.
Progress: 14035216861 states checked.
Progress: 14046627174 states checked.
Progress: 14058081286 states checked.
Progress: 14069531638 states checked.
Progress: 14081011954 states checked.
Progress: 14092444083 states checked.
Progress: 14103859833 states checked.
Progress: 14115295675 states checked.
Progress: 14126745082 states checked.
Progress: 14138207338 states checked.
Progress: 14149665904 states checked.
Progress: 14161140833 states checked.
Progress: 14172593628 states checked.
Progress: 14184043989 states checked.
Progress: 14195426549 states checked.
Progress: 14206830960 states checked.
Progress: 14218230544 states checked.
Progress: 14229576897 states checked.
Progress: 14240956202 states checked.
Progress: 14252297905 states checked.
Progress: 14263651876 states checked.
Progress: 14274978009 states checked.
Progress: 14286299955 states checked.
Progress: 14297692230 states checked.
Progress: 14309046941 states checked.
Progress: 14320446543 states checked.
Progress: 14331838392 states checked.
Progress: 14343208957 states checked.
Progress: 14354586717 states checked.
Progress: 14365947543 states checked.
Progress: 14377304061 states checked.
Progress: 14388719961 states checked.
Progress: 14400103721 states checked.
Progress: 14411465211 states checked.
Progress: 14422856200 states checked.
Progress: 14434272488 states checked.
Progress: 14445687658 states checked.
Progress: 14457075340 states checked.
Progress: 14468499557 states checked.
Progress: 14479818848 states checked.
Progress: 14491182603 states checked.
Progress: 14502583746 states checked.
Progress: 14513929288 states checked.
Progress: 14525343330 states checked.
Progress: 14536695108 states checked.
Progress: 14548064468 states checked.
Progress: 14559415546 states checked.
Progress: 14570749911 states checked.
Progress: 14582117091 states checked.
Progress: 14593536701 states checked.
Progress: 14604993504 states checked.
Progress: 14616426982 states checked.
Progress: 14627838786 states checked.
Progress: 14639238376 states checked.
Progress: 14650657162 states checked.
Progress: 14662053554 states checked.
Progress: 14673435100 states checked.
Progress: 14684808249 states checked.
Progress: 14696199476 states checked.
Progress: 14707575776 states checked.
Progress: 14718937366 states checked.
Progress: 14730342723 states checked.
Progress: 14741739775 states checked.
Progress: 14753180193 states checked.
Progress: 14764605767 states checked.
Progress: 14776002352 states checked.
Progress: 14787430766 states checked.
Progress: 14798872493 states checked.
Progress: 14810338829 states checked.
Progress: 14821769140 states checked.
Progress: 14833213160 states checked.
Progress: 14844658170 states checked.
Progress: 14856112381 states checked.
Progress: 14867555318 states checked.
Progress: 14879017031 states checked.
Progress: 14890466751 states checked.
Progress: 14901886548 states checked.
Progress: 14913290204 states checked.
Progress: 14924710266 states checked.
Progress: 14936198850 states checked.
Progress: 14947640291 states checked.
Progress: 14959060229 states checked.
Progress: 14970423616 states checked.
Progress: 14981792046 states checked.
Progress: 14993167925 states checked.
Progress: 15004543460 states checked.
Progress: 15015927798 states checked.
Progress: 15027394730 states checked.
Progress: 15038822947 states checked.
Progress: 15050270886 states checked.
Progress: 15061764820 states checked.
Progress: 15073211305 states checked.
Progress: 15084652168 states checked.
Progress: 15096086493 states checked.
Progress: 15107518000 states checked.
Progress: 15118994296 states checked.
Progress: 15130407295 states checked.
Progress: 15141820602 states checked.
Progress: 15153260733 states checked.
Progress: 15164701151 states checked.
Progress: 15176127891 states checked.
Progress: 15187491910 states checked.
Progress: 15198880114 states checked.
Progress: 15210246688 states checked.
Progress: 15221669447 states checked.
Progress: 15233054530 states checked.
Progress: 15244405949 states checked.
Progress: 15255793539 states checked.
Progress: 15267188946 states checked.
Progress: 15278572389 states checked.
Progress: 15290029951 states checked.
Progress: 15301433723 states checked.
Progress: 15312894573 states checked.
Progress: 15324332937 states checked.
Progress: 15335765187 states checked.
Progress: 15347222019 states checked.
Progress: 15358655917 states checked.
Progress: 15370039958 states checked.
Progress: 15381459762 states checked.
Progress: 15392889515 states checked.
Progress: 15404311990 states checked.
Progress: 15415714234 states checked.
Progress: 15427107141 states checked.
Progress: 15438526263 states checked.
Progress: 15449942212 states checked.
Progress: 15461393202 states checked.
Progress: 15472769281 states checked.
Progress: 15484150959 states checked.
Progress: 15495540219 states checked.
Progress: 15506916503 states checked.
Progress: 15518279509 states checked.
Progress: 15529666078 states checked.
Progress: 15541019283 states checked.
Progress: 15552412028 states checked.
Progress: 15563841544 states checked.
Progress: 15575262330 states checked.
Progress: 15586720545 states checked.
Progress: 15598109656 states checked.
Progress: 15609506147 states checked.
Progress: 15620911314 states checked.
Progress: 15632324186 states checked.
Progress: 15643708755 states checked.
Progress: 15655155045 states checked.
Progress: 15666596301 states checked.
Progress: 15678059768 states checked.
Progress: 15689482882 states checked.
Progress: 15700911320 states checked.
Progress: 15712312714 states checked.
Progress: 15723683585 states checked.
Progress: 15735066219 states checked.
Progress: 15746468917 states checked.
Progress: 15757897908 states checked.
Progress: 15769282861 states checked.
Progress: 15780667854 states checked.
Progress: 15792028339 states checked.
Progress: 15803428646 states checked.
Progress: 15814826861 states checked.
Progress: 15826306852 states checked.
Progress: 15837761176 states checked.
Progress: 15849214538 states checked.
Progress: 15860688555 states checked.
Progress: 15872105034 states checked.
Progress: 15883525635 states checked.
Progress: 15894984471 states checked.
Progress: 15906384550 states checked.
Progress: 15917750681 states checked.
Progress: 15929120967 states checked.
Progress: 15940512234 states checked.
Progress: 15951906649 states checked.
Progress: 15963254631 states checked.
Progress: 15974674771 states checked.
Progress: 15986125199 states checked.
Progress: 15997568761 states checked.
Progress: 16008991027 states checked.
Progress: 16020434601 states checked.
Progress: 16031839509 states checked.
Progress: 16043265956 states checked.
Progress: 16054679442 states checked.
Progress: 16066087922 states checked.
Progress: 16077559702 states checked.
Progress: 16088959853 states checked.
Progress: 16100401094 states checked.
Progress: 16111790628 states checked.
Progress: 16123209748 states checked.
Progress: 16134614931 states checked.
Progress: 16146025780 states checked.
Progress: 16157449580 states checked.
Progress: 16168882253 states checked.
Progress: 16180291771 states checked.
Progress: 16191767463 states checked.
Progress: 16203145162 states checked.
Progress: 16214531886 states checked.
Progress: 16225945158 states checked.
Progress: 16237342241 states checked.
Progress: 16248729103 states checked.
Progress: 16260143305 states checked.
Progress: 16271565288 states checked.
Progress: 16282940225 states checked.
Progress: 16294306439 states checked.
Progress: 16305667051 states checked.
Progress: 16317035906 states checked.
Progress: 16328435283 states checked.
Progress: 16339846811 states checked.
Progress: 16351295660 states checked.
Progress: 16362755393 states checked.
Progress: 16374169159 states checked.
Progress: 16385621101 states checked.
Progress: 16397057154 states checked.
Progress: 16408487673 states checked.
Progress: 16419939122 states checked.
Progress: 16431356380 states checked.
Progress: 16442761458 states checked.
Progress: 16454188783 states checked.
Progress: 16465613457 states checked.
Progress: 16477064510 states checked.
Progress: 16488467426 states checked.
Progress: 16499846082 states checked.
Progress: 16511255487 states checked.
Progress: 16522653267 states checked.
Progress: 16534047151 states checked.
Progress: 16545501186 states checked.
Progress: 16556872983 states checked.
Progress: 16568221238 states checked.
Progress: 16579593516 states checked.
Progress: 16590965059 states checked.
Progress: 16602421420 states checked.
Progress: 16613835911 states checked.
Progress: 16625232003 states checked.
Progress: 16636654282 states checked.
Progress: 16648114550 states checked.
Progress: 16659569712 states checked.
Progress: 16670987734 states checked.
Progress: 16682413930 states checked.
Progress: 16693790881 states checked.
Progress: 16705151535 states checked.
Progress: 16716550317 states checked.
Progress: 16728002017 states checked.
Progress: 16739410502 states checked.
Progress: 16750815224 states checked.
Progress: 16762227658 states checked.
Progress: 16773677397 states checked.
Progress: 16785116323 states checked.
Progress: 16796548039 states checked.
Progress: 16807983571 states checked.
Progress: 16819421968 states checked.
Progress: 16830834993 states checked.
Progress: 16842250588 states checked.
Progress: 16853714655 states checked.
Progress: 16865140113 states checked.
Progress: 16876534628 states checked.
Progress: 16887968772 states checked.
Progress: 16899332885 states checked.
Progress: 16910715295 states checked.
Progress: 16922140859 states checked.
Progress: 16933620739 states checked.
Progress: 16945054776 states checked.
Progress: 16956473115 states checked.
Progress: 16967833222 states checked.
Progress: 16979272726 states checked.
Progress: 16990690377 states checked.
Progress: 17002107422 states checked.
Progress: 17013516017 states checked.
Progress: 17024925258 states checked.
Progress: 17036327446 states checked.
Progress: 17047763080 states checked.
Progress: 17059202981 states checked.
Progress: 17070631544 states checked.
Progress: 17082098648 states checked.
Progress: 17093584898 states checked.
Progress: 17104979950 states checked.
Progress: 17116365725 states checked.
Progress: 17127726324 states checked.
Progress: 17139097942 states checked.
Progress: 17150516809 states checked.
Progress: 17161940198 states checked.
Progress: 17173346931 states checked.
Progress: 17184738256 states checked.
Progress: 17196120316 states checked.
Progress: 17207527187 states checked.
Progress: 17218902285 states checked.
Progress: 17230337888 states checked.
Progress: 17241800022 states checked.
Progress: 17253233365 states checked.
Progress: 17264686124 states checked.
Progress: 17276110681 states checked.
Progress: 17287526775 states checked.
Progress: 17298946420 states checked.
Progress: 17310385660 states checked.
Progress: 17321816392 states checked.
Progress: 17333195207 states checked.
Progress: 17344576667 states checked.
Progress: 17356009858 states checked.
Progress: 17367411420 states checked.
Progress: 17378791290 states checked.
Progress: 17390215316 states checked.
Progress: 17401632395 states checked.
Progress: 17413028271 states checked.
Progress: 17424471237 states checked.
Progress: 17435911740 states checked.
Progress: 17447294312 states checked.
Progress: 17458681608 states checked.
Progress: 17470076565 states checked.
Progress: 17481435459 states checked.
Progress: 17492847316 states checked.
Progress: 17504292305 states checked.
Progress: 17515696881 states checked.
Progress: 17527050563 states checked.
Progress: 17538453805 states checked.
Progress: 17549896102 states checked.
Progress: 17561285722 states checked.
Progress: 17572665810 states checked.
Progress: 17584064332 states checked.
Progress: 17595498765 states checked.
Progress: 17606901873 states checked.
Progress: 17618330904 states checked.
Progress: 17629749207 states checked.
Progress: 17641114332 states checked.
Progress: 17652483371 states checked.
Progress: 17663827400 states checked.
Progress: 17675198405 states checked.
Progress: 17686603987 states checked.
Progress: 17698027973 states checked.
Progress: 17709473963 states checked.
Progress: 17720885968 states checked.
Progress: 17732273990 states checked.
Progress: 17743689057 states checked.
Progress: 17755141071 states checked.
Progress: 17766534967 states checked.
Progress: 17777934749 states checked.
Progress: 17789333393 states checked.
Progress: 17800754187 states checked.
Progress: 17812155391 states checked.
Progress: 17823543087 states checked.
Progress: 17834972064 states checked.
Progress: 17846407254 states checked.
Progress: 17857833305 states checked.
Progress: 17869266298 states checked.
Progress: 17880704185 states checked.
Progress: 17892119339 states checked.
Progress: 17903619842 states checked.
Progress: 17915087176 states checked.
Progress: 17926500015 states checked.
Progress: 17937871536 states checked.
Progress: 17949260853 states checked.
Progress: 17960616902 states checked.
Progress: 17972008811 states checked.
Progress: 17983425452 states checked.
Progress: 17994871802 states checked.
Progress: 18006275097 states checked.
Progress: 18017729399 states checked.
Progress: 18029153387 states checked.
Progress: 18040573107 states checked.
Progress: 18051960151 states checked.
Progress: 18063376616 states checked.
Progress: 18074758388 states checked.
Progress: 18086155826 states checked.
Progress: 18097541202 states checked.
Progress: 18108946988 states checked.
Progress: 18120338769 states checked.
Progress: 18131769611 states checked.
Progress: 18143156094 states checked.
Progress: 18154583926 states checked.
Progress: 18165981534 states checked.
Progress: 18177321378 states checked.
Progress: 18188682505 states checked.
Progress: 18200027976 states checked.
Progress: 18211414058 states checked.
Progress: 18222799200 states checked.
Progress: 18234159349 states checked.
Progress: 18245547271 states checked.
Progress: 18256909640 states checked.
Progress: 18268300450 states checked.
Progress: 18279710240 states checked.
Progress: 18291027852 states checked.
Progress: 18302396236 states checked.
Progress: 18313824337 states checked.
Progress: 18325287455 states checked.
Progress: 18336773874 states checked.
Progress: 18348139495 states checked.
Progress: 18359514872 states checked.
Progress: 18370913307 states checked.
Progress: 18382313979 states checked.
Progress: 18393682812 states checked.
Progress: 18405060004 states checked.
Progress: 18416425634 states checked.
Progress: 18427848213 states checked.
Progress: 18439252846 states checked.
Progress: 18450565626 states checked.
Progress: 18461952392 states checked.
Progress: 18473350476 states checked.
Progress: 18484738766 states checked.
Progress: 18496174340 states checked.
Progress: 18507565798 states checked.
Progress: 18518937803 states checked.
Progress: 18530373570 states checked.
Progress: 18541750830 states checked.
Progress: 18553210975 states checked.
Progress: 18564631867 states checked.
Progress: 18576021893 states checked.
Progress: 18587523960 states checked.
Progress: 18599047029 states checked.
Progress: 18610538746 states checked.
Progress: 18622047755 states checked.
Progress: 18633547355 states checked.
Progress: 18645022521 states checked.
Progress: 18656415304 states checked.
Progress: 18667855714 states checked.
Progress: 18679334051 states checked.
Progress: 18690782349 states checked.
Progress: 18702244020 states checked.
Progress: 18713694547 states checked.
Progress: 18725120843 states checked.
Progress: 18736597455 states checked.
Progress: 18748089150 states checked.
Progress: 18759569123 states checked.
Progress: 18770997397 states checked.
Progress: 18782431972 states checked.
Progress: 18793809532 states checked.
Progress: 18805206754 states checked.
Progress: 18816625081 states checked.
Progress: 18828005037 states checked.
Progress: 18839453859 states checked.
Progress: 18850893952 states checked.
Progress: 18862362358 states checked.
Progress: 18873810660 states checked.
Progress: 18885240992 states checked.
Progress: 18896694315 states checked.
Progress: 18908163166 states checked.
Progress: 18919659402 states checked.
Progress: 18931123896 states checked.
Progress: 18942538577 states checked.
Progress: 18953990849 states checked.
Progress: 18965438859 states checked.
Progress: 18976864398 states checked.
Progress: 18988356432 states checked.
Progress: 18999777446 states checked.
Progress: 19011164239 states checked.
Progress: 19022629948 states checked.
Progress: 19034062028 states checked.
Progress: 19045447472 states checked.
Progress: 19056873625 states checked.
Progress: 19068319283 states checked.
Progress: 19079745466 states checked.
Progress: 19091166904 states checked.
Progress: 19102561122 states checked.
Progress: 19113949660 states checked.
Progress: 19125349040 states checked.
Progress: 19136787822 states checked.
Progress: 19148244834 states checked.
Progress: 19159707220 states checked.
Progress: 19171132101 states checked.
Progress: 19182586093 states checked.
Progress: 19194003351 states checked.
Progress: 19205423524 states checked.
Progress: 19216880682 states checked.
Progress: 19228308617 states checked.
Progress: 19239776783 states checked.
Progress: 19251212648 states checked.
Progress: 19262677136 states checked.
Progress: 19274153203 states checked.
Progress: 19285612745 states checked.
Progress: 19297031080 states checked.
Progress: 19308450932 states checked.
Progress: 19319870474 states checked.
Progress: 19331319927 states checked.
Progress: 19342763579 states checked.
Progress: 19354244578 states checked.
Progress: 19365663274 states checked.
Progress: 19377064923 states checked.
Progress: 19388468212 states checked.
Progress: 19399879198 states checked.
Progress: 19411273055 states checked.
Progress: 19422741665 states checked.
Progress: 19434173983 states checked.
Progress: 19445603262 states checked.
Progress: 19457021200 states checked.
Progress: 19468475462 states checked.
Progress: 19479901547 states checked.
Progress: 19491365247 states checked.
Progress: 19502805951 states checked.
Progress: 19514283155 states checked.
Progress: 19525722662 states checked.
Progress: 19537110841 states checked.
Progress: 19548524313 states checked.
Progress: 19559904174 states checked.
Progress: 19571296287 states checked.
Progress: 19582708864 states checked.
Progress: 19594140265 states checked.
Progress: 19605587273 states checked.
Progress: 19617002932 states checked.
Progress: 19628445975 states checked.
Progress: 19639854791 states checked.
Progress: 19651318739 states checked.
Progress: 19662793142 states checked.
Progress: 19674219663 states checked.
Progress: 19685616478 states checked.
Progress: 19697032948 states checked.
Progress: 19708419085 states checked.
Progress: 19719900962 states checked.
Progress: 19731328294 states checked.
Progress: 19742787051 states checked.
Progress: 19754266217 states checked.
Progress: 19765684465 states checked.
Progress: 19777140275 states checked.
Progress: 19788609667 states checked.
Progress: 19800067656 states checked.
Progress: 19811527433 states checked.
Progress: 19822918788 states checked.
Progress: 19834360200 states checked.
Progress: 19845756754 states checked.
Progress: 19857141939 states checked.
Progress: 19868584165 states checked.
Progress: 19880024874 states checked.
Progress: 19891486265 states checked.
Progress: 19902929973 states checked.
Progress: 19914338652 states checked.
Progress: 19925712464 states checked.
Progress: 19937145096 states checked.
Progress: 19948503011 states checked.
Progress: 19959935865 states checked.
Progress: 19971415127 states checked.
Progress: 19982807189 states checked.
Progress: 19994187496 states checked.
Progress: 20005593875 states checked.
Progress: 20017065139 states checked.
Progress: 20028480989 states checked.
Progress: 20039889324 states checked.
Progress: 20051280563 states checked.
Progress: 20062684327 states checked.
Progress: 20074076536 states checked.
Progress: 20085496170 states checked.
Progress: 20096939139 states checked.
Progress: 20108443347 states checked.
Progress: 20119944532 states checked.
Progress: 20131373985 states checked.
Progress: 20142854825 states checked.
Progress: 20154292912 states checked.
Progress: 20165730837 states checked.
Progress: 20177103199 states checked.
Progress: 20188527333 states checked.
Progress: 20199944910 states checked.
Progress: 20211378629 states checked.
Progress: 20222774172 states checked.
Progress: 20234196935 states checked.
Progress: 20245592950 states checked.
Progress: 20256975311 states checked.
Progress: 20268416162 states checked.
Progress: 20279816631 states checked.
Progress: 20291242995 states checked.
Progress: 20302690502 states checked.
Progress: 20314139376 states checked.
Progress: 20325561697 states checked.
Progress: 20336995079 states checked.
Progress: 20348439139 states checked.
Progress: 20359830182 states checked.
Progress: 20371211723 states checked.
Progress: 20382663915 states checked.
Progress: 20394090451 states checked.
Progress: 20405502799 states checked.
Progress: 20416918745 states checked.
Progress: 20428386195 states checked.
Progress: 20439848015 states checked.
Progress: 20451256434 states checked.
Progress: 20462735375 states checked.
Progress: 20474154764 states checked.
Progress: 20485543530 states checked.
Progress: 20496918126 states checked.
Progress: 20508342610 states checked.
Progress: 20519778850 states checked.
Progress: 20531205859 states checked.
Progress: 20542565349 states checked.
Progress: 20553970703 states checked.
Progress: 20565371934 states checked.
Progress: 20576766601 states checked.
Progress: 20588170102 states checked.
Progress: 20599535736 states checked.
Progress: 20610932749 states checked.
Progress: 20622306032 states checked.
Progress: 20633673092 states checked.
Progress: 20645116162 states checked.
Progress: 20656559718 states checked.
Progress: 20667988059 states checked.
Progress: 20679427083 states checked.
Progress: 20690861336 states checked.
Progress: 20702244944 states checked.
Progress: 20713717094 states checked.
Progress: 20725176838 states checked.
Progress: 20736638145 states checked.
Progress: 20748059785 states checked.
Progress: 20759416903 states checked.
Progress: 20770793358 states checked.
Progress: 20782253746 states checked.
Progress: 20793700652 states checked.
Progress: 20805091370 states checked.
Progress: 20816453185 states checked.
Progress: 20827849172 states checked.
Progress: 20839295327 states checked.
Progress: 20850741112 states checked.
Progress: 20862178794 states checked.
Progress: 20873648471 states checked.
Progress: 20885097569 states checked.
Progress: 20896543571 states checked.
Progress: 20907999766 states checked.
Progress: 20919449079 states checked.
Progress: 20930887869 states checked.
Progress: 20942273279 states checked.
Progress: 20953710163 states checked.
Progress: 20965116331 states checked.
Progress: 20976489923 states checked.
Progress: 20987936372 states checked.
Progress: 20999379488 states checked.
Progress: 21010849078 states checked.
Progress: 21022282478 states checked.
Progress: 21033710090 states checked.
Progress: 21045131876 states checked.
Progress: 21056541124 states checked.
Progress: 21067949176 states checked.
Progress: 21079373379 states checked.
Progress: 21090755335 states checked.
Progress: 21102122263 states checked.
Progress: 21113471705 states checked.
Progress: 21124888939 states checked.
Progress: 21136264765 states checked.
Progress: 21147713527 states checked.
Progress: 21159104008 states checked.
Progress: 21170517132 states checked.
Progress: 21181979958 states checked.
Progress: 21193424608 states checked.
Progress: 21204876799 states checked.
Progress: 21216329057 states checked.
Progress: 21227810139 states checked.
Progress: 21239271125 states checked.
Progress: 21250749787 states checked.
Progress: 21262234638 states checked.
Progress: 21273668225 states checked.
Progress: 21285067966 states checked.
Progress: 21296460773 states checked.
Progress: 21307871311 states checked.
Progress: 21319198926 states checked.
Progress: 21330581362 states checked.
Progress: 21342001762 states checked.
Progress: 21353380337 states checked.
Progress: 21364730828 states checked.
Progress: 21376119677 states checked.
Progress: 21387530820 states checked.
Progress: 21398978065 states checked.
Progress: 21410387678 states checked.
Progress: 21421786485 states checked.
Progress: 21433193480 states checked.
Progress: 21444622873 states checked.
Progress: 21456134216 states checked.
Progress: 21467632080 states checked.
Progress: 21479010016 states checked.
Progress: 21490376171 states checked.
Progress: 21501811675 states checked.
Progress: 21513291758 states checked.
Progress: 21524722808 states checked.
Progress: 21536182838 states checked.
Progress: 21547573033 states checked.
Progress: 21559030582 states checked.
Progress: 21570478193 states checked.
Progress: 21581894146 states checked.
Progress: 21593322365 states checked.
Progress: 21604716467 states checked.
Progress: 21616122525 states checked.
Progress: 21627546112 states checked.
Progress: 21639006432 states checked.
Progress: 21650420379 states checked.
Progress: 21661799472 states checked.
Progress: 21673193733 states checked.
Progress: 21684660541 states checked.
Progress: 21696116093 states checked.
Progress: 21707578268 states checked.
Progress: 21719051194 states checked.
Progress: 21730525892 states checked.
Progress: 21741954554 states checked.
Progress: 21753392384 states checked.
Progress: 21764796071 states checked.
Progress: 21776258602 states checked.
Progress: 21787684874 states checked.
Progress: 21799094645 states checked.
Progress: 21810557836 states checked.
Progress: 21821949646 states checked.
Progress: 21833368957 states checked.
Progress: 21844801061 states checked.
Progress: 21856224843 states checked.
Progress: 21867653423 states checked.
Progress: 21879025585 states checked.
Progress: 21890406933 states checked.
Progress: 21901842346 states checked.
Progress: 21913218417 states checked.
Progress: 21924620685 states checked.
Progress: 21936040375 states checked.
Progress: 21947456666 states checked.
Progress: 21958862058 states checked.
Progress: 21970293854 states checked.
Progress: 21981704997 states checked.
Progress: 21993120097 states checked.
Progress: 22004478019 states checked.
Progress: 22015893775 states checked.
Progress: 22027294503 states checked.
Progress: 22038698793 states checked.
Progress: 22050115682 states checked.
Progress: 22061463602 states checked.
Progress: 22072857757 states checked.
Progress: 22084242354 states checked.
Progress: 22095693463 states checked.
Progress: 22107130466 states checked.
Progress: 22118564520 states checked.
Progress: 22129978125 states checked.
Progress: 22141411604 states checked.
Progress: 22152865465 states checked.
Progress: 22164259663 states checked.
Progress: 22175700291 states checked.
Progress: 22187131041 states checked.
Progress: 22198462865 states checked.
Progress: 22209838778 states checked.
Progress: 22221220624 states checked.
Progress: 22232662736 states checked.
Progress: 22244086845 states checked.
Progress: 22255510789 states checked.
Progress: 22266908485 states checked.
Progress: 22278325755 states checked.
Progress: 22289752618 states checked.
Progress: 22301244937 states checked.
Progress: 22312681821 states checked.
Progress: 22324146405 states checked.
Progress: 22335609478 states checked.
Progress: 22347043964 states checked.
Progress: 22358539612 states checked.
Progress: 22370052963 states checked.
Progress: 22381524525 states checked.
Progress: 22393039684 states checked.
Progress: 22404480308 states checked.
Progress: 22415881351 states checked.
Progress: 22427295755 states checked.
Progress: 22438718993 states checked.
Progress: 22450117857 states checked.
Progress: 22461516011 states checked.
Progress: 22472870971 states checked.
Progress: 22484308219 states checked.
Progress: 22495769850 states checked.
Progress: 22507268915 states checked.
Progress: 22518758061 states checked.
Progress: 22530174392 states checked.
Progress: 22541596021 states checked.
Progress: 22553038036 states checked.
Progress: 22564466045 states checked.
Progress: 22575906565 states checked.
Progress: 22587393061 states checked.
Progress: 22598854220 states checked.
Progress: 22610340640 states checked.
Progress: 22621826926 states checked.
Progress: 22633278853 states checked.
Progress: 22644647105 states checked.
Progress: 22656033289 states checked.
Progress: 22667456150 states checked.
Progress: 22678856299 states checked.
Progress: 22690309794 states checked.
Progress: 22701721502 states checked.
Progress: 22713170319 states checked.
Progress: 22724542291 states checked.
Progress: 22735912492 states checked.
Progress: 22747380265 states checked.
Progress: 22758814733 states checked.
Progress: 22770238277 states checked.
Progress: 22781708052 states checked.
Progress: 22793203519 states checked.
Progress: 22804684186 states checked.
Progress: 22816124578 states checked.
Progress: 22827566171 states checked.
Progress: 22839044948 states checked.
Progress: 22850435351 states checked.
Progress: 22861863421 states checked.
Progress: 22873253351 states checked.
Progress: 22884632690 states checked.
Progress: 22896020796 states checked.
Progress: 22907402639 states checked.
Progress: 22918806235 states checked.
Progress: 22930211018 states checked.
Progress: 22941599712 states checked.
Progress: 22952967703 states checked.
Progress: 22964417012 states checked.
Progress: 22975872505 states checked.
Progress: 22987292055 states checked.
Progress: 22998745342 states checked.
Progress: 23010171694 states checked.
Progress: 23021580687 states checked.
Progress: 23033006283 states checked.
Progress: 23044428660 states checked.
Progress: 23055841745 states checked.
Progress: 23067305623 states checked.
Progress: 23078761737 states checked.
Progress: 23090226654 states checked.
Progress: 23101741793 states checked.
Progress: 23113223618 states checked.
Progress: 23124670029 states checked.
Progress: 23136121886 states checked.
Progress: 23147596522 states checked.
Progress: 23159041289 states checked.
Progress: 23170486130 states checked.
Progress: 23181853563 states checked.
Progress: 23193284646 states checked.
Progress: 23204714297 states checked.
Progress: 23216092370 states checked.
Progress: 23227514046 states checked.
Progress: 23238895416 states checked.
Progress: 23250323443 states checked.
Progress: 23261785277 states checked.
Progress: 23273283254 states checked.
Progress: 23284748174 states checked.
Progress: 23296288822 states checked.
Progress: 23307799864 states checked.
Progress: 23319270916 states checked.
Progress: 23330721516 states checked.
Progress: 23342204810 states checked.
Progress: 23353717781 states checked.
Progress: 23365210630 states checked.
Progress: 23376681256 states checked.
Progress: 23388164723 states checked.
Progress: 23399650346 states checked.
Progress: 23411149550 states checked.
Progress: 23422651388 states checked.
Progress: 23434088807 states checked.
Progress: 23445506458 states checked.
Progress: 23456943242 states checked.
Progress: 23468422399 states checked.
Progress: 23479860454 states checked.
Progress: 23491289294 states checked.
Progress: 23502721796 states checked.
Progress: 23514201099 states checked.
Progress: 23525648274 states checked.
Progress: 23537036976 states checked.
Progress: 23548389766 states checked.
Progress: 23559851873 states checked.
Progress: 23571316628 states checked.
Progress: 23582764350 states checked.
Progress: 23594181029 states checked.
Progress: 23605525324 states checked.
Progress: 23616929435 states checked.
Progress: 23628355408 states checked.
Progress: 23639761784 states checked.
Progress: 23651201813 states checked.
Progress: 23662602255 states checked.
Progress: 23673948801 states checked.
Progress: 23685355255 states checked.
Progress: 23696710244 states checked.
Progress: 23708146191 states checked.
Progress: 23719562143 states checked.
Progress: 23730973911 states checked.
Progress: 23742388874 states checked.
Progress: 23753822654 states checked.
Progress: 23765228983 states checked.
Progress: 23776634674 states checked.
Progress: 23787981914 states checked.
Progress: 23799359849 states checked.
Progress: 23810749416 states checked.
Progress: 23822171851 states checked.
Progress: 23833593317 states checked.
Progress: 23845015118 states checked.
Progress: 23856468777 states checked.
Progress: 23867913116 states checked.
Progress: 23879317091 states checked.
Progress: 23890763194 states checked.
Progress: 23902212238 states checked.
Progress: 23913611356 states checked.
Progress: 23925044496 states checked.
Progress: 23936405028 states checked.
Progress: 23947765994 states checked.
Progress: 23959145486 states checked.
Progress: 23970516968 states checked.
Progress: 23981937684 states checked.
Progress: 23993363104 states checked.
Progress: 24004782798 states checked.
Progress: 24016191934 states checked.
Progress: 24027589086 states checked.
Progress: 24039025890 states checked.
Progress: 24050397204 states checked.
Progress: 24061809749 states checked.
Progress: 24073177936 states checked.
Progress: 24084596143 states checked.
Progress: 24096041633 states checked.
Progress: 24107396900 states checked.
Progress: 24118800376 states checked.
Progress: 24130177286 states checked.
Progress: 24141566638 states checked.
Progress: 24152946321 states checked.
Progress: 24164367354 states checked.
Progress: 24175760539 states checked.
Progress: 24187148272 states checked.
Progress: 24198565555 states checked.
Progress: 24210058178 states checked.
Progress: 24221510368 states checked.
Progress: 24232978114 states checked.
Progress: 24244385842 states checked.
Progress: 24255832015 states checked.
Progress: 24267306765 states checked.
Progress: 24278795078 states checked.
Progress: 24290289578 states checked.
Progress: 24301819083 states checked.
Progress: 24313244034 states checked.
Progress: 24324708818 states checked.
Progress: 24336152622 states checked.
Progress: 24347585276 states checked.
Progress: 24359025886 states checked.
Progress: 24370438855 states checked.
Progress: 24381863270 states checked.
Progress: 24393287487 states checked.
Progress: 24404717087 states checked.
Progress: 24416102438 states checked.
Progress: 24427491834 states checked.
Progress: 24438890774 states checked.
Progress: 24450323783 states checked.
Progress: 24461749750 states checked.
Progress: 24473218410 states checked.
Progress: 24484673791 states checked.
Progress: 24496109160 states checked.
Progress: 24507508795 states checked.
Progress: 24518960814 states checked.
Progress: 24530431812 states checked.
Progress: 24541854893 states checked.
Progress: 24553287144 states checked.
Progress: 24564696418 states checked.
Progress: 24576143284 states checked.
Progress: 24587617056 states checked.
Progress: 24599075770 states checked.
Progress: 24610545993 states checked.
Progress: 24621985471 states checked.
Progress: 24633377669 states checked.
Progress: 24644756514 states checked.
Progress: 24656143256 states checked.
Progress: 24667563076 states checked.
Progress: 24678974274 states checked.
Progress: 24690385302 states checked.
Progress: 24701780246 states checked.
Progress: 24713206352 states checked.
Progress: 24724603595 states checked.
Progress: 24736003080 states checked.
Progress: 24747429454 states checked.
Progress: 24758830765 states checked.
Progress: 24770246913 states checked.
Progress: 24781600956 states checked.
Progress: 24793017168 states checked.
Progress: 24804406252 states checked.
Progress: 24815785409 states checked.
Progress: 24827168539 states checked.
Progress: 24838572162 states checked.
Progress: 24849974522 states checked.
Progress: 24861375726 states checked.
Progress: 24872761657 states checked.
Progress: 24884189925 states checked.
Progress: 24895607013 states checked.
Progress: 24906971918 states checked.
Progress: 24918429401 states checked.
Progress: 24929857116 states checked.
Progress: 24941283857 states checked.
Progress: 24952730847 states checked.
Progress: 24964165211 states checked.
Progress: 24975630744 states checked.
Progress: 24987084118 states checked.
Progress: 24998539296 states checked.
Progress: 25009992520 states checked.
Progress: 25021408070 states checked.
Progress: 25032843867 states checked.
Progress: 25044246380 states checked.
Progress: 25055683438 states checked.
Progress: 25067185770 states checked.
Progress: 25078602319 states checked.
Progress: 25089975261 states checked.
Progress: 25101461968 states checked.
Progress: 25112936622 states checked.
Progress: 25124402400 states checked.
Progress: 25135904573 states checked.
Progress: 25147310407 states checked.
Progress: 25158733959 states checked.
Progress: 25170155414 states checked.
Progress: 25181532968 states checked.
Progress: 25192945771 states checked.
Progress: 25204387144 states checked.
Progress: 25215803024 states checked.
Progress: 25227201925 states checked.
Progress: 25238618339 states checked.
Progress: 25250004284 states checked.
Progress: 25261405305 states checked.
Progress: 25272788076 states checked.
Progress: 25284189136 states checked.
Progress: 25295626005 states checked.
Progress: 25307012605 states checked.
Progress: 25318383544 states checked.
Progress: 25329791744 states checked.
Progress: 25341270012 states checked.
Progress: 25352684471 states checked.
Progress: 25364057727 states checked.
Progress: 25375493755 states checked.
Progress: 25386901788 states checked.
Progress: 25398318981 states checked.
Progress: 25409757872 states checked.
Progress: 25421145383 states checked.
Progress: 25432515808 states checked.
Progress: 25443983445 states checked.
Progress: 25455384910 states checked.
Progress: 25466758464 states checked.
Progress: 25478181506 states checked.
Progress: 25489598239 states checked.
Progress: 25501013916 states checked.
Progress: 25512477488 states checked.
Progress: 25523892448 states checked.
Progress: 25535331361 states checked.
Progress: 25546779967 states checked.
Progress: 25558249996 states checked.
Progress: 25569690204 states checked.
Progress: 25581105057 states checked.
Progress: 25592539982 states checked.
Progress: 25603975399 states checked.
Progress: 25615417888 states checked.
Progress: 25626846274 states checked.
Progress: 25638223880 states checked.
Progress: 25649654861 states checked.
Progress: 25661031950 states checked.
Progress: 25672456022 states checked.
Progress: 25683889843 states checked.
Progress: 25695310949 states checked.
Progress: 25706697395 states checked.
Progress: 25718082030 states checked.
Progress: 25729458041 states checked.
Progress: 25740822481 states checked.
Progress: 25752255964 states checked.
Progress: 25763673736 states checked.
Progress: 25775067190 states checked.
Progress: 25786491271 states checked.
Progress: 25797948887 states checked.
Progress: 25809373004 states checked.
Progress: 25820752014 states checked.
Progress: 25832154168 states checked.
Progress: 25843579359 states checked.
Progress: 25854956809 states checked.
Progress: 25866330460 states checked.
Progress: 25877780040 states checked.
Progress: 25889219818 states checked.
Progress: 25900601481 states checked.
Progress: 25912010909 states checked.
Progress: 25923350845 states checked.
Progress: 25934720339 states checked.
Progress: 25946137393 states checked.
Progress: 25957574960 states checked.
Progress: 25969007106 states checked.
Progress: 25980437662 states checked.
Progress: 25991853302 states checked.
Progress: 26003279083 states checked.
Progress: 26014696224 states checked.
Progress: 26026145903 states checked.
Progress: 26037611225 states checked.
Progress: 26049117599 states checked.
Progress: 26060535115 states checked.
Progress: 26071989557 states checked.
Progress: 26083432112 states checked.
Progress: 26094900436 states checked.
Progress: 26106388164 states checked.
Progress: 26117837358 states checked.
Progress: 26129268185 states checked.
Progress: 26140717986 states checked.
Progress: 26152150415 states checked.
Progress: 26163557518 states checked.
Progress: 26174920408 states checked.
Progress: 26186325151 states checked.
Progress: 26197710096 states checked.
Progress: 26209152869 states checked.
Progress: 26220575833 states checked.
Progress: 26231990061 states checked.
Progress: 26243426158 states checked.
Progress: 26254905698 states checked.
Progress: 26266340383 states checked.
Progress: 26277803092 states checked.
Progress: 26289241442 states checked.
Progress: 26300685571 states checked.
Progress: 26312095618 states checked.
Progress: 26323531554 states checked.
Progress: 26334993788 states checked.
Progress: 26346416145 states checked.
Progress: 26357843262 states checked.
Progress: 26369259500 states checked.
Progress: 26380708125 states checked.
Progress: 26392159224 states checked.
Progress: 26403625686 states checked.
Progress: 26415068343 states checked.
Progress: 26426490849 states checked.
Progress: 26437930581 states checked.
Progress: 26449339127 states checked.
Progress: 26460769482 states checked.
Progress: 26472155260 states checked.
Progress: 26483562473 states checked.
Progress: 26494958303 states checked.
Progress: 26506342616 states checked.
Progress: 26517759376 states checked.
Progress: 26529173711 states checked.
Progress: 26540564138 states checked.
Progress: 26551912475 states checked.
Progress: 26563329136 states checked.
Progress: 26574774466 states checked.
Progress: 26586235201 states checked.
Progress: 26597631027 states checked.
Progress: 26609089902 states checked.
Progress: 26620496977 states checked.
Progress: 26631881128 states checked.
Progress: 26643247989 states checked.
Progress: 26654642314 states checked.
Progress: 26666088355 states checked.
Progress: 26677524838 states checked.
Progress: 26688943158 states checked.
Progress: 26700336133 states checked.
Progress: 26711749839 states checked.
Progress: 26723159899 states checked.
Progress: 26734603578 states checked.
Progress: 26746042752 states checked.
Progress: 26757483572 states checked.
Progress: 26768926263 states checked.
Progress: 26780367342 states checked.
Progress: 26791794186 states checked.
Progress: 26803189080 states checked.
Progress: 26814540110 states checked.
Progress: 26825962386 states checked.
Progress: 26837384487 states checked.
Progress: 26848856917 states checked.
Progress: 26860272137 states checked.
Progress: 26871697763 states checked.
Progress: 26883081802 states checked.
Progress: 26894514434 states checked.
Progress: 26905924144 states checked.
Progress: 26917366684 states checked.
Progress: 26928779604 states checked.
Progress: 26940172358 states checked.
Progress: 26951532093 states checked.
Progress: 26962942197 states checked.
Progress: 26974371970 states checked.
Progress: 26985806385 states checked.
Progress: 26997181806 states checked.
Progress: 27008599916 states checked.
Progress: 27020083958 states checked.
Progress: 27031453239 states checked.
Progress: 27042867152 states checked.
Progress: 27054281281 states checked.
Progress: 27065711402 states checked.
Progress: 27077098156 states checked.
Progress: 27088513556 states checked.
Progress: 27099939912 states checked.
Progress: 27111379158 states checked.
Progress: 27122822812 states checked.
Progress: 27134229011 states checked.
Progress: 27145651377 states checked.
Progress: 27157062633 states checked.
Progress: 27168464162 states checked.
Progress: 27179816603 states checked.
Progress: 27191173398 states checked.
Progress: 27202631774 states checked.
Progress: 27214069203 states checked.
Progress: 27225444153 states checked.
Progress: 27236826818 states checked.
Progress: 27248187765 states checked.
Progress: 27259550570 states checked.
Progress: 27270921733 states checked.
Progress: 27282286079 states checked.
Progress: 27293673974 states checked.
Progress: 27305055959 states checked.
Progress: 27316493827 states checked.
Progress: 27327877098 states checked.
Progress: 27339267611 states checked.
Progress: 27350656557 states checked.
Progress: 27362110827 states checked.
Progress: 27373537295 states checked.
Progress: 27384922117 states checked.
Progress: 27396284823 states checked.
Progress: 27407713990 states checked.
Progress: 27419165517 states checked.
Progress: 27430591035 states checked.
Progress: 27441972914 states checked.
Progress: 27453383940 states checked.
Progress: 27464809479 states checked.
Progress: 27476230850 states checked.
Progress: 27487606148 states checked.
Progress: 27499021881 states checked.
Progress: 27510411781 states checked.
Progress: 27521841445 states checked.
Progress: 27533256444 states checked.
Progress: 27544658808 states checked.
Progress: 27555997649 states checked.
Progress: 27567395483 states checked.
Progress: 27578811665 states checked.
Progress: 27590199379 states checked.
Progress: 27601572877 states checked.
Progress: 27613010994 states checked.
Progress: 27624426278 states checked.
Progress: 27635893851 states checked.
Progress: 27647361098 states checked.
Progress: 27658826536 states checked.
Progress: 27670230333 states checked.
Progress: 27681672361 states checked.
Progress: 27693135713 states checked.
Progress: 27704585845 states checked.
Progress: 27715988979 states checked.
Progress: 27727368766 states checked.
Progress: 27738760783 states checked.
Progress: 27750145144 states checked.
Progress: 27761560798 states checked.
Progress: 27772985602 states checked.
Progress: 27784371645 states checked.
Progress: 27795741325 states checked.
Progress: 27807120638 states checked.
Progress: 27818544582 states checked.
Progress: 27829943169 states checked.
Progress: 27841344941 states checked.
Progress: 27852715485 states checked.
Progress: 27864114566 states checked.
Progress: 27875516927 states checked.
Progress: 27886954426 states checked.
Progress: 27898361525 states checked.
Progress: 27909789930 states checked.
Progress: 27921198668 states checked.
Progress: 27932634695 states checked.
Progress: 27944003974 states checked.
Progress: 27955452628 states checked.
Progress: 27966875772 states checked.
Progress: 27978258819 states checked.
Progress: 27989673467 states checked.
Progress: 28001099533 states checked.
Progress: 28012511944 states checked.
Progress: 28023975998 states checked.
Progress: 28035407101 states checked.
Progress: 28046805131 states checked.
Progress: 28058205652 states checked.
Progress: 28069598324 states checked.
Progress: 28080988271 states checked.
Progress: 28092441402 states checked.
Progress: 28103863080 states checked.
Progress: 28115264046 states checked.
Progress: 28126608674 states checked.
Progress: 28138003305 states checked.
Progress: 28149414460 states checked.
Progress: 28160843278 states checked.
Progress: 28172232225 states checked.
Progress: 28183624922 states checked.
Progress: 28195031320 states checked.
Progress: 28206419471 states checked.
Progress: 28217842982 states checked.
Progress: 28229287272 states checked.
Progress: 28240717365 states checked.
Progress: 28252105403 states checked.
Progress: 28263493514 states checked.
Progress: 28274906187 states checked.
Progress: 28286342384 states checked.
Progress: 28297798256 states checked.
Progress: 28309187668 states checked.
Progress: 28320614852 states checked.
Progress: 28331987603 states checked.
Progress: 28343393174 states checked.
Progress: 28354775271 states checked.
Progress: 28366174153 states checked.
Progress: 28377551585 states checked.
Progress: 28389000915 states checked.
Progress: 28400447823 states checked.
Progress: 28411896468 states checked.
Progress: 28423365812 states checked.
Progress: 28434811207 states checked.
Progress: 28446253039 states checked.
Progress: 28457724538 states checked.
Progress: 28469185565 states checked.
Progress: 28480669846 states checked.
Progress: 28492140979 states checked.
Progress: 28503615720 states checked.
Progress: 28515124248 states checked.
Progress: 28526599331 states checked.
Progress: 28538071701 states checked.
Progress: 28549588783 states checked.
Progress: 28561030361 states checked.
Progress: 28572456237 states checked.
Progress: 28583822443 states checked.
Progress: 28595268927 states checked.
Progress: 28606687859 states checked.
Progress: 28618074315 states checked.
Progress: 28629498169 states checked.
Progress: 28640916666 states checked.
Progress: 28652315141 states checked.
Progress: 28663749178 states checked.
Progress: 28675136030 states checked.
Progress: 28686547362 states checked.
Progress: 28697963462 states checked.
Progress: 28709365596 states checked.
Progress: 28720790490 states checked.
Progress: 28732232347 states checked.
Progress: 28743672537 states checked.
Progress: 28755106924 states checked.
Progress: 28766554431 states checked.
Progress: 28778022709 states checked.
Progress: 28789458823 states checked.
Progress: 28800862629 states checked.
Progress: 28812306044 states checked.
Progress: 28823811723 states checked.
Progress: 28835255969 states checked.
Progress: 28846709769 states checked.
Progress: 28858161973 states checked.
Progress: 28869590161 states checked.
Progress: 28881020971 states checked.
Progress: 28892420164 states checked.
Progress: 28903829533 states checked.
Progress: 28915269096 states checked.
Progress: 28926725172 states checked.
Progress: 28938132002 states checked.
Progress: 28949510450 states checked.
Progress: 28960882214 states checked.
Progress: 28972319220 states checked.
Progress: 28983701319 states checked.
Progress: 28995121917 states checked.
Progress: 29006555307 states checked.
Progress: 29017992838 states checked.
Progress: 29029424879 states checked.
Progress: 29040891580 states checked.
Progress: 29052295045 states checked.
Progress: 29063749501 states checked.
Progress: 29075173952 states checked.
Progress: 29086520361 states checked.
Progress: 29097942571 states checked.
Progress: 29109408081 states checked.
Progress: 29120884211 states checked.
Progress: 29132371512 states checked.
Progress: 29143796372 states checked.
Progress: 29155231223 states checked.
Progress: 29166721928 states checked.
Progress: 29178228898 states checked.
Progress: 29189708404 states checked.
Progress: 29201088114 states checked.
Progress: 29212513122 states checked.
Progress: 29223988861 states checked.
Progress: 29235465386 states checked.
Progress: 29246902237 states checked.
Progress: 29258331091 states checked.
Progress: 29269732150 states checked.
Progress: 29281170845 states checked.
Progress: 29292610894 states checked.
Progress: 29304041599 states checked.
Progress: 29315461069 states checked.
Progress: 29326896934 states checked.
Progress: 29338333474 states checked.
Progress: 29349773143 states checked.
Progress: 29361169335 states checked.
Progress: 29372578043 states checked.
Progress: 29383949582 states checked.
Progress: 29395345103 states checked.
Progress: 29406753478 states checked.
Progress: 29418233310 states checked.
Progress: 29429722626 states checked.
Progress: 29441200279 states checked.
Progress: 29452658650 states checked.
Progress: 29464134789 states checked.
Progress: 29475586686 states checked.
Progress: 29487026404 states checked.
Progress: 29498524709 states checked.
Progress: 29509951458 states checked.
Progress: 29521327759 states checked.
Progress: 29532705036 states checked.
Progress: 29544069681 states checked.
Progress: 29555461372 states checked.
Progress: 29566849244 states checked.
Progress: 29578304694 states checked.
Progress: 29589738565 states checked.
Progress: 29601129542 states checked.
Progress: 29612552896 states checked.
Progress: 29623942166 states checked.
Progress: 29635381492 states checked.
Progress: 29646822606 states checked.
Progress: 29658251189 states checked.
Progress: 29669648613 states checked.
Progress: 29681098591 states checked.
Progress: 29692520684 states checked.
Progress: 29703957640 states checked.
Progress: 29715356200 states checked.
Progress: 29726735277 states checked.
Progress: 29738100557 states checked.
Progress: 29749514588 states checked.
Progress: 29760902652 states checked.
Progress: 29772320129 states checked.
Progress: 29783696630 states checked.
Progress: 29795048294 states checked.
Progress: 29806417785 states checked.
Progress: 29817845189 states checked.
Progress: 29829317487 states checked.
Progress: 29840733018 states checked.
Progress: 29852187253 states checked.
Progress: 29863546500 states checked.
Progress: 29874952784 states checked.
Progress: 29886389299 states checked.
Progress: 29897833180 states checked.
Progress: 29909225448 states checked.
Progress: 29920602981 states checked.
Progress: 29932002403 states checked.
Progress: 29943418001 states checked.
Progress: 29954829057 states checked.
Progress: 29966215691 states checked.
Progress: 29977612920 states checked.
Progress: 29989035142 states checked.
Progress: 30000448461 states checked.
Progress: 30011883838 states checked.
Progress: 30023307154 states checked.
Progress: 30034714685 states checked.
Progress: 30046152344 states checked.
Progress: 30057587332 states checked.
Progress: 30068995152 states checked.
Progress: 30080453591 states checked.
Progress: 30091927403 states checked.
Progress: 30103346076 states checked.
Progress: 30114787384 states checked.
Progress: 30126147780 states checked.
Progress: 30137528277 states checked.
Progress: 30148915891 states checked.
Progress: 30160318878 states checked.
Progress: 30171711031 states checked.
Progress: 30183106488 states checked.
Progress: 30194497741 states checked.
Progress: 30205858165 states checked.
Progress: 30217246065 states checked.
Progress: 30228676170 states checked.
Progress: 30240138152 states checked.
Progress: 30251524135 states checked.
Progress: 30262942077 states checked.
Progress: 30274372448 states checked.
Progress: 30285798137 states checked.
Progress: 30297232257 states checked.
Progress: 30308605959 states checked.
Progress: 30319928685 states checked.
Progress: 30331323178 states checked.
Progress: 30342720048 states checked.
Progress: 30354048727 states checked.
Progress: 30365424532 states checked.
Progress: 30376775181 states checked.
Progress: 30388107799 states checked.
Progress: 30399496552 states checked.
Progress: 30410866562 states checked.
Progress: 30422229784 states checked.
Progress: 30433675668 states checked.
Progress: 30445073342 states checked.
Progress: 30456461479 states checked.
Progress: 30467845441 states checked.
Progress: 30479211381 states checked.
Progress: 30490593622 states checked.
Progress: 30501984282 states checked.
Progress: 30513424521 states checked.
Progress: 30524843289 states checked.
Progress: 30536253252 states checked.
Progress: 30547658136 states checked.
Progress: 30559089052 states checked.
Progress: 30570553666 states checked.
Progress: 30581994326 states checked.
Progress: 30593359655 states checked.
Progress: 30604758731 states checked.
Progress: 30616154383 states checked.
Progress: 30627577786 states checked.
Progress: 30638991774 states checked.
Progress: 30650429057 states checked.
Progress: 30661902628 states checked.
Progress: 30673326168 states checked.
Progress: 30684749819 states checked.
Progress: 30696182896 states checked.
Progress: 30707600298 states checked.
Progress: 30719028754 states checked.
Progress: 30730496502 states checked.
Progress: 30741950097 states checked.
Progress: 30753380728 states checked.
Progress: 30764792553 states checked.
Progress: 30776252097 states checked.
Progress: 30787687571 states checked.
Progress: 30799160855 states checked.
Progress: 30810612152 states checked.
Progress: 30822013940 states checked.
Progress: 30833411281 states checked.
Progress: 30844817166 states checked.
Progress: 30856221490 states checked.
Progress: 30867644320 states checked.
Progress: 30879077032 states checked.
Progress: 30890467642 states checked.
Progress: 30901899479 states checked.
Progress: 30913367349 states checked.
Progress: 30924813513 states checked.
Progress: 30936293969 states checked.
Progress: 30947750540 states checked.
Progress: 30959165313 states checked.
Progress: 30970595441 states checked.
Progress: 30982004130 states checked.
Progress: 30993431891 states checked.
Progress: 31004818815 states checked.
Progress: 31016214101 states checked.
Progress: 31027636274 states checked.
Progress: 31039073059 states checked.
Progress: 31050587605 states checked.
Progress: 31062041147 states checked.
Progress: 31073447923 states checked.
Progress: 31084881558 states checked.
Progress: 31096303289 states checked.
Progress: 31107735108 states checked.
Progress: 31119193751 states checked.
Progress: 31130643622 states checked.
Progress: 31142088859 states checked.
Progress: 31153496057 states checked.
Progress: 31164912963 states checked.
Progress: 31176358342 states checked.
Progress: 31187798586 states checked.
Progress: 31199296170 states checked.
Progress: 31210747468 states checked.
Progress: 31222170663 states checked.
Progress: 31233556697 states checked.
Progress: 31244951407 states checked.
Progress: 31256335277 states checked.
Progress: 31267705815 states checked.
Progress: 31279100067 states checked.
Progress: 31290442660 states checked.
Progress: 31301855966 states checked.
Progress: 31313278381 states checked.
Progress: 31324690520 states checked.
Progress: 31336083337 states checked.
Progress: 31347489597 states checked.
Progress: 31358861985 states checked.
Progress: 31370242796 states checked.
Progress: 31381597111 states checked.
Progress: 31393020291 states checked.
Progress: 31404409919 states checked.
Progress: 31415779597 states checked.
Progress: 31427166244 states checked.
Progress: 31438568963 states checked.
Progress: 31450005421 states checked.
Progress: 31461425962 states checked.
Progress: 31472804044 states checked.
Progress: 31484207804 states checked.
Progress: 31495563576 states checked.
Progress: 31506992443 states checked.
Progress: 31518381752 states checked.
Progress: 31529825198 states checked.
Progress: 31541286513 states checked.
Progress: 31552715778 states checked.
Progress: 31564159773 states checked.
Progress: 31575618890 states checked.
Progress: 31587063284 states checked.
Progress: 31598460682 states checked.
Progress: 31609843444 states checked.
Progress: 31621217245 states checked.
Progress: 31632554389 states checked.
Progress: 31643963188 states checked.
Progress: 31655333356 states checked.
Progress: 31666766713 states checked.
Progress: 31678226567 states checked.
Progress: 31689607624 states checked.
Progress: 31701018827 states checked.
Progress: 31712451031 states checked.
Progress: 31723895924 states checked.
Progress: 31735309869 states checked.
Progress: 31746746733 states checked.
Progress: 31758187579 states checked.
Progress: 31769611767 states checked.
Progress: 31780995208 states checked.
Progress: 31792406628 states checked.
Progress: 31803768703 states checked.
Progress: 31815142535 states checked.
Progress: 31826524733 states checked.
Progress: 31837918511 states checked.
Progress: 31849304476 states checked.
Progress: 31860666721 states checked.
Progress: 31872043928 states checked.
Progress: 31883434414 states checked.
Progress: 31894841918 states checked.
Progress: 31906245412 states checked.
Progress: 31917735003 states checked.
Progress: 31929230572 states checked.
Progress: 31940691594 states checked.
Progress: 31952161941 states checked.
Progress: 31963627082 states checked.
Progress: 31975110966 states checked.
Progress: 31986560130 states checked.
Progress: 31998045608 states checked.
Progress: 32009448263 states checked.
Progress: 32020859990 states checked.
Progress: 32032316271 states checked.
Progress: 32043806475 states checked.
Progress: 32055264724 states checked.
Progress: 32066747866 states checked.
Progress: 32078187077 states checked.
Progress: 32089658746 states checked.
Progress: 32101154535 states checked.
Progress: 32112602106 states checked.
Progress: 32124041418 states checked.
Progress: 32135512231 states checked.
Progress: 32146996073 states checked.
Progress: 32158444840 states checked.
Progress: 32169963983 states checked.
Progress: 32181410605 states checked.
Progress: 32192894892 states checked.
Progress: 32204392889 states checked.
Progress: 32215867909 states checked.
Progress: 32227281961 states checked.
Progress: 32238699961 states checked.
Progress: 32250092290 states checked.
Progress: 32261511128 states checked.
Progress: 32272942105 states checked.
Progress: 32284308120 states checked.
Progress: 32295731198 states checked.
Progress: 32307161358 states checked.
Progress: 32318601181 states checked.
Progress: 32330089549 states checked.
Progress: 32341548227 states checked.
Progress: 32353000837 states checked.
Progress: 32364433084 states checked.
Progress: 32375881188 states checked.
Progress: 32387260286 states checked.
Progress: 32398732835 states checked.
Progress: 32410139766 states checked.
Progress: 32421512731 states checked.
Progress: 32432999724 states checked.
Progress: 32444429221 states checked.
Progress: 32455866452 states checked.
Progress: 32467343822 states checked.
Progress: 32478815231 states checked.
Progress: 32490265901 states checked.
Progress: 32501700488 states checked.
Progress: 32513108280 states checked.
Progress: 32524487403 states checked.
Progress: 32535879257 states checked.
Progress: 32547299791 states checked.
Progress: 32558721715 states checked.
Progress: 32570179765 states checked.
Progress: 32581594451 states checked.
Progress: 32593045437 states checked.
Progress: 32604442703 states checked.
Progress: 32615892314 states checked.
Progress: 32627284428 states checked.
Progress: 32638663065 states checked.
Progress: 32650150123 states checked.
Progress: 32661602734 states checked.
Progress: 32673015331 states checked.
Progress: 32684462797 states checked.
Progress: 32695912712 states checked.
Progress: 32707342376 states checked.
Progress: 32718820358 states checked.
Progress: 32730306305 states checked.
Progress: 32741791042 states checked.
Progress: 32753266734 states checked.
Progress: 32764675103 states checked.
Progress: 32776078869 states checked.
Progress: 32787495171 states checked.
Progress: 32798956094 states checked.
Progress: 32810343711 states checked.
Progress: 32821738665 states checked.
Progress: 32833128888 states checked.
Progress: 32844566245 states checked.
Progress: 32855989506 states checked.
Progress: 32867453026 states checked.
Progress: 32878920133 states checked.
Progress: 32890353461 states checked.
Progress: 32901757218 states checked.
Progress: 32913215820 states checked.
Progress: 32924614813 states checked.
Progress: 32936032651 states checked.
Progress: 32947514529 states checked.
Progress: 32958922397 states checked.
Progress: 32970344891 states checked.
Progress: 32981789376 states checked.
Progress: 32993187242 states checked.
Progress: 33004624191 states checked.
Progress: 33016033994 states checked.
Progress: 33027473314 states checked.
Progress: 33038896460 states checked.
Progress: 33050349274 states checked.
Progress: 33061837982 states checked.
Progress: 33073247466 states checked.
Progress: 33084649055 states checked.
Progress: 33096107288 states checked.
Progress: 33107571033 states checked.
Progress: 33118993677 states checked.
Progress: 33130413542 states checked.
Progress: 33141864815 states checked.
Progress: 33153287371 states checked.
Progress: 33164711802 states checked.
Progress: 33176125532 states checked.
Progress: 33187511950 states checked.
Progress: 33198917799 states checked.
Progress: 33210352455 states checked.
Progress: 33221737069 states checked.
Progress: 33233164680 states checked.
Progress: 33244586758 states checked.
Progress: 33256049416 states checked.
Progress: 33267470306 states checked.
Progress: 33278949559 states checked.
Progress: 33290420435 states checked.
Progress: 33301905603 states checked.
Progress: 33313398082 states checked.
Progress: 33324862247 states checked.
Progress: 33336327412 states checked.
Progress: 33347785113 states checked.
Progress: 33359250490 states checked.
Progress: 33370705917 states checked.
Progress: 33382186404 states checked.
Progress: 33393571791 states checked.
Progress: 33405006146 states checked.
Progress: 33416392835 states checked.
Progress: 33427839674 states checked.
Progress: 33439328568 states checked.
Progress: 33450822377 states checked.
Progress: 33462340444 states checked.
Progress: 33473796689 states checked.
Progress: 33485291409 states checked.
Progress: 33496723675 states checked.
Progress: 33508157137 states checked.
Progress: 33519567428 states checked.
Progress: 33530928708 states checked.
Progress: 33542320785 states checked.
Progress: 33553729433 states checked.
Progress: 33565096377 states checked.
Progress: 33576490531 states checked.
Progress: 33587929820 states checked.
Progress: 33599293123 states checked.
Progress: 33610666565 states checked.
Progress: 33622056366 states checked.
Progress: 33633467936 states checked.
Progress: 33644845867 states checked.
Progress: 33656221300 states checked.
Progress: 33667620909 states checked.
Progress: 33678971391 states checked.
Progress: 33690336746 states checked.
Progress: 33701733936 states checked.
Progress: 33713118086 states checked.
Progress: 33724481634 states checked.
Progress: 33735864307 states checked.
Progress: 33747274079 states checked.
Progress: 33758662783 states checked.
Progress: 33770076468 states checked.
Progress: 33781451672 states checked.
Progress: 33792851872 states checked.
Progress: 33804274783 states checked.
Progress: 33815654407 states checked.
Progress: 33827114651 states checked.
Progress: 33838554299 states checked.
Progress: 33850020745 states checked.
Progress: 33861448872 states checked.
Progress: 33872881054 states checked.
Progress: 33884279294 states checked.
Progress: 33895666487 states checked.
Progress: 33907079262 states checked.
Progress: 33918489082 states checked.
Progress: 33929862571 states checked.
Progress: 33941283489 states checked.
Progress: 33952689621 states checked.
Progress: 33964085017 states checked.
Progress: 33975463459 states checked.
Progress: 33986848948 states checked.
Progress: 33998277226 states checked.
Progress: 34009711734 states checked.
Progress: 34021128327 states checked.
Progress: 34032561169 states checked.
Progress: 34044002547 states checked.
Progress: 34055460719 states checked.
Progress: 34066920950 states checked.
Progress: 34078322534 states checked.
Progress: 34089762944 states checked.
Progress: 34101190586 states checked.
Progress: 34112600883 states checked.
Progress: 34123984903 states checked.
Progress: 34135411594 states checked.
Progress: 34146802533 states checked.
Progress: 34158149285 states checked.
Progress: 34169528421 states checked.
Progress: 34180977836 states checked.
Progress: 34192460728 states checked.
Progress: 34203861511 states checked.
Progress: 34215303277 states checked.
Progress: 34226745570 states checked.
Progress: 34238229620 states checked.
Progress: 34249681447 states checked.
Progress: 34261167420 states checked.
Progress: 34272589184 states checked.
Progress: 34284084347 states checked.
Progress: 34295564673 states checked.
Progress: 34306982490 states checked.
Progress: 34318437937 states checked.
Progress: 34329880086 states checked.
Progress: 34341333654 states checked.
Progress: 34352710461 states checked.
Progress: 34364175045 states checked.
Progress: 34375630126 states checked.
Progress: 34387037110 states checked.
Progress: 34398449215 states checked.
Progress: 34409911145 states checked.
Progress: 34421352285 states checked.
Progress: 34432820963 states checked.
Progress: 34444317715 states checked.
Progress: 34455763382 states checked.
Progress: 34467223975 states checked.
Progress: 34478679409 states checked.
Progress: 34490076122 states checked.
Progress: 34501437761 states checked.
Progress: 34512864009 states checked.
Progress: 34524275776 states checked.
Progress: 34535732835 states checked.
Progress: 34547100408 states checked.
Progress: 34558514976 states checked.
Progress: 34569912084 states checked.
Progress: 34581288345 states checked.
Progress: 34592618697 states checked.
Progress: 34604032858 states checked.
Progress: 34615405544 states checked.
Progress: 34626787926 states checked.
Progress: 34638201999 states checked.
Progress: 34649581311 states checked.
Progress: 34660958671 states checked.
Progress: 34672366523 states checked.
Progress: 34683823049 states checked.
Progress: 34695235914 states checked.
Progress: 34706623500 states checked.
Progress: 34718077615 states checked.
Progress: 34729447485 states checked.
Progress: 34740842047 states checked.
Progress: 34752291692 states checked.
Progress: 34763707892 states checked.
Progress: 34775087442 states checked.
Progress: 34786484585 states checked.
Progress: 34797941695 states checked.
Progress: 34809332722 states checked.
Progress: 34820772868 states checked.
Progress: 34832141777 states checked.
Progress: 34843530602 states checked.
Progress: 34854943384 states checked.
Progress: 34866390153 states checked.
Progress: 34877805906 states checked.
Progress: 34889281899 states checked.
Progress: 34900695575 states checked.
Progress: 34912131295 states checked.
Progress: 34923599198 states checked.
Progress: 34935052589 states checked.
Progress: 34946523865 states checked.
Progress: 34958006927 states checked.
Progress: 34969503011 states checked.
Progress: 34980887270 states checked.
Progress: 34992283126 states checked.
Progress: 35003698418 states checked.
Progress: 35015097278 states checked.
Progress: 35026544523 states checked.
Progress: 35037994055 states checked.
Progress: 35049394946 states checked.
Progress: 35060778476 states checked.
Progress: 35072196145 states checked.
Progress: 35083643050 states checked.
Progress: 35095105763 states checked.
Progress: 35106550943 states checked.
Progress: 35118005499 states checked.
Progress: 35129438056 states checked.
Progress: 35140931646 states checked.
Progress: 35152418281 states checked.
Progress: 35163910307 states checked.
Progress: 35175384045 states checked.
Progress: 35186844583 states checked.
Progress: 35198280035 states checked.
Progress: 35209694292 states checked.
Progress: 35221129966 states checked.
Progress: 35232571427 states checked.
Progress: 35244017492 states checked.
Progress: 35255406919 states checked.
Progress: 35266846808 states checked.
Progress: 35278268481 states checked.
Progress: 35289714564 states checked.
Progress: 35301142293 states checked.
Progress: 35312528192 states checked.
Progress: 35323916113 states checked.
Progress: 35335357359 states checked.
Progress: 35346808459 states checked.
Progress: 35358254546 states checked.
Progress: 35369644968 states checked.
Progress: 35381068652 states checked.
Progress: 35392529444 states checked.
Progress: 35403919824 states checked.
Progress: 35415329866 states checked.
Progress: 35426712157 states checked.
Progress: 35438143319 states checked.
Progress: 35449535819 states checked.
Progress: 35460979661 states checked.
Progress: 35472405499 states checked.
Progress: 35483851109 states checked.
Progress: 35495261864 states checked.
Progress: 35506681029 states checked.
Progress: 35518088907 states checked.
Progress: 35529480607 states checked.
Progress: 35540892694 states checked.
Progress: 35552303906 states checked.
Progress: 35563737598 states checked.
Progress: 35575156185 states checked.
Progress: 35586602680 states checked.
Progress: 35598028472 states checked.
Progress: 35609441567 states checked.
Progress: 35620791750 states checked.
Progress: 35632188982 states checked.
Progress: 35643544832 states checked.
Progress: 35654945877 states checked.
Progress: 35666321391 states checked.
Progress: 35677723340 states checked.
Progress: 35689121334 states checked.
Progress: 35700459542 states checked.
Progress: 35711902437 states checked.
Progress: 35723228007 states checked.
Progress: 35734648277 states checked.
Progress: 35746043436 states checked.
Progress: 35757445283 states checked.
Progress: 35768855815 states checked.
Progress: 35780248921 states checked.
Progress: 35791648888 states checked.
Progress: 35803109119 states checked.
Progress: 35814509300 states checked.
Progress: 35825950890 states checked.
Progress: 35837396041 states checked.
Progress: 35848830229 states checked.
Progress: 35860251562 states checked.
Progress: 35871664153 states checked.
Progress: 35883056148 states checked.
Progress: 35894436696 states checked.
Progress: 35905816437 states checked.
Progress: 35917203430 states checked.
Progress: 35928585152 states checked.
Progress: 35939954908 states checked.
Progress: 35951346853 states checked.
Progress: 35962777922 states checked.
Progress: 35974274574 states checked.
Progress: 35985761234 states checked.
Progress: 35997241605 states checked.
Progress: 36008777536 states checked.
Progress: 36020291148 states checked.
Progress: 36031824381 states checked.
Progress: 36043344986 states checked.
Progress: 36054855771 states checked.
Progress: 36066355590 states checked.
Progress: 36077851334 states checked.
Progress: 36089330847 states checked.
Progress: 36100835876 states checked.
Progress: 36112348193 states checked.
Progress: 36123820133 states checked.
Progress: 36135242061 states checked.
Progress: 36146673852 states checked.
Progress: 36158090635 states checked.
Progress: 36169528856 states checked.
Progress: 36180955367 states checked.
Progress: 36192379969 states checked.
Progress: 36203805862 states checked.
Progress: 36215226349 states checked.
Progress: 36226656545 states checked.
Progress: 36238042153 states checked.
Progress: 36249416460 states checked.
Progress: 36260825131 states checked.
Progress: 36272234407 states checked.
Progress: 36283665212 states checked.
Progress: 36295123678 states checked.
Progress: 36306534720 states checked.
Progress: 36317951900 states checked.
Progress: 36329385244 states checked.
Progress: 36340819110 states checked.
Progress: 36352212667 states checked.
Progress: 36363676000 states checked.
Progress: 36375128309 states checked.
Progress: 36386576764 states checked.
Progress: 36398038944 states checked.
Progress: 36409505158 states checked.
Progress: 36420905412 states checked.
Progress: 36432351196 states checked.
Progress: 36443724362 states checked.
Progress: 36455157814 states checked.
Progress: 36466579469 states checked.
Progress: 36477996263 states checked.
Progress: 36489415386 states checked.
Progress: 36500809756 states checked.
Progress: 36512154118 states checked.
Progress: 36523517245 states checked.
Progress: 36534879317 states checked.
Progress: 36546233299 states checked.
Progress: 36557605235 states checked.
Progress: 36569052810 states checked.
Progress: 36580454975 states checked.
Progress: 36591922833 states checked.
Progress: 36603379467 states checked.
Progress: 36614803608 states checked.
Progress: 36626235527 states checked.
Progress: 36637649432 states checked.
Progress: 36649035950 states checked.
Progress: 36660466493 states checked.
Progress: 36671858870 states checked.
Progress: 36683255371 states checked.
Progress: 36694658414 states checked.
Progress: 36706044264 states checked.
Progress: 36717467399 states checked.
Progress: 36728880199 states checked.
Progress: 36740286944 states checked.
Progress: 36751731282 states checked.
Progress: 36763147226 states checked.
Progress: 36774534313 states checked.
Progress: 36785922009 states checked.
Progress: 36797375833 states checked.
Progress: 36808780030 states checked.
Progress: 36820191948 states checked.
Progress: 36831573343 states checked.
Progress: 36843001723 states checked.
Progress: 36854483063 states checked.
Progress: 36865890634 states checked.
Progress: 36877289811 states checked.
Progress: 36888734797 states checked.
Progress: 36900215203 states checked.
Progress: 36911615714 states checked.
Progress: 36923088049 states checked.
Progress: 36934540056 states checked.
Progress: 36946017106 states checked.
Progress: 36957471439 states checked.
Progress: 36968978710 states checked.
Progress: 36980502274 states checked.
Progress: 36991942710 states checked.
Progress: 37003423845 states checked.
Progress: 37014884766 states checked.
Progress: 37026379796 states checked.
Progress: 37037916530 states checked.
Progress: 37049350163 states checked.
Progress: 37060683368 states checked.
Progress: 37072075315 states checked.
Progress: 37083464525 states checked.
Progress: 37094835011 states checked.
Progress: 37106229566 states checked.
Progress: 37117634611 states checked.
Progress: 37129089238 states checked.
Progress: 37140523822 states checked.
Progress: 37151932808 states checked.
Progress: 37163365244 states checked.
Progress: 37174782334 states checked.
Progress: 37186187818 states checked.
Progress: 37197622236 states checked.
Progress: 37209074735 states checked.
Progress: 37220516267 states checked.
Progress: 37231983479 states checked.
Progress: 37243460506 states checked.
Progress: 37254904949 states checked.
Progress: 37266378445 states checked.
Progress: 37277779380 states checked.
Progress: 37289216561 states checked.
Progress: 37300612448 states checked.
Progress: 37312023891 states checked.
Progress: 37323419865 states checked.
Progress: 37334823240 states checked.
Progress: 37346183970 states checked.
Progress: 37357595548 states checked.
Progress: 37369022165 states checked.
Progress: 37380493802 states checked.
Progress: 37391932266 states checked.
Progress: 37403375021 states checked.
Progress: 37414796840 states checked.
Progress: 37426238080 states checked.
Progress: 37437618091 states checked.
Progress: 37449040178 states checked.
Progress: 37460444171 states checked.
Progress: 37471907299 states checked.
Progress: 37483332309 states checked.
Progress: 37494715349 states checked.
Progress: 37506115548 states checked.
Progress: 37517562763 states checked.
Progress: 37528990141 states checked.
Progress: 37540411278 states checked.
Progress: 37551840292 states checked.
Progress: 37563231110 states checked.
Progress: 37574589554 states checked.
Progress: 37586007858 states checked.
Progress: 37597431454 states checked.
Progress: 37608857231 states checked.
Progress: 37620282706 states checked.
Progress: 37631716483 states checked.
Progress: 37643150178 states checked.
Progress: 37654551027 states checked.
Progress: 37665938858 states checked.
Progress: 37677344946 states checked.
Progress: 37688736347 states checked.
Progress: 37700143933 states checked.
Progress: 37711543849 states checked.
Progress: 37722988775 states checked.
Progress: 37734504889 states checked.
Progress: 37746024443 states checked.
Progress: 37757549826 states checked.
Progress: 37769039457 states checked.
Progress: 37780444140 states checked.
Progress: 37791869873 states checked.
Progress: 37803308038 states checked.
Progress: 37814701483 states checked.
Progress: 37826069426 states checked.
Progress: 37837462559 states checked.
Progress: 37848840698 states checked.
Progress: 37860185674 states checked.
Progress: 37871594143 states checked.
Progress: 37883062129 states checked.
Progress: 37894524425 states checked.
Progress: 37905917989 states checked.
Progress: 37917341013 states checked.
Progress: 37928800984 states checked.
Progress: 37940216204 states checked.
Progress: 37951592395 states checked.
Progress: 37963016820 states checked.
Progress: 37974417849 states checked.
Progress: 37985851789 states checked.
Progress: 37997281749 states checked.
Progress: 38008724030 states checked.
Progress: 38020149403 states checked.
Progress: 38031557680 states checked.
Progress: 38042970573 states checked.
Progress: 38054343277 states checked.
Progress: 38065793974 states checked.
Progress: 38077261519 states checked.
Progress: 38088704614 states checked.
Progress: 38100176933 states checked.
Progress: 38111657372 states checked.
Progress: 38123122384 states checked.
Progress: 38134552532 states checked.
Progress: 38146016817 states checked.
Progress: 38157462122 states checked.
Progress: 38168851795 states checked.
Progress: 38180254077 states checked.
Progress: 38191702438 states checked.
Progress: 38203133702 states checked.
Progress: 38214529844 states checked.
Progress: 38225929804 states checked.
Progress: 38237340947 states checked.
Progress: 38248705749 states checked.
Progress: 38260108932 states checked.
Progress: 38271492074 states checked.
Progress: 38282910563 states checked.
Progress: 38294291931 states checked.
Progress: 38305699624 states checked.
Progress: 38317066556 states checked.
Progress: 38328479430 states checked.
Progress: 38339870234 states checked.
Progress: 38351278838 states checked.
Progress: 38362695547 states checked.
Progress: 38374131949 states checked.
Progress: 38385546794 states checked.
Progress: 38396955708 states checked.
Progress: 38408374623 states checked.
Progress: 38419752751 states checked.
Progress: 38431177420 states checked.
Progress: 38442598145 states checked.
Progress: 38454035983 states checked.
Progress: 38465458020 states checked.
Progress: 38476853734 states checked.
Progress: 38488257425 states checked.
Progress: 38499681053 states checked.
Progress: 38511090720 states checked.
Progress: 38522497765 states checked.
Progress: 38533921547 states checked.
Progress: 38545390912 states checked.
Progress: 38556850673 states checked.
Progress: 38568287515 states checked.
Progress: 38579688659 states checked.
Progress: 38591065275 states checked.
Progress: 38602414616 states checked.
Progress: 38613836522 states checked.
Progress: 38625221651 states checked.
Progress: 38636609818 states checked.
Progress: 38648030808 states checked.
Progress: 38659496000 states checked.
Progress: 38670953194 states checked.
Progress: 38682324022 states checked.
Progress: 38693700924 states checked.
Progress: 38705124432 states checked.
Progress: 38716516490 states checked.
Progress: 38727891651 states checked.
Progress: 38739297723 states checked.
Progress: 38750649139 states checked.
Progress: 38761997949 states checked.
Progress: 38773398181 states checked.
Progress: 38784793355 states checked.
Progress: 38796195868 states checked.
Progress: 38807660865 states checked.
Progress: 38819056626 states checked.
Progress: 38830495066 states checked.
Progress: 38841880982 states checked.
Progress: 38853303771 states checked.
Progress: 38864759205 states checked.
Progress: 38876228421 states checked.
Progress: 38887675682 states checked.
Progress: 38899195862 states checked.
Progress: 38910701147 states checked.
Progress: 38922185519 states checked.
Progress: 38933704816 states checked.
Progress: 38945164335 states checked.
Progress: 38956602916 states checked.
Progress: 38968053410 states checked.
Progress: 38979531853 states checked.
Progress: 38990994989 states checked.
Progress: 39002433240 states checked.
Progress: 39013804615 states checked.
Progress: 39025184458 states checked.
Progress: 39036572625 states checked.
Progress: 39047994165 states checked.
Progress: 39059376492 states checked.
Progress: 39070791550 states checked.
Progress: 39082173882 states checked.
Progress: 39093560812 states checked.
Progress: 39104958245 states checked.
Progress: 39116393701 states checked.
Progress: 39127781954 states checked.
Progress: 39139169168 states checked.
Progress: 39150541583 states checked.
Progress: 39161899148 states checked.
Progress: 39173325813 states checked.
Progress: 39184770403 states checked.
Progress: 39196239644 states checked.
Progress: 39207710161 states checked.
Progress: 39219161906 states checked.
Progress: 39230562468 states checked.
Progress: 39242033063 states checked.
Progress: 39253491546 states checked.
Progress: 39264956867 states checked.
Progress: 39276385256 states checked.
Progress: 39287826230 states checked.
Progress: 39299252819 states checked.
Progress: 39310677050 states checked.
Progress: 39322078913 states checked.
Progress: 39333541685 states checked.
Progress: 39344985054 states checked.
Progress: 39356418392 states checked.
Progress: 39367831915 states checked.
Progress: 39379271807 states checked.
Progress: 39390660868 states checked.
Progress: 39402101100 states checked.
Progress: 39413495737 states checked.
Progress: 39424918383 states checked.
Progress: 39436331634 states checked.
Progress: 39447758443 states checked.
Progress: 39459164616 states checked.
Progress: 39470575639 states checked.
Progress: 39482003557 states checked.
Progress: 39493397243 states checked.
Progress: 39504834410 states checked.
Progress: 39516272759 states checked.
Progress: 39527696320 states checked.
Progress: 39539149120 states checked.
Progress: 39550558572 states checked.
Progress: 39562011422 states checked.
Progress: 39573492051 states checked.
Progress: 39584978313 states checked.
Progress: 39596463838 states checked.
Progress: 39607957116 states checked.
Progress: 39619422184 states checked.
Progress: 39630831338 states checked.
Progress: 39642322958 states checked.
Progress: 39653760216 states checked.
Progress: 39665216674 states checked.
Progress: 39676661852 states checked.
Progress: 39688132905 states checked.
Progress: 39699624113 states checked.
Progress: 39711076667 states checked.
Progress: 39722540148 states checked.
Progress: 39733926901 states checked.
Progress: 39745337598 states checked.
Progress: 39756710559 states checked.
Progress: 39768140158 states checked.
Progress: 39779552683 states checked.
Progress: 39790933969 states checked.
Progress: 39802339027 states checked.
Progress: 39813729008 states checked.
Progress: 39825116704 states checked.
Progress: 39836496956 states checked.
Progress: 39847917816 states checked.
Progress: 39859340037 states checked.
Progress: 39870770241 states checked.
Progress: 39882159624 states checked.
Progress: 39893603339 states checked.
Progress: 39905010280 states checked.
Progress: 39916435239 states checked.
Progress: 39927847109 states checked.
Progress: 39939287308 states checked.
Progress: 39950774637 states checked.
Progress: 39962186318 states checked.
Progress: 39973637135 states checked.
Progress: 39985109942 states checked.
Progress: 39996586075 states checked.
Progress: 40008050753 states checked.
Progress: 40019526910 states checked.
Progress: 40030919463 states checked.
Progress: 40042368229 states checked.
Progress: 40053762207 states checked.
Progress: 40065157008 states checked.
Progress: 40076547261 states checked.
Progress: 40087972198 states checked.
Progress: 40099391899 states checked.
Progress: 40110820243 states checked.
Progress: 40122253990 states checked.
Progress: 40133663566 states checked.
Progress: 40145096412 states checked.
Progress: 40156461082 states checked.
Progress: 40167860565 states checked.
Progress: 40179243310 states checked.
Progress: 40190645400 states checked.
Progress: 40202012126 states checked.
Progress: 40213410029 states checked.
Progress: 40224860793 states checked.
Progress: 40236291265 states checked.
Progress: 40247692380 states checked.
Progress: 40259089564 states checked.
Progress: 40270476735 states checked.
Progress: 40281879111 states checked.
Progress: 40293295071 states checked.
Progress: 40304654614 states checked.
Progress: 40316053884 states checked.
Progress: 40327493706 states checked.
Progress: 40338896913 states checked.
Progress: 40350367324 states checked.
Progress: 40361766839 states checked.
Progress: 40373191748 states checked.
Progress: 40384600934 states checked.
Progress: 40395978215 states checked.
Progress: 40407376965 states checked.
Progress: 40418774277 states checked.
Progress: 40430207587 states checked.
Progress: 40441617607 states checked.
Progress: 40453085493 states checked.
Progress: 40464530261 states checked.
Progress: 40475936855 states checked.
Progress: 40487382038 states checked.
Progress: 40498833545 states checked.
Progress: 40510266680 states checked.
Progress: 40521717419 states checked.
Progress: 40533120646 states checked.
Progress: 40544534832 states checked.
Progress: 40555977062 states checked.
Progress: 40567354114 states checked.
Progress: 40578756416 states checked.
Progress: 40590137822 states checked.
Progress: 40601514259 states checked.
Progress: 40612948557 states checked.
Progress: 40624356034 states checked.
Progress: 40635766664 states checked.
Progress: 40647155656 states checked.
Progress: 40658525446 states checked.
Progress: 40669874906 states checked.
Progress: 40681246780 states checked.
Progress: 40692585599 states checked.
Progress: 40704024758 states checked.
Progress: 40715436186 states checked.
Progress: 40726839668 states checked.
Progress: 40738236669 states checked.
Progress: 40749672316 states checked.
Progress: 40761077744 states checked.
Progress: 40772452157 states checked.
Progress: 40783900109 states checked.
Progress: 40795319913 states checked.
Progress: 40806716616 states checked.
Progress: 40818106248 states checked.
Progress: 40829542600 states checked.
Progress: 40840957197 states checked.
Progress: 40852418669 states checked.
Progress: 40863875354 states checked.
Progress: 40875319923 states checked.
Progress: 40886786015 states checked.
Progress: 40898265454 states checked.
Progress: 40909766353 states checked.
Progress: 40921207937 states checked.
Progress: 40932680407 states checked.
Progress: 40944176450 states checked.
Progress: 40955640088 states checked.
Progress: 40967053849 states checked.
Progress: 40978541893 states checked.
Progress: 40989992459 states checked.
Progress: 41001449563 states checked.
Progress: 41012931843 states checked.
Progress: 41024374302 states checked.
Progress: 41035742516 states checked.
Progress: 41047131659 states checked.
Progress: 41058514027 states checked.
Progress: 41069934147 states checked.
Progress: 41081332889 states checked.
Progress: 41092707576 states checked.
Progress: 41104095478 states checked.
Progress: 41115521587 states checked.
Progress: 41126974628 states checked.
Progress: 41138351067 states checked.
Progress: 41149774713 states checked.
Progress: 41161159442 states checked.
Progress: 41172578784 states checked.
Progress: 41184008190 states checked.
Progress: 41195440626 states checked.
Progress: 41206831418 states checked.
Progress: 41218231032 states checked.
Progress: 41229629972 states checked.
Progress: 41241025434 states checked.
Progress: 41252438069 states checked.
Progress: 41263899307 states checked.
Progress: 41275329557 states checked.
Progress: 41286762128 states checked.
Progress: 41298167110 states checked.
Progress: 41309501720 states checked.
Progress: 41320911901 states checked.
Progress: 41332245683 states checked.
Progress: 41343677855 states checked.
Progress: 41355089629 states checked.
Progress: 41366509069 states checked.
Progress: 41377866605 states checked.
Progress: 41389262957 states checked.
Progress: 41400647858 states checked.
Progress: 41412050670 states checked.
Progress: 41423465382 states checked.
Progress: 41434895952 states checked.
Progress: 41446355035 states checked.
Progress: 41457804518 states checked.
Progress: 41469174208 states checked.
Progress: 41480615311 states checked.
Progress: 41492013287 states checked.
Progress: 41503439750 states checked.
Progress: 41514869871 states checked.
Progress: 41526252198 states checked.
Progress: 41537638090 states checked.
Progress: 41549022070 states checked.
Progress: 41560422478 states checked.
Progress: 41571844076 states checked.
Progress: 41583224816 states checked.
Progress: 41594646327 states checked.
Progress: 41606094569 states checked.
Progress: 41617513832 states checked.
Progress: 41628963543 states checked.
Progress: 41640424460 states checked.
Progress: 41651850466 states checked.
Progress: 41663298617 states checked.
Progress: 41674743341 states checked.
Progress: 41686138984 states checked.
Progress: 41697643557 states checked.
Progress: 41709067712 states checked.
Progress: 41720466892 states checked.
Progress: 41731841410 states checked.
Progress: 41743243784 states checked.
Progress: 41754678437 states checked.
Progress: 41766065019 states checked.
Progress: 41777470219 states checked.
Progress: 41788937709 states checked.
Progress: 41800429154 states checked.
Progress: 41811842410 states checked.
Progress: 41823333080 states checked.
Progress: 41834787168 states checked.
Progress: 41846277212 states checked.
Progress: 41857693444 states checked.
Progress: 41869091970 states checked.
Progress: 41880516197 states checked.
Progress: 41891908941 states checked.
Progress: 41903351677 states checked.
Progress: 41914749301 states checked.
Progress: 41926205268 states checked.
Progress: 41937571246 states checked.
Progress: 41948925021 states checked.
Progress: 41960322652 states checked.
Progress: 41971699594 states checked.
Progress: 41983191536 states checked.
Progress: 41994666122 states checked.
Progress: 42006100624 states checked.
Progress: 42017548014 states checked.
Progress: 42028940638 states checked.
Progress: 42040364980 states checked.
Progress: 42051801860 states checked.
Progress: 42063193206 states checked.
Progress: 42074620409 states checked.
Progress: 42086063131 states checked.
Progress: 42097490892 states checked.
Progress: 42108925644 states checked.
Progress: 42120405959 states checked.
Progress: 42131893666 states checked.
Progress: 42143388982 states checked.
Progress: 42154885444 states checked.
Progress: 42166397457 states checked.
Progress: 42177854548 states checked.
Progress: 42189239272 states checked.
Progress: 42200650319 states checked.
Progress: 42212046461 states checked.
Progress: 42223457346 states checked.
Progress: 42234912094 states checked.
Progress: 42246333897 states checked.
Progress: 42257781327 states checked.
Progress: 42269206630 states checked.
Progress: 42280604123 states checked.
Progress: 42292025098 states checked.
Progress: 42303427657 states checked.
Progress: 42314831045 states checked.
Progress: 42326241995 states checked.
Progress: 42337668455 states checked.
Progress: 42349124075 states checked.
Progress: 42360595383 states checked.
Progress: 42372009798 states checked.
Progress: 42383435334 states checked.
Progress: 42394797237 states checked.
Progress: 42406183026 states checked.
Progress: 42417546610 states checked.
Progress: 42428941276 states checked.
Progress: 42440337101 states checked.
Progress: 42451703547 states checked.
Progress: 42463121201 states checked.
Progress: 42474519008 states checked.
Progress: 42485914457 states checked.
Progress: 42497357589 states checked.
Progress: 42508732037 states checked.
Progress: 42520156066 states checked.
Progress: 42531564846 states checked.
Progress: 42542957949 states checked.
Progress: 42554353452 states checked.
Progress: 42565786970 states checked.
Progress: 42577175203 states checked.
Progress: 42588580512 states checked.
Progress: 42599990458 states checked.
Progress: 42611418651 states checked.
Progress: 42622837228 states checked.
Progress: 42634242864 states checked.
Progress: 42645647648 states checked.
Progress: 42657038237 states checked.
Progress: 42668422829 states checked.
Progress: 42679828732 states checked.
Progress: 42691207711 states checked.
Progress: 42702576977 states checked.
Progress: 42713921537 states checked.
Progress: 42725289022 states checked.
Progress: 42736697166 states checked.
Progress: 42748117417 states checked.
Progress: 42759523960 states checked.
Progress: 42770991524 states checked.
Progress: 42782371309 states checked.
Progress: 42793731827 states checked.
Progress: 42805162809 states checked.
Progress: 42816587700 states checked.
Progress: 42828017631 states checked.
Progress: 42839416629 states checked.
Progress: 42850812581 states checked.
Progress: 42862185775 states checked.
Progress: 42873550899 states checked.
Progress: 42884936307 states checked.
Progress: 42896331356 states checked.
Progress: 42907764619 states checked.
Progress: 42919175914 states checked.
Progress: 42930563817 states checked.
Progress: 42942011284 states checked.
Progress: 42953396626 states checked.
Progress: 42964785364 states checked.
Progress: 42976175072 states checked.
Progress: 42987524255 states checked.
Progress: 42998939688 states checked.
Progress: 43010381537 states checked.
Progress: 43021771091 states checked.
Progress: 43033171611 states checked.
Progress: 43044557709 states checked.
Progress: 43055985234 states checked.
Progress: 43067366474 states checked.
Progress: 43078784913 states checked.
Progress: 43090199594 states checked.
Progress: 43101658073 states checked.
Progress: 43113059912 states checked.
Progress: 43124491639 states checked.
Progress: 43135956464 states checked.
Progress: 43147402211 states checked.
Progress: 43158848066 states checked.
Progress: 43170288083 states checked.
Progress: 43181718650 states checked.
Progress: 43193160221 states checked.
Progress: 43204583827 states checked.
Progress: 43216012952 states checked.
Progress: 43227406798 states checked.
Progress: 43238842455 states checked.
Progress: 43250244785 states checked.
Progress: 43261664457 states checked.
Progress: 43273088017 states checked.
Progress: 43284551774 states checked.
Progress: 43295964257 states checked.
Progress: 43307406897 states checked.
Progress: 43318774230 states checked.
Progress: 43330197127 states checked.
Progress: 43341658100 states checked.
Progress: 43353114638 states checked.
Progress: 43364565434 states checked.
Progress: 43376016750 states checked.
Progress: 43387468881 states checked.
Progress: 43398877972 states checked.
Progress: 43410321503 states checked.
Progress: 43421684871 states checked.
Progress: 43433103883 states checked.
Progress: 43444506052 states checked.
Progress: 43455939697 states checked.
Progress: 43467353503 states checked.
Progress: 43478730135 states checked.
Progress: 43490127681 states checked.
Progress: 43501558462 states checked.
Progress: 43512930178 states checked.
Progress: 43524306535 states checked.
Progress: 43535663744 states checked.
Progress: 43547026237 states checked.
Progress: 43558420033 states checked.
Progress: 43569816299 states checked.
Progress: 43581257691 states checked.
Progress: 43592677629 states checked.
Progress: 43604102648 states checked.
Progress: 43615485744 states checked.
Progress: 43626892699 states checked.
Progress: 43638254726 states checked.
Progress: 43649626878 states checked.
Progress: 43660982201 states checked.
Progress: 43672334684 states checked.
Progress: 43683707210 states checked.
Progress: 43695091372 states checked.
Progress: 43706497501 states checked.
Progress: 43717916326 states checked.
Progress: 43729335977 states checked.
Progress: 43740744839 states checked.
Progress: 43752128170 states checked.
Progress: 43763527661 states checked.
Progress: 43774972900 states checked.
Progress: 43786392636 states checked.
Progress: 43797808541 states checked.
Progress: 43809199778 states checked.
Progress: 43820611033 states checked.
Progress: 43832010689 states checked.
Progress: 43843315961 states checked.
Progress: 43854665559 states checked.
Progress: 43866107083 states checked.
Progress: 43877511250 states checked.
Progress: 43888943417 states checked.
Progress: 43900362066 states checked.
Progress: 43911795440 states checked.
Progress: 43923244174 states checked.
Progress: 43934658964 states checked.
Progress: 43946065098 states checked.
Progress: 43957480235 states checked.
Progress: 43968917117 states checked.
Progress: 43980321918 states checked.
Progress: 43991750304 states checked.
Progress: 44003144653 states checked.
Progress: 44014585567 states checked.
Progress: 44025974872 states checked.
Progress: 44037396180 states checked.
Progress: 44048815938 states checked.
Progress: 44060232824 states checked.
Progress: 44071620412 states checked.
Progress: 44083064578 states checked.
Progress: 44094544527 states checked.
Progress: 44105990663 states checked.
Progress: 44117421081 states checked.
Progress: 44128884960 states checked.
Progress: 44140323854 states checked.
Progress: 44151740190 states checked.
Progress: 44163115903 states checked.
Progress: 44174462811 states checked.
Progress: 44185837879 states checked.
Progress: 44197244581 states checked.
Progress: 44208668850 states checked.
Progress: 44220032342 states checked.
Progress: 44231394627 states checked.
Progress: 44242770294 states checked.
Progress: 44254138779 states checked.
Progress: 44265542240 states checked.
Progress: 44276947129 states checked.
Progress: 44288373127 states checked.
Progress: 44299730226 states checked.
Progress: 44311059692 states checked.
Progress: 44322420554 states checked.
Progress: 44333786724 states checked.
Progress: 44345221756 states checked.
Progress: 44356607919 states checked.
Progress: 44368046863 states checked.
Progress: 44379442254 states checked.
Progress: 44390854384 states checked.
Progress: 44402302422 states checked.
Progress: 44413662036 states checked.
Progress: 44425098179 states checked.
Progress: 44436453797 states checked.
Progress: 44447883216 states checked.
Progress: 44459278917 states checked.
Progress: 44470710887 states checked.
Progress: 44482121523 states checked.
Progress: 44493525290 states checked.
Progress: 44504898246 states checked.
Progress: 44516286259 states checked.
Progress: 44527742349 states checked.
Progress: 44539209625 states checked.
Progress: 44550601756 states checked.
Progress: 44562037500 states checked.
Progress: 44573436805 states checked.
Progress: 44584811093 states checked.
Progress: 44596268539 states checked.
Progress: 44607636885 states checked.
Progress: 44618977182 states checked.
Progress: 44630404875 states checked.
Progress: 44641801493 states checked.
Progress: 44653182528 states checked.
Progress: 44664577170 states checked.
Progress: 44675965337 states checked.
Progress: 44687369802 states checked.
Progress: 44698746144 states checked.
Progress: 44710135293 states checked.
Progress: 44721521909 states checked.
Progress: 44732918149 states checked.
Progress: 44744338308 states checked.
Progress: 44755702774 states checked.
Progress: 44767137262 states checked.
Progress: 44778539320 states checked.
Progress: 44789930596 states checked.
Progress: 44801335696 states checked.
Progress: 44812730030 states checked.
Progress: 44824121915 states checked.
Progress: 44835538770 states checked.
Progress: 44846943794 states checked.
Progress: 44858369398 states checked.
Progress: 44869780583 states checked.
Progress: 44881149251 states checked.
Progress: 44892575914 states checked.
Progress: 44903966035 states checked.
Progress: 44915338281 states checked.
Progress: 44926807660 states checked.
Progress: 44938261857 states checked.
Progress: 44949684239 states checked.
Progress: 44961161477 states checked.
Progress: 44972636978 states checked.
Progress: 44984139226 states checked.
Progress: 44995592312 states checked.
Progress: 45007015548 states checked.
Progress: 45018421137 states checked.
Progress: 45029873791 states checked.
Progress: 45041297277 states checked.
Progress: 45052700262 states checked.
Progress: 45064185696 states checked.
Progress: 45075618620 states checked.
Progress: 45087072225 states checked.
Progress: 45098529995 states checked.
Progress: 45109964144 states checked.
Progress: 45121419847 states checked.
Progress: 45132887161 states checked.
Progress: 45144307894 states checked.
Progress: 45155695941 states checked.
Progress: 45167119676 states checked.
Progress: 45178526680 states checked.
Progress: 45189922788 states checked.
Progress: 45201313713 states checked.
Progress: 45212747634 states checked.
Progress: 45224067871 states checked.
Progress: 45235419810 states checked.
Progress: 45246840423 states checked.
Progress: 45258273136 states checked.
Progress: 45269657069 states checked.
Progress: 45281043279 states checked.
Progress: 45292395026 states checked.
Progress: 45303782256 states checked.
Progress: 45315112474 states checked.
Progress: 45326500862 states checked.
Progress: 45337917756 states checked.
Progress: 45349389676 states checked.
Progress: 45360805765 states checked.
Progress: 45372222420 states checked.
Progress: 45383604656 states checked.
Progress: 45394989167 states checked.
Progress: 45406386476 states checked.
Progress: 45417722668 states checked.
Progress: 45429095993 states checked.
Progress: 45440483853 states checked.
Progress: 45451866554 states checked.
Progress: 45463304558 states checked.
Progress: 45474694391 states checked.
Progress: 45486069446 states checked.
Progress: 45497434945 states checked.
Progress: 45508844977 states checked.
Progress: 45520188479 states checked.
Progress: 45531622265 states checked.
Progress: 45543043519 states checked.
Progress: 45554500079 states checked.
Progress: 45565941603 states checked.
Progress: 45577315466 states checked.
Progress: 45588689745 states checked.
Progress: 45600056044 states checked.
Progress: 45611412657 states checked.
Progress: 45622806950 states checked.
Progress: 45634216114 states checked.
Progress: 45645630067 states checked.
Progress: 45657057833 states checked.
Progress: 45668486147 states checked.
Progress: 45679858904 states checked.
Progress: 45691237648 states checked.
Progress: 45702669206 states checked.
Progress: 45714075254 states checked.
Progress: 45725456994 states checked.
Progress: 45736885524 states checked.
Progress: 45748291104 states checked.
Progress: 45759712977 states checked.
Progress: 45771131910 states checked.
Progress: 45782537674 states checked.
Progress: 45793999793 states checked.
Progress: 45805400115 states checked.
Progress: 45816771445 states checked.
Progress: 45828205891 states checked.
Progress: 45839598596 states checked.
Progress: 45850994496 states checked.
Progress: 45862360068 states checked.
Progress: 45873718974 states checked.
Progress: 45885171677 states checked.
Progress: 45896626287 states checked.
Progress: 45908082191 states checked.
Progress: 45919423953 states checked.
Progress: 45930860211 states checked.
Progress: 45942269599 states checked.
Progress: 45953665022 states checked.
Progress: 45965087015 states checked.
Progress: 45976526952 states checked.
Progress: 45987943334 states checked.
Progress: 45999373425 states checked.
Progress: 46010759546 states checked.
Progress: 46022147053 states checked.
Progress: 46033516205 states checked.
Progress: 46044936233 states checked.
Progress: 46056376036 states checked.
Progress: 46067809851 states checked.
Progress: 46079263250 states checked.
Progress: 46090759857 states checked.
Progress: 46102233413 states checked.
Progress: 46113648622 states checked.
Progress: 46125070803 states checked.
Progress: 46136529041 states checked.
Progress: 46148000207 states checked.
Progress: 46159370144 states checked.
Progress: 46170773181 states checked.
Progress: 46182142276 states checked.
Progress: 46193562966 states checked.
Progress: 46204980937 states checked.
Progress: 46216395183 states checked.
Progress: 46227788612 states checked.
Progress: 46239199431 states checked.
Progress: 46250600675 states checked.
Progress: 46261961536 states checked.
Progress: 46273353373 states checked.
Progress: 46284741295 states checked.
Progress: 46296170455 states checked.
Progress: 46307583793 states checked.
Progress: 46318979279 states checked.
Progress: 46330394873 states checked.
Progress: 46341830843 states checked.
Progress: 46353218527 states checked.
Progress: 46364612744 states checked.
Progress: 46376000900 states checked.
Progress: 46387386748 states checked.
Progress: 46398750112 states checked.
Progress: 46410110365 states checked.
Progress: 46421489248 states checked.
Progress: 46432906311 states checked.
Progress: 46444333465 states checked.
Progress: 46455731413 states checked.
Progress: 46467165974 states checked.
Progress: 46478608619 states checked.
Progress: 46490011828 states checked.
Progress: 46501407663 states checked.
Progress: 46512804699 states checked.
Progress: 46524264959 states checked.
Progress: 46535678695 states checked.
Progress: 46547055078 states checked.
Progress: 46558417251 states checked.
Progress: 46569743662 states checked.
Progress: 46581138812 states checked.
Progress: 46592458153 states checked.
Progress: 46603828515 states checked.
Progress: 46615191646 states checked.
Progress: 46626558692 states checked.
Progress: 46637953022 states checked.
Progress: 46649422312 states checked.
Progress: 46660848249 states checked.
Progress: 46672276558 states checked.
Progress: 46683724448 states checked.
Progress: 46695185669 states checked.
Progress: 46706601500 states checked.
Progress: 46718078578 states checked.
Progress: 46729482168 states checked.
Progress: 46740852937 states checked.
Progress: 46752301000 states checked.
Progress: 46763700954 states checked.
Progress: 46775087454 states checked.
Progress: 46786502469 states checked.
Progress: 46797927513 states checked.
Progress: 46809321598 states checked.
Progress: 46820779173 states checked.
Progress: 46832249766 states checked.
Progress: 46843736649 states checked.
Progress: 46855223455 states checked.
Progress: 46866684523 states checked.
Progress: 46878151938 states checked.
Progress: 46889654621 states checked.
Progress: 46901145403 states checked.
Progress: 46912533757 states checked.
Progress: 46923927627 states checked.
Progress: 46935341316 states checked.
Progress: 46946732027 states checked.
Progress: 46958106667 states checked.
Progress: 46969491748 states checked.
Progress: 46980897389 states checked.
Progress: 46992334580 states checked.
Progress: 47003771710 states checked.
Progress: 47015210276 states checked.
Progress: 47026667417 states checked.
Progress: 47038062243 states checked.
Progress: 47049444810 states checked.
Progress: 47060839465 states checked.
Progress: 47072246915 states checked.
Progress: 47083664591 states checked.
Progress: 47095087915 states checked.
Progress: 47106497457 states checked.
Progress: 47117944628 states checked.
Progress: 47129351966 states checked.
Progress: 47140736402 states checked.
Progress: 47152133196 states checked.
Progress: 47163540529 states checked.
Progress: 47174988567 states checked.
Progress: 47186433955 states checked.
Progress: 47197870916 states checked.
Progress: 47209291521 states checked.
Progress: 47220706516 states checked.
Progress: 47232104789 states checked.
Progress: 47243462063 states checked.
Progress: 47254866367 states checked.
Progress: 47266298636 states checked.
Progress: 47277713780 states checked.
Progress: 47289120224 states checked.
Progress: 47300550800 states checked.
Progress: 47312003734 states checked.
Progress: 47323406287 states checked.
Progress: 47334803623 states checked.
Progress: 47346216464 states checked.
Progress: 47357594312 states checked.
Progress: 47369048673 states checked.
Progress: 47380479314 states checked.
Progress: 47391910542 states checked.
Progress: 47403338333 states checked.
Progress: 47414746629 states checked.
Progress: 47426183628 states checked.
Progress: 47437611419 states checked.
Progress: 47449091132 states checked.
Progress: 47460547599 states checked.
Progress: 47471998805 states checked.
Progress: 47483405203 states checked.
Progress: 47494804203 states checked.
Progress: 47506245377 states checked.
Progress: 47517677299 states checked.
Progress: 47529086287 states checked.
Progress: 47540557994 states checked.
Progress: 47551999573 states checked.
Progress: 47563447140 states checked.
Progress: 47574871362 states checked.
Progress: 47586291782 states checked.
Progress: 47597681275 states checked.
Progress: 47609150035 states checked.
Progress: 47620647712 states checked.
Progress: 47632072486 states checked.
Progress: 47643510906 states checked.
Progress: 47654986690 states checked.
Progress: 47666447941 states checked.
Progress: 47677911212 states checked.
Progress: 47689320940 states checked.
Progress: 47700718426 states checked.
Progress: 47712142011 states checked.
Progress: 47723539803 states checked.
Progress: 47735008249 states checked.
Progress: 47746433545 states checked.
Progress: 47757822018 states checked.
Progress: 47769278031 states checked.
Progress: 47780677660 states checked.
Progress: 47792063099 states checked.
Progress: 47803455072 states checked.
Progress: 47814860707 states checked.
Progress: 47826253027 states checked.
Progress: 47837652487 states checked.
Progress: 47849078499 states checked.
Progress: 47860440702 states checked.
Progress: 47871827240 states checked.
Progress: 47883201921 states checked.
Progress: 47894567032 states checked.
Progress: 47905967013 states checked.
Progress: 47917351039 states checked.
Progress: 47928730742 states checked.
Progress: 47940109034 states checked.
Progress: 47951493291 states checked.
Progress: 47962863762 states checked.
Progress: 47974218688 states checked.
Progress: 47985632125 states checked.
Progress: 47997057062 states checked.
Progress: 48008478041 states checked.
Progress: 48019887007 states checked.
Progress: 48031340644 states checked.
Progress: 48042769159 states checked.
Progress: 48054183757 states checked.
Progress: 48065639874 states checked.
Progress: 48077106484 states checked.
Progress: 48088533564 states checked.
Progress: 48099890712 states checked.
Progress: 48111269589 states checked.
Progress: 48122660886 states checked.
Progress: 48134062866 states checked.
Progress: 48145485724 states checked.
Progress: 48156908285 states checked.
Progress: 48168334952 states checked.
Progress: 48179784690 states checked.
Progress: 48191215286 states checked.
Progress: 48202621607 states checked.
Progress: 48213989467 states checked.
Progress: 48225409254 states checked.
Progress: 48236854449 states checked.
Progress: 48248270266 states checked.
Progress: 48259722808 states checked.
Progress: 48271189575 states checked.
Progress: 48282634232 states checked.
Progress: 48294053501 states checked.
Progress: 48305502053 states checked.
Progress: 48316925354 states checked.
Progress: 48328338971 states checked.
Progress: 48339780823 states checked.
Progress: 48351261068 states checked.
Progress: 48362706217 states checked.
Progress: 48374165417 states checked.
Progress: 48385654977 states checked.
Progress: 48397152261 states checked.
Progress: 48408582599 states checked.
Progress: 48420031584 states checked.
Progress: 48431451206 states checked.
Progress: 48442812026 states checked.
Progress: 48454144072 states checked.
Progress: 48465545130 states checked.
Progress: 48476972417 states checked.
Progress: 48488334764 states checked.
Progress: 48499728743 states checked.
Progress: 48511118939 states checked.
Progress: 48522497205 states checked.
Progress: 48533949964 states checked.
Progress: 48545429245 states checked.
Progress: 48556838083 states checked.
Progress: 48568252520 states checked.
Progress: 48579596460 states checked.
Progress: 48591022046 states checked.
Progress: 48602445933 states checked.
Progress: 48613848801 states checked.
Progress: 48625251815 states checked.
Progress: 48636666889 states checked.
Progress: 48648082431 states checked.
Progress: 48659473926 states checked.
Progress: 48670833480 states checked.
Progress: 48682228052 states checked.
Progress: 48693584679 states checked.
Progress: 48705009767 states checked.
Progress: 48716363833 states checked.
Progress: 48727770924 states checked.
Progress: 48739192434 states checked.
Progress: 48750585479 states checked.
Progress: 48761964964 states checked.
Progress: 48773354810 states checked.
Progress: 48784794609 states checked.
Progress: 48796185752 states checked.
Progress: 48807629291 states checked.
Progress: 48819055333 states checked.
Progress: 48830503367 states checked.
Progress: 48841959751 states checked.
Progress: 48853407222 states checked.
Progress: 48864879333 states checked.
Progress: 48876276547 states checked.
Progress: 48887732053 states checked.
Progress: 48899128089 states checked.
Progress: 48910535000 states checked.
Progress: 48921916735 states checked.
Progress: 48933350407 states checked.
Progress: 48944809643 states checked.
Progress: 48956235567 states checked.
Progress: 48967622551 states checked.
Progress: 48978997767 states checked.
Progress: 48990343112 states checked.
Progress: 49001703688 states checked.
Progress: 49013102957 states checked.
Progress: 49024503417 states checked.
Progress: 49035856681 states checked.
Progress: 49047217358 states checked.
Progress: 49058582867 states checked.
Progress: 49070005324 states checked.
Progress: 49081393825 states checked.
Progress: 49092813092 states checked.
Progress: 49104214409 states checked.
Progress: 49115674685 states checked.
Progress: 49127133836 states checked.
Progress: 49138591003 states checked.
Progress: 49150057598 states checked.
Progress: 49161509064 states checked.
Progress: 49172947489 states checked.
Progress: 49184427802 states checked.
Progress: 49195890438 states checked.
Progress: 49207321252 states checked.
Progress: 49218748824 states checked.
Progress: 49230171658 states checked.
Progress: 49241590641 states checked.
Progress: 49253103709 states checked.
Progress: 49264586497 states checked.
Progress: 49276027978 states checked.
Progress: 49287445793 states checked.
Progress: 49298894875 states checked.
Progress: 49310328568 states checked.
Progress: 49321704027 states checked.
Progress: 49333134167 states checked.
Progress: 49344553540 states checked.
Progress: 49355903226 states checked.
Progress: 49367322174 states checked.
Progress: 49378749608 states checked.
Progress: 49390163447 states checked.
Progress: 49401613970 states checked.
Progress: 49412994695 states checked.
Progress: 49424395791 states checked.
Progress: 49435804563 states checked.
Progress: 49447222717 states checked.
Progress: 49458647309 states checked.
Progress: 49470012822 states checked.
Progress: 49481415212 states checked.
Progress: 49492775377 states checked.
Progress: 49504176895 states checked.
Progress: 49515546261 states checked.
Progress: 49526933120 states checked.
Progress: 49538379300 states checked.
