TLC2 Version 2.19 of 08 August 2024 (rev: 5a47802)
Warning: Please run the Java VM which executes TLC with a throughput optimized garbage collector by passing the "-XX:+UseParallelGC" property.
(Use the -nowarning option to disable this warning.)
Running Random Simulation with seed 8027005929922473392 with 25 workers on 72 cores with 30208MB heap and 64MB offheap memory [pid: 3420290] (Linux 6.12.69+deb13-cloud-amd64 amd64, Debian 21.0.10 x86_64).
Parsing file /home/alexandre.siret/AccordTLASpec/SpecAccord/RecoveryAndCommitSpec/AccordSpec.tla
Parsing file /tmp/TLC.tla
Parsing file /tmp/Naturals.tla
Parsing file /tmp/Sequences.tla
Parsing file /tmp/FiniteSets.tla
Semantic processing of module Naturals
Semantic processing of module Sequences
Semantic processing of module FiniteSets
Semantic processing of module TLC
Semantic processing of module AccordSpec
Starting... (2026-03-26 16:37:13)
Computed 1 initial states...
Progress: 2925741 states checked.
Progress: 5959546 states checked.
Progress: 8904081 states checked.
Progress: 11807645 states checked.
Progress: 14746773 states checked.
Progress: 17727212 states checked.
Progress: 20680244 states checked.
Progress: 23631151 states checked.
Progress: 26570087 states checked.
Progress: 29509332 states checked.
Progress: 32503954 states checked.
Progress: 35480042 states checked.
Progress: 38439221 states checked.
Progress: 41398823 states checked.
Progress: 44335928 states checked.
Progress: 47289049 states checked.
Progress: 50206835 states checked.
Progress: 53155458 states checked.
Progress: 56103061 states checked.
Progress: 59011661 states checked.
Progress: 61973761 states checked.
Progress: 64912609 states checked.
Progress: 67861265 states checked.
Progress: 70838299 states checked.
Progress: 73813088 states checked.
Progress: 76777228 states checked.
Progress: 79769363 states checked.
Progress: 82737754 states checked.
Progress: 85703725 states checked.
Progress: 88664796 states checked.
Progress: 91584813 states checked.
Progress: 94540410 states checked.
Progress: 97488308 states checked.
Progress: 100430692 states checked.
Progress: 103351441 states checked.
Progress: 106261876 states checked.
Progress: 109187591 states checked.
Progress: 112120654 states checked.
Progress: 115058286 states checked.
Progress: 117977712 states checked.
Progress: 120908655 states checked.
Progress: 123840274 states checked.
Progress: 126750726 states checked.
Progress: 129652272 states checked.
Progress: 132585493 states checked.
Progress: 135467621 states checked.
Progress: 138384816 states checked.
Progress: 141309149 states checked.
Progress: 144217797 states checked.
Progress: 147144027 states checked.
Progress: 150044742 states checked.
Progress: 152964841 states checked.
Progress: 155900539 states checked.
Progress: 158814939 states checked.
Progress: 161727582 states checked.
Progress: 164640763 states checked.
Progress: 167526761 states checked.
Progress: 170456973 states checked.
Progress: 173338828 states checked.
Progress: 176255492 states checked.
Progress: 179163264 states checked.
Progress: 182088488 states checked.
Progress: 185017495 states checked.
Progress: 187890721 states checked.
Progress: 190776710 states checked.
Progress: 193635637 states checked.
Progress: 196484741 states checked.
Progress: 199338328 states checked.
Progress: 202188941 states checked.
Progress: 205061686 states checked.
Progress: 207944793 states checked.
Progress: 210779118 states checked.
Progress: 213606933 states checked.
Progress: 216432427 states checked.
Progress: 219291263 states checked.
Progress: 222161472 states checked.
Progress: 225021349 states checked.
Progress: 227874497 states checked.
Progress: 230714564 states checked.
Progress: 233550890 states checked.
Progress: 236356335 states checked.
Progress: 239193099 states checked.
Progress: 242032430 states checked.
Progress: 244866729 states checked.
Progress: 247702168 states checked.
Progress: 250514800 states checked.
Progress: 253310379 states checked.
Progress: 256142886 states checked.
Progress: 258982287 states checked.
Progress: 261800319 states checked.
Progress: 264635101 states checked.
Progress: 267472768 states checked.
Progress: 270279122 states checked.
Progress: 273083852 states checked.
Progress: 275888284 states checked.
Progress: 278716173 states checked.
Progress: 281531264 states checked.
Progress: 284343245 states checked.
Progress: 287173093 states checked.
Progress: 289988595 states checked.
Progress: 292818647 states checked.
Progress: 295637199 states checked.
Progress: 298443875 states checked.
Progress: 301250803 states checked.
Progress: 304111624 states checked.
Progress: 306918369 states checked.
Progress: 309740437 states checked.
Progress: 312521510 states checked.
Progress: 315342066 states checked.
Progress: 318144912 states checked.
Progress: 320948749 states checked.
Progress: 323787678 states checked.
Progress: 326647671 states checked.
Progress: 329507040 states checked.
Progress: 332316526 states checked.
Progress: 335136049 states checked.
Progress: 338007701 states checked.
Progress: 340838978 states checked.
Progress: 343692939 states checked.
Progress: 346527687 states checked.
Progress: 349345607 states checked.
Progress: 352140424 states checked.
Progress: 354972002 states checked.
Progress: 357797216 states checked.
Progress: 360652441 states checked.
Progress: 363527570 states checked.
Progress: 366375691 states checked.
Progress: 369211202 states checked.
Progress: 372025268 states checked.
Progress: 374837922 states checked.
Progress: 377676116 states checked.
Progress: 380520231 states checked.
Progress: 383375256 states checked.
Progress: 386188191 states checked.
Progress: 388986885 states checked.
Progress: 391810267 states checked.
Progress: 394612089 states checked.
Progress: 397438715 states checked.
Progress: 400267453 states checked.
Progress: 403096471 states checked.
Progress: 405910868 states checked.
Progress: 408704858 states checked.
Progress: 411518783 states checked.
Progress: 414331467 states checked.
Progress: 417136361 states checked.
Progress: 419931358 states checked.
Progress: 422730707 states checked.
Progress: 425576363 states checked.
Progress: 428385692 states checked.
Progress: 431205556 states checked.
Progress: 434026598 states checked.
Progress: 436824801 states checked.
Progress: 439614420 states checked.
Progress: 442431975 states checked.
Progress: 445218743 states checked.
Progress: 448014266 states checked.
Progress: 450847897 states checked.
Progress: 453644867 states checked.
Progress: 456461116 states checked.
Progress: 459274880 states checked.
Progress: 462086321 states checked.
Progress: 464878806 states checked.
Progress: 467677290 states checked.
Progress: 470486263 states checked.
Progress: 473276191 states checked.
Progress: 476044859 states checked.
Progress: 478862426 states checked.
Progress: 481671661 states checked.
Progress: 484502600 states checked.
Progress: 487353381 states checked.
Progress: 490140409 states checked.
Progress: 492945877 states checked.
Progress: 495745413 states checked.
Progress: 498561493 states checked.
Progress: 501376301 states checked.
Progress: 504177209 states checked.
Progress: 506958517 states checked.
Progress: 509776642 states checked.
Progress: 512591249 states checked.
Progress: 515419698 states checked.
Progress: 518246708 states checked.
Progress: 521052317 states checked.
Progress: 523866225 states checked.
Progress: 526681960 states checked.
Progress: 529478156 states checked.
Progress: 532252554 states checked.
Progress: 535074991 states checked.
Progress: 537888943 states checked.
Progress: 540681372 states checked.
Progress: 543489190 states checked.
Progress: 546310344 states checked.
Progress: 549095201 states checked.
Progress: 551924121 states checked.
Progress: 554711608 states checked.
Progress: 557561414 states checked.
Progress: 560368597 states checked.
Progress: 563148093 states checked.
Progress: 565948556 states checked.
Progress: 568803952 states checked.
Progress: 571617230 states checked.
Progress: 574432535 states checked.
Progress: 577226570 states checked.
Progress: 580026632 states checked.
Progress: 582830719 states checked.
Progress: 585623190 states checked.
Progress: 588394887 states checked.
Progress: 591202231 states checked.
Progress: 594023779 states checked.
Progress: 596807613 states checked.
Progress: 599556718 states checked.
Progress: 602369747 states checked.
Progress: 605186581 states checked.
Progress: 607998616 states checked.
Progress: 610799357 states checked.
Progress: 613596099 states checked.
Progress: 616385349 states checked.
Progress: 619214360 states checked.
Progress: 621991539 states checked.
Progress: 624775307 states checked.
Progress: 627576202 states checked.
Progress: 630393052 states checked.
Progress: 633192805 states checked.
Progress: 636002579 states checked.
Progress: 638816296 states checked.
Progress: 641634019 states checked.
Progress: 644444142 states checked.
Progress: 647245325 states checked.
Progress: 650043929 states checked.
Progress: 652819805 states checked.
Progress: 655609032 states checked.
Progress: 658454227 states checked.
Progress: 661267315 states checked.
Progress: 664047555 states checked.
Progress: 666861737 states checked.
Progress: 669674840 states checked.
Progress: 672476715 states checked.
Progress: 675268377 states checked.
Progress: 678080055 states checked.
Progress: 680833372 states checked.
Progress: 683630262 states checked.
Progress: 686400941 states checked.
Progress: 689196164 states checked.
Progress: 691996919 states checked.
Progress: 694768162 states checked.
Progress: 697565206 states checked.
Progress: 700358020 states checked.
Progress: 703201388 states checked.
Progress: 705986339 states checked.
Progress: 708796302 states checked.
Progress: 711611311 states checked.
Progress: 714401859 states checked.
Progress: 717218021 states checked.
Progress: 720025948 states checked.
Progress: 722841589 states checked.
Progress: 725669681 states checked.
Progress: 728472423 states checked.
Progress: 731270101 states checked.
Progress: 734052767 states checked.
Progress: 736809548 states checked.
Progress: 739612683 states checked.
Progress: 742437891 states checked.
Progress: 745217424 states checked.
Progress: 748025765 states checked.
Progress: 750814984 states checked.
Progress: 753645762 states checked.
Progress: 756417859 states checked.
Progress: 759224867 states checked.
Progress: 762013881 states checked.
Progress: 764829384 states checked.
Progress: 767655210 states checked.
Progress: 770433174 states checked.
Progress: 773270919 states checked.
Progress: 776061596 states checked.
Progress: 778844704 states checked.
Progress: 781645980 states checked.
Progress: 784467761 states checked.
Progress: 787244847 states checked.
Progress: 790011945 states checked.
Progress: 792815694 states checked.
Progress: 795614402 states checked.
Progress: 798396246 states checked.
Progress: 801202331 states checked.
Progress: 804001934 states checked.
Progress: 806778011 states checked.
Progress: 809566652 states checked.
Progress: 812405285 states checked.
Progress: 815183914 states checked.
Progress: 818016137 states checked.
Progress: 820823984 states checked.
Progress: 823632485 states checked.
Progress: 826419778 states checked.
Progress: 829228734 states checked.
Progress: 832011465 states checked.
Progress: 834757631 states checked.
Progress: 837552705 states checked.
Progress: 840330129 states checked.
Progress: 843138330 states checked.
Progress: 845949673 states checked.
Progress: 848727128 states checked.
Progress: 851523698 states checked.
Progress: 854352148 states checked.
Progress: 857248921 states checked.
Progress: 860113979 states checked.
Progress: 863026805 states checked.
Progress: 865933267 states checked.
Progress: 868822742 states checked.
Progress: 871710025 states checked.
Progress: 874570133 states checked.
Progress: 877469601 states checked.
Progress: 880388494 states checked.
Progress: 883306632 states checked.
Progress: 886250702 states checked.
Progress: 889264323 states checked.
Progress: 892295327 states checked.
Progress: 895335820 states checked.
Progress: 898411101 states checked.
Progress: 901486864 states checked.
Progress: 904547789 states checked.
Progress: 907621417 states checked.
Progress: 910716019 states checked.
Progress: 913798317 states checked.
Progress: 916887895 states checked.
Progress: 919954255 states checked.
Progress: 923046119 states checked.
Progress: 926132501 states checked.
Progress: 929217018 states checked.
Progress: 932295940 states checked.
Progress: 935370753 states checked.
Progress: 938440703 states checked.
Progress: 941521328 states checked.
Progress: 944610636 states checked.
Progress: 947670882 states checked.
Progress: 950737748 states checked.
Progress: 953813010 states checked.
Progress: 956891047 states checked.
Progress: 959974846 states checked.
Progress: 963067343 states checked.
Progress: 966158252 states checked.
Progress: 969253501 states checked.
Progress: 972334093 states checked.
Progress: 975422065 states checked.
Progress: 978514291 states checked.
Progress: 981594786 states checked.
Progress: 984701580 states checked.
Progress: 987799290 states checked.
Progress: 990904600 states checked.
Progress: 994008272 states checked.
Progress: 997109136 states checked.
Progress: 1000195795 states checked.
Progress: 1003284912 states checked.
Progress: 1006380763 states checked.
Progress: 1009475741 states checked.
Progress: 1012564667 states checked.
Progress: 1015662930 states checked.
Progress: 1018762533 states checked.
Progress: 1021851044 states checked.
Progress: 1024943505 states checked.
Progress: 1028042408 states checked.
Progress: 1031132014 states checked.
Progress: 1034216140 states checked.
Progress: 1037311106 states checked.
Progress: 1040418641 states checked.
Progress: 1043508597 states checked.
Progress: 1046608224 states checked.
Progress: 1049717270 states checked.
Progress: 1052822516 states checked.
Progress: 1055913937 states checked.
Progress: 1059005009 states checked.
Progress: 1062108446 states checked.
Progress: 1065211759 states checked.
Progress: 1068319974 states checked.
Progress: 1071416256 states checked.
Progress: 1074516072 states checked.
Progress: 1077606930 states checked.
Progress: 1080699308 states checked.
Progress: 1083789185 states checked.
Progress: 1086901897 states checked.
Progress: 1090006551 states checked.
Progress: 1093106017 states checked.
Progress: 1096213237 states checked.
Progress: 1099299192 states checked.
Progress: 1102393943 states checked.
Progress: 1105492737 states checked.
Progress: 1108589469 states checked.
Progress: 1111684856 states checked.
Progress: 1114782327 states checked.
Progress: 1117871997 states checked.
Progress: 1120964572 states checked.
Progress: 1124065505 states checked.
Progress: 1127172789 states checked.
Progress: 1130273629 states checked.
Progress: 1133376574 states checked.
Progress: 1136462548 states checked.
Progress: 1139582261 states checked.
Progress: 1142689927 states checked.
Progress: 1145785668 states checked.
Progress: 1148888382 states checked.
Progress: 1151980959 states checked.
Progress: 1155072685 states checked.
Progress: 1158169795 states checked.
Progress: 1161263431 states checked.
Progress: 1164365732 states checked.
Progress: 1167456621 states checked.
Progress: 1170566895 states checked.
Progress: 1173659131 states checked.
Progress: 1176758091 states checked.
Progress: 1179858697 states checked.
Progress: 1182971050 states checked.
Progress: 1186062905 states checked.
Progress: 1189145946 states checked.
Progress: 1192242537 states checked.
Progress: 1195351514 states checked.
Progress: 1198454817 states checked.
Progress: 1201537708 states checked.
Progress: 1204616153 states checked.
Progress: 1207703916 states checked.
Progress: 1210795606 states checked.
Progress: 1213903326 states checked.
Progress: 1217016768 states checked.
Progress: 1220111026 states checked.
Progress: 1223210615 states checked.
Progress: 1226306426 states checked.
Progress: 1229414967 states checked.
Progress: 1232517163 states checked.
Progress: 1235611939 states checked.
Progress: 1238715608 states checked.
Progress: 1241820488 states checked.
Progress: 1244904202 states checked.
Progress: 1248002432 states checked.
Progress: 1251107724 states checked.
Progress: 1254196370 states checked.
Progress: 1257303744 states checked.
Progress: 1260396136 states checked.
Progress: 1263490539 states checked.
Progress: 1266580736 states checked.
Progress: 1269688966 states checked.
Progress: 1272785702 states checked.
Progress: 1275870609 states checked.
Progress: 1278983195 states checked.
Progress: 1282077908 states checked.
Progress: 1285182267 states checked.
Progress: 1288266273 states checked.
Progress: 1291362431 states checked.
Progress: 1294448651 states checked.
Progress: 1297550571 states checked.
Progress: 1300654901 states checked.
Progress: 1303746833 states checked.
Progress: 1306835754 states checked.
Progress: 1309936813 states checked.
Progress: 1313042757 states checked.
Progress: 1316129594 states checked.
Progress: 1319209154 states checked.
Progress: 1322305759 states checked.
Progress: 1325410674 states checked.
Progress: 1328504292 states checked.
Progress: 1331597065 states checked.
Progress: 1334680049 states checked.
Progress: 1337777570 states checked.
Progress: 1340886825 states checked.
Progress: 1343982478 states checked.
Progress: 1347055367 states checked.
Progress: 1350160276 states checked.
Progress: 1353268208 states checked.
Progress: 1356367793 states checked.
Progress: 1359469434 states checked.
Progress: 1362571069 states checked.
Progress: 1365675291 states checked.
Progress: 1368771169 states checked.
Progress: 1371878647 states checked.
Progress: 1374972581 states checked.
Progress: 1378081119 states checked.
Progress: 1381178362 states checked.
Progress: 1384263105 states checked.
Progress: 1387367668 states checked.
Progress: 1390472663 states checked.
Progress: 1393576268 states checked.
Progress: 1396677674 states checked.
Progress: 1399762170 states checked.
Progress: 1402860385 states checked.
Progress: 1405948832 states checked.
Progress: 1409042113 states checked.
Progress: 1412147007 states checked.
Progress: 1415250816 states checked.
Progress: 1418361490 states checked.
Progress: 1421465653 states checked.
Progress: 1424554049 states checked.
Progress: 1427658136 states checked.
Progress: 1430757020 states checked.
Progress: 1433855452 states checked.
Progress: 1436949997 states checked.
Progress: 1440044404 states checked.
Progress: 1443138258 states checked.
Progress: 1446249498 states checked.
Progress: 1449358250 states checked.
Progress: 1452456461 states checked.
Progress: 1455550787 states checked.
Progress: 1458658567 states checked.
Progress: 1461738251 states checked.
Progress: 1464838100 states checked.
Progress: 1467934878 states checked.
Progress: 1471014503 states checked.
Progress: 1474112160 states checked.
Progress: 1477214644 states checked.
Progress: 1480337822 states checked.
Progress: 1483438871 states checked.
Progress: 1486538031 states checked.
Progress: 1489630474 states checked.
Progress: 1492714690 states checked.
Progress: 1495801094 states checked.
Progress: 1498894971 states checked.
Progress: 1501980094 states checked.
Progress: 1505075445 states checked.
Progress: 1508170826 states checked.
Progress: 1511266091 states checked.
Progress: 1514356577 states checked.
Progress: 1517458762 states checked.
Progress: 1520559473 states checked.
Progress: 1523653744 states checked.
Progress: 1526750992 states checked.
Progress: 1529839744 states checked.
Progress: 1532943257 states checked.
Progress: 1536025231 states checked.
Progress: 1539134575 states checked.
Progress: 1542237506 states checked.
Progress: 1545328280 states checked.
Progress: 1548421185 states checked.
Progress: 1551519139 states checked.
Progress: 1554606671 states checked.
Progress: 1557695189 states checked.
Progress: 1560801234 states checked.
Progress: 1563891457 states checked.
Progress: 1566989115 states checked.
Progress: 1570065162 states checked.
Progress: 1573170234 states checked.
Progress: 1576263123 states checked.
Progress: 1579362554 states checked.
Progress: 1582466899 states checked.
Progress: 1585548669 states checked.
Progress: 1588634245 states checked.
Progress: 1591724375 states checked.
Progress: 1594817028 states checked.
Progress: 1597916292 states checked.
Progress: 1601021797 states checked.
Progress: 1604105183 states checked.
Progress: 1607208884 states checked.
Progress: 1610306949 states checked.
Progress: 1613411978 states checked.
Progress: 1616505331 states checked.
Progress: 1619598894 states checked.
Progress: 1622697137 states checked.
Progress: 1625803302 states checked.
Progress: 1628912454 states checked.
Progress: 1632018331 states checked.
Progress: 1635103909 states checked.
Progress: 1638207094 states checked.
Progress: 1641313865 states checked.
Progress: 1644403850 states checked.
Progress: 1647497752 states checked.
Progress: 1650584626 states checked.
Progress: 1653674821 states checked.
Progress: 1656778897 states checked.
Progress: 1659873610 states checked.
Progress: 1662993447 states checked.
Progress: 1666089294 states checked.
Progress: 1669194357 states checked.
Progress: 1672282907 states checked.
Progress: 1675386568 states checked.
Progress: 1678482451 states checked.
Progress: 1681569659 states checked.
Progress: 1684667922 states checked.
Progress: 1687778846 states checked.
Progress: 1690873472 states checked.
Progress: 1693973679 states checked.
Progress: 1697071731 states checked.
Progress: 1700153746 states checked.
Progress: 1703252113 states checked.
Progress: 1706341635 states checked.
Progress: 1709446235 states checked.
Progress: 1712555486 states checked.
Progress: 1715661203 states checked.
Progress: 1718751526 states checked.
Progress: 1721844374 states checked.
Progress: 1724939399 states checked.
Progress: 1728037092 states checked.
Progress: 1731142734 states checked.
Progress: 1734245738 states checked.
Progress: 1737348754 states checked.
Progress: 1740440692 states checked.
Progress: 1743533848 states checked.
Progress: 1746617621 states checked.
Progress: 1749714961 states checked.
Progress: 1752809906 states checked.
Progress: 1755923323 states checked.
Progress: 1759020062 states checked.
Progress: 1762117112 states checked.
Progress: 1765212679 states checked.
Progress: 1768311052 states checked.
Progress: 1771397479 states checked.
Progress: 1774476066 states checked.
Progress: 1777571408 states checked.
Progress: 1780680628 states checked.
Progress: 1783782454 states checked.
Progress: 1786879637 states checked.
Progress: 1789981838 states checked.
Progress: 1793066084 states checked.
Progress: 1796167620 states checked.
Progress: 1799279514 states checked.
Progress: 1802386774 states checked.
Progress: 1805478268 states checked.
Progress: 1808578272 states checked.
Progress: 1811670720 states checked.
Progress: 1814765550 states checked.
Progress: 1817868955 states checked.
Progress: 1820963496 states checked.
Progress: 1824064412 states checked.
Progress: 1827162785 states checked.
Progress: 1830272184 states checked.
Progress: 1833376752 states checked.
Progress: 1836468593 states checked.
Progress: 1839547861 states checked.
Progress: 1842635852 states checked.
Progress: 1845736275 states checked.
Progress: 1848849210 states checked.
Progress: 1851951333 states checked.
Progress: 1855053802 states checked.
Progress: 1858151373 states checked.
Progress: 1861257818 states checked.
Progress: 1864356403 states checked.
Progress: 1867450589 states checked.
Progress: 1870530312 states checked.
Progress: 1873626082 states checked.
Progress: 1876721476 states checked.
Progress: 1879822094 states checked.
Progress: 1882920244 states checked.
Progress: 1886019470 states checked.
Progress: 1889112389 states checked.
Progress: 1892210924 states checked.
Progress: 1895302640 states checked.
Progress: 1898397469 states checked.
Progress: 1901505337 states checked.
Progress: 1904610364 states checked.
Progress: 1907693080 states checked.
Progress: 1910773719 states checked.
Progress: 1913866406 states checked.
Progress: 1916966364 states checked.
Progress: 1920064870 states checked.
Progress: 1923156828 states checked.
Progress: 1926254889 states checked.
Progress: 1929347115 states checked.
Progress: 1932443779 states checked.
Progress: 1935524446 states checked.
Progress: 1938624741 states checked.
Progress: 1941720713 states checked.
Progress: 1944815797 states checked.
Progress: 1947923294 states checked.
Progress: 1951021462 states checked.
Progress: 1954127978 states checked.
Progress: 1957231531 states checked.
Progress: 1960325565 states checked.
Progress: 1963406578 states checked.
Progress: 1966508669 states checked.
Progress: 1969601002 states checked.
Progress: 1972693211 states checked.
Progress: 1975789286 states checked.
Progress: 1978872801 states checked.
Progress: 1981951543 states checked.
Progress: 1985050139 states checked.
Progress: 1988165753 states checked.
Progress: 1991256694 states checked.
Progress: 1994364743 states checked.
Progress: 1997451523 states checked.
Progress: 2000571932 states checked.
Progress: 2003661518 states checked.
Progress: 2006750156 states checked.
Progress: 2009846401 states checked.
Progress: 2012934657 states checked.
Progress: 2016035370 states checked.
Progress: 2019135405 states checked.
Progress: 2022247487 states checked.
Progress: 2025337379 states checked.
Progress: 2028436673 states checked.
Progress: 2031530000 states checked.
Progress: 2034631732 states checked.
Progress: 2037736269 states checked.
Progress: 2040820672 states checked.
Progress: 2043908286 states checked.
Progress: 2047016020 states checked.
Progress: 2050106119 states checked.
Progress: 2053210939 states checked.
Progress: 2056313415 states checked.
Progress: 2059409020 states checked.
Progress: 2062502186 states checked.
Progress: 2065599637 states checked.
Progress: 2068694780 states checked.
Progress: 2071793212 states checked.
Progress: 2074895468 states checked.
Progress: 2077998727 states checked.
Progress: 2081088779 states checked.
Progress: 2084181835 states checked.
Progress: 2087286231 states checked.
Progress: 2090389858 states checked.
Progress: 2093489155 states checked.
Progress: 2096580705 states checked.
Progress: 2099685505 states checked.
Progress: 2102781751 states checked.
Progress: 2105888923 states checked.
Progress: 2108972512 states checked.
Progress: 2112071334 states checked.
Progress: 2115166956 states checked.
Progress: 2118276636 states checked.
Progress: 2121377692 states checked.
Progress: 2124481710 states checked.
Progress: 2127577158 states checked.
Progress: 2130684729 states checked.
Progress: 2133772938 states checked.
Progress: 2136866546 states checked.
Progress: 2139960216 states checked.
Progress: 2143056230 states checked.
Progress: 2146146148 states checked.
Progress: 2149242760 states checked.
Progress: 2152341947 states checked.
Progress: 2155444516 states checked.
Progress: 2158539583 states checked.
Progress: 2161641181 states checked.
Progress: 2164751010 states checked.
Progress: 2167859312 states checked.
Progress: 2170953100 states checked.
Progress: 2174044300 states checked.
Progress: 2177132627 states checked.
Progress: 2180220420 states checked.
Progress: 2183313813 states checked.
Progress: 2186401847 states checked.
Progress: 2189491549 states checked.
Progress: 2192577928 states checked.
Progress: 2195684008 states checked.
Progress: 2198783383 states checked.
Progress: 2201866673 states checked.
Progress: 2204944935 states checked.
Progress: 2208048335 states checked.
Progress: 2211125758 states checked.
Progress: 2214207455 states checked.
Progress: 2217299231 states checked.
Progress: 2220410497 states checked.
Progress: 2223506222 states checked.
Progress: 2226609638 states checked.
Progress: 2229711717 states checked.
Progress: 2232800755 states checked.
Progress: 2235906242 states checked.
Progress: 2239002190 states checked.
Progress: 2242107743 states checked.
Progress: 2245211605 states checked.
Progress: 2248292123 states checked.
Progress: 2251377138 states checked.
Progress: 2254473069 states checked.
Progress: 2257566521 states checked.
Progress: 2260668362 states checked.
Progress: 2263768517 states checked.
Progress: 2266861745 states checked.
Progress: 2269962142 states checked.
Progress: 2273070993 states checked.
Progress: 2276159158 states checked.
Progress: 2279251908 states checked.
Progress: 2282334976 states checked.
Progress: 2285440559 states checked.
Progress: 2288530012 states checked.
Progress: 2291635390 states checked.
Progress: 2294742784 states checked.
Progress: 2297842118 states checked.
Progress: 2300949993 states checked.
Progress: 2304058239 states checked.
Progress: 2307168350 states checked.
Progress: 2310252524 states checked.
Progress: 2313364554 states checked.
Progress: 2316466813 states checked.
Progress: 2319571427 states checked.
Progress: 2322655628 states checked.
Progress: 2325735205 states checked.
Progress: 2328838850 states checked.
Progress: 2331933100 states checked.
Progress: 2335011001 states checked.
Progress: 2338102029 states checked.
Progress: 2341189489 states checked.
Progress: 2344294598 states checked.
Progress: 2347391144 states checked.
Progress: 2350494802 states checked.
Progress: 2353563483 states checked.
Progress: 2356657720 states checked.
Progress: 2359748382 states checked.
Progress: 2362839012 states checked.
Progress: 2365931684 states checked.
Progress: 2369026128 states checked.
Progress: 2372111235 states checked.
Progress: 2375211446 states checked.
Progress: 2378294498 states checked.
Progress: 2381385682 states checked.
Progress: 2384491849 states checked.
Progress: 2387582226 states checked.
Progress: 2390694897 states checked.
Progress: 2393796271 states checked.
Progress: 2396890325 states checked.
Progress: 2399988245 states checked.
Progress: 2403082437 states checked.
Progress: 2406168417 states checked.
Progress: 2409256024 states checked.
Progress: 2412358064 states checked.
Progress: 2415444504 states checked.
Progress: 2418540530 states checked.
Progress: 2421649222 states checked.
Progress: 2424747768 states checked.
Progress: 2427831359 states checked.
Progress: 2430916051 states checked.
Progress: 2434012505 states checked.
Progress: 2437115238 states checked.
Progress: 2440199913 states checked.
Progress: 2443303112 states checked.
Progress: 2446402935 states checked.
Progress: 2449520078 states checked.
Progress: 2452636133 states checked.
Progress: 2455727835 states checked.
Progress: 2458825856 states checked.
Progress: 2461923857 states checked.
Progress: 2465017518 states checked.
Progress: 2468124918 states checked.
Progress: 2471228740 states checked.
Progress: 2474336269 states checked.
Progress: 2477441025 states checked.
Progress: 2480545965 states checked.
Progress: 2483650740 states checked.
Progress: 2486755928 states checked.
Progress: 2489845342 states checked.
Progress: 2492941570 states checked.
Progress: 2496041771 states checked.
Progress: 2499129220 states checked.
Progress: 2502215815 states checked.
Progress: 2505315407 states checked.
Progress: 2508418175 states checked.
Progress: 2511514165 states checked.
Progress: 2514602626 states checked.
Progress: 2517706233 states checked.
Progress: 2520791446 states checked.
Progress: 2523880243 states checked.
Progress: 2526980519 states checked.
Progress: 2530074376 states checked.
Progress: 2533175345 states checked.
Progress: 2536268078 states checked.
Progress: 2539361116 states checked.
Progress: 2542453343 states checked.
Progress: 2545543371 states checked.
Progress: 2548639728 states checked.
Progress: 2551726709 states checked.
Progress: 2554832751 states checked.
Progress: 2557922667 states checked.
Progress: 2561009477 states checked.
Progress: 2564106483 states checked.
Progress: 2567195319 states checked.
Progress: 2570286456 states checked.
Progress: 2573376463 states checked.
Progress: 2576467634 states checked.
Progress: 2579548963 states checked.
Progress: 2582654925 states checked.
Progress: 2585754562 states checked.
Progress: 2588854444 states checked.
Progress: 2591945274 states checked.
Progress: 2595055737 states checked.
Progress: 2598154120 states checked.
Progress: 2601239581 states checked.
Progress: 2604338364 states checked.
Progress: 2607427100 states checked.
Progress: 2610531173 states checked.
Progress: 2613632126 states checked.
Progress: 2616725849 states checked.
Progress: 2619816213 states checked.
Progress: 2622899893 states checked.
Progress: 2625990211 states checked.
Progress: 2629075438 states checked.
Progress: 2632157708 states checked.
Progress: 2635266817 states checked.
Progress: 2638361192 states checked.
Progress: 2641457788 states checked.
Progress: 2644555961 states checked.
Progress: 2647630172 states checked.
Progress: 2650734779 states checked.
Progress: 2653823320 states checked.
Progress: 2656928108 states checked.
Progress: 2660030774 states checked.
Progress: 2663129142 states checked.
Progress: 2666222997 states checked.
Progress: 2669327589 states checked.
Progress: 2672429730 states checked.
Progress: 2675520814 states checked.
Progress: 2678617127 states checked.
Progress: 2681729141 states checked.
Progress: 2684827515 states checked.
Progress: 2687929135 states checked.
Progress: 2691028198 states checked.
Progress: 2694137249 states checked.
Progress: 2697238959 states checked.
Progress: 2700318196 states checked.
Progress: 2703410025 states checked.
Progress: 2706505882 states checked.
Progress: 2709614727 states checked.
Progress: 2712695813 states checked.
Progress: 2715788084 states checked.
Progress: 2718896632 states checked.
Progress: 2721992244 states checked.
Progress: 2725094775 states checked.
Progress: 2728198361 states checked.
Progress: 2731286310 states checked.
Progress: 2734388977 states checked.
Progress: 2737481607 states checked.
Progress: 2740568995 states checked.
Progress: 2743665134 states checked.
Progress: 2746771126 states checked.
Progress: 2749878016 states checked.
Progress: 2752977036 states checked.
Progress: 2756084027 states checked.
Progress: 2759197035 states checked.
Progress: 2762287439 states checked.
Progress: 2765374439 states checked.
Progress: 2768458747 states checked.
Progress: 2771547715 states checked.
Progress: 2774644761 states checked.
Progress: 2777726668 states checked.
Progress: 2780824576 states checked.
Progress: 2783919057 states checked.
Progress: 2787017124 states checked.
Progress: 2790117050 states checked.
Progress: 2793214384 states checked.
Progress: 2796298464 states checked.
Progress: 2799397927 states checked.
Progress: 2802506281 states checked.
Progress: 2805606877 states checked.
Progress: 2808710335 states checked.
Progress: 2811813539 states checked.
Progress: 2814907867 states checked.
Progress: 2818015091 states checked.
Progress: 2821113485 states checked.
Progress: 2824213423 states checked.
Progress: 2827310541 states checked.
Progress: 2830404712 states checked.
Progress: 2833490836 states checked.
Progress: 2836597312 states checked.
Progress: 2839698408 states checked.
Progress: 2842803604 states checked.
Progress: 2845905828 states checked.
Progress: 2849005036 states checked.
Progress: 2852099827 states checked.
Progress: 2855210464 states checked.
Progress: 2858292635 states checked.
Progress: 2861366298 states checked.
Progress: 2864452310 states checked.
Progress: 2867552372 states checked.
Progress: 2870651498 states checked.
Progress: 2873755674 states checked.
Progress: 2876870341 states checked.
Progress: 2879960304 states checked.
Progress: 2883053209 states checked.
Progress: 2886160891 states checked.
Progress: 2889255533 states checked.
Progress: 2892359048 states checked.
Progress: 2895473442 states checked.
Progress: 2898578707 states checked.
Progress: 2901672568 states checked.
Progress: 2904772472 states checked.
Progress: 2907877909 states checked.
Progress: 2910991481 states checked.
Progress: 2914090208 states checked.
Progress: 2917196654 states checked.
Progress: 2920291180 states checked.
Progress: 2923394419 states checked.
Progress: 2926489362 states checked.
Progress: 2929586751 states checked.
Progress: 2932692413 states checked.
Progress: 2935790431 states checked.
Progress: 2938887884 states checked.
Progress: 2941974603 states checked.
Progress: 2945069633 states checked.
Progress: 2948169263 states checked.
Progress: 2951274508 states checked.
Progress: 2954373450 states checked.
Progress: 2957460770 states checked.
Progress: 2960554048 states checked.
Progress: 2963643028 states checked.
Progress: 2966745706 states checked.
Progress: 2969847709 states checked.
Progress: 2972930096 states checked.
Progress: 2976021709 states checked.
Progress: 2979127210 states checked.
Progress: 2982221019 states checked.
Progress: 2985319601 states checked.
Progress: 2988428970 states checked.
Progress: 2991524082 states checked.
Progress: 2994621143 states checked.
Progress: 2997730263 states checked.
Progress: 3000834581 states checked.
Progress: 3003939716 states checked.
Progress: 3007042353 states checked.
Progress: 3010141568 states checked.
Progress: 3013240583 states checked.
Progress: 3016340478 states checked.
Progress: 3019437161 states checked.
Progress: 3022549765 states checked.
Progress: 3025643790 states checked.
Progress: 3028736235 states checked.
Progress: 3031841129 states checked.
Progress: 3034933146 states checked.
Progress: 3038029634 states checked.
Progress: 3041114322 states checked.
Progress: 3044212009 states checked.
Progress: 3047305023 states checked.
Progress: 3050412259 states checked.
Progress: 3053511938 states checked.
Progress: 3056603109 states checked.
Progress: 3059691815 states checked.
Progress: 3062782966 states checked.
Progress: 3065872074 states checked.
Progress: 3068953898 states checked.
Progress: 3072038880 states checked.
Progress: 3075109987 states checked.
Progress: 3078209163 states checked.
Progress: 3081307835 states checked.
Progress: 3084397691 states checked.
Progress: 3087482460 states checked.
Progress: 3090568246 states checked.
Progress: 3093646763 states checked.
Progress: 3096726707 states checked.
Progress: 3099813248 states checked.
Progress: 3102904839 states checked.
Progress: 3106007162 states checked.
Progress: 3109102340 states checked.
Progress: 3112196554 states checked.
Progress: 3115289886 states checked.
Progress: 3118381118 states checked.
Progress: 3121483485 states checked.
Progress: 3124585942 states checked.
Progress: 3127684983 states checked.
Progress: 3130794258 states checked.
Progress: 3133900639 states checked.
Progress: 3136995452 states checked.
Progress: 3140079813 states checked.
Progress: 3143166234 states checked.
Progress: 3146261099 states checked.
Progress: 3149360278 states checked.
Progress: 3152461254 states checked.
Progress: 3155565516 states checked.
Progress: 3158645527 states checked.
Progress: 3161730442 states checked.
Progress: 3164831064 states checked.
Progress: 3167938242 states checked.
Progress: 3171054387 states checked.
Progress: 3174164476 states checked.
Progress: 3177269245 states checked.
Progress: 3180375981 states checked.
Progress: 3183474774 states checked.
Progress: 3186557449 states checked.
Progress: 3189632079 states checked.
Progress: 3192721597 states checked.
Progress: 3195830643 states checked.
Progress: 3198938255 states checked.
Progress: 3202037544 states checked.
Progress: 3205137594 states checked.
Progress: 3208234306 states checked.
Progress: 3211335816 states checked.
Progress: 3214430622 states checked.
Progress: 3217533566 states checked.
Progress: 3220621149 states checked.
Progress: 3223719803 states checked.
Progress: 3226828263 states checked.
Progress: 3229926658 states checked.
Progress: 3233018629 states checked.
Progress: 3236117592 states checked.
Progress: 3239227877 states checked.
Progress: 3242324030 states checked.
Progress: 3245429459 states checked.
Progress: 3248525323 states checked.
Progress: 3251627815 states checked.
Progress: 3254711348 states checked.
Progress: 3257796768 states checked.
Progress: 3260896643 states checked.
Progress: 3263996523 states checked.
Progress: 3267106860 states checked.
Progress: 3270218206 states checked.
Progress: 3273311009 states checked.
Progress: 3276415945 states checked.
Progress: 3279522493 states checked.
Progress: 3282625447 states checked.
Progress: 3285728712 states checked.
Progress: 3288835521 states checked.
Progress: 3291931741 states checked.
Progress: 3295028941 states checked.
Progress: 3298135979 states checked.
Progress: 3301245564 states checked.
Progress: 3304355782 states checked.
Progress: 3307475986 states checked.
Progress: 3310594774 states checked.
Progress: 3313701461 states checked.
Progress: 3316821331 states checked.
Progress: 3319924201 states checked.
Progress: 3323029394 states checked.
Progress: 3326135674 states checked.
Progress: 3329240354 states checked.
Progress: 3332328368 states checked.
Progress: 3335421228 states checked.
Progress: 3338520081 states checked.
Progress: 3341622137 states checked.
Progress: 3344734408 states checked.
Progress: 3347837785 states checked.
Progress: 3350945837 states checked.
Progress: 3354045870 states checked.
Progress: 3357146234 states checked.
Progress: 3360253049 states checked.
Progress: 3363341906 states checked.
Progress: 3366435383 states checked.
Progress: 3369531228 states checked.
Progress: 3372624268 states checked.
Progress: 3375714944 states checked.
Progress: 3378812890 states checked.
Progress: 3381922999 states checked.
Progress: 3385039909 states checked.
Progress: 3388154577 states checked.
Progress: 3391274695 states checked.
Progress: 3394390183 states checked.
Progress: 3397505369 states checked.
Progress: 3400623468 states checked.
Progress: 3403736967 states checked.
Progress: 3406840748 states checked.
Progress: 3409943113 states checked.
Progress: 3413032818 states checked.
Progress: 3416110349 states checked.
Progress: 3419200509 states checked.
Progress: 3422291827 states checked.
Progress: 3425386414 states checked.
Progress: 3428493695 states checked.
Progress: 3431598479 states checked.
Progress: 3434699715 states checked.
Progress: 3437816972 states checked.
Progress: 3440913094 states checked.
Progress: 3444004487 states checked.
Progress: 3447107367 states checked.
Progress: 3450219421 states checked.
Progress: 3453321394 states checked.
Progress: 3456424275 states checked.
Progress: 3459542408 states checked.
Progress: 3462658804 states checked.
Progress: 3465778924 states checked.
Progress: 3468888024 states checked.
Progress: 3472003018 states checked.
Progress: 3475118022 states checked.
Progress: 3478237223 states checked.
Progress: 3481325222 states checked.
Progress: 3484178093 states checked.
Progress: 3487021827 states checked.
Progress: 3489875758 states checked.
Progress: 3492751192 states checked.
Progress: 3495670465 states checked.
Progress: 3498538552 states checked.
Progress: 3501414071 states checked.
Progress: 3504349152 states checked.
Progress: 3507285207 states checked.
Progress: 3510274665 states checked.
Progress: 3513226234 states checked.
Progress: 3516173777 states checked.
Progress: 3519058661 states checked.
Progress: 3521983344 states checked.
Progress: 3524885783 states checked.
Progress: 3527848350 states checked.
Progress: 3530757357 states checked.
Progress: 3533729452 states checked.
Progress: 3536710617 states checked.
Progress: 3539708016 states checked.
Progress: 3542697671 states checked.
Progress: 3545625735 states checked.
Progress: 3548573791 states checked.
Progress: 3551515888 states checked.
Progress: 3554475353 states checked.
Progress: 3557454595 states checked.
Progress: 3560436448 states checked.
Progress: 3563433279 states checked.
Progress: 3566418994 states checked.
Progress: 3569355593 states checked.
Progress: 3572325665 states checked.
Progress: 3575325271 states checked.
Progress: 3578279990 states checked.
Progress: 3581229302 states checked.
Progress: 3584184067 states checked.
Progress: 3587151428 states checked.
Progress: 3590109959 states checked.
Progress: 3593054648 states checked.
Progress: 3596021357 states checked.
Progress: 3598987122 states checked.
Progress: 3601953865 states checked.
Progress: 3604947925 states checked.
Progress: 3607939829 states checked.
Progress: 3610904408 states checked.
Progress: 3613916249 states checked.
Progress: 3616916004 states checked.
Progress: 3619871394 states checked.
Progress: 3622842671 states checked.
Progress: 3625828175 states checked.
Progress: 3628799728 states checked.
Progress: 3631742686 states checked.
Progress: 3634747196 states checked.
Progress: 3637779701 states checked.
Progress: 3640754861 states checked.
Progress: 3643762593 states checked.
Progress: 3646738510 states checked.
Progress: 3649693535 states checked.
Progress: 3652679874 states checked.
Progress: 3655687024 states checked.
Progress: 3658686934 states checked.
Progress: 3661648981 states checked.
Progress: 3664617945 states checked.
Progress: 3667580820 states checked.
Progress: 3670530245 states checked.
Progress: 3673538537 states checked.
Progress: 3676514247 states checked.
Progress: 3679621170 states checked.
Progress: 3682503227 states checked.
Progress: 3685321650 states checked.
Progress: 3688197384 states checked.
Progress: 3691016916 states checked.
Progress: 3693886095 states checked.
Progress: 3696734813 states checked.
Progress: 3699617820 states checked.
Progress: 3702561132 states checked.
Progress: 3705483175 states checked.
Progress: 3708451078 states checked.
Progress: 3711350156 states checked.
Progress: 3714230769 states checked.
Progress: 3717130141 states checked.
Progress: 3719972937 states checked.
Progress: 3722805286 states checked.
Progress: 3725661247 states checked.
Progress: 3728554303 states checked.
Progress: 3731465797 states checked.
Progress: 3734396271 states checked.
Progress: 3737327711 states checked.
Progress: 3740193973 states checked.
Progress: 3743083778 states checked.
Progress: 3746024677 states checked.
Progress: 3748987857 states checked.
Progress: 3751947922 states checked.
Progress: 3754867085 states checked.
Progress: 3757789307 states checked.
Progress: 3760715428 states checked.
Progress: 3763600472 states checked.
Progress: 3766508499 states checked.
Progress: 3769458041 states checked.
Progress: 3772400573 states checked.
Progress: 3775334095 states checked.
Progress: 3778259172 states checked.
Progress: 3781189805 states checked.
Progress: 3784113622 states checked.
Progress: 3786991117 states checked.
Progress: 3789934278 states checked.
Progress: 3792838619 states checked.
Progress: 3795792834 states checked.
Progress: 3798766317 states checked.
Progress: 3801692955 states checked.
Progress: 3804611808 states checked.
Progress: 3807482100 states checked.
Progress: 3810354737 states checked.
Progress: 3813291524 states checked.
Progress: 3816212041 states checked.
Progress: 3819142151 states checked.
Progress: 3822048938 states checked.
Progress: 3825020564 states checked.
Progress: 3827937019 states checked.
Progress: 3830885354 states checked.
Progress: 3833839883 states checked.
Progress: 3836756427 states checked.
Progress: 3839613096 states checked.
Progress: 3842582227 states checked.
Progress: 3845510028 states checked.
Progress: 3848438474 states checked.
Progress: 3851321941 states checked.
Progress: 3854266627 states checked.
Progress: 3857217881 states checked.
Progress: 3860184273 states checked.
Progress: 3863114280 states checked.
Progress: 3865997601 states checked.
Progress: 3868917049 states checked.
Progress: 3871854939 states checked.
Progress: 3874855390 states checked.
Progress: 3877812650 states checked.
Progress: 3880762026 states checked.
Progress: 3883672554 states checked.
Progress: 3886624973 states checked.
Progress: 3889510187 states checked.
Progress: 3892456847 states checked.
Progress: 3895428708 states checked.
Progress: 3898368387 states checked.
Progress: 3901297447 states checked.
Progress: 3904261753 states checked.
Progress: 3907174862 states checked.
Progress: 3910098224 states checked.
Progress: 3912996686 states checked.
Progress: 3915879007 states checked.
Progress: 3918767698 states checked.
Progress: 3921681423 states checked.
Progress: 3924570704 states checked.
Progress: 3927471395 states checked.
Progress: 3930380682 states checked.
Progress: 3933322561 states checked.
Progress: 3936296105 states checked.
Progress: 3939228303 states checked.
Progress: 3942163107 states checked.
Progress: 3945103817 states checked.
Progress: 3948070128 states checked.
Progress: 3951022599 states checked.
Progress: 3953974625 states checked.
Progress: 3956944406 states checked.
Progress: 3959889241 states checked.
Progress: 3962818350 states checked.
Progress: 3965707293 states checked.
Progress: 3968612018 states checked.
Progress: 3971532733 states checked.
Progress: 3974517031 states checked.
Progress: 3977479650 states checked.
Progress: 3980417312 states checked.
Progress: 3983391266 states checked.
Progress: 3986352865 states checked.
Progress: 3989335733 states checked.
Progress: 3992324059 states checked.
Progress: 3995248342 states checked.
Progress: 3998172601 states checked.
Progress: 4001162734 states checked.
Progress: 4004095708 states checked.
Progress: 4007064598 states checked.
Progress: 4010076694 states checked.
Progress: 4013042664 states checked.
Progress: 4016013505 states checked.
Progress: 4018967212 states checked.
Progress: 4021942398 states checked.
Progress: 4024869840 states checked.
Progress: 4027823365 states checked.
Progress: 4030772351 states checked.
Progress: 4033747143 states checked.
Progress: 4036660661 states checked.
Progress: 4039598967 states checked.
Progress: 4042508188 states checked.
Progress: 4045489984 states checked.
Progress: 4048433342 states checked.
Progress: 4051421103 states checked.
Progress: 4054355727 states checked.
Progress: 4057284743 states checked.
Progress: 4060226175 states checked.
Progress: 4063188381 states checked.
Progress: 4066123956 states checked.
Progress: 4069043258 states checked.
Progress: 4072016940 states checked.
Progress: 4074975840 states checked.
Progress: 4077940094 states checked.
Progress: 4080889077 states checked.
Progress: 4083837262 states checked.
Progress: 4086760027 states checked.
Progress: 4089728925 states checked.
Progress: 4092667655 states checked.
Progress: 4095611401 states checked.
Progress: 4098586665 states checked.
Progress: 4101568860 states checked.
Progress: 4104470545 states checked.
Progress: 4107347830 states checked.
Progress: 4110279698 states checked.
Progress: 4113217541 states checked.
Progress: 4116117033 states checked.
Progress: 4119004540 states checked.
Progress: 4121930420 states checked.
Progress: 4124861309 states checked.
Progress: 4127830067 states checked.
Progress: 4130840429 states checked.
Progress: 4133822650 states checked.
Progress: 4136804316 states checked.
Progress: 4139780979 states checked.
Progress: 4142736653 states checked.
Progress: 4145650550 states checked.
Progress: 4148593850 states checked.
Progress: 4151555276 states checked.
Progress: 4154454274 states checked.
Progress: 4157354941 states checked.
Progress: 4160332808 states checked.
Progress: 4163283956 states checked.
Progress: 4166236123 states checked.
Progress: 4169200696 states checked.
Progress: 4172188997 states checked.
Progress: 4175176108 states checked.
Progress: 4178145368 states checked.
Progress: 4181137716 states checked.
Progress: 4184130552 states checked.
Progress: 4187094282 states checked.
Progress: 4189996422 states checked.
Progress: 4192944556 states checked.
Progress: 4195854750 states checked.
Progress: 4198837067 states checked.
Progress: 4201716304 states checked.
Progress: 4204687417 states checked.
Progress: 4207666112 states checked.
Progress: 4210641234 states checked.
Progress: 4213637934 states checked.
Progress: 4216623278 states checked.
Progress: 4219596265 states checked.
Progress: 4222597051 states checked.
Progress: 4225546724 states checked.
Progress: 4228510929 states checked.
Progress: 4231416166 states checked.
Progress: 4234357558 states checked.
Progress: 4237297358 states checked.
Progress: 4240223712 states checked.
Progress: 4243118403 states checked.
Progress: 4246044909 states checked.
Progress: 4248950149 states checked.
Progress: 4251898909 states checked.
Progress: 4254843570 states checked.
Progress: 4257810796 states checked.
Progress: 4260763043 states checked.
Progress: 4263695065 states checked.
Progress: 4266674157 states checked.
Progress: 4269620212 states checked.
Progress: 4272556389 states checked.
Progress: 4275521989 states checked.
Progress: 4278500262 states checked.
Progress: 4281368300 states checked.
Progress: 4284289227 states checked.
Progress: 4287155240 states checked.
Progress: 4290022521 states checked.
Progress: 4292915243 states checked.
Progress: 4295820492 states checked.
Progress: 4298731942 states checked.
Progress: 4301697525 states checked.
Progress: 4304671767 states checked.
Progress: 4307643682 states checked.
Progress: 4310609378 states checked.
Progress: 4313522421 states checked.
Progress: 4316425075 states checked.
Progress: 4319322696 states checked.
Progress: 4322207903 states checked.
Progress: 4325079048 states checked.
Progress: 4327926937 states checked.
Progress: 4330796150 states checked.
Progress: 4333681578 states checked.
Progress: 4336551158 states checked.
Progress: 4339452429 states checked.
Progress: 4342327852 states checked.
Progress: 4345239634 states checked.
Progress: 4348099461 states checked.
Progress: 4350972891 states checked.
Progress: 4353848772 states checked.
Progress: 4356695788 states checked.
Progress: 4359583760 states checked.
Progress: 4362517807 states checked.
Progress: 4365437416 states checked.
Progress: 4368323216 states checked.
Progress: 4371152742 states checked.
Progress: 4374015791 states checked.
Progress: 4376908277 states checked.
Progress: 4379793846 states checked.
Progress: 4382679144 states checked.
Progress: 4385529858 states checked.
Progress: 4388404330 states checked.
Progress: 4391295199 states checked.
Progress: 4394171087 states checked.
Progress: 4397036759 states checked.
Progress: 4399927682 states checked.
Progress: 4402844638 states checked.
Progress: 4405757886 states checked.
Progress: 4408684904 states checked.
Progress: 4411601643 states checked.
Progress: 4414519660 states checked.
Progress: 4417445011 states checked.
Progress: 4420344800 states checked.
Progress: 4423209534 states checked.
Progress: 4426033897 states checked.
Progress: 4428865288 states checked.
Progress: 4431710533 states checked.
Progress: 4434556286 states checked.
Progress: 4437408845 states checked.
Progress: 4440272046 states checked.
Progress: 4443113820 states checked.
Progress: 4445963256 states checked.
Progress: 4448793992 states checked.
Progress: 4451664361 states checked.
Progress: 4454525804 states checked.
Progress: 4457366781 states checked.
Progress: 4460191182 states checked.
Progress: 4463002796 states checked.
Progress: 4465872100 states checked.
Progress: 4468770273 states checked.
Progress: 4471627937 states checked.
Progress: 4474480479 states checked.
Progress: 4477327842 states checked.
Progress: 4480192206 states checked.
Progress: 4483027132 states checked.
Progress: 4485869967 states checked.
Progress: 4488730967 states checked.
Progress: 4491547227 states checked.
Progress: 4494415392 states checked.
Progress: 4497290996 states checked.
Progress: 4500165094 states checked.
Progress: 4503005768 states checked.
Progress: 4505838637 states checked.
Progress: 4508702638 states checked.
Progress: 4511553759 states checked.
Progress: 4514443535 states checked.
Progress: 4517328899 states checked.
Progress: 4520201156 states checked.
Progress: 4523070144 states checked.
Progress: 4525904365 states checked.
Progress: 4528741437 states checked.
Progress: 4531594610 states checked.
Progress: 4534442194 states checked.
Progress: 4537256951 states checked.
Progress: 4540116162 states checked.
Progress: 4542972844 states checked.
Progress: 4545819991 states checked.
Progress: 4548679060 states checked.
Progress: 4551514364 states checked.
Progress: 4554348184 states checked.
Progress: 4557182461 states checked.
Progress: 4560042077 states checked.
Progress: 4562870970 states checked.
Progress: 4565735405 states checked.
Progress: 4568534757 states checked.
Progress: 4571370747 states checked.
Progress: 4574214659 states checked.
Progress: 4577093916 states checked.
Progress: 4579925011 states checked.
Progress: 4582801639 states checked.
Progress: 4585654800 states checked.
Progress: 4588503118 states checked.
Progress: 4591348293 states checked.
Progress: 4594207181 states checked.
Progress: 4597067320 states checked.
Progress: 4599918228 states checked.
Progress: 4602775263 states checked.
Progress: 4605620830 states checked.
Progress: 4608490126 states checked.
Progress: 4611317861 states checked.
Progress: 4614178963 states checked.
Progress: 4617025573 states checked.
Progress: 4619894594 states checked.
Progress: 4622754326 states checked.
Progress: 4625584880 states checked.
Progress: 4628446537 states checked.
Progress: 4631291945 states checked.
Progress: 4634130621 states checked.
Progress: 4636970685 states checked.
Progress: 4639831601 states checked.
Progress: 4642641614 states checked.
Progress: 4645500275 states checked.
Progress: 4648334065 states checked.
Progress: 4651173461 states checked.
Progress: 4654026728 states checked.
Progress: 4656873900 states checked.
Progress: 4659732388 states checked.
Progress: 4662577434 states checked.
Progress: 4665402101 states checked.
Progress: 4668219917 states checked.
Progress: 4671095617 states checked.
Progress: 4673974004 states checked.
Progress: 4676833510 states checked.
Progress: 4679692395 states checked.
Progress: 4682525808 states checked.
Progress: 4685338506 states checked.
Progress: 4688198448 states checked.
Progress: 4691058382 states checked.
Progress: 4693913259 states checked.
Progress: 4696796092 states checked.
Progress: 4699647886 states checked.
Progress: 4702503976 states checked.
Progress: 4705345930 states checked.
Progress: 4708213460 states checked.
Progress: 4711057011 states checked.
Progress: 4713925201 states checked.
Progress: 4716813592 states checked.
Progress: 4719670217 states checked.
Progress: 4722524966 states checked.
Progress: 4725379132 states checked.
Progress: 4728219895 states checked.
Progress: 4731078228 states checked.
Progress: 4733936808 states checked.
Progress: 4736788402 states checked.
Progress: 4739605885 states checked.
Progress: 4742453940 states checked.
Progress: 4745302018 states checked.
Progress: 4748163933 states checked.
Progress: 4751018424 states checked.
Progress: 4753874008 states checked.
Progress: 4756710445 states checked.
Progress: 4759585118 states checked.
Progress: 4762448452 states checked.
Progress: 4765301220 states checked.
Progress: 4768134770 states checked.
Progress: 4770969663 states checked.
Progress: 4773814589 states checked.
Progress: 4776642466 states checked.
Progress: 4779507955 states checked.
Progress: 4782387447 states checked.
Progress: 4785277025 states checked.
Progress: 4788090843 states checked.
Progress: 4790918825 states checked.
Progress: 4793767143 states checked.
Progress: 4796617104 states checked.
Progress: 4799471041 states checked.
Progress: 4802320076 states checked.
Progress: 4805178438 states checked.
Progress: 4808017522 states checked.
Progress: 4810859562 states checked.
Progress: 4813714735 states checked.
Progress: 4816540902 states checked.
Progress: 4819366216 states checked.
Progress: 4822217433 states checked.
Progress: 4825058849 states checked.
Progress: 4827881988 states checked.
Progress: 4830739294 states checked.
Progress: 4833581123 states checked.
Progress: 4836374692 states checked.
Progress: 4839219371 states checked.
Progress: 4842067814 states checked.
Progress: 4844926954 states checked.
Progress: 4847801593 states checked.
Progress: 4850640449 states checked.
Progress: 4853500654 states checked.
Progress: 4856343242 states checked.
Progress: 4859195426 states checked.
Progress: 4862050282 states checked.
Progress: 4864909159 states checked.
Progress: 4867758094 states checked.
Progress: 4870566934 states checked.
Progress: 4873393137 states checked.
Progress: 4876217519 states checked.
Progress: 4879080324 states checked.
Progress: 4881924716 states checked.
Progress: 4884779910 states checked.
Progress: 4887631298 states checked.
Progress: 4890469832 states checked.
Progress: 4893323825 states checked.
Progress: 4896178955 states checked.
Progress: 4899015435 states checked.
Progress: 4901806290 states checked.
Progress: 4904630945 states checked.
Progress: 4907501432 states checked.
Progress: 4910362471 states checked.
Progress: 4913221983 states checked.
Progress: 4916027526 states checked.
Progress: 4918833591 states checked.
Progress: 4921660316 states checked.
Progress: 4924510949 states checked.
Progress: 4927362621 states checked.
Progress: 4930215510 states checked.
Progress: 4933085316 states checked.
Progress: 4935915835 states checked.
Progress: 4938743414 states checked.
Progress: 4941598276 states checked.
Progress: 4944505609 states checked.
Progress: 4947357121 states checked.
Progress: 4950217579 states checked.
Progress: 4953071109 states checked.
Progress: 4955897772 states checked.
Progress: 4958743319 states checked.
Progress: 4961599798 states checked.
Progress: 4964456956 states checked.
Progress: 4967323380 states checked.
Progress: 4970139790 states checked.
Progress: 4973010225 states checked.
Progress: 4975804022 states checked.
Progress: 4978618016 states checked.
Progress: 4981462240 states checked.
Progress: 4984303006 states checked.
Progress: 4987115281 states checked.
Progress: 4989970454 states checked.
Progress: 4992796975 states checked.
Progress: 4995629534 states checked.
Progress: 4998488714 states checked.
Progress: 5001344456 states checked.
Progress: 5004204408 states checked.
Progress: 5007072604 states checked.
Progress: 5009990078 states checked.
Progress: 5012884884 states checked.
Progress: 5015828293 states checked.
Progress: 5018858545 states checked.
Progress: 5021937163 states checked.
Progress: 5025023202 states checked.
Progress: 5028103971 states checked.
Progress: 5031198447 states checked.
Progress: 5034299129 states checked.
Progress: 5037410827 states checked.
Progress: 5040508021 states checked.
Progress: 5043608434 states checked.
Progress: 5046705381 states checked.
Progress: 5049808099 states checked.
Progress: 5052899025 states checked.
Progress: 5056002324 states checked.
Progress: 5059106655 states checked.
Progress: 5062205984 states checked.
Progress: 5065310826 states checked.
Progress: 5068401718 states checked.
Progress: 5071497672 states checked.
Progress: 5074603804 states checked.
Progress: 5077706619 states checked.
Progress: 5080804340 states checked.
Progress: 5083913941 states checked.
Progress: 5087005129 states checked.
Progress: 5090111312 states checked.
Progress: 5093195292 states checked.
Progress: 5096299913 states checked.
Progress: 5099387835 states checked.
Progress: 5102495617 states checked.
Progress: 5105605750 states checked.
Progress: 5108710407 states checked.
Progress: 5111815180 states checked.
Progress: 5114911159 states checked.
Progress: 5118008942 states checked.
Progress: 5121109601 states checked.
Progress: 5124211102 states checked.
Progress: 5127317435 states checked.
Progress: 5130417883 states checked.
Progress: 5133522037 states checked.
Progress: 5136636639 states checked.
Progress: 5139744008 states checked.
Progress: 5142846905 states checked.
Progress: 5145945160 states checked.
Progress: 5149037392 states checked.
Progress: 5152151961 states checked.
Progress: 5155254724 states checked.
Progress: 5158355515 states checked.
Progress: 5161453387 states checked.
Progress: 5164563985 states checked.
Progress: 5167683934 states checked.
Progress: 5170783288 states checked.
Progress: 5173892302 states checked.
Progress: 5177002550 states checked.
Progress: 5180103619 states checked.
Progress: 5183203768 states checked.
Progress: 5186307361 states checked.
Progress: 5189414125 states checked.
Progress: 5192511391 states checked.
Progress: 5195607899 states checked.
Progress: 5198711301 states checked.
Progress: 5201813987 states checked.
Progress: 5204934711 states checked.
Progress: 5208040326 states checked.
Progress: 5211148552 states checked.
Progress: 5214257183 states checked.
Progress: 5217342854 states checked.
Progress: 5220452996 states checked.
Progress: 5223542868 states checked.
Progress: 5226641117 states checked.
Progress: 5229747899 states checked.
Progress: 5232844333 states checked.
Progress: 5235939717 states checked.
Progress: 5239034436 states checked.
Progress: 5242139678 states checked.
Progress: 5245237139 states checked.
Progress: 5248343564 states checked.
Progress: 5251458800 states checked.
Progress: 5254568825 states checked.
Progress: 5257665489 states checked.
Progress: 5260757184 states checked.
Progress: 5263875523 states checked.
Progress: 5266976242 states checked.
Progress: 5270085551 states checked.
Progress: 5273185356 states checked.
Progress: 5276291591 states checked.
Progress: 5279396438 states checked.
Progress: 5282508583 states checked.
Progress: 5285615150 states checked.
Progress: 5288709075 states checked.
Progress: 5291808673 states checked.
Progress: 5294920959 states checked.
Progress: 5298018923 states checked.
Progress: 5301117472 states checked.
Progress: 5304211559 states checked.
Progress: 5307318825 states checked.
Progress: 5310433684 states checked.
Progress: 5313536422 states checked.
Progress: 5316645813 states checked.
Progress: 5319751632 states checked.
Progress: 5322837322 states checked.
Progress: 5325934420 states checked.
Progress: 5329030441 states checked.
Progress: 5332124233 states checked.
Progress: 5335220431 states checked.
Progress: 5338325314 states checked.
Progress: 5341432619 states checked.
Progress: 5344533849 states checked.
Progress: 5347644685 states checked.
Progress: 5350747861 states checked.
Progress: 5353853137 states checked.
Progress: 5356963963 states checked.
Progress: 5360063781 states checked.
Progress: 5363169948 states checked.
Progress: 5366269476 states checked.
Progress: 5369358085 states checked.
Progress: 5372458368 states checked.
Progress: 5375560705 states checked.
Progress: 5378653472 states checked.
Progress: 5381762087 states checked.
Progress: 5384878329 states checked.
Progress: 5387988942 states checked.
Progress: 5391092971 states checked.
Progress: 5394197280 states checked.
Progress: 5397312443 states checked.
Progress: 5400407117 states checked.
Progress: 5403510789 states checked.
Progress: 5406617111 states checked.
Progress: 5409714304 states checked.
Progress: 5412805823 states checked.
Progress: 5415923255 states checked.
Progress: 5419027130 states checked.
Progress: 5422128336 states checked.
Progress: 5425236752 states checked.
Progress: 5428341977 states checked.
Progress: 5431455218 states checked.
Progress: 5434575561 states checked.
Progress: 5437661945 states checked.
Progress: 5440781155 states checked.
Progress: 5443886392 states checked.
Progress: 5446989331 states checked.
Progress: 5450096341 states checked.
Progress: 5453200639 states checked.
Progress: 5456308756 states checked.
Progress: 5459412514 states checked.
Progress: 5462515677 states checked.
Progress: 5465621975 states checked.
Progress: 5468724084 states checked.
Progress: 5471831398 states checked.
Progress: 5474930077 states checked.
Progress: 5478030355 states checked.
Progress: 5481134283 states checked.
Progress: 5484230780 states checked.
Progress: 5487347631 states checked.
Progress: 5490465958 states checked.
Progress: 5493586368 states checked.
Progress: 5496689818 states checked.
Progress: 5499804130 states checked.
Progress: 5502913620 states checked.
Progress: 5506021593 states checked.
Progress: 5509137437 states checked.
Progress: 5512256057 states checked.
Progress: 5515371949 states checked.
Progress: 5518479626 states checked.
Progress: 5521585987 states checked.
Progress: 5524682638 states checked.
Progress: 5527789710 states checked.
Progress: 5530894708 states checked.
Progress: 5533994860 states checked.
Progress: 5537106818 states checked.
Progress: 5540204757 states checked.
Progress: 5543299550 states checked.
Progress: 5546426235 states checked.
Progress: 5549540656 states checked.
Progress: 5552644489 states checked.
Progress: 5555751645 states checked.
Progress: 5558847010 states checked.
Progress: 5561956995 states checked.
Progress: 5565078180 states checked.
Progress: 5568190957 states checked.
Progress: 5571290664 states checked.
Progress: 5574396531 states checked.
Progress: 5577506095 states checked.
Progress: 5580618481 states checked.
Progress: 5583732390 states checked.
Progress: 5586847106 states checked.
Progress: 5589947326 states checked.
Progress: 5593062953 states checked.
Progress: 5596162040 states checked.
Progress: 5599270079 states checked.
Progress: 5602382771 states checked.
Progress: 5605486090 states checked.
Progress: 5608581463 states checked.
Progress: 5611696137 states checked.
Progress: 5614792538 states checked.
Progress: 5617897816 states checked.
Progress: 5620996603 states checked.
Progress: 5624094017 states checked.
Progress: 5627203565 states checked.
Progress: 5630315979 states checked.
Progress: 5633412195 states checked.
Progress: 5636534429 states checked.
Progress: 5639649564 states checked.
Progress: 5642756572 states checked.
Progress: 5645857172 states checked.
Progress: 5648966115 states checked.
Progress: 5652081195 states checked.
Progress: 5655185503 states checked.
Progress: 5658289762 states checked.
Progress: 5661406694 states checked.
Progress: 5664506984 states checked.
Progress: 5667616783 states checked.
Progress: 5670727524 states checked.
Progress: 5673830577 states checked.
Progress: 5676938063 states checked.
Progress: 5680053316 states checked.
Progress: 5683173448 states checked.
Progress: 5686270036 states checked.
Progress: 5689374068 states checked.
Progress: 5692481889 states checked.
Progress: 5695589405 states checked.
Progress: 5698691694 states checked.
Progress: 5701790892 states checked.
Progress: 5704895436 states checked.
Progress: 5708003875 states checked.
Progress: 5711101221 states checked.
Progress: 5714187212 states checked.
Progress: 5717289492 states checked.
Progress: 5720404591 states checked.
Progress: 5723505894 states checked.
Progress: 5726622308 states checked.
Progress: 5729727706 states checked.
Progress: 5732826353 states checked.
Progress: 5735930967 states checked.
Progress: 5739053912 states checked.
Progress: 5742141173 states checked.
Progress: 5745239246 states checked.
Progress: 5748338159 states checked.
Progress: 5751434230 states checked.
Progress: 5754540757 states checked.
Progress: 5757638698 states checked.
Progress: 5760754266 states checked.
Progress: 5763872431 states checked.
Progress: 5766985159 states checked.
Progress: 5770089912 states checked.
Progress: 5773190206 states checked.
Progress: 5776298463 states checked.
Progress: 5779410405 states checked.
Progress: 5782524325 states checked.
Progress: 5785624679 states checked.
Progress: 5788744723 states checked.
Progress: 5791852290 states checked.
Progress: 5794956570 states checked.
Progress: 5798042200 states checked.
Progress: 5801151014 states checked.
Progress: 5804258468 states checked.
Progress: 5807367383 states checked.
Progress: 5810480644 states checked.
Progress: 5813588016 states checked.
Progress: 5816711400 states checked.
Progress: 5819830625 states checked.
Progress: 5822939127 states checked.
Progress: 5826037379 states checked.
Progress: 5829152750 states checked.
Progress: 5832261377 states checked.
Progress: 5835358170 states checked.
Progress: 5838464784 states checked.
Progress: 5841570777 states checked.
Progress: 5844690592 states checked.
Progress: 5847804741 states checked.
Progress: 5850918711 states checked.
Progress: 5854031631 states checked.
Progress: 5857146725 states checked.
Progress: 5860239788 states checked.
Progress: 5863347007 states checked.
Progress: 5866464554 states checked.
Progress: 5869583085 states checked.
Progress: 5872693275 states checked.
Progress: 5875799729 states checked.
Progress: 5878909979 states checked.
Progress: 5882016650 states checked.
Progress: 5885110320 states checked.
Progress: 5888211462 states checked.
Progress: 5891323143 states checked.
Progress: 5894429518 states checked.
Progress: 5897528318 states checked.
Progress: 5900620589 states checked.
Progress: 5903729868 states checked.
Progress: 5906829177 states checked.
Progress: 5909937131 states checked.
Progress: 5913038984 states checked.
Progress: 5916149592 states checked.
Progress: 5919249449 states checked.
Progress: 5922359418 states checked.
Progress: 5925474941 states checked.
Progress: 5928582666 states checked.
Progress: 5931685465 states checked.
Progress: 5934783400 states checked.
Progress: 5937895155 states checked.
Progress: 5940995824 states checked.
Progress: 5944107182 states checked.
Progress: 5947215106 states checked.
Progress: 5950318641 states checked.
Progress: 5953413204 states checked.
Progress: 5956507266 states checked.
Progress: 5959616333 states checked.
Progress: 5962699600 states checked.
Progress: 5965794955 states checked.
Progress: 5968897644 states checked.
Progress: 5972008203 states checked.
Progress: 5975119860 states checked.
Progress: 5978228468 states checked.
Progress: 5981314862 states checked.
Progress: 5984415525 states checked.
Progress: 5987511158 states checked.
Progress: 5990611286 states checked.
Progress: 5993720703 states checked.
Progress: 5996833858 states checked.
Progress: 5999930374 states checked.
Progress: 6003033501 states checked.
Progress: 6006140122 states checked.
Progress: 6009245381 states checked.
Progress: 6012349388 states checked.
Progress: 6015451620 states checked.
Progress: 6018556664 states checked.
Progress: 6021660636 states checked.
Progress: 6024755514 states checked.
Progress: 6027859758 states checked.
Progress: 6030953910 states checked.
Progress: 6034063511 states checked.
Progress: 6037169520 states checked.
Progress: 6040264048 states checked.
Progress: 6043377778 states checked.
Progress: 6046495247 states checked.
Progress: 6049603473 states checked.
Progress: 6052713029 states checked.
Progress: 6055814458 states checked.
Progress: 6058914833 states checked.
Progress: 6062027712 states checked.
Progress: 6065130244 states checked.
Progress: 6068226144 states checked.
Progress: 6071336142 states checked.
Progress: 6074434273 states checked.
Progress: 6077526186 states checked.
Progress: 6080624796 states checked.
Progress: 6083733850 states checked.
Progress: 6086837690 states checked.
Progress: 6089945179 states checked.
Progress: 6093043341 states checked.
Progress: 6096156941 states checked.
Progress: 6099260068 states checked.
Progress: 6102378190 states checked.
Progress: 6105472660 states checked.
Progress: 6108580610 states checked.
Progress: 6111681695 states checked.
Progress: 6114802892 states checked.
Progress: 6117902482 states checked.
Progress: 6121010407 states checked.
Progress: 6124115697 states checked.
Progress: 6127225131 states checked.
Progress: 6130322602 states checked.
Progress: 6133417922 states checked.
Progress: 6136522047 states checked.
Progress: 6139621038 states checked.
Progress: 6142727217 states checked.
Progress: 6145832145 states checked.
Progress: 6148937404 states checked.
Progress: 6152040099 states checked.
Progress: 6155133451 states checked.
Progress: 6158231069 states checked.
Progress: 6161344060 states checked.
Progress: 6164444024 states checked.
Progress: 6167544137 states checked.
Progress: 6170636718 states checked.
Progress: 6173732523 states checked.
Progress: 6176837668 states checked.
Progress: 6179940379 states checked.
Progress: 6183040523 states checked.
Progress: 6186129512 states checked.
Progress: 6189226213 states checked.
Progress: 6192325120 states checked.
Progress: 6195429258 states checked.
Progress: 6198539283 states checked.
Progress: 6201652608 states checked.
Progress: 6204753500 states checked.
Progress: 6207853990 states checked.
Progress: 6210967695 states checked.
Progress: 6214083451 states checked.
Progress: 6217177895 states checked.
Progress: 6220277898 states checked.
Progress: 6223373178 states checked.
Progress: 6226477786 states checked.
Progress: 6229593979 states checked.
Progress: 6232698627 states checked.
Progress: 6235803751 states checked.
Progress: 6238911464 states checked.
Progress: 6242033103 states checked.
Progress: 6245126062 states checked.
Progress: 6248226695 states checked.
Progress: 6251339658 states checked.
Progress: 6254420275 states checked.
Progress: 6257528182 states checked.
Progress: 6260627252 states checked.
Progress: 6263746269 states checked.
Progress: 6266853433 states checked.
Progress: 6269948312 states checked.
Progress: 6273054735 states checked.
Progress: 6276165151 states checked.
Progress: 6279268326 states checked.
Progress: 6282376078 states checked.
Progress: 6285486087 states checked.
Progress: 6288580172 states checked.
Progress: 6291684968 states checked.
Progress: 6294799360 states checked.
Progress: 6297905569 states checked.
Progress: 6301018964 states checked.
Progress: 6304116269 states checked.
Progress: 6307211077 states checked.
Progress: 6310323029 states checked.
Progress: 6313441552 states checked.
Progress: 6316545382 states checked.
Progress: 6319659830 states checked.
Progress: 6322760161 states checked.
Progress: 6325860136 states checked.
Progress: 6328962176 states checked.
Progress: 6332074120 states checked.
Progress: 6335185581 states checked.
Progress: 6338292026 states checked.
Progress: 6341403186 states checked.
Progress: 6344499257 states checked.
Progress: 6347603124 states checked.
Progress: 6350712458 states checked.
Progress: 6353838966 states checked.
Progress: 6356947315 states checked.
Progress: 6360061289 states checked.
Progress: 6363154868 states checked.
Progress: 6366270728 states checked.
Progress: 6369379099 states checked.
Progress: 6372482375 states checked.
Progress: 6375559817 states checked.
Progress: 6378667647 states checked.
Progress: 6381761130 states checked.
Progress: 6384872740 states checked.
Progress: 6387980688 states checked.
Progress: 6391077848 states checked.
Progress: 6394180632 states checked.
Progress: 6397305815 states checked.
Progress: 6400423834 states checked.
Progress: 6403537648 states checked.
Progress: 6406646518 states checked.
Progress: 6409752574 states checked.
Progress: 6412847514 states checked.
Progress: 6415931347 states checked.
Progress: 6419025017 states checked.
Progress: 6422135962 states checked.
Progress: 6425249962 states checked.
Progress: 6428351926 states checked.
Progress: 6431463098 states checked.
Progress: 6434576814 states checked.
Progress: 6437687983 states checked.
Progress: 6440793249 states checked.
Progress: 6443901282 states checked.
Progress: 6447008148 states checked.
Progress: 6450138126 states checked.
Progress: 6453253373 states checked.
Progress: 6456356221 states checked.
Progress: 6459473552 states checked.
Progress: 6462577539 states checked.
Progress: 6465697415 states checked.
Progress: 6468812627 states checked.
Progress: 6471928630 states checked.
Progress: 6475037737 states checked.
Progress: 6478146335 states checked.
Progress: 6481249347 states checked.
Progress: 6484368398 states checked.
Progress: 6487473257 states checked.
Progress: 6490581488 states checked.
Progress: 6493691927 states checked.
Progress: 6496797564 states checked.
Progress: 6499900301 states checked.
Progress: 6503019192 states checked.
Progress: 6506137532 states checked.
Progress: 6509238555 states checked.
Progress: 6512341946 states checked.
Progress: 6515438034 states checked.
Progress: 6518554672 states checked.
Progress: 6521668275 states checked.
Progress: 6524782586 states checked.
Progress: 6527881667 states checked.
Progress: 6530996127 states checked.
Progress: 6534111478 states checked.
Progress: 6537220057 states checked.
Progress: 6540320043 states checked.
Progress: 6543413485 states checked.
Progress: 6546517424 states checked.
Progress: 6549625115 states checked.
Progress: 6552726643 states checked.
Progress: 6555828931 states checked.
Progress: 6558940037 states checked.
Progress: 6562047516 states checked.
Progress: 6565163905 states checked.
Progress: 6568281705 states checked.
Progress: 6571399667 states checked.
Progress: 6574498236 states checked.
Progress: 6577597552 states checked.
Progress: 6580714467 states checked.
Progress: 6583826946 states checked.
Progress: 6586939220 states checked.
Progress: 6590042616 states checked.
Progress: 6593156679 states checked.
Progress: 6596250906 states checked.
Progress: 6599343602 states checked.
Progress: 6602456192 states checked.
Progress: 6605564905 states checked.
Progress: 6608668987 states checked.
Progress: 6611779103 states checked.
Progress: 6614874607 states checked.
Progress: 6617973974 states checked.
Progress: 6621080531 states checked.
Progress: 6624177046 states checked.
Progress: 6627266728 states checked.
Progress: 6630374856 states checked.
Progress: 6633472546 states checked.
Progress: 6636574151 states checked.
Progress: 6639668047 states checked.
Progress: 6642766597 states checked.
Progress: 6645869917 states checked.
Progress: 6648973087 states checked.
Progress: 6652083060 states checked.
Progress: 6655192274 states checked.
Progress: 6658295898 states checked.
Progress: 6661409967 states checked.
Progress: 6664511907 states checked.
Progress: 6667614385 states checked.
Progress: 6670735125 states checked.
Progress: 6673836064 states checked.
Progress: 6676923601 states checked.
Progress: 6680032925 states checked.
Progress: 6683133760 states checked.
Progress: 6686236200 states checked.
Progress: 6689352704 states checked.
Progress: 6692464019 states checked.
Progress: 6695574400 states checked.
Progress: 6698676100 states checked.
Progress: 6701788685 states checked.
Progress: 6704897813 states checked.
Progress: 6708008042 states checked.
Progress: 6711116293 states checked.
Progress: 6714213443 states checked.
Progress: 6717314501 states checked.
Progress: 6720423549 states checked.
Progress: 6723523930 states checked.
Progress: 6726625908 states checked.
Progress: 6729719218 states checked.
Progress: 6732816293 states checked.
Progress: 6735914138 states checked.
Progress: 6739025397 states checked.
Progress: 6742134414 states checked.
Progress: 6745255371 states checked.
Progress: 6748357197 states checked.
Progress: 6751449377 states checked.
Progress: 6754551098 states checked.
Progress: 6757654637 states checked.
Progress: 6760753401 states checked.
Progress: 6763863023 states checked.
Progress: 6766958680 states checked.
Progress: 6770059966 states checked.
Progress: 6773164944 states checked.
Progress: 6776259123 states checked.
Progress: 6779370343 states checked.
Progress: 6782481585 states checked.
Progress: 6785593292 states checked.
Progress: 6788702197 states checked.
Progress: 6791806181 states checked.
Progress: 6794912547 states checked.
Progress: 6798015488 states checked.
Progress: 6801119022 states checked.
Progress: 6804229994 states checked.
Progress: 6807339197 states checked.
Progress: 6810449665 states checked.
Progress: 6813562752 states checked.
Progress: 6816665188 states checked.
Progress: 6819778862 states checked.
Progress: 6822889862 states checked.
Progress: 6826005632 states checked.
Progress: 6829109576 states checked.
Progress: 6832206066 states checked.
Progress: 6835305286 states checked.
Progress: 6838405099 states checked.
Progress: 6841508364 states checked.
Progress: 6844618770 states checked.
Progress: 6847727229 states checked.
Progress: 6850830859 states checked.
Progress: 6853940353 states checked.
Progress: 6857043491 states checked.
Progress: 6860152233 states checked.
Progress: 6863252159 states checked.
Progress: 6866354174 states checked.
Progress: 6869452629 states checked.
Progress: 6872553796 states checked.
Progress: 6875670346 states checked.
Progress: 6878783511 states checked.
Progress: 6881897029 states checked.
Progress: 6885004156 states checked.
Progress: 6888108571 states checked.
Progress: 6891208985 states checked.
Progress: 6894318681 states checked.
Progress: 6897431999 states checked.
Progress: 6900543090 states checked.
Progress: 6903647812 states checked.
Progress: 6906758313 states checked.
Progress: 6909882051 states checked.
Progress: 6912983420 states checked.
Progress: 6916096522 states checked.
Progress: 6919194209 states checked.
Progress: 6922296811 states checked.
Progress: 6925394986 states checked.
Progress: 6928506807 states checked.
Progress: 6931610284 states checked.
Progress: 6934709861 states checked.
Progress: 6937792529 states checked.
Progress: 6940885285 states checked.
Progress: 6943976023 states checked.
Progress: 6947068216 states checked.
Progress: 6950154669 states checked.
Progress: 6953242520 states checked.
Progress: 6956340679 states checked.
Progress: 6959431677 states checked.
Progress: 6962534989 states checked.
Progress: 6965630059 states checked.
Progress: 6968741293 states checked.
Progress: 6971842117 states checked.
Progress: 6974935208 states checked.
Progress: 6978041444 states checked.
Progress: 6981145011 states checked.
Progress: 6984237645 states checked.
Progress: 6987333620 states checked.
Progress: 6990419774 states checked.
Progress: 6993513013 states checked.
Progress: 6996599754 states checked.
Progress: 6999692051 states checked.
Progress: 7002777553 states checked.
Progress: 7005884091 states checked.
Progress: 7008975347 states checked.
Progress: 7012064093 states checked.
Progress: 7015163661 states checked.
Progress: 7018271352 states checked.
Progress: 7021361019 states checked.
Progress: 7024455906 states checked.
Progress: 7027561430 states checked.
Progress: 7030663379 states checked.
Progress: 7033752201 states checked.
Progress: 7036861021 states checked.
Progress: 7039967375 states checked.
Progress: 7043073026 states checked.
Progress: 7046176595 states checked.
Progress: 7049271309 states checked.
Progress: 7052358452 states checked.
Progress: 7055453530 states checked.
Progress: 7058565259 states checked.
Progress: 7061674221 states checked.
Progress: 7064783200 states checked.
Progress: 7067871160 states checked.
Progress: 7070969403 states checked.
Progress: 7074070857 states checked.
Progress: 7077165341 states checked.
Progress: 7080256527 states checked.
Progress: 7083347593 states checked.
Progress: 7086430994 states checked.
Progress: 7089508658 states checked.
Progress: 7092615094 states checked.
Progress: 7095715873 states checked.
Progress: 7098814060 states checked.
Progress: 7101917874 states checked.
Progress: 7105013341 states checked.
Progress: 7108097795 states checked.
Progress: 7111192431 states checked.
Progress: 7114286227 states checked.
Progress: 7117381107 states checked.
Progress: 7120474118 states checked.
Progress: 7123569216 states checked.
Progress: 7126664066 states checked.
Progress: 7129761264 states checked.
Progress: 7132846730 states checked.
Progress: 7135942846 states checked.
Progress: 7139041202 states checked.
Progress: 7142129116 states checked.
Progress: 7145213820 states checked.
Progress: 7148309497 states checked.
Progress: 7151408156 states checked.
Progress: 7154515052 states checked.
Progress: 7157611497 states checked.
Progress: 7160698145 states checked.
Progress: 7163795682 states checked.
Progress: 7166898316 states checked.
Progress: 7170003396 states checked.
Progress: 7173090314 states checked.
Progress: 7176194355 states checked.
Progress: 7179283986 states checked.
Progress: 7182371111 states checked.
Progress: 7185462573 states checked.
Progress: 7188563137 states checked.
Progress: 7191655485 states checked.
Progress: 7194758333 states checked.
Progress: 7197857609 states checked.
Progress: 7200940596 states checked.
Progress: 7204016241 states checked.
Progress: 7207106559 states checked.
Progress: 7210197012 states checked.
Progress: 7213304771 states checked.
Progress: 7216410915 states checked.
Progress: 7219512158 states checked.
Progress: 7222621236 states checked.
Progress: 7225713564 states checked.
Progress: 7228815546 states checked.
Progress: 7231920198 states checked.
Progress: 7235021325 states checked.
Progress: 7238135050 states checked.
Progress: 7241246990 states checked.
Progress: 7244351167 states checked.
Progress: 7247468752 states checked.
Progress: 7250573230 states checked.
Progress: 7253681758 states checked.
Progress: 7256777594 states checked.
Progress: 7259880515 states checked.
Progress: 7262978674 states checked.
Progress: 7266082116 states checked.
Progress: 7269168917 states checked.
Progress: 7272271726 states checked.
Progress: 7275361166 states checked.
Progress: 7278445080 states checked.
Progress: 7281534292 states checked.
Progress: 7284644298 states checked.
Progress: 7287730266 states checked.
Progress: 7290812345 states checked.
Progress: 7293903593 states checked.
Progress: 7297012507 states checked.
Progress: 7300115051 states checked.
Progress: 7303219285 states checked.
Progress: 7306308752 states checked.
Progress: 7309418794 states checked.
Progress: 7312525214 states checked.
Progress: 7315623939 states checked.
Progress: 7318719862 states checked.
Progress: 7321818597 states checked.
Progress: 7324923079 states checked.
Progress: 7328011368 states checked.
Progress: 7331103001 states checked.
Progress: 7334188870 states checked.
Progress: 7337288896 states checked.
Progress: 7340400252 states checked.
Progress: 7343490655 states checked.
Progress: 7346589965 states checked.
Progress: 7349682017 states checked.
Progress: 7352800165 states checked.
Progress: 7355900252 states checked.
Progress: 7358995169 states checked.
Progress: 7362102568 states checked.
Progress: 7365211387 states checked.
Progress: 7368317602 states checked.
Progress: 7371420271 states checked.
Progress: 7374523539 states checked.
Progress: 7377617303 states checked.
Progress: 7380718080 states checked.
Progress: 7383815121 states checked.
Progress: 7386904498 states checked.
Progress: 7390003044 states checked.
Progress: 7393098336 states checked.
Progress: 7396191969 states checked.
Progress: 7399286411 states checked.
Progress: 7402378093 states checked.
Progress: 7405472854 states checked.
Progress: 7408560671 states checked.
Progress: 7411661778 states checked.
Progress: 7414752242 states checked.
Progress: 7417856546 states checked.
Progress: 7420956740 states checked.
Progress: 7424066015 states checked.
Progress: 7427165185 states checked.
Progress: 7430269885 states checked.
Progress: 7433376708 states checked.
Progress: 7436484033 states checked.
Progress: 7439570126 states checked.
Progress: 7442672342 states checked.
Progress: 7445777678 states checked.
Progress: 7448873579 states checked.
Progress: 7451970868 states checked.
Progress: 7455079984 states checked.
Progress: 7458166861 states checked.
Progress: 7461269532 states checked.
Progress: 7464368784 states checked.
Progress: 7467462433 states checked.
Progress: 7470569352 states checked.
Progress: 7473663444 states checked.
Progress: 7476765310 states checked.
Progress: 7479866699 states checked.
Progress: 7482967276 states checked.
Progress: 7486067628 states checked.
Progress: 7489187516 states checked.
Progress: 7492294743 states checked.
Progress: 7495411849 states checked.
Progress: 7498526795 states checked.
Progress: 7501645552 states checked.
Progress: 7504766347 states checked.
Progress: 7507879839 states checked.
Progress: 7510994874 states checked.
Progress: 7514112430 states checked.
Progress: 7517234779 states checked.
Progress: 7520343532 states checked.
Progress: 7523461015 states checked.
Progress: 7526564800 states checked.
Progress: 7529681561 states checked.
Progress: 7532782025 states checked.
Progress: 7535909392 states checked.
Progress: 7539020505 states checked.
Progress: 7542139830 states checked.
Progress: 7545257884 states checked.
Progress: 7548372390 states checked.
Progress: 7551486364 states checked.
Progress: 7554606628 states checked.
Progress: 7557722396 states checked.
Progress: 7560840286 states checked.
Progress: 7563956894 states checked.
Progress: 7567079199 states checked.
Progress: 7570193427 states checked.
Progress: 7573309499 states checked.
Progress: 7576416596 states checked.
Progress: 7579530028 states checked.
Progress: 7582645928 states checked.
Progress: 7585756625 states checked.
Progress: 7588860386 states checked.
Progress: 7591972744 states checked.
Progress: 7595084999 states checked.
Progress: 7598198473 states checked.
Progress: 7601316805 states checked.
Progress: 7604424503 states checked.
Progress: 7607536174 states checked.
Progress: 7610662491 states checked.
Progress: 7613780342 states checked.
Progress: 7616895622 states checked.
Progress: 7620004454 states checked.
Progress: 7623122839 states checked.
Progress: 7626232648 states checked.
Progress: 7629347247 states checked.
Progress: 7632458295 states checked.
Progress: 7635569079 states checked.
Progress: 7638679576 states checked.
Progress: 7641779348 states checked.
Progress: 7644897748 states checked.
Progress: 7648012102 states checked.
Progress: 7651117505 states checked.
Progress: 7654224102 states checked.
Progress: 7657346587 states checked.
Progress: 7660454695 states checked.
Progress: 7663567981 states checked.
Progress: 7666668705 states checked.
Progress: 7669773872 states checked.
Progress: 7672879483 states checked.
Progress: 7675998110 states checked.
Progress: 7679105706 states checked.
Progress: 7682224919 states checked.
Progress: 7685331577 states checked.
Progress: 7688452363 states checked.
Progress: 7691561221 states checked.
Progress: 7694682463 states checked.
Progress: 7697799988 states checked.
Progress: 7700929779 states checked.
Progress: 7704040218 states checked.
Progress: 7707150844 states checked.
Progress: 7710272548 states checked.
Progress: 7713379868 states checked.
Progress: 7716501681 states checked.
Progress: 7719612072 states checked.
Progress: 7722718406 states checked.
Progress: 7725831829 states checked.
Progress: 7728942226 states checked.
Progress: 7732058232 states checked.
Progress: 7735183890 states checked.
Progress: 7738301013 states checked.
Progress: 7741412624 states checked.
Progress: 7744520402 states checked.
Progress: 7747634573 states checked.
Progress: 7750749749 states checked.
Progress: 7753854187 states checked.
Progress: 7756962110 states checked.
Progress: 7760078106 states checked.
Progress: 7763190690 states checked.
Progress: 7766315721 states checked.
Progress: 7769430425 states checked.
Progress: 7772550926 states checked.
Progress: 7775669342 states checked.
Progress: 7778776107 states checked.
Progress: 7781879892 states checked.
Progress: 7784992399 states checked.
Progress: 7788099619 states checked.
Progress: 7791199377 states checked.
Progress: 7794313069 states checked.
Progress: 7797427195 states checked.
Progress: 7800534319 states checked.
Progress: 7803644746 states checked.
Progress: 7806761176 states checked.
Progress: 7809879801 states checked.
Progress: 7812991357 states checked.
Progress: 7816099739 states checked.
Progress: 7819210625 states checked.
Progress: 7822334739 states checked.
Progress: 7825446203 states checked.
Progress: 7828561848 states checked.
Progress: 7831682061 states checked.
Progress: 7834798769 states checked.
Progress: 7837923345 states checked.
Progress: 7841036198 states checked.
Progress: 7844158468 states checked.
Progress: 7847277440 states checked.
Progress: 7850398380 states checked.
Progress: 7853509659 states checked.
Progress: 7856616885 states checked.
Progress: 7859724925 states checked.
Progress: 7862838178 states checked.
Progress: 7865945684 states checked.
Progress: 7869054181 states checked.
Progress: 7872171082 states checked.
Progress: 7875283310 states checked.
Progress: 7878404245 states checked.
Progress: 7881513179 states checked.
Progress: 7884633556 states checked.
Progress: 7887748953 states checked.
Progress: 7890866854 states checked.
Progress: 7893981064 states checked.
Progress: 7897103170 states checked.
Progress: 7900228789 states checked.
Progress: 7903337226 states checked.
Progress: 7906446442 states checked.
Progress: 7909560211 states checked.
Progress: 7912673789 states checked.
Progress: 7915789190 states checked.
Progress: 7918908242 states checked.
Progress: 7922026676 states checked.
Progress: 7925146611 states checked.
Progress: 7928258395 states checked.
Progress: 7931375590 states checked.
Progress: 7934483414 states checked.
Progress: 7937587975 states checked.
Progress: 7940704053 states checked.
Progress: 7943825334 states checked.
Progress: 7946941692 states checked.
Progress: 7950059092 states checked.
Progress: 7953162309 states checked.
Progress: 7956272430 states checked.
Progress: 7959396311 states checked.
Progress: 7962519112 states checked.
Progress: 7965636301 states checked.
Progress: 7968741340 states checked.
Progress: 7971854213 states checked.
Progress: 7974976878 states checked.
Progress: 7978085313 states checked.
Progress: 7981204824 states checked.
Progress: 7984318459 states checked.
Progress: 7987425837 states checked.
Progress: 7990539405 states checked.
Progress: 7993647187 states checked.
Progress: 7996760755 states checked.
Progress: 7999876987 states checked.
Progress: 8002980528 states checked.
Progress: 8006084303 states checked.
Progress: 8009197691 states checked.
Progress: 8012292218 states checked.
Progress: 8015388620 states checked.
Progress: 8018491834 states checked.
Progress: 8021589243 states checked.
Progress: 8024686520 states checked.
Progress: 8027789928 states checked.
Progress: 8030897809 states checked.
Progress: 8034003899 states checked.
Progress: 8037090448 states checked.
Progress: 8040185817 states checked.
Progress: 8043293817 states checked.
Progress: 8046387862 states checked.
Progress: 8049491804 states checked.
Progress: 8052602406 states checked.
Progress: 8055719171 states checked.
Progress: 8058828303 states checked.
Progress: 8061932010 states checked.
Progress: 8065031251 states checked.
Progress: 8068141543 states checked.
Progress: 8071258481 states checked.
Progress: 8074373613 states checked.
Progress: 8077485389 states checked.
Progress: 8080598395 states checked.
Progress: 8083712152 states checked.
Progress: 8086824393 states checked.
Progress: 8089942488 states checked.
Progress: 8093054587 states checked.
Progress: 8096157794 states checked.
Progress: 8099266793 states checked.
Progress: 8102386449 states checked.
Progress: 8105504423 states checked.
Progress: 8108615695 states checked.
Progress: 8111723814 states checked.
Progress: 8114845547 states checked.
Progress: 8117964504 states checked.
Progress: 8121080775 states checked.
Progress: 8124206267 states checked.
Progress: 8127315144 states checked.
Progress: 8130431704 states checked.
Progress: 8133550943 states checked.
Progress: 8136671034 states checked.
Progress: 8139786451 states checked.
Progress: 8142893804 states checked.
Progress: 8146002247 states checked.
Progress: 8149114130 states checked.
Progress: 8152215714 states checked.
Progress: 8155335474 states checked.
Progress: 8158449341 states checked.
Progress: 8161567718 states checked.
Progress: 8164681596 states checked.
Progress: 8167786488 states checked.
Progress: 8170892749 states checked.
Progress: 8174003916 states checked.
Progress: 8177106842 states checked.
Progress: 8180213868 states checked.
Progress: 8183315747 states checked.
Progress: 8186420832 states checked.
Progress: 8189536438 states checked.
Progress: 8192659697 states checked.
Progress: 8195776676 states checked.
Progress: 8198887993 states checked.
Progress: 8202001558 states checked.
Progress: 8205120101 states checked.
Progress: 8208243116 states checked.
Progress: 8211361149 states checked.
Progress: 8214474911 states checked.
Progress: 8217589946 states checked.
Progress: 8220697687 states checked.
Progress: 8223813882 states checked.
Progress: 8226927246 states checked.
Progress: 8230042636 states checked.
Progress: 8233150447 states checked.
Progress: 8236264953 states checked.
Progress: 8239378790 states checked.
Progress: 8242492775 states checked.
Progress: 8245605420 states checked.
Progress: 8248723935 states checked.
Progress: 8251833922 states checked.
Progress: 8254953439 states checked.
Progress: 8258070627 states checked.
Progress: 8261187817 states checked.
Progress: 8264319681 states checked.
Progress: 8267438902 states checked.
Progress: 8270544985 states checked.
Progress: 8273664295 states checked.
Progress: 8276771438 states checked.
Progress: 8279883982 states checked.
Progress: 8282990054 states checked.
Progress: 8286095547 states checked.
Progress: 8289202111 states checked.
Progress: 8292307620 states checked.
Progress: 8295417813 states checked.
Progress: 8298525985 states checked.
Progress: 8301648691 states checked.
Progress: 8304749744 states checked.
Progress: 8307856238 states checked.
Progress: 8310965801 states checked.
Progress: 8314061747 states checked.
Progress: 8317172766 states checked.
Progress: 8320276167 states checked.
Progress: 8323397728 states checked.
Progress: 8326530458 states checked.
Progress: 8329639497 states checked.
Progress: 8332756505 states checked.
Progress: 8335879007 states checked.
Progress: 8338996884 states checked.
Progress: 8342120970 states checked.
Progress: 8345235399 states checked.
Progress: 8348344053 states checked.
Progress: 8351448949 states checked.
Progress: 8354565393 states checked.
Progress: 8357676749 states checked.
Progress: 8360778663 states checked.
Progress: 8363885057 states checked.
Progress: 8367001115 states checked.
Progress: 8370102057 states checked.
Progress: 8373211810 states checked.
Progress: 8376331483 states checked.
Progress: 8379447753 states checked.
Progress: 8382566241 states checked.
Progress: 8385676457 states checked.
Progress: 8388790492 states checked.
Progress: 8391911025 states checked.
Progress: 8395027231 states checked.
Progress: 8398140257 states checked.
Progress: 8401255320 states checked.
Progress: 8404363674 states checked.
Progress: 8407468283 states checked.
Progress: 8410581270 states checked.
Progress: 8413672922 states checked.
Progress: 8416777752 states checked.
Progress: 8419886174 states checked.
Progress: 8423003421 states checked.
Progress: 8426108804 states checked.
Progress: 8429206998 states checked.
Progress: 8432324574 states checked.
Progress: 8435436620 states checked.
Progress: 8438549092 states checked.
Progress: 8441661918 states checked.
Progress: 8444779492 states checked.
Progress: 8447887951 states checked.
Progress: 8450998081 states checked.
Progress: 8454115586 states checked.
Progress: 8457240259 states checked.
Progress: 8460355283 states checked.
Progress: 8463465122 states checked.
Progress: 8466583749 states checked.
Progress: 8469696031 states checked.
Progress: 8472809724 states checked.
Progress: 8475935230 states checked.
Progress: 8479050668 states checked.
Progress: 8482163469 states checked.
Progress: 8485285520 states checked.
Progress: 8488391929 states checked.
Progress: 8491503770 states checked.
Progress: 8494623713 states checked.
Progress: 8497729217 states checked.
Progress: 8500837478 states checked.
Progress: 8503963362 states checked.
Progress: 8507087528 states checked.
Progress: 8510196528 states checked.
Progress: 8513295938 states checked.
Progress: 8516410346 states checked.
Progress: 8519537857 states checked.
Progress: 8522649092 states checked.
Progress: 8525770654 states checked.
Progress: 8528880898 states checked.
Progress: 8532006182 states checked.
Progress: 8535117819 states checked.
Progress: 8538221507 states checked.
Progress: 8541337653 states checked.
Progress: 8544452712 states checked.
Progress: 8547568421 states checked.
Progress: 8550680878 states checked.
Progress: 8553788113 states checked.
Progress: 8556898056 states checked.
Progress: 8560017950 states checked.
Progress: 8563126252 states checked.
Progress: 8566241045 states checked.
Progress: 8569361943 states checked.
Progress: 8572473773 states checked.
Progress: 8575586102 states checked.
Progress: 8578700531 states checked.
Progress: 8581807065 states checked.
Progress: 8584917942 states checked.
Progress: 8588024060 states checked.
Progress: 8591137447 states checked.
Progress: 8594250970 states checked.
Progress: 8597361824 states checked.
Progress: 8600475664 states checked.
Progress: 8603581284 states checked.
Progress: 8606696704 states checked.
Progress: 8609817070 states checked.
Progress: 8612943170 states checked.
Progress: 8616048903 states checked.
Progress: 8619165945 states checked.
Progress: 8622280633 states checked.
Progress: 8625387779 states checked.
Progress: 8628499274 states checked.
Progress: 8631615029 states checked.
Progress: 8634726788 states checked.
Progress: 8637836594 states checked.
Progress: 8640954560 states checked.
Progress: 8644071186 states checked.
Progress: 8647188316 states checked.
Progress: 8650288373 states checked.
Progress: 8653404252 states checked.
Progress: 8656513199 states checked.
Progress: 8659612804 states checked.
Progress: 8662722162 states checked.
Progress: 8665835224 states checked.
Progress: 8668943480 states checked.
Progress: 8672050352 states checked.
Progress: 8675172019 states checked.
Progress: 8678289932 states checked.
Progress: 8681408991 states checked.
Progress: 8684526619 states checked.
Progress: 8687632928 states checked.
Progress: 8690736806 states checked.
Progress: 8693854350 states checked.
Progress: 8696971194 states checked.
Progress: 8700088734 states checked.
Progress: 8703205856 states checked.
Progress: 8706307087 states checked.
Progress: 8709417287 states checked.
Progress: 8712529031 states checked.
Progress: 8715638033 states checked.
Progress: 8718754063 states checked.
Progress: 8721869801 states checked.
Progress: 8724983824 states checked.
Progress: 8728099319 states checked.
Progress: 8731204045 states checked.
Progress: 8734323064 states checked.
Progress: 8737417198 states checked.
Progress: 8740536035 states checked.
Progress: 8743651109 states checked.
Progress: 8746764490 states checked.
Progress: 8749868203 states checked.
Progress: 8752976257 states checked.
Progress: 8756081499 states checked.
Progress: 8759195184 states checked.
Progress: 8762312029 states checked.
Progress: 8765418500 states checked.
Progress: 8768518592 states checked.
Progress: 8771623488 states checked.
Progress: 8774741034 states checked.
Progress: 8777860752 states checked.
Progress: 8780969270 states checked.
Progress: 8784090949 states checked.
Progress: 8787200851 states checked.
Progress: 8790311246 states checked.
Progress: 8793419813 states checked.
Progress: 8796537122 states checked.
Progress: 8799647982 states checked.
Progress: 8802747554 states checked.
Progress: 8805866223 states checked.
Progress: 8808980336 states checked.
Progress: 8812093617 states checked.
Progress: 8815214792 states checked.
Progress: 8818326892 states checked.
Progress: 8821449178 states checked.
Progress: 8824553046 states checked.
Progress: 8827674633 states checked.
Progress: 8830789155 states checked.
Progress: 8833908255 states checked.
Progress: 8837014130 states checked.
Progress: 8840135959 states checked.
Progress: 8843244900 states checked.
Progress: 8846363232 states checked.
Progress: 8849466882 states checked.
Progress: 8852585127 states checked.
Progress: 8855691105 states checked.
Progress: 8858812481 states checked.
Progress: 8861924998 states checked.
Progress: 8865038315 states checked.
Progress: 8868139180 states checked.
Progress: 8871260455 states checked.
Progress: 8874368046 states checked.
Progress: 8877477955 states checked.
Progress: 8880602208 states checked.
Progress: 8883714918 states checked.
Progress: 8886832303 states checked.
Progress: 8889948668 states checked.
Progress: 8893064205 states checked.
Progress: 8896176837 states checked.
Progress: 8899286601 states checked.
Progress: 8902401006 states checked.
Progress: 8905515186 states checked.
Progress: 8908630232 states checked.
Progress: 8911740780 states checked.
Progress: 8914862640 states checked.
Progress: 8917974620 states checked.
Progress: 8921091887 states checked.
Progress: 8924202704 states checked.
Progress: 8927316515 states checked.
Progress: 8930423853 states checked.
Progress: 8933531913 states checked.
Progress: 8936643914 states checked.
Progress: 8939743363 states checked.
Progress: 8942867100 states checked.
Progress: 8945988076 states checked.
Progress: 8949102864 states checked.
Progress: 8952204720 states checked.
Progress: 8955309102 states checked.
Progress: 8958410743 states checked.
Progress: 8961524340 states checked.
Progress: 8964635067 states checked.
Progress: 8967745538 states checked.
Progress: 8970862919 states checked.
Progress: 8973967480 states checked.
Progress: 8977072226 states checked.
Progress: 8980187110 states checked.
Progress: 8983298343 states checked.
Progress: 8986412743 states checked.
Progress: 8989521429 states checked.
Progress: 8992629926 states checked.
Progress: 8995738778 states checked.
Progress: 8998854910 states checked.
Progress: 9001963394 states checked.
Progress: 9005076535 states checked.
Progress: 9008199079 states checked.
Progress: 9011310490 states checked.
Progress: 9014432063 states checked.
Progress: 9017555388 states checked.
Progress: 9020669336 states checked.
Progress: 9023790882 states checked.
Progress: 9026914976 states checked.
Progress: 9030032716 states checked.
Progress: 9033150431 states checked.
Progress: 9036262963 states checked.
Progress: 9039374381 states checked.
Progress: 9042484367 states checked.
Progress: 9045597378 states checked.
Progress: 9048718696 states checked.
Progress: 9051826902 states checked.
Progress: 9054940216 states checked.
Progress: 9058069203 states checked.
Progress: 9061174916 states checked.
Progress: 9064294240 states checked.
Progress: 9067412975 states checked.
Progress: 9070517072 states checked.
Progress: 9073632293 states checked.
Progress: 9076739480 states checked.
Progress: 9079851663 states checked.
Progress: 9082953906 states checked.
Progress: 9086076437 states checked.
Progress: 9089176190 states checked.
Progress: 9092290767 states checked.
Progress: 9095405935 states checked.
Progress: 9098518113 states checked.
Progress: 9101630195 states checked.
Progress: 9104748176 states checked.
Progress: 9107862312 states checked.
Progress: 9110973435 states checked.
Progress: 9114082895 states checked.
Progress: 9117204395 states checked.
Progress: 9120321798 states checked.
Progress: 9123440878 states checked.
Progress: 9126549670 states checked.
Progress: 9129676611 states checked.
Progress: 9132783006 states checked.
Progress: 9135894597 states checked.
Progress: 9139007369 states checked.
Progress: 9142112802 states checked.
Progress: 9145229562 states checked.
Progress: 9148339684 states checked.
Progress: 9151446685 states checked.
Progress: 9154554807 states checked.
Progress: 9157672293 states checked.
Progress: 9160788000 states checked.
Progress: 9163899118 states checked.
Progress: 9167016151 states checked.
Progress: 9170123332 states checked.
Progress: 9173237605 states checked.
Progress: 9176356581 states checked.
Progress: 9179471316 states checked.
Progress: 9182586784 states checked.
Progress: 9185696269 states checked.
Progress: 9188815226 states checked.
Progress: 9191921529 states checked.
Progress: 9195033238 states checked.
Progress: 9198141484 states checked.
Progress: 9201265867 states checked.
Progress: 9204390496 states checked.
Progress: 9207499798 states checked.
Progress: 9210608757 states checked.
Progress: 9213724265 states checked.
Progress: 9216847105 states checked.
Progress: 9219964326 states checked.
Progress: 9223072637 states checked.
Progress: 9226183672 states checked.
Progress: 9229288504 states checked.
Progress: 9232405832 states checked.
Progress: 9235513375 states checked.
Progress: 9238627542 states checked.
Progress: 9241738666 states checked.
Progress: 9244855482 states checked.
Progress: 9247971723 states checked.
Progress: 9251077216 states checked.
Progress: 9254189134 states checked.
Progress: 9257296829 states checked.
Progress: 9260403434 states checked.
Progress: 9263534577 states checked.
Progress: 9266655645 states checked.
Progress: 9269762849 states checked.
Progress: 9272872704 states checked.
Progress: 9275991050 states checked.
Progress: 9279101208 states checked.
Progress: 9282208662 states checked.
Progress: 9285328527 states checked.
Progress: 9288446776 states checked.
Progress: 9291551759 states checked.
Progress: 9294660822 states checked.
Progress: 9297778703 states checked.
Progress: 9300896984 states checked.
Progress: 9304008694 states checked.
Progress: 9307124548 states checked.
Progress: 9310248739 states checked.
Progress: 9313360724 states checked.
Progress: 9316460378 states checked.
Progress: 9319573890 states checked.
Progress: 9322686624 states checked.
Progress: 9325800716 states checked.
Progress: 9328919292 states checked.
Progress: 9332035522 states checked.
Progress: 9335150303 states checked.
Progress: 9338269346 states checked.
Progress: 9341374347 states checked.
Progress: 9344492955 states checked.
Progress: 9347611699 states checked.
Progress: 9350729623 states checked.
Progress: 9353838413 states checked.
Progress: 9356948449 states checked.
Progress: 9360061775 states checked.
Progress: 9363169847 states checked.
Progress: 9366284833 states checked.
Progress: 9369401080 states checked.
Progress: 9372521298 states checked.
Progress: 9375626810 states checked.
Progress: 9378745949 states checked.
Progress: 9381856407 states checked.
Progress: 9384970975 states checked.
Progress: 9388077193 states checked.
Progress: 9391178610 states checked.
Progress: 9394287080 states checked.
Progress: 9397391466 states checked.
Progress: 9400500771 states checked.
Progress: 9403608936 states checked.
Progress: 9406723367 states checked.
Progress: 9409828153 states checked.
Progress: 9412940616 states checked.
Progress: 9416048443 states checked.
Progress: 9419172370 states checked.
Progress: 9422281958 states checked.
Progress: 9425401850 states checked.
Progress: 9428515188 states checked.
Progress: 9431634993 states checked.
Progress: 9434743136 states checked.
Progress: 9437865483 states checked.
Progress: 9440993410 states checked.
Progress: 9444098988 states checked.
Progress: 9447213930 states checked.
Progress: 9450328269 states checked.
Progress: 9453439705 states checked.
Progress: 9456566937 states checked.
Progress: 9459675282 states checked.
Progress: 9462786667 states checked.
Progress: 9465906768 states checked.
Progress: 9469025944 states checked.
Progress: 9472139366 states checked.
Progress: 9475254712 states checked.
Progress: 9478375028 states checked.
Progress: 9481484860 states checked.
Progress: 9484596380 states checked.
Progress: 9487718420 states checked.
Progress: 9490840894 states checked.
Progress: 9493963483 states checked.
Progress: 9497077381 states checked.
Progress: 9500192838 states checked.
Progress: 9503308255 states checked.
Progress: 9506426606 states checked.
Progress: 9509545904 states checked.
Progress: 9512659979 states checked.
Progress: 9515778197 states checked.
Progress: 9518898704 states checked.
Progress: 9522017296 states checked.
Progress: 9525140084 states checked.
Progress: 9528254615 states checked.
Progress: 9531380064 states checked.
Progress: 9534487655 states checked.
Progress: 9537597803 states checked.
Progress: 9540717233 states checked.
Progress: 9543830103 states checked.
Progress: 9546946865 states checked.
Progress: 9550058407 states checked.
Progress: 9553161684 states checked.
Progress: 9556280442 states checked.
Progress: 9559394367 states checked.
Progress: 9562505598 states checked.
Progress: 9565623719 states checked.
Progress: 9568738105 states checked.
Progress: 9571843199 states checked.
Progress: 9574953536 states checked.
Progress: 9578066884 states checked.
Progress: 9581183197 states checked.
Progress: 9584306863 states checked.
Progress: 9587411080 states checked.
Progress: 9590509509 states checked.
Progress: 9593616602 states checked.
Progress: 9596720499 states checked.
Progress: 9599844197 states checked.
Progress: 9602963154 states checked.
Progress: 9606076912 states checked.
Progress: 9609196880 states checked.
Progress: 9612313054 states checked.
Progress: 9615424139 states checked.
Progress: 9618536309 states checked.
Progress: 9621657572 states checked.
Progress: 9624763986 states checked.
Progress: 9627875097 states checked.
Progress: 9630983929 states checked.
Progress: 9634094422 states checked.
Progress: 9637205175 states checked.
Progress: 9640323757 states checked.
Progress: 9643431996 states checked.
Progress: 9646530494 states checked.
Progress: 9649647129 states checked.
Progress: 9652760739 states checked.
Progress: 9655877574 states checked.
Progress: 9658998408 states checked.
Progress: 9662109580 states checked.
Progress: 9665233468 states checked.
Progress: 9668348052 states checked.
Progress: 9671453995 states checked.
Progress: 9674579910 states checked.
Progress: 9677695307 states checked.
Progress: 9680811581 states checked.
Progress: 9683929121 states checked.
Progress: 9687035834 states checked.
Progress: 9690154837 states checked.
Progress: 9693272532 states checked.
Progress: 9696390989 states checked.
Progress: 9699505062 states checked.
Progress: 9702622641 states checked.
Progress: 9705737109 states checked.
Progress: 9708849714 states checked.
Progress: 9711963691 states checked.
Progress: 9715067524 states checked.
Progress: 9718185716 states checked.
Progress: 9721312403 states checked.
Progress: 9724432207 states checked.
Progress: 9727538969 states checked.
Progress: 9730653425 states checked.
Progress: 9733772590 states checked.
Progress: 9736884750 states checked.
Progress: 9739995576 states checked.
Progress: 9743109488 states checked.
Progress: 9746222126 states checked.
Progress: 9749345239 states checked.
Progress: 9752461366 states checked.
Progress: 9755575811 states checked.
Progress: 9758690876 states checked.
Progress: 9761799297 states checked.
Progress: 9764908826 states checked.
Progress: 9768019758 states checked.
Progress: 9771130032 states checked.
Progress: 9774243985 states checked.
Progress: 9777362416 states checked.
Progress: 9780468216 states checked.
Progress: 9783589714 states checked.
Progress: 9786695790 states checked.
Progress: 9789811821 states checked.
Progress: 9792934587 states checked.
Progress: 9796036111 states checked.
Progress: 9799150318 states checked.
Progress: 9802266567 states checked.
Progress: 9805395983 states checked.
Progress: 9808508281 states checked.
Progress: 9811630325 states checked.
Progress: 9814750273 states checked.
Progress: 9817864924 states checked.
Progress: 9820976433 states checked.
Progress: 9824091496 states checked.
Progress: 9827220437 states checked.
Progress: 9830342646 states checked.
Progress: 9833455270 states checked.
Progress: 9836574718 states checked.
Progress: 9839676796 states checked.
Progress: 9842803190 states checked.
Progress: 9845900637 states checked.
Progress: 9849011752 states checked.
Progress: 9852129969 states checked.
Progress: 9855243596 states checked.
Progress: 9858354922 states checked.
Progress: 9861466091 states checked.
Progress: 9864577988 states checked.
Progress: 9867695742 states checked.
Progress: 9870811779 states checked.
Progress: 9873931247 states checked.
Progress: 9877046877 states checked.
Progress: 9880165951 states checked.
Progress: 9883283035 states checked.
Progress: 9886398191 states checked.
Progress: 9889518430 states checked.
Progress: 9892627763 states checked.
Progress: 9895751083 states checked.
Progress: 9898859413 states checked.
Progress: 9901974707 states checked.
Progress: 9905092852 states checked.
Progress: 9908210674 states checked.
Progress: 9911332193 states checked.
Progress: 9914449552 states checked.
Progress: 9917557800 states checked.
Progress: 9920666659 states checked.
Progress: 9923778250 states checked.
Progress: 9926906474 states checked.
Progress: 9930019445 states checked.
Progress: 9933124106 states checked.
Progress: 9936242444 states checked.
Progress: 9939369224 states checked.
Progress: 9942491260 states checked.
Progress: 9945615034 states checked.
Progress: 9948730563 states checked.
Progress: 9951845490 states checked.
Progress: 9954954865 states checked.
Progress: 9958066851 states checked.
Progress: 9961193112 states checked.
Progress: 9964317241 states checked.
Progress: 9967431149 states checked.
Progress: 9970552274 states checked.
Progress: 9973680411 states checked.
Progress: 9976800570 states checked.
Progress: 9979914522 states checked.
Progress: 9983027740 states checked.
Progress: 9986136085 states checked.
Progress: 9989250169 states checked.
Progress: 9992359838 states checked.
Progress: 9995480702 states checked.
Progress: 9998605799 states checked.
Progress: 10001720084 states checked.
Progress: 10004840798 states checked.
Progress: 10007958279 states checked.
Progress: 10011067389 states checked.
Progress: 10014174459 states checked.
Progress: 10017283622 states checked.
Progress: 10020389777 states checked.
Progress: 10023500197 states checked.
Progress: 10026614890 states checked.
Progress: 10029731085 states checked.
Progress: 10032848865 states checked.
Progress: 10035968174 states checked.
Progress: 10039084331 states checked.
Progress: 10042187894 states checked.
Progress: 10045291513 states checked.
Progress: 10048401442 states checked.
Progress: 10051517734 states checked.
Progress: 10054625703 states checked.
Progress: 10057747566 states checked.
Progress: 10060864788 states checked.
Progress: 10063995180 states checked.
Progress: 10067105674 states checked.
Progress: 10070225990 states checked.
Progress: 10073337351 states checked.
Progress: 10076448233 states checked.
Progress: 10079575054 states checked.
Progress: 10082702729 states checked.
Progress: 10085810902 states checked.
Progress: 10088911563 states checked.
Progress: 10092014048 states checked.
Progress: 10095139549 states checked.
Progress: 10098245119 states checked.
Progress: 10101359019 states checked.
Progress: 10104476753 states checked.
Progress: 10107581982 states checked.
Progress: 10110699267 states checked.
Progress: 10113816400 states checked.
Progress: 10116922954 states checked.
Progress: 10120045174 states checked.
Progress: 10123166160 states checked.
Progress: 10126280641 states checked.
Progress: 10129400278 states checked.
Progress: 10132509250 states checked.
Progress: 10135626204 states checked.
Progress: 10138738203 states checked.
Progress: 10141855596 states checked.
Progress: 10144969201 states checked.
Progress: 10148085669 states checked.
Progress: 10151192340 states checked.
Progress: 10154315791 states checked.
Progress: 10157430998 states checked.
Progress: 10160560366 states checked.
Progress: 10163672875 states checked.
Progress: 10166784106 states checked.
Progress: 10169882668 states checked.
Progress: 10172989455 states checked.
Progress: 10176113141 states checked.
Progress: 10179229696 states checked.
Progress: 10182355832 states checked.
Progress: 10185454975 states checked.
Progress: 10188570684 states checked.
Progress: 10191689725 states checked.
Progress: 10194809817 states checked.
Progress: 10197923439 states checked.
Progress: 10201041291 states checked.
Progress: 10204156210 states checked.
Progress: 10207272823 states checked.
Progress: 10210381678 states checked.
Progress: 10213498576 states checked.
Progress: 10216608734 states checked.
Progress: 10219732427 states checked.
Progress: 10222847801 states checked.
Progress: 10225976119 states checked.
Progress: 10229083991 states checked.
Progress: 10232195701 states checked.
Progress: 10235299398 states checked.
Progress: 10238417378 states checked.
Progress: 10241540862 states checked.
Progress: 10244660004 states checked.
Progress: 10247774621 states checked.
Progress: 10250885470 states checked.
Progress: 10254003676 states checked.
Progress: 10257122272 states checked.
Progress: 10260240245 states checked.
Progress: 10263363456 states checked.
Progress: 10266481318 states checked.
Progress: 10269593673 states checked.
Progress: 10272708500 states checked.
Progress: 10275823314 states checked.
Progress: 10278942968 states checked.
Progress: 10282058624 states checked.
Progress: 10285174509 states checked.
Progress: 10288286715 states checked.
Progress: 10291395789 states checked.
Progress: 10294511236 states checked.
Progress: 10297629417 states checked.
Progress: 10300727453 states checked.
Progress: 10303838154 states checked.
Progress: 10306958968 states checked.
Progress: 10310082934 states checked.
Progress: 10313207814 states checked.
Progress: 10316326035 states checked.
Progress: 10319440106 states checked.
Progress: 10322553935 states checked.
Progress: 10325672566 states checked.
Progress: 10328780640 states checked.
Progress: 10331896563 states checked.
Progress: 10335017489 states checked.
Progress: 10338129840 states checked.
Progress: 10341243765 states checked.
Progress: 10344368698 states checked.
Progress: 10347490448 states checked.
Progress: 10350595087 states checked.
Progress: 10353703971 states checked.
Progress: 10356814334 states checked.
Progress: 10359924363 states checked.
Progress: 10363038959 states checked.
Progress: 10366157334 states checked.
Progress: 10369260009 states checked.
Progress: 10372366617 states checked.
Progress: 10375489342 states checked.
Progress: 10378598798 states checked.
Progress: 10381698141 states checked.
Progress: 10384819764 states checked.
Progress: 10387927796 states checked.
Progress: 10391043006 states checked.
Progress: 10394156413 states checked.
Progress: 10397273345 states checked.
Progress: 10400391086 states checked.
Progress: 10403501033 states checked.
Progress: 10406606983 states checked.
Progress: 10409729526 states checked.
Progress: 10412849720 states checked.
Progress: 10415953873 states checked.
Progress: 10419060551 states checked.
Progress: 10422171133 states checked.
Progress: 10425288697 states checked.
Progress: 10428408597 states checked.
Progress: 10431522169 states checked.
Progress: 10434635147 states checked.
Progress: 10437741757 states checked.
Progress: 10440872952 states checked.
Progress: 10443995993 states checked.
Progress: 10447110343 states checked.
Progress: 10450238626 states checked.
Progress: 10453357220 states checked.
Progress: 10456484365 states checked.
Progress: 10459595569 states checked.
Progress: 10462713679 states checked.
Progress: 10465837101 states checked.
Progress: 10468962896 states checked.
Progress: 10472086677 states checked.
Progress: 10475196312 states checked.
Progress: 10478318025 states checked.
Progress: 10481426832 states checked.
Progress: 10484546100 states checked.
Progress: 10487675354 states checked.
Progress: 10490784459 states checked.
Progress: 10493894337 states checked.
Progress: 10497010117 states checked.
Progress: 10500124876 states checked.
Progress: 10503235562 states checked.
Progress: 10506347835 states checked.
Progress: 10509459106 states checked.
Progress: 10512576486 states checked.
Progress: 10515682235 states checked.
Progress: 10518801977 states checked.
Progress: 10521911996 states checked.
Progress: 10525022507 states checked.
Progress: 10528126469 states checked.
Progress: 10531225270 states checked.
Progress: 10534331125 states checked.
Progress: 10537439485 states checked.
Progress: 10540556632 states checked.
Progress: 10543671871 states checked.
Progress: 10546780737 states checked.
Progress: 10549885401 states checked.
Progress: 10552990806 states checked.
Progress: 10556106472 states checked.
Progress: 10559220870 states checked.
Progress: 10562330961 states checked.
Progress: 10565443013 states checked.
Progress: 10568544836 states checked.
Progress: 10571650246 states checked.
Progress: 10574770218 states checked.
Progress: 10577873970 states checked.
Progress: 10580972688 states checked.
Progress: 10584074073 states checked.
Progress: 10587184082 states checked.
Progress: 10590301255 states checked.
Progress: 10593410195 states checked.
Progress: 10596521372 states checked.
Progress: 10599633621 states checked.
Progress: 10602738718 states checked.
Progress: 10605850288 states checked.
Progress: 10608959702 states checked.
Progress: 10612077109 states checked.
Progress: 10615193095 states checked.
Progress: 10618302050 states checked.
Progress: 10621420733 states checked.
Progress: 10624511145 states checked.
Progress: 10627628854 states checked.
Progress: 10630745490 states checked.
Progress: 10633854848 states checked.
Progress: 10636971858 states checked.
Progress: 10640078782 states checked.
Progress: 10643200917 states checked.
Progress: 10646318018 states checked.
Progress: 10649438782 states checked.
Progress: 10652561670 states checked.
Progress: 10655683533 states checked.
Progress: 10658797920 states checked.
Progress: 10661894117 states checked.
Progress: 10665007769 states checked.
Progress: 10668117173 states checked.
Progress: 10671248211 states checked.
Progress: 10674365796 states checked.
Progress: 10677477928 states checked.
Progress: 10680599751 states checked.
Progress: 10683713637 states checked.
Progress: 10686824164 states checked.
Progress: 10689921479 states checked.
Progress: 10693044252 states checked.
Progress: 10696152471 states checked.
Progress: 10699262221 states checked.
Progress: 10702376712 states checked.
Progress: 10705488850 states checked.
Progress: 10708609293 states checked.
Progress: 10711726428 states checked.
Progress: 10714842921 states checked.
Progress: 10717961541 states checked.
Progress: 10721074186 states checked.
Progress: 10724180822 states checked.
Progress: 10727306848 states checked.
Progress: 10730424101 states checked.
Progress: 10733534941 states checked.
Progress: 10736645315 states checked.
Progress: 10739757378 states checked.
Progress: 10742865459 states checked.
Progress: 10745975907 states checked.
Progress: 10749091277 states checked.
Progress: 10752213005 states checked.
Progress: 10755326017 states checked.
Progress: 10758440715 states checked.
Progress: 10761556264 states checked.
Progress: 10764660884 states checked.
Progress: 10767769465 states checked.
Progress: 10770884729 states checked.
Progress: 10774007504 states checked.
Progress: 10777125786 states checked.
Progress: 10780231715 states checked.
Progress: 10783334638 states checked.
Progress: 10786445122 states checked.
Progress: 10789555016 states checked.
Progress: 10792668445 states checked.
Progress: 10795777653 states checked.
Progress: 10798895469 states checked.
Progress: 10802003847 states checked.
Progress: 10805114033 states checked.
Progress: 10808227336 states checked.
Progress: 10811341118 states checked.
Progress: 10814460561 states checked.
Progress: 10817572074 states checked.
Progress: 10820679665 states checked.
Progress: 10823797415 states checked.
Progress: 10826907609 states checked.
Progress: 10830032565 states checked.
Progress: 10833137976 states checked.
Progress: 10836245736 states checked.
Progress: 10839361038 states checked.
Progress: 10842467199 states checked.
Progress: 10845581930 states checked.
Progress: 10848697743 states checked.
Progress: 10851805202 states checked.
Progress: 10854915871 states checked.
Progress: 10858027256 states checked.
Progress: 10861131170 states checked.
Progress: 10864245754 states checked.
Progress: 10867358116 states checked.
Progress: 10870471211 states checked.
Progress: 10873579513 states checked.
Progress: 10876687597 states checked.
Progress: 10879801615 states checked.
Progress: 10882921449 states checked.
Progress: 10886031833 states checked.
Progress: 10889152149 states checked.
Progress: 10892276713 states checked.
Progress: 10895393692 states checked.
Progress: 10898510748 states checked.
Progress: 10901626360 states checked.
Progress: 10904746955 states checked.
Progress: 10907863750 states checked.
Progress: 10910983663 states checked.
Progress: 10914100677 states checked.
Progress: 10917210906 states checked.
Progress: 10920322702 states checked.
Progress: 10923444183 states checked.
Progress: 10926563995 states checked.
Progress: 10929684459 states checked.
Progress: 10932797184 states checked.
Progress: 10935912266 states checked.
Progress: 10939017047 states checked.
Progress: 10942134450 states checked.
Progress: 10945250002 states checked.
Progress: 10948361296 states checked.
Progress: 10951486030 states checked.
Progress: 10954596578 states checked.
Progress: 10957707918 states checked.
Progress: 10960833382 states checked.
Progress: 10963943610 states checked.
Progress: 10967058825 states checked.
Progress: 10970170577 states checked.
Progress: 10973290495 states checked.
Progress: 10976395424 states checked.
Progress: 10979504252 states checked.
Progress: 10982609292 states checked.
Progress: 10985726202 states checked.
Progress: 10988842626 states checked.
Progress: 10991954196 states checked.
Progress: 10995068457 states checked.
Progress: 10998180972 states checked.
Progress: 11001289376 states checked.
Progress: 11004401752 states checked.
Progress: 11007515071 states checked.
Progress: 11010616708 states checked.
Progress: 11013710493 states checked.
Progress: 11016818721 states checked.
Progress: 11019938317 states checked.
Progress: 11023056227 states checked.
Progress: 11026169925 states checked.
Progress: 11029272698 states checked.
Progress: 11032380021 states checked.
Progress: 11035507626 states checked.
Progress: 11038603841 states checked.
Progress: 11041721660 states checked.
Progress: 11044853926 states checked.
Progress: 11047965273 states checked.
Progress: 11051070646 states checked.
Progress: 11054197001 states checked.
Progress: 11057306184 states checked.
Progress: 11060425920 states checked.
Progress: 11063555938 states checked.
Progress: 11066664028 states checked.
Progress: 11069777014 states checked.
Progress: 11072888590 states checked.
Progress: 11076000060 states checked.
Progress: 11079125822 states checked.
Progress: 11082237584 states checked.
Progress: 11085346690 states checked.
Progress: 11088465546 states checked.
Progress: 11091578728 states checked.
Progress: 11094695458 states checked.
Progress: 11097807423 states checked.
Progress: 11100914335 states checked.
Progress: 11104022987 states checked.
Progress: 11107135916 states checked.
Progress: 11110250072 states checked.
Progress: 11113373642 states checked.
Progress: 11116489569 states checked.
Progress: 11119595283 states checked.
Progress: 11122704721 states checked.
Progress: 11125816319 states checked.
Progress: 11128935108 states checked.
Progress: 11132055569 states checked.
Progress: 11135164118 states checked.
Progress: 11138275377 states checked.
Progress: 11141394434 states checked.
Progress: 11144505773 states checked.
Progress: 11147614648 states checked.
Progress: 11150730415 states checked.
Progress: 11153840260 states checked.
Progress: 11156961852 states checked.
Progress: 11160074276 states checked.
Progress: 11163189772 states checked.
Progress: 11166296580 states checked.
Progress: 11169412306 states checked.
Progress: 11172522936 states checked.
Progress: 11175635139 states checked.
Progress: 11178749163 states checked.
Progress: 11181854136 states checked.
Progress: 11184972199 states checked.
Progress: 11188086869 states checked.
Progress: 11191202271 states checked.
Progress: 11194318766 states checked.
Progress: 11197431037 states checked.
Progress: 11200543127 states checked.
Progress: 11203651974 states checked.
Progress: 11206761391 states checked.
Progress: 11209862419 states checked.
Progress: 11212972775 states checked.
Progress: 11216066419 states checked.
Progress: 11219175594 states checked.
Progress: 11222285380 states checked.
Progress: 11225390779 states checked.
Progress: 11228498623 states checked.
Progress: 11231620720 states checked.
Progress: 11234726417 states checked.
Progress: 11237844241 states checked.
Progress: 11240954691 states checked.
Progress: 11244064551 states checked.
Progress: 11247159910 states checked.
Progress: 11250265896 states checked.
Progress: 11253361989 states checked.
Progress: 11256467724 states checked.
Progress: 11259580737 states checked.
Progress: 11262701403 states checked.
Progress: 11265818187 states checked.
Progress: 11268937615 states checked.
Progress: 11272042834 states checked.
Progress: 11275140729 states checked.
Progress: 11278251264 states checked.
Progress: 11281359028 states checked.
Progress: 11284480186 states checked.
Progress: 11287591864 states checked.
Progress: 11290700832 states checked.
Progress: 11293810269 states checked.
Progress: 11296921366 states checked.
Progress: 11300017242 states checked.
Progress: 11303132660 states checked.
Progress: 11306238764 states checked.
Progress: 11309353877 states checked.
Progress: 11312460409 states checked.
Progress: 11315575128 states checked.
Progress: 11318681611 states checked.
Progress: 11321784564 states checked.
Progress: 11324898934 states checked.
Progress: 11328008369 states checked.
Progress: 11331123795 states checked.
Progress: 11334223111 states checked.
Progress: 11337328926 states checked.
Progress: 11340450898 states checked.
Progress: 11343565921 states checked.
Progress: 11346677000 states checked.
Progress: 11349793914 states checked.
Progress: 11352910942 states checked.
Progress: 11356024049 states checked.
Progress: 11359143753 states checked.
Progress: 11362256137 states checked.
Progress: 11365365745 states checked.
Progress: 11368477057 states checked.
Progress: 11371589137 states checked.
Progress: 11374701137 states checked.
Progress: 11377812325 states checked.
Progress: 11380915939 states checked.
Progress: 11384023248 states checked.
Progress: 11387142324 states checked.
Progress: 11390256019 states checked.
Progress: 11393368532 states checked.
Progress: 11396482223 states checked.
Progress: 11399603890 states checked.
Progress: 11402717564 states checked.
Progress: 11405823963 states checked.
Progress: 11408949930 states checked.
Progress: 11412065571 states checked.
Progress: 11415169008 states checked.
Progress: 11418278455 states checked.
Progress: 11421388613 states checked.
Progress: 11424512505 states checked.
Progress: 11427623643 states checked.
Progress: 11430747086 states checked.
Progress: 11433862778 states checked.
Progress: 11436977740 states checked.
Progress: 11440092740 states checked.
Progress: 11443201593 states checked.
Progress: 11446325220 states checked.
Progress: 11449441477 states checked.
Progress: 11452552326 states checked.
Progress: 11455662272 states checked.
Progress: 11458766034 states checked.
Progress: 11461890605 states checked.
Progress: 11465000071 states checked.
Progress: 11468105453 states checked.
Progress: 11471219009 states checked.
Progress: 11474328820 states checked.
Progress: 11477441261 states checked.
Progress: 11480556799 states checked.
Progress: 11483661207 states checked.
Progress: 11486779234 states checked.
Progress: 11489889022 states checked.
Progress: 11492999317 states checked.
Progress: 11496116785 states checked.
Progress: 11499232264 states checked.
Progress: 11502349534 states checked.
Progress: 11505471456 states checked.
Progress: 11508583681 states checked.
Progress: 11511698810 states checked.
Progress: 11514804583 states checked.
Progress: 11517909690 states checked.
Progress: 11521016556 states checked.
Progress: 11524122259 states checked.
Progress: 11527237257 states checked.
Progress: 11530355665 states checked.
Progress: 11533467441 states checked.
Progress: 11536575947 states checked.
Progress: 11539677068 states checked.
Progress: 11542782884 states checked.
Progress: 11545902644 states checked.
Progress: 11549020447 states checked.
Progress: 11552130086 states checked.
Progress: 11555242215 states checked.
Progress: 11558353385 states checked.
Progress: 11561472464 states checked.
Progress: 11564586047 states checked.
Progress: 11567698416 states checked.
Progress: 11570814740 states checked.
Progress: 11573926408 states checked.
Progress: 11577046565 states checked.
Progress: 11580162055 states checked.
Progress: 11583277612 states checked.
Progress: 11586389042 states checked.
Progress: 11589498096 states checked.
Progress: 11592620723 states checked.
Progress: 11595732964 states checked.
Progress: 11598843391 states checked.
Progress: 11601948230 states checked.
Progress: 11605073684 states checked.
Progress: 11608190755 states checked.
Progress: 11611314076 states checked.
Progress: 11614430151 states checked.
Progress: 11617539445 states checked.
Progress: 11620663524 states checked.
Progress: 11623779187 states checked.
Progress: 11626898602 states checked.
Progress: 11630006524 states checked.
Progress: 11633116442 states checked.
Progress: 11636243486 states checked.
Progress: 11639349479 states checked.
Progress: 11642459297 states checked.
Progress: 11645578161 states checked.
Progress: 11648697409 states checked.
Progress: 11651817017 states checked.
Progress: 11654937357 states checked.
Progress: 11658049947 states checked.
Progress: 11661163626 states checked.
Progress: 11664276023 states checked.
Progress: 11667385772 states checked.
Progress: 11670503767 states checked.
Progress: 11673638081 states checked.
Progress: 11676745736 states checked.
Progress: 11679870149 states checked.
Progress: 11682987724 states checked.
Progress: 11686113116 states checked.
Progress: 11689231869 states checked.
Progress: 11692353444 states checked.
Progress: 11695463233 states checked.
Progress: 11698577060 states checked.
Progress: 11701692837 states checked.
Progress: 11704811174 states checked.
Progress: 11707920347 states checked.
Progress: 11711033601 states checked.
Progress: 11714153373 states checked.
Progress: 11717263814 states checked.
Progress: 11720371712 states checked.
Progress: 11723482276 states checked.
Progress: 11726591636 states checked.
Progress: 11729712101 states checked.
Progress: 11732830571 states checked.
Progress: 11735937031 states checked.
Progress: 11739055025 states checked.
Progress: 11742157297 states checked.
Progress: 11745276625 states checked.
Progress: 11748385448 states checked.
Progress: 11751497469 states checked.
Progress: 11754609851 states checked.
Progress: 11757735198 states checked.
Progress: 11760859183 states checked.
Progress: 11763965569 states checked.
Progress: 11767073807 states checked.
Progress: 11770180288 states checked.
Progress: 11773282507 states checked.
Progress: 11776387925 states checked.
Progress: 11779510258 states checked.
Progress: 11782619780 states checked.
Progress: 11785730920 states checked.
Progress: 11788831888 states checked.
Progress: 11791939860 states checked.
Progress: 11795061757 states checked.
Progress: 11798174074 states checked.
Progress: 11801286285 states checked.
Progress: 11804393723 states checked.
Progress: 11807502895 states checked.
Progress: 11810627651 states checked.
Progress: 11813743228 states checked.
Progress: 11816861758 states checked.
Progress: 11819969049 states checked.
Progress: 11823076420 states checked.
Progress: 11826197911 states checked.
Progress: 11829319425 states checked.
Progress: 11832436428 states checked.
Progress: 11835552065 states checked.
Progress: 11838659250 states checked.
Progress: 11841789957 states checked.
Progress: 11844906460 states checked.
Progress: 11848021586 states checked.
Progress: 11851127738 states checked.
Progress: 11854241819 states checked.
Progress: 11857359021 states checked.
Progress: 11860480986 states checked.
Progress: 11863607605 states checked.
Progress: 11866717578 states checked.
Progress: 11869832628 states checked.
Progress: 11872946536 states checked.
Progress: 11876068449 states checked.
Progress: 11879176812 states checked.
Progress: 11882293190 states checked.
Progress: 11885413487 states checked.
Progress: 11888535625 states checked.
Progress: 11891645440 states checked.
Progress: 11894756691 states checked.
Progress: 11897870521 states checked.
Progress: 11900982978 states checked.
Progress: 11904095676 states checked.
Progress: 11907203292 states checked.
Progress: 11910312465 states checked.
Progress: 11913424937 states checked.
Progress: 11916551018 states checked.
Progress: 11919653301 states checked.
Progress: 11922752913 states checked.
Progress: 11925858097 states checked.
Progress: 11928966611 states checked.
Progress: 11932084112 states checked.
Progress: 11935193774 states checked.
Progress: 11938313753 states checked.
Progress: 11941432143 states checked.
Progress: 11944554286 states checked.
Progress: 11947668474 states checked.
Progress: 11950774106 states checked.
Progress: 11953890019 states checked.
Progress: 11957004658 states checked.
Progress: 11960126186 states checked.
Progress: 11963240529 states checked.
Progress: 11966355556 states checked.
Progress: 11969464643 states checked.
Progress: 11972578820 states checked.
Progress: 11975695489 states checked.
Progress: 11978816925 states checked.
Progress: 11981937113 states checked.
Progress: 11985060545 states checked.
Progress: 11988168266 states checked.
Progress: 11991281671 states checked.
Progress: 11994389858 states checked.
Progress: 11997503841 states checked.
Progress: 12000620511 states checked.
Progress: 12003726701 states checked.
Progress: 12006839975 states checked.
Progress: 12009947070 states checked.
Progress: 12013070785 states checked.
Progress: 12016187844 states checked.
Progress: 12019309829 states checked.
Progress: 12022416577 states checked.
Progress: 12025534491 states checked.
Progress: 12028644983 states checked.
Progress: 12031760339 states checked.
Progress: 12034870934 states checked.
Progress: 12037983422 states checked.
Progress: 12041093276 states checked.
Progress: 12044211877 states checked.
Progress: 12047330315 states checked.
Progress: 12050447534 states checked.
Progress: 12053561201 states checked.
Progress: 12056669424 states checked.
Progress: 12059781355 states checked.
Progress: 12062899262 states checked.
Progress: 12066012552 states checked.
Progress: 12069112360 states checked.
Progress: 12072241132 states checked.
Progress: 12075355113 states checked.
Progress: 12078479052 states checked.
Progress: 12081598670 states checked.
Progress: 12084721238 states checked.
Progress: 12087837238 states checked.
Progress: 12090975365 states checked.
Progress: 12094089293 states checked.
Progress: 12097214112 states checked.
Progress: 12100333664 states checked.
Progress: 12103453384 states checked.
Progress: 12106568825 states checked.
Progress: 12109689006 states checked.
Progress: 12112804764 states checked.
Progress: 12115920710 states checked.
Progress: 12119043538 states checked.
Progress: 12122155461 states checked.
Progress: 12125259949 states checked.
Progress: 12128363170 states checked.
Progress: 12131467380 states checked.
Progress: 12134582032 states checked.
Progress: 12137695766 states checked.
Progress: 12140815302 states checked.
Progress: 12143932215 states checked.
Progress: 12147047662 states checked.
Progress: 12150158807 states checked.
Progress: 12153267135 states checked.
Progress: 12156388929 states checked.
Progress: 12159506359 states checked.
Progress: 12162614590 states checked.
Progress: 12165733009 states checked.
Progress: 12168850628 states checked.
Progress: 12171970463 states checked.
Progress: 12175088237 states checked.
Progress: 12178192176 states checked.
Progress: 12181311580 states checked.
Progress: 12184431902 states checked.
Progress: 12187545740 states checked.
Progress: 12190662059 states checked.
Progress: 12193773989 states checked.
Progress: 12196879146 states checked.
Progress: 12199993710 states checked.
Progress: 12203110545 states checked.
Progress: 12206232477 states checked.
Progress: 12209348777 states checked.
Progress: 12212453800 states checked.
Progress: 12215567116 states checked.
Progress: 12218681823 states checked.
Progress: 12221796481 states checked.
Progress: 12224910909 states checked.
Progress: 12228022532 states checked.
Progress: 12231141751 states checked.
Progress: 12234257859 states checked.
Progress: 12237360339 states checked.
Progress: 12240465919 states checked.
Progress: 12243584604 states checked.
Progress: 12246701781 states checked.
Progress: 12249821043 states checked.
Progress: 12252939056 states checked.
Progress: 12256050896 states checked.
Progress: 12259154301 states checked.
Progress: 12262280530 states checked.
Progress: 12265414966 states checked.
Progress: 12268545030 states checked.
Progress: 12271672706 states checked.
Progress: 12274782553 states checked.
Progress: 12277902549 states checked.
Progress: 12281021861 states checked.
Progress: 12284131734 states checked.
Progress: 12287244126 states checked.
Progress: 12290345291 states checked.
Progress: 12293453531 states checked.
Progress: 12296568535 states checked.
Progress: 12299687673 states checked.
Progress: 12302806010 states checked.
Progress: 12305918294 states checked.
Progress: 12309028462 states checked.
Progress: 12312141322 states checked.
Progress: 12315265280 states checked.
Progress: 12318376206 states checked.
Progress: 12321488751 states checked.
Progress: 12324606454 states checked.
Progress: 12327712902 states checked.
Progress: 12330834269 states checked.
Progress: 12333952125 states checked.
Progress: 12337071460 states checked.
Progress: 12340184020 states checked.
Progress: 12343291932 states checked.
Progress: 12346417072 states checked.
Progress: 12349547837 states checked.
Progress: 12352654696 states checked.
Progress: 12355760037 states checked.
Progress: 12358868738 states checked.
Progress: 12361989450 states checked.
Progress: 12365105201 states checked.
Progress: 12368225537 states checked.
Progress: 12371344580 states checked.
Progress: 12374462775 states checked.
Progress: 12377582760 states checked.
Progress: 12380690098 states checked.
Progress: 12383809278 states checked.
Progress: 12386928577 states checked.
Progress: 12390049055 states checked.
Progress: 12393179352 states checked.
Progress: 12396289678 states checked.
Progress: 12399402765 states checked.
Progress: 12402528488 states checked.
Progress: 12405646123 states checked.
Progress: 12408757578 states checked.
Progress: 12411874261 states checked.
Progress: 12414997366 states checked.
Progress: 12418120811 states checked.
Progress: 12421237225 states checked.
Progress: 12424350927 states checked.
Progress: 12427469027 states checked.
Progress: 12430586115 states checked.
Progress: 12433705922 states checked.
Progress: 12436811578 states checked.
Progress: 12439919782 states checked.
Progress: 12443047877 states checked.
Progress: 12446171205 states checked.
Progress: 12449278433 states checked.
Progress: 12452393376 states checked.
Progress: 12455495763 states checked.
Progress: 12458613964 states checked.
Progress: 12461729972 states checked.
Progress: 12464847976 states checked.
Progress: 12467980358 states checked.
Progress: 12471109630 states checked.
Progress: 12474232696 states checked.
Progress: 12477356633 states checked.
Progress: 12480474039 states checked.
Progress: 12483590401 states checked.
Progress: 12486701394 states checked.
Progress: 12489813661 states checked.
Progress: 12492937389 states checked.
Progress: 12496048689 states checked.
Progress: 12499149192 states checked.
Progress: 12502263543 states checked.
Progress: 12505379951 states checked.
Progress: 12508499211 states checked.
Progress: 12511616203 states checked.
Progress: 12514743734 states checked.
Progress: 12517865067 states checked.
Progress: 12520986126 states checked.
Progress: 12524102585 states checked.
Progress: 12527213154 states checked.
Progress: 12530334673 states checked.
Progress: 12533447280 states checked.
Progress: 12536574028 states checked.
Progress: 12539692669 states checked.
Progress: 12542808687 states checked.
Progress: 12545921362 states checked.
Progress: 12549035753 states checked.
Progress: 12552155463 states checked.
Progress: 12555270782 states checked.
Progress: 12558385731 states checked.
Progress: 12561496940 states checked.
Progress: 12564621100 states checked.
Progress: 12567738378 states checked.
Progress: 12570851567 states checked.
Progress: 12573968619 states checked.
Progress: 12577087850 states checked.
Progress: 12580206244 states checked.
Progress: 12583317288 states checked.
Progress: 12586447640 states checked.
Progress: 12589569381 states checked.
Progress: 12592683415 states checked.
Progress: 12595796946 states checked.
Progress: 12598918052 states checked.
Progress: 12602028217 states checked.
Progress: 12605150970 states checked.
Progress: 12608270692 states checked.
Progress: 12611375396 states checked.
Progress: 12614497629 states checked.
Progress: 12617612051 states checked.
Progress: 12620726047 states checked.
Progress: 12623838746 states checked.
Progress: 12626956152 states checked.
Progress: 12630065825 states checked.
Progress: 12633178789 states checked.
Progress: 12636311609 states checked.
Progress: 12639434285 states checked.
Progress: 12642554248 states checked.
Progress: 12645663778 states checked.
Progress: 12648777244 states checked.
Progress: 12651903673 states checked.
Progress: 12655027241 states checked.
Progress: 12658139156 states checked.
Progress: 12661258747 states checked.
Progress: 12664376982 states checked.
Progress: 12667482701 states checked.
Progress: 12670599969 states checked.
Progress: 12673729299 states checked.
Progress: 12676839354 states checked.
Progress: 12679954599 states checked.
Progress: 12683069895 states checked.
Progress: 12686199076 states checked.
Progress: 12689322216 states checked.
Progress: 12692436162 states checked.
Progress: 12695547977 states checked.
Progress: 12698667365 states checked.
Progress: 12701770705 states checked.
Progress: 12704883012 states checked.
Progress: 12708007675 states checked.
Progress: 12711130163 states checked.
Progress: 12714250067 states checked.
Progress: 12717356315 states checked.
Progress: 12720466657 states checked.
Progress: 12723578779 states checked.
Progress: 12726691520 states checked.
Progress: 12729810816 states checked.
Progress: 12732933178 states checked.
Progress: 12736053945 states checked.
Progress: 12739167199 states checked.
Progress: 12742291663 states checked.
Progress: 12745400015 states checked.
Progress: 12748511825 states checked.
Progress: 12751614359 states checked.
Progress: 12754733891 states checked.
Progress: 12757857340 states checked.
Progress: 12760955055 states checked.
Progress: 12764072267 states checked.
Progress: 12767185056 states checked.
Progress: 12770297440 states checked.
Progress: 12773416628 states checked.
Progress: 12776536198 states checked.
Progress: 12779649759 states checked.
Progress: 12782763372 states checked.
Progress: 12785887235 states checked.
Progress: 12789003073 states checked.
Progress: 12792109440 states checked.
Progress: 12795226123 states checked.
Progress: 12798340198 states checked.
Progress: 12801461870 states checked.
Progress: 12804585189 states checked.
Progress: 12807701578 states checked.
Progress: 12810824388 states checked.
Progress: 12813941122 states checked.
Progress: 12817048710 states checked.
Progress: 12820164820 states checked.
Progress: 12823285578 states checked.
Progress: 12826397259 states checked.
Progress: 12829520098 states checked.
Progress: 12832636675 states checked.
Progress: 12835759253 states checked.
Progress: 12838867168 states checked.
Progress: 12841991677 states checked.
Progress: 12845114672 states checked.
Progress: 12848227763 states checked.
Progress: 12851344103 states checked.
Progress: 12854464777 states checked.
Progress: 12857583989 states checked.
Progress: 12860698427 states checked.
Progress: 12863816819 states checked.
Progress: 12866934978 states checked.
Progress: 12870045596 states checked.
Progress: 12873158959 states checked.
Progress: 12876265615 states checked.
Progress: 12879386157 states checked.
Progress: 12882506533 states checked.
Progress: 12885627383 states checked.
Progress: 12888751368 states checked.
Progress: 12891856748 states checked.
Progress: 12894972617 states checked.
Progress: 12898075817 states checked.
Progress: 12901179364 states checked.
Progress: 12904308008 states checked.
Progress: 12907426116 states checked.
Progress: 12910547807 states checked.
Progress: 12913669370 states checked.
Progress: 12916787828 states checked.
Progress: 12919904908 states checked.
Progress: 12923031271 states checked.
Progress: 12926144244 states checked.
Progress: 12929265264 states checked.
Progress: 12932391584 states checked.
Progress: 12935507340 states checked.
Progress: 12938613185 states checked.
Progress: 12941732995 states checked.
Progress: 12944855860 states checked.
Progress: 12947970587 states checked.
Progress: 12951089024 states checked.
Progress: 12954210729 states checked.
Progress: 12957315228 states checked.
Progress: 12960419589 states checked.
Progress: 12963542248 states checked.
Progress: 12966658746 states checked.
Progress: 12969774280 states checked.
Progress: 12972886769 states checked.
Progress: 12975995707 states checked.
Progress: 12979122753 states checked.
Progress: 12982240486 states checked.
Progress: 12985348669 states checked.
Progress: 12988460337 states checked.
Progress: 12991572981 states checked.
Progress: 12994688979 states checked.
Progress: 12997804195 states checked.
Progress: 13000921621 states checked.
Progress: 13004039580 states checked.
Progress: 13007163925 states checked.
Progress: 13010285327 states checked.
Progress: 13013396207 states checked.
Progress: 13016522029 states checked.
Progress: 13019631107 states checked.
Progress: 13022732104 states checked.
Progress: 13025842434 states checked.
Progress: 13028966353 states checked.
Progress: 13032076671 states checked.
Progress: 13035190746 states checked.
Progress: 13038299119 states checked.
Progress: 13041412466 states checked.
Progress: 13044530933 states checked.
Progress: 13047648929 states checked.
Progress: 13050766800 states checked.
Progress: 13053870576 states checked.
Progress: 13056994701 states checked.
Progress: 13060110234 states checked.
Progress: 13063225211 states checked.
Progress: 13066347884 states checked.
Progress: 13069458763 states checked.
Progress: 13072577630 states checked.
Progress: 13075706286 states checked.
Progress: 13078835600 states checked.
Progress: 13081946421 states checked.
Progress: 13085059482 states checked.
Progress: 13088170574 states checked.
Progress: 13091282533 states checked.
Progress: 13094392508 states checked.
Progress: 13097514180 states checked.
Progress: 13100630985 states checked.
Progress: 13103754138 states checked.
Progress: 13106864514 states checked.
Progress: 13109988521 states checked.
Progress: 13113103841 states checked.
Progress: 13116219425 states checked.
Progress: 13119336497 states checked.
Progress: 13122456261 states checked.
Progress: 13125577018 states checked.
Progress: 13128694013 states checked.
Progress: 13131793277 states checked.
Progress: 13134906688 states checked.
Progress: 13138029427 states checked.
Progress: 13141155152 states checked.
Progress: 13144273172 states checked.
Progress: 13147387662 states checked.
Progress: 13150506072 states checked.
Progress: 13153623660 states checked.
Progress: 13156742287 states checked.
Progress: 13159861156 states checked.
Progress: 13162988062 states checked.
Progress: 13166108429 states checked.
Progress: 13169219707 states checked.
Progress: 13172346868 states checked.
Progress: 13175468442 states checked.
Progress: 13178589673 states checked.
Progress: 13181719472 states checked.
Progress: 13184831307 states checked.
Progress: 13187959730 states checked.
Progress: 13191080435 states checked.
Progress: 13194209515 states checked.
Progress: 13197323882 states checked.
Progress: 13200433245 states checked.
Progress: 13203540821 states checked.
Progress: 13206658013 states checked.
Progress: 13209771759 states checked.
Progress: 13212895269 states checked.
Progress: 13216016754 states checked.
Progress: 13219135520 states checked.
Progress: 13222248352 states checked.
Progress: 13225365070 states checked.
Progress: 13228477736 states checked.
Progress: 13231588212 states checked.
Progress: 13234689155 states checked.
Progress: 13237800315 states checked.
Progress: 13240910517 states checked.
Progress: 13244026911 states checked.
Progress: 13247136689 states checked.
Progress: 13250256171 states checked.
Progress: 13253370431 states checked.
Progress: 13256481077 states checked.
Progress: 13259607834 states checked.
Progress: 13262714516 states checked.
Progress: 13265816852 states checked.
Progress: 13268945519 states checked.
Progress: 13272062077 states checked.
Progress: 13275176239 states checked.
Progress: 13278282538 states checked.
Progress: 13281400718 states checked.
Progress: 13284517855 states checked.
Progress: 13287627715 states checked.
Progress: 13290745703 states checked.
Progress: 13293865285 states checked.
Progress: 13296984288 states checked.
Progress: 13300099318 states checked.
Progress: 13303224639 states checked.
Progress: 13306335332 states checked.
Progress: 13309456053 states checked.
Progress: 13312561550 states checked.
Progress: 13315679152 states checked.
Progress: 13318790866 states checked.
Progress: 13321902662 states checked.
Progress: 13325019854 states checked.
Progress: 13328137516 states checked.
Progress: 13331252774 states checked.
Progress: 13334366706 states checked.
Progress: 13337486618 states checked.
Progress: 13340609527 states checked.
Progress: 13343710763 states checked.
Progress: 13346830611 states checked.
Progress: 13349951636 states checked.
Progress: 13353065714 states checked.
Progress: 13356189142 states checked.
Progress: 13359300330 states checked.
Progress: 13362410928 states checked.
Progress: 13365529808 states checked.
Progress: 13368644488 states checked.
Progress: 13371771967 states checked.
Progress: 13374876770 states checked.
Progress: 13378001913 states checked.
Progress: 13381112078 states checked.
Progress: 13384235331 states checked.
Progress: 13387338229 states checked.
Progress: 13390450678 states checked.
Progress: 13393566854 states checked.
Progress: 13396690087 states checked.
Progress: 13399800486 states checked.
Progress: 13402922383 states checked.
Progress: 13406041167 states checked.
Progress: 13409162051 states checked.
Progress: 13412276370 states checked.
Progress: 13415383833 states checked.
Progress: 13418490261 states checked.
Progress: 13421614857 states checked.
Progress: 13424739073 states checked.
Progress: 13427844863 states checked.
Progress: 13430956110 states checked.
Progress: 13434062179 states checked.
Progress: 13437171666 states checked.
Progress: 13440289781 states checked.
Progress: 13443400342 states checked.
Progress: 13446527670 states checked.
Progress: 13449641774 states checked.
Progress: 13452749656 states checked.
Progress: 13455851840 states checked.
Progress: 13458976055 states checked.
Progress: 13462085980 states checked.
Progress: 13465201654 states checked.
Progress: 13468328724 states checked.
Progress: 13471443242 states checked.
Progress: 13474570851 states checked.
Progress: 13477686744 states checked.
Progress: 13480800202 states checked.
Progress: 13483916125 states checked.
Progress: 13487031859 states checked.
Progress: 13490146502 states checked.
Progress: 13493263466 states checked.
Progress: 13496363983 states checked.
Progress: 13499478928 states checked.
Progress: 13502599390 states checked.
Progress: 13505726718 states checked.
Progress: 13508852896 states checked.
Progress: 13511969395 states checked.
Progress: 13515094890 states checked.
Progress: 13518212946 states checked.
Progress: 13521311084 states checked.
Progress: 13524420850 states checked.
Progress: 13527533022 states checked.
Progress: 13530634122 states checked.
Progress: 13533750621 states checked.
Progress: 13536869621 states checked.
Progress: 13539987437 states checked.
Progress: 13543111243 states checked.
Progress: 13546215311 states checked.
Progress: 13549317475 states checked.
Progress: 13552435367 states checked.
Progress: 13555555117 states checked.
Progress: 13558661466 states checked.
Progress: 13561776871 states checked.
Progress: 13564896896 states checked.
Progress: 13568014821 states checked.
Progress: 13571118991 states checked.
Progress: 13574237310 states checked.
Progress: 13577349926 states checked.
Progress: 13580482164 states checked.
Progress: 13583591467 states checked.
Progress: 13586705909 states checked.
Progress: 13589835609 states checked.
Progress: 13592956251 states checked.
Progress: 13596082670 states checked.
Progress: 13599199665 states checked.
Progress: 13602317550 states checked.
Progress: 13605426964 states checked.
Progress: 13608540508 states checked.
Progress: 13611667893 states checked.
Progress: 13614790757 states checked.
Progress: 13617908056 states checked.
Progress: 13621011847 states checked.
Progress: 13624118913 states checked.
Progress: 13627231503 states checked.
Progress: 13630335789 states checked.
Progress: 13633448424 states checked.
Progress: 13636571441 states checked.
Progress: 13639676049 states checked.
Progress: 13642793145 states checked.
Progress: 13645907382 states checked.
Progress: 13649021742 states checked.
Progress: 13652143440 states checked.
Progress: 13655264491 states checked.
Progress: 13658374395 states checked.
Progress: 13661487512 states checked.
Progress: 13664596486 states checked.
Progress: 13667700850 states checked.
Progress: 13670810814 states checked.
Progress: 13673911041 states checked.
Progress: 13677021819 states checked.
Progress: 13680142496 states checked.
Progress: 13683260641 states checked.
Progress: 13686376612 states checked.
Progress: 13689480457 states checked.
Progress: 13692603676 states checked.
Progress: 13695710482 states checked.
Progress: 13698828299 states checked.
Progress: 13701936549 states checked.
Progress: 13705046380 states checked.
Progress: 13708170794 states checked.
Progress: 13711288292 states checked.
Progress: 13714401666 states checked.
Progress: 13717521547 states checked.
Progress: 13720637711 states checked.
Progress: 13723763644 states checked.
Progress: 13726883161 states checked.
Progress: 13730011620 states checked.
Progress: 13733122423 states checked.
Progress: 13736230189 states checked.
Progress: 13739341327 states checked.
Progress: 13742445567 states checked.
Progress: 13745557970 states checked.
Progress: 13748673558 states checked.
Progress: 13751798220 states checked.
Progress: 13754910337 states checked.
Progress: 13758007500 states checked.
Progress: 13761127891 states checked.
Progress: 13764241163 states checked.
Progress: 13767366607 states checked.
Progress: 13770470340 states checked.
Progress: 13773586830 states checked.
Progress: 13776693482 states checked.
Progress: 13779805249 states checked.
Progress: 13782913212 states checked.
Progress: 13786026312 states checked.
Progress: 13789143983 states checked.
Progress: 13792263138 states checked.
Progress: 13795362985 states checked.
Progress: 13798475738 states checked.
Progress: 13801588105 states checked.
Progress: 13804716750 states checked.
Progress: 13807827117 states checked.
Progress: 13810944338 states checked.
Progress: 13814045834 states checked.
Progress: 13817163627 states checked.
Progress: 13820283413 states checked.
Progress: 13823399607 states checked.
Progress: 13826509585 states checked.
Progress: 13829617376 states checked.
Progress: 13832716388 states checked.
Progress: 13835827534 states checked.
Progress: 13838949057 states checked.
Progress: 13842071283 states checked.
Progress: 13845177815 states checked.
Progress: 13848291278 states checked.
Progress: 13851408478 states checked.
Progress: 13854520325 states checked.
Progress: 13857649761 states checked.
Progress: 13860758371 states checked.
Progress: 13863874402 states checked.
Progress: 13866985328 states checked.
Progress: 13870080544 states checked.
Progress: 13873167985 states checked.
Progress: 13876281038 states checked.
Progress: 13879416582 states checked.
Progress: 13882539577 states checked.
Progress: 13885645998 states checked.
Progress: 13888758692 states checked.
Progress: 13891880916 states checked.
Progress: 13894989373 states checked.
Progress: 13898104533 states checked.
Progress: 13901216187 states checked.
Progress: 13904323704 states checked.
Progress: 13907436435 states checked.
Progress: 13910544510 states checked.
Progress: 13913654169 states checked.
Progress: 13916767708 states checked.
Progress: 13919886807 states checked.
Progress: 13923011625 states checked.
Progress: 13926129834 states checked.
Progress: 13929254692 states checked.
Progress: 13932375385 states checked.
Progress: 13935486623 states checked.
Progress: 13938588445 states checked.
Progress: 13941687423 states checked.
Progress: 13944789601 states checked.
Progress: 13947898731 states checked.
Progress: 13951020888 states checked.
Progress: 13954147030 states checked.
Progress: 13957251373 states checked.
Progress: 13960374314 states checked.
Progress: 13963494955 states checked.
Progress: 13966609132 states checked.
Progress: 13969720881 states checked.
Progress: 13972829693 states checked.
Progress: 13975942007 states checked.
Progress: 13979064576 states checked.
Progress: 13982178824 states checked.
Progress: 13985295442 states checked.
Progress: 13988416716 states checked.
Progress: 13991535650 states checked.
Progress: 13994658348 states checked.
Progress: 13997779242 states checked.
Progress: 14000890562 states checked.
Progress: 14004004769 states checked.
Progress: 14007104413 states checked.
Progress: 14010206920 states checked.
Progress: 14013333513 states checked.
Progress: 14016447725 states checked.
Progress: 14019548363 states checked.
Progress: 14022663437 states checked.
Progress: 14025776635 states checked.
Progress: 14028894128 states checked.
Progress: 14032012196 states checked.
Progress: 14035130121 states checked.
Progress: 14038249344 states checked.
Progress: 14041365783 states checked.
Progress: 14044493764 states checked.
Progress: 14047607824 states checked.
Progress: 14050718060 states checked.
Progress: 14053827146 states checked.
Progress: 14056941471 states checked.
Progress: 14060054151 states checked.
Progress: 14063163536 states checked.
Progress: 14066277906 states checked.
Progress: 14069400550 states checked.
Progress: 14072514485 states checked.
Progress: 14075622600 states checked.
Progress: 14078736453 states checked.
Progress: 14081850199 states checked.
Progress: 14084954194 states checked.
Progress: 14088069111 states checked.
Progress: 14091188026 states checked.
Progress: 14094293091 states checked.
Progress: 14097408840 states checked.
Progress: 14100514226 states checked.
Progress: 14103623187 states checked.
Progress: 14106744921 states checked.
Progress: 14109866598 states checked.
Progress: 14112976695 states checked.
Progress: 14116089867 states checked.
Progress: 14119204864 states checked.
Progress: 14122317242 states checked.
Progress: 14125441290 states checked.
Progress: 14128562077 states checked.
Progress: 14131678708 states checked.
Progress: 14134797811 states checked.
Progress: 14137900579 states checked.
Progress: 14141016550 states checked.
Progress: 14144128838 states checked.
Progress: 14147244617 states checked.
Progress: 14150357254 states checked.
Progress: 14153468940 states checked.
Progress: 14156577507 states checked.
Progress: 14159689290 states checked.
Progress: 14162806893 states checked.
Progress: 14165924788 states checked.
Progress: 14169041837 states checked.
Progress: 14172161698 states checked.
Progress: 14175282655 states checked.
Progress: 14178393494 states checked.
Progress: 14181499795 states checked.
Progress: 14184610359 states checked.
Progress: 14187734797 states checked.
Progress: 14190852407 states checked.
Progress: 14193967820 states checked.
Progress: 14197077383 states checked.
Progress: 14200194820 states checked.
Progress: 14203307349 states checked.
Progress: 14206420930 states checked.
Progress: 14209535013 states checked.
Progress: 14212651632 states checked.
Progress: 14215758619 states checked.
Progress: 14218873000 states checked.
Progress: 14221989155 states checked.
Progress: 14225103089 states checked.
Progress: 14228215291 states checked.
Progress: 14231321029 states checked.
Progress: 14234444342 states checked.
Progress: 14237540791 states checked.
Progress: 14240656141 states checked.
Progress: 14243783331 states checked.
Progress: 14246895521 states checked.
Progress: 14249997770 states checked.
Progress: 14253105722 states checked.
Progress: 14256212527 states checked.
Progress: 14259325593 states checked.
Progress: 14262436746 states checked.
Progress: 14265552339 states checked.
Progress: 14268666521 states checked.
Progress: 14271771133 states checked.
Progress: 14274882450 states checked.
Progress: 14277993678 states checked.
Progress: 14281103406 states checked.
Progress: 14284224202 states checked.
Progress: 14287344753 states checked.
Progress: 14290455275 states checked.
Progress: 14293575296 states checked.
Progress: 14296686890 states checked.
Progress: 14299800321 states checked.
Progress: 14302916448 states checked.
Progress: 14306027614 states checked.
Progress: 14309156343 states checked.
Progress: 14312251497 states checked.
Progress: 14315378474 states checked.
Progress: 14318497153 states checked.
Progress: 14321615199 states checked.
Progress: 14324734525 states checked.
Progress: 14327852302 states checked.
Progress: 14330965210 states checked.
Progress: 14334081199 states checked.
Progress: 14337173547 states checked.
Progress: 14340289488 states checked.
Progress: 14343400385 states checked.
Progress: 14346510930 states checked.
Progress: 14349630820 states checked.
Progress: 14352733711 states checked.
Progress: 14355844592 states checked.
Progress: 14358959328 states checked.
Progress: 14362068577 states checked.
Progress: 14365196711 states checked.
Progress: 14368317519 states checked.
Progress: 14371424637 states checked.
Progress: 14374531128 states checked.
Progress: 14377647320 states checked.
Progress: 14380755127 states checked.
Progress: 14383860458 states checked.
Progress: 14386989571 states checked.
Progress: 14390098023 states checked.
Progress: 14393204927 states checked.
Progress: 14396320342 states checked.
Progress: 14399432363 states checked.
Progress: 14402554830 states checked.
Progress: 14405668698 states checked.
Progress: 14408791524 states checked.
Progress: 14411908746 states checked.
Progress: 14415019324 states checked.
Progress: 14418131681 states checked.
Progress: 14421242746 states checked.
Progress: 14424361517 states checked.
Progress: 14427483389 states checked.
Progress: 14430602613 states checked.
Progress: 14433714416 states checked.
Progress: 14436828676 states checked.
Progress: 14439948154 states checked.
Progress: 14443074580 states checked.
Progress: 14446183886 states checked.
Progress: 14449307447 states checked.
Progress: 14452414046 states checked.
Progress: 14455530248 states checked.
Progress: 14458651272 states checked.
Progress: 14461766742 states checked.
Progress: 14464880840 states checked.
Progress: 14467989068 states checked.
Progress: 14471098189 states checked.
Progress: 14474219185 states checked.
Progress: 14477340751 states checked.
Progress: 14480457674 states checked.
Progress: 14483570286 states checked.
Progress: 14486688920 states checked.
Progress: 14489796174 states checked.
Progress: 14492914184 states checked.
Progress: 14496030588 states checked.
Progress: 14499136635 states checked.
Progress: 14502265027 states checked.
Progress: 14505380055 states checked.
Progress: 14508501862 states checked.
Progress: 14511621469 states checked.
Progress: 14514732078 states checked.
Progress: 14517860274 states checked.
Progress: 14520973791 states checked.
Progress: 14524074518 states checked.
Progress: 14527191692 states checked.
Progress: 14530311264 states checked.
Progress: 14533425334 states checked.
Progress: 14536549495 states checked.
Progress: 14539667878 states checked.
Progress: 14542790962 states checked.
Progress: 14545900423 states checked.
Progress: 14549014405 states checked.
Progress: 14552124725 states checked.
Progress: 14555251222 states checked.
Progress: 14558384387 states checked.
Progress: 14561504725 states checked.
Progress: 14564613048 states checked.
Progress: 14567725189 states checked.
Progress: 14570845336 states checked.
Progress: 14573951463 states checked.
Progress: 14577067619 states checked.
Progress: 14580165027 states checked.
Progress: 14583277222 states checked.
Progress: 14586381082 states checked.
Progress: 14589479324 states checked.
Progress: 14592589862 states checked.
Progress: 14595706586 states checked.
Progress: 14598823649 states checked.
Progress: 14601929660 states checked.
Progress: 14605045115 states checked.
Progress: 14608156163 states checked.
Progress: 14611270883 states checked.
Progress: 14614381013 states checked.
Progress: 14617498078 states checked.
Progress: 14620611476 states checked.
Progress: 14623715850 states checked.
Progress: 14626829628 states checked.
Progress: 14629943813 states checked.
Progress: 14633055523 states checked.
Progress: 14636163417 states checked.
Progress: 14639282540 states checked.
Progress: 14642398634 states checked.
Progress: 14645524762 states checked.
Progress: 14648644517 states checked.
Progress: 14651754393 states checked.
Progress: 14654872112 states checked.
Progress: 14657991201 states checked.
Progress: 14661100738 states checked.
Progress: 14664214448 states checked.
Progress: 14667329200 states checked.
Progress: 14670444403 states checked.
Progress: 14673567674 states checked.
Progress: 14676686055 states checked.
Progress: 14679802861 states checked.
Progress: 14682925895 states checked.
Progress: 14686036418 states checked.
Progress: 14689150088 states checked.
Progress: 14692280496 states checked.
Progress: 14695399401 states checked.
Progress: 14698513006 states checked.
Progress: 14701634353 states checked.
Progress: 14704751451 states checked.
Progress: 14707873036 states checked.
Progress: 14710981156 states checked.
Progress: 14714102816 states checked.
Progress: 14717225091 states checked.
Progress: 14720343912 states checked.
Progress: 14723459285 states checked.
Progress: 14726586298 states checked.
Progress: 14729702594 states checked.
Progress: 14732815539 states checked.
Progress: 14735934944 states checked.
Progress: 14739050171 states checked.
Progress: 14742162419 states checked.
Progress: 14745275251 states checked.
Progress: 14748388092 states checked.
Progress: 14751504070 states checked.
Progress: 14754617641 states checked.
Progress: 14757734756 states checked.
Progress: 14760847076 states checked.
Progress: 14763972848 states checked.
Progress: 14767095894 states checked.
Progress: 14770221845 states checked.
Progress: 14773336396 states checked.
Progress: 14776455013 states checked.
Progress: 14779560736 states checked.
Progress: 14782678104 states checked.
Progress: 14785799931 states checked.
Progress: 14788919801 states checked.
Progress: 14792032665 states checked.
Progress: 14795158044 states checked.
Progress: 14798275488 states checked.
Progress: 14801387142 states checked.
Progress: 14804509184 states checked.
Progress: 14807610644 states checked.
Progress: 14810735890 states checked.
Progress: 14813847428 states checked.
Progress: 14816965090 states checked.
Progress: 14820080975 states checked.
Progress: 14823199566 states checked.
Progress: 14826319432 states checked.
Progress: 14829435839 states checked.
Progress: 14832542576 states checked.
Progress: 14835665486 states checked.
Progress: 14838779423 states checked.
Progress: 14841902956 states checked.
Progress: 14845014231 states checked.
Progress: 14848136395 states checked.
Progress: 14851254377 states checked.
Progress: 14854375488 states checked.
Progress: 14857476379 states checked.
Progress: 14860583985 states checked.
Progress: 14863700873 states checked.
Progress: 14866810581 states checked.
Progress: 14869927139 states checked.
Progress: 14873044082 states checked.
Progress: 14876163354 states checked.
Progress: 14879277194 states checked.
Progress: 14882390254 states checked.
Progress: 14885495900 states checked.
Progress: 14888611846 states checked.
Progress: 14891728991 states checked.
Progress: 14894850388 states checked.
Progress: 14897968291 states checked.
Progress: 14901085588 states checked.
Progress: 14904196199 states checked.
Progress: 14907308942 states checked.
Progress: 14910426960 states checked.
Progress: 14913541133 states checked.
Progress: 14916655381 states checked.
Progress: 14919767191 states checked.
Progress: 14922872933 states checked.
Progress: 14925976304 states checked.
Progress: 14929082513 states checked.
Progress: 14932198822 states checked.
Progress: 14935302502 states checked.
Progress: 14938432611 states checked.
Progress: 14941542756 states checked.
Progress: 14944652602 states checked.
Progress: 14947773446 states checked.
Progress: 14950895770 states checked.
Progress: 14954015774 states checked.
Progress: 14957127284 states checked.
Progress: 14960248768 states checked.
Progress: 14963361386 states checked.
Progress: 14966479093 states checked.
Progress: 14969603157 states checked.
Progress: 14972714324 states checked.
Progress: 14975839679 states checked.
Progress: 14978954122 states checked.
Progress: 14982066305 states checked.
Progress: 14985179264 states checked.
Progress: 14988299418 states checked.
Progress: 14991413400 states checked.
Progress: 14994523213 states checked.
Progress: 14997639412 states checked.
Progress: 15000760637 states checked.
Progress: 15003875197 states checked.
Progress: 15006987265 states checked.
Progress: 15010113019 states checked.
Progress: 15013231266 states checked.
Progress: 15016344551 states checked.
Progress: 15019462076 states checked.
Progress: 15022571498 states checked.
Progress: 15025691951 states checked.
Progress: 15028818738 states checked.
Progress: 15031935129 states checked.
Progress: 15035056677 states checked.
Progress: 15038166518 states checked.
Progress: 15041285024 states checked.
Progress: 15044407811 states checked.
Progress: 15047514478 states checked.
Progress: 15050624982 states checked.
Progress: 15053739954 states checked.
Progress: 15056855710 states checked.
Progress: 15059980693 states checked.
Progress: 15063089174 states checked.
Progress: 15066198169 states checked.
Progress: 15069308993 states checked.
Progress: 15072420408 states checked.
Progress: 15075551005 states checked.
Progress: 15078670709 states checked.
Progress: 15081791846 states checked.
Progress: 15084895608 states checked.
Progress: 15088010749 states checked.
Progress: 15091136856 states checked.
Progress: 15094241751 states checked.
Progress: 15097362362 states checked.
Progress: 15100469824 states checked.
Progress: 15103588212 states checked.
Progress: 15106710919 states checked.
Progress: 15109819518 states checked.
Progress: 15112928893 states checked.
Progress: 15116046132 states checked.
Progress: 15119160199 states checked.
Progress: 15122275710 states checked.
Progress: 15125390862 states checked.
Progress: 15128502423 states checked.
Progress: 15131617670 states checked.
Progress: 15134726287 states checked.
Progress: 15137827767 states checked.
Progress: 15140936013 states checked.
Progress: 15144044269 states checked.
Progress: 15147160914 states checked.
Progress: 15150272701 states checked.
Progress: 15153394119 states checked.
Progress: 15156500145 states checked.
Progress: 15159607728 states checked.
Progress: 15162717659 states checked.
Progress: 15165833667 states checked.
Progress: 15168956124 states checked.
Progress: 15172073762 states checked.
Progress: 15175196858 states checked.
Progress: 15178310825 states checked.
Progress: 15181427331 states checked.
Progress: 15184548349 states checked.
Progress: 15187665354 states checked.
Progress: 15190780597 states checked.
Progress: 15193908188 states checked.
Progress: 15197022469 states checked.
Progress: 15200142833 states checked.
Progress: 15203254057 states checked.
Progress: 15206369873 states checked.
Progress: 15209485978 states checked.
Progress: 15212607866 states checked.
Progress: 15215721484 states checked.
Progress: 15218829448 states checked.
Progress: 15221945930 states checked.
Progress: 15225063718 states checked.
Progress: 15228183850 states checked.
Progress: 15231298781 states checked.
Progress: 15234414292 states checked.
Progress: 15237536248 states checked.
Progress: 15240662842 states checked.
Progress: 15243785266 states checked.
Progress: 15246901451 states checked.
Progress: 15250006721 states checked.
Progress: 15253126711 states checked.
Progress: 15256245712 states checked.
Progress: 15259361434 states checked.
Progress: 15262473669 states checked.
Progress: 15265595971 states checked.
Progress: 15268700501 states checked.
Progress: 15271805627 states checked.
Progress: 15274915268 states checked.
Progress: 15278022605 states checked.
Progress: 15281142082 states checked.
Progress: 15284250574 states checked.
Progress: 15287362053 states checked.
Progress: 15290473951 states checked.
Progress: 15293587200 states checked.
Progress: 15296700673 states checked.
Progress: 15299817673 states checked.
Progress: 15302927173 states checked.
Progress: 15306040382 states checked.
Progress: 15309153687 states checked.
Progress: 15312266075 states checked.
Progress: 15315381368 states checked.
Progress: 15318515294 states checked.
Progress: 15321636400 states checked.
Progress: 15324750513 states checked.
Progress: 15327864850 states checked.
Progress: 15330979917 states checked.
Progress: 15334091009 states checked.
Progress: 15337200496 states checked.
Progress: 15340308376 states checked.
Progress: 15343427445 states checked.
Progress: 15346550368 states checked.
Progress: 15349665802 states checked.
Progress: 15352777807 states checked.
Progress: 15355889006 states checked.
Progress: 15359009477 states checked.
Progress: 15362126241 states checked.
Progress: 15365238252 states checked.
Progress: 15368346096 states checked.
Progress: 15371464841 states checked.
Progress: 15374577396 states checked.
Progress: 15377690506 states checked.
Progress: 15380802201 states checked.
Progress: 15383927677 states checked.
Progress: 15387041064 states checked.
Progress: 15390164946 states checked.
Progress: 15393276590 states checked.
Progress: 15396388036 states checked.
Progress: 15399499915 states checked.
Progress: 15402613359 states checked.
Progress: 15405729565 states checked.
Progress: 15408844396 states checked.
Progress: 15411955492 states checked.
Progress: 15415060966 states checked.
Progress: 15418166155 states checked.
Progress: 15421282825 states checked.
Progress: 15424380896 states checked.
Progress: 15427498958 states checked.
Progress: 15430611383 states checked.
Progress: 15433734580 states checked.
Progress: 15436853608 states checked.
Progress: 15439980211 states checked.
Progress: 15443096008 states checked.
Progress: 15446204326 states checked.
Progress: 15449326269 states checked.
Progress: 15452438948 states checked.
Progress: 15455541216 states checked.
Progress: 15458648917 states checked.
Progress: 15461767004 states checked.
Progress: 15464872675 states checked.
Progress: 15467993695 states checked.
Progress: 15471110271 states checked.
Progress: 15474215900 states checked.
Progress: 15477333044 states checked.
Progress: 15480443713 states checked.
Progress: 15483559392 states checked.
Progress: 15486677853 states checked.
Progress: 15489787967 states checked.
Progress: 15492914842 states checked.
Progress: 15496029302 states checked.
Progress: 15499145563 states checked.
Progress: 15502262719 states checked.
Progress: 15505382298 states checked.
Progress: 15508497476 states checked.
Progress: 15511608778 states checked.
Progress: 15514726575 states checked.
Progress: 15517847907 states checked.
Progress: 15520950381 states checked.
Progress: 15524056711 states checked.
Progress: 15527174139 states checked.
Progress: 15530288447 states checked.
Progress: 15533404944 states checked.
Progress: 15536515117 states checked.
Progress: 15539627643 states checked.
Progress: 15542758226 states checked.
Progress: 15545871433 states checked.
Progress: 15548972459 states checked.
Progress: 15552084549 states checked.
Progress: 15555193246 states checked.
Progress: 15558304200 states checked.
Progress: 15561425465 states checked.
Progress: 15564535416 states checked.
Progress: 15567658539 states checked.
Progress: 15570777697 states checked.
Progress: 15573888675 states checked.
Progress: 15577001230 states checked.
Progress: 15580111706 states checked.
Progress: 15583219260 states checked.
Progress: 15586318340 states checked.
Progress: 15589426909 states checked.
Progress: 15592522414 states checked.
Progress: 15595634456 states checked.
Progress: 15598733275 states checked.
Progress: 15601840257 states checked.
Progress: 15604950974 states checked.
Progress: 15608064437 states checked.
Progress: 15611178685 states checked.
Progress: 15614295354 states checked.
Progress: 15617405689 states checked.
Progress: 15620513723 states checked.
Progress: 15623625199 states checked.
Progress: 15626734039 states checked.
Progress: 15629860346 states checked.
Progress: 15632981140 states checked.
Progress: 15636105509 states checked.
Progress: 15639215997 states checked.
Progress: 15642321482 states checked.
Progress: 15645430596 states checked.
Progress: 15648546475 states checked.
Progress: 15651663588 states checked.
Progress: 15654773704 states checked.
Progress: 15657879211 states checked.
Progress: 15660990961 states checked.
Progress: 15664105539 states checked.
Progress: 15667217709 states checked.
Progress: 15670326387 states checked.
Progress: 15673442280 states checked.
Progress: 15676550796 states checked.
Progress: 15679668103 states checked.
Progress: 15682776547 states checked.
Progress: 15685896810 states checked.
Progress: 15689014491 states checked.
Progress: 15692125304 states checked.
Progress: 15695240658 states checked.
Progress: 15698350458 states checked.
Progress: 15701460665 states checked.
Progress: 15704569617 states checked.
Progress: 15707674626 states checked.
Progress: 15710777289 states checked.
Progress: 15713881400 states checked.
Progress: 15716989500 states checked.
Progress: 15720099292 states checked.
Progress: 15723210490 states checked.
Progress: 15726318289 states checked.
Progress: 15729438302 states checked.
Progress: 15732544617 states checked.
Progress: 15735662306 states checked.
Progress: 15738778834 states checked.
Progress: 15741893249 states checked.
Progress: 15744999732 states checked.
Progress: 15748115016 states checked.
Progress: 15751236136 states checked.
Progress: 15754355968 states checked.
Progress: 15757472525 states checked.
Progress: 15760570896 states checked.
Progress: 15763690579 states checked.
Progress: 15766794816 states checked.
Progress: 15769912003 states checked.
Progress: 15773026951 states checked.
Progress: 15776135432 states checked.
Progress: 15779242394 states checked.
Progress: 15782353636 states checked.
Progress: 15785471434 states checked.
Progress: 15788585739 states checked.
Progress: 15791688854 states checked.
Progress: 15794795010 states checked.
Progress: 15797907812 states checked.
Progress: 15801014781 states checked.
Progress: 15804127367 states checked.
Progress: 15807247984 states checked.
Progress: 15810372891 states checked.
Progress: 15813488082 states checked.
Progress: 15816599236 states checked.
Progress: 15819709659 states checked.
Progress: 15822813777 states checked.
Progress: 15825926297 states checked.
Progress: 15829025356 states checked.
Progress: 15832148042 states checked.
Progress: 15835260807 states checked.
Progress: 15838373209 states checked.
Progress: 15841493975 states checked.
Progress: 15844604534 states checked.
Progress: 15847711546 states checked.
Progress: 15850827828 states checked.
Progress: 15853936008 states checked.
Progress: 15857047872 states checked.
Progress: 15860153512 states checked.
Progress: 15863265107 states checked.
Progress: 15866380842 states checked.
Progress: 15869489548 states checked.
Progress: 15872606804 states checked.
Progress: 15875713867 states checked.
Progress: 15878837061 states checked.
Progress: 15881947039 states checked.
Progress: 15885059606 states checked.
Progress: 15888171050 states checked.
Progress: 15891283023 states checked.
Progress: 15894401205 states checked.
Progress: 15897514866 states checked.
Progress: 15900623533 states checked.
Progress: 15903745305 states checked.
Progress: 15906849207 states checked.
Progress: 15909972213 states checked.
Progress: 15913075863 states checked.
Progress: 15916202558 states checked.
Progress: 15919310398 states checked.
Progress: 15922432869 states checked.
Progress: 15925543334 states checked.
Progress: 15928659771 states checked.
Progress: 15931797685 states checked.
Progress: 15934906305 states checked.
Progress: 15938011719 states checked.
Progress: 15941114988 states checked.
Progress: 15944228451 states checked.
Progress: 15947331950 states checked.
Progress: 15950449241 states checked.
Progress: 15953567063 states checked.
Progress: 15956680380 states checked.
Progress: 15959794110 states checked.
Progress: 15962911142 states checked.
Progress: 15966033492 states checked.
Progress: 15969140468 states checked.
Progress: 15972254787 states checked.
Progress: 15975364764 states checked.
Progress: 15978476962 states checked.
Progress: 15981589019 states checked.
Progress: 15984691452 states checked.
Progress: 15987807947 states checked.
Progress: 15990929564 states checked.
Progress: 15994032356 states checked.
Progress: 15997130774 states checked.
Progress: 16000246086 states checked.
Progress: 16003357977 states checked.
Progress: 16006471552 states checked.
Progress: 16009575383 states checked.
Progress: 16012681812 states checked.
Progress: 16015803604 states checked.
Progress: 16018920632 states checked.
Progress: 16022041398 states checked.
Progress: 16025151089 states checked.
Progress: 16028259117 states checked.
Progress: 16031381391 states checked.
Progress: 16034503648 states checked.
Progress: 16037621235 states checked.
Progress: 16040729862 states checked.
Progress: 16043834223 states checked.
Progress: 16046942904 states checked.
Progress: 16050055171 states checked.
Progress: 16053172033 states checked.
Progress: 16056284509 states checked.
Progress: 16059395159 states checked.
Progress: 16062494909 states checked.
Progress: 16065611484 states checked.
Progress: 16068711713 states checked.
Progress: 16071825997 states checked.
Progress: 16074940770 states checked.
Progress: 16078038937 states checked.
Progress: 16081156247 states checked.
Progress: 16084278912 states checked.
Progress: 16087391374 states checked.
Progress: 16090504177 states checked.
Progress: 16093621343 states checked.
Progress: 16096739140 states checked.
Progress: 16099862248 states checked.
Progress: 16102992182 states checked.
Progress: 16106102503 states checked.
Progress: 16109207387 states checked.
Progress: 16112314107 states checked.
Progress: 16115425283 states checked.
Progress: 16118550511 states checked.
Progress: 16121657011 states checked.
Progress: 16124776515 states checked.
Progress: 16127889499 states checked.
Progress: 16130997731 states checked.
Progress: 16134113829 states checked.
Progress: 16137217583 states checked.
Progress: 16140327437 states checked.
Progress: 16143441283 states checked.
Progress: 16146549107 states checked.
Progress: 16149667272 states checked.
Progress: 16152797923 states checked.
Progress: 16155911792 states checked.
Progress: 16159030194 states checked.
Progress: 16162146690 states checked.
Progress: 16165259362 states checked.
Progress: 16168376458 states checked.
Progress: 16171483824 states checked.
Progress: 16174600504 states checked.
Progress: 16177715016 states checked.
Progress: 16180823149 states checked.
Progress: 16183935728 states checked.
Progress: 16187046158 states checked.
Progress: 16190160383 states checked.
Progress: 16193272739 states checked.
