TLC2 Version 2.19 of 08 August 2024 (rev: 5a47802)
Warning: Please run the Java VM which executes TLC with a throughput optimized garbage collector by passing the "-XX:+UseParallelGC" property.
(Use the -nowarning option to disable this warning.)
Running Random Simulation with seed 7259517637627852273 with 20 workers on 72 cores with 30208MB heap and 64MB offheap memory [pid: 375623] (Linux 6.12.69+deb13-cloud-amd64 amd64, Debian 21.0.10 x86_64).
Parsing file /home/alexandre.siret/AccordTLASpec/SpecAccord/RecoveryAndCommitSpec/AccordSpec.tla
Parsing file /tmp/TLC.tla
Parsing file /tmp/Naturals.tla
Parsing file /tmp/Sequences.tla
Parsing file /tmp/FiniteSets.tla
Semantic processing of module Naturals
Semantic processing of module Sequences
Semantic processing of module FiniteSets
Semantic processing of module TLC
Semantic processing of module AccordSpec
Starting... (2026-03-30 10:45:25)
Computed 1 initial states...
Progress: 7731763 states checked.
Progress: 15837122 states checked.
Progress: 23906631 states checked.
Progress: 31985068 states checked.
Progress: 40104656 states checked.
Progress: 48204333 states checked.
Progress: 56309021 states checked.
Progress: 64419316 states checked.
Progress: 72401855 states checked.
Progress: 79030337 states checked.
Progress: 86484438 states checked.
Progress: 94603592 states checked.
Progress: 102727899 states checked.
Progress: 110850927 states checked.
Progress: 118786812 states checked.
Progress: 125304073 states checked.
Progress: 131711711 states checked.
Progress: 138548484 states checked.
Progress: 145534668 states checked.
Progress: 153018997 states checked.
Progress: 161130871 states checked.
Progress: 169240068 states checked.
Progress: 177374908 states checked.
Progress: 185502442 states checked.
Progress: 193624963 states checked.
Progress: 201733078 states checked.
Progress: 209212655 states checked.
Progress: 215309503 states checked.
Progress: 221341151 states checked.
Progress: 227403655 states checked.
Progress: 233413036 states checked.
Progress: 239788169 states checked.
Progress: 247270038 states checked.
Progress: 255381076 states checked.
Progress: 263465356 states checked.
Progress: 271589446 states checked.
Progress: 279709226 states checked.
Progress: 287819882 states checked.
Progress: 295936332 states checked.
Progress: 304039120 states checked.
Progress: 312131024 states checked.
Progress: 320239418 states checked.
Progress: 328340765 states checked.
Progress: 336440961 states checked.
Progress: 344549895 states checked.
Progress: 352668914 states checked.
Progress: 360784545 states checked.
Progress: 368872460 states checked.
Progress: 376961976 states checked.
Progress: 385059151 states checked.
Progress: 393167260 states checked.
Progress: 401260370 states checked.
Progress: 409353102 states checked.
Progress: 417427127 states checked.
Progress: 425534818 states checked.
Progress: 433638059 states checked.
Progress: 441754882 states checked.
Progress: 449873120 states checked.
Progress: 457997421 states checked.
Progress: 466123118 states checked.
Progress: 474256854 states checked.
Progress: 482338804 states checked.
Progress: 490420370 states checked.
Progress: 498502636 states checked.
Progress: 506565087 states checked.
Progress: 514664381 states checked.
Progress: 522785634 states checked.
Progress: 530908521 states checked.
Progress: 539027484 states checked.
Progress: 547164742 states checked.
Progress: 555281594 states checked.
Progress: 563192970 states checked.
Progress: 569259762 states checked.
Progress: 575574175 states checked.
Progress: 581680092 states checked.
Progress: 587844441 states checked.
Progress: 594109278 states checked.
Progress: 600389474 states checked.
Progress: 606836401 states checked.
Progress: 613349117 states checked.
Progress: 621333163 states checked.
Progress: 629406550 states checked.
Progress: 637461303 states checked.
Progress: 645533390 states checked.
Progress: 653643504 states checked.
Progress: 661726000 states checked.
Progress: 669830160 states checked.
Progress: 677918473 states checked.
Progress: 686018278 states checked.
Progress: 694121704 states checked.
Progress: 702039735 states checked.
Progress: 708629958 states checked.
Progress: 714325945 states checked.
Progress: 720432320 states checked.
Progress: 726386211 states checked.
Progress: 732569199 states checked.
Progress: 738719607 states checked.
Progress: 745031731 states checked.
Progress: 751521833 states checked.
Progress: 758161062 states checked.
Progress: 765039590 states checked.
Progress: 772137852 states checked.
Progress: 779176016 states checked.
Progress: 786010770 states checked.
Progress: 793041829 states checked.
Progress: 799998284 states checked.
Progress: 807020787 states checked.
Progress: 813695954 states checked.
Progress: 820370312 states checked.
Progress: 826751268 states checked.
Progress: 833305109 states checked.
Progress: 839829464 states checked.
Progress: 846365927 states checked.
Progress: 853084215 states checked.
Progress: 859876539 states checked.
Progress: 866449952 states checked.
Progress: 873122576 states checked.
Progress: 880206281 states checked.
Progress: 887290439 states checked.
Progress: 894593046 states checked.
Progress: 901814009 states checked.
Progress: 909005344 states checked.
Progress: 916080483 states checked.
Progress: 923194062 states checked.
Progress: 930097841 states checked.
Progress: 936807250 states checked.
Progress: 943786667 states checked.
Progress: 950949731 states checked.
Progress: 957658201 states checked.
Progress: 964486149 states checked.
Progress: 971157738 states checked.
Progress: 978136027 states checked.
Progress: 984947750 states checked.
Progress: 991983238 states checked.
Progress: 999260601 states checked.
Progress: 1006394220 states checked.
Progress: 1013487718 states checked.
Progress: 1020409623 states checked.
Progress: 1027398747 states checked.
Progress: 1034369930 states checked.
Progress: 1041617955 states checked.
Progress: 1048909278 states checked.
Progress: 1055991913 states checked.
Progress: 1063234283 states checked.
Progress: 1070468344 states checked.
Progress: 1077515127 states checked.
Progress: 1084749322 states checked.
Progress: 1091981258 states checked.
Progress: 1099227082 states checked.
Progress: 1106514690 states checked.
Progress: 1113628680 states checked.
Progress: 1120637195 states checked.
Progress: 1127675601 states checked.
Progress: 1134776937 states checked.
Progress: 1141979841 states checked.
Progress: 1149047683 states checked.
Progress: 1156191165 states checked.
Progress: 1163428791 states checked.
Progress: 1170610318 states checked.
Progress: 1177856867 states checked.
Progress: 1184928392 states checked.
Progress: 1191984054 states checked.
Progress: 1199066347 states checked.
Progress: 1206141812 states checked.
Progress: 1213344791 states checked.
Progress: 1220640087 states checked.
Progress: 1227899743 states checked.
Progress: 1235283268 states checked.
Progress: 1242672414 states checked.
Progress: 1250190151 states checked.
Progress: 1257607360 states checked.
Progress: 1264856679 states checked.
Progress: 1272076607 states checked.
Progress: 1279389977 states checked.
Progress: 1286696309 states checked.
Progress: 1293878730 states checked.
Progress: 1301212066 states checked.
Progress: 1308618414 states checked.
Progress: 1316047828 states checked.
Progress: 1323441147 states checked.
Progress: 1330826011 states checked.
Progress: 1338217736 states checked.
Progress: 1345720033 states checked.
Progress: 1353117050 states checked.
Progress: 1360429108 states checked.
Progress: 1367817986 states checked.
Progress: 1375325201 states checked.
Progress: 1382624666 states checked.
Progress: 1389976758 states checked.
Progress: 1397322800 states checked.
Progress: 1404659766 states checked.
Progress: 1412148608 states checked.
Progress: 1419677748 states checked.
Progress: 1426914571 states checked.
Progress: 1434317294 states checked.
Progress: 1441665773 states checked.
Progress: 1449036217 states checked.
Progress: 1456430374 states checked.
Progress: 1463890509 states checked.
Progress: 1471370116 states checked.
Progress: 1478879675 states checked.
Progress: 1486161209 states checked.
Progress: 1493668826 states checked.
Progress: 1500883644 states checked.
Progress: 1508355978 states checked.
Progress: 1515798989 states checked.
Progress: 1523210109 states checked.
Progress: 1530567869 states checked.
Progress: 1537913551 states checked.
Progress: 1545310561 states checked.
Progress: 1552680406 states checked.
Progress: 1560090063 states checked.
Progress: 1567512781 states checked.
Progress: 1574906921 states checked.
Progress: 1582429799 states checked.
Progress: 1589783969 states checked.
Progress: 1597250352 states checked.
Progress: 1604821267 states checked.
Progress: 1612106422 states checked.
Progress: 1619469706 states checked.
Progress: 1626967948 states checked.
Progress: 1634459221 states checked.
Progress: 1641927587 states checked.
Progress: 1649435240 states checked.
Progress: 1656945834 states checked.
Progress: 1664556208 states checked.
Progress: 1672010590 states checked.
Progress: 1679527467 states checked.
Progress: 1687060142 states checked.
Progress: 1694523013 states checked.
Progress: 1701943898 states checked.
Progress: 1709370276 states checked.
Progress: 1717003380 states checked.
Progress: 1724436877 states checked.
Progress: 1731779279 states checked.
Progress: 1739247705 states checked.
Progress: 1746716169 states checked.
Progress: 1754237264 states checked.
Progress: 1761629208 states checked.
Progress: 1769061415 states checked.
Progress: 1776467070 states checked.
Progress: 1783868328 states checked.
Progress: 1791385990 states checked.
Progress: 1798754694 states checked.
Progress: 1806259318 states checked.
Progress: 1814054489 states checked.
Progress: 1821755459 states checked.
Progress: 1829198025 states checked.
Progress: 1836618607 states checked.
Progress: 1844166750 states checked.
Progress: 1851725309 states checked.
Progress: 1859272986 states checked.
Progress: 1866708469 states checked.
Progress: 1874224774 states checked.
Progress: 1881785505 states checked.
Progress: 1889277612 states checked.
Progress: 1896909228 states checked.
Progress: 1904299359 states checked.
Progress: 1911857846 states checked.
Progress: 1919526070 states checked.
Progress: 1926968075 states checked.
Progress: 1934769328 states checked.
Progress: 1942098214 states checked.
Progress: 1949307239 states checked.
Progress: 1956709492 states checked.
Progress: 1964121748 states checked.
Progress: 1971547971 states checked.
Progress: 1979029046 states checked.
Progress: 1986408076 states checked.
Progress: 1993904260 states checked.
Progress: 2001432945 states checked.
Progress: 2008768404 states checked.
Progress: 2016111482 states checked.
Progress: 2023530052 states checked.
Progress: 2030881824 states checked.
Progress: 2038358705 states checked.
Progress: 2045718235 states checked.
Progress: 2053142143 states checked.
Progress: 2060500452 states checked.
Progress: 2068304953 states checked.
Progress: 2076050883 states checked.
Progress: 2083658127 states checked.
Progress: 2091059828 states checked.
Progress: 2098517820 states checked.
Progress: 2105883013 states checked.
Progress: 2113325170 states checked.
Progress: 2120836279 states checked.
Progress: 2128346969 states checked.
Progress: 2135764869 states checked.
Progress: 2143133452 states checked.
Progress: 2150524433 states checked.
Progress: 2157878054 states checked.
Progress: 2165257692 states checked.
Progress: 2172688800 states checked.
Progress: 2180130384 states checked.
Progress: 2187605632 states checked.
Progress: 2195093683 states checked.
Progress: 2202444039 states checked.
Progress: 2209869615 states checked.
Progress: 2217314857 states checked.
Progress: 2224768823 states checked.
Progress: 2232363930 states checked.
Progress: 2240049225 states checked.
Progress: 2247411658 states checked.
Progress: 2254865131 states checked.
Progress: 2262435105 states checked.
Progress: 2270357635 states checked.
Progress: 2278062269 states checked.
Progress: 2285628955 states checked.
Progress: 2293279382 states checked.
Progress: 2300932402 states checked.
Progress: 2308555641 states checked.
Progress: 2315945769 states checked.
Progress: 2323376365 states checked.
Progress: 2330949143 states checked.
Progress: 2338416997 states checked.
Progress: 2345800806 states checked.
Progress: 2353199892 states checked.
Progress: 2360620518 states checked.
Progress: 2368173806 states checked.
Progress: 2375440270 states checked.
Progress: 2382631449 states checked.
Progress: 2389964050 states checked.
Progress: 2397289634 states checked.
Progress: 2404606679 states checked.
Progress: 2412078083 states checked.
Progress: 2419727766 states checked.
Progress: 2427612860 states checked.
Progress: 2435327317 states checked.
Progress: 2442926170 states checked.
Progress: 2450342796 states checked.
Progress: 2457637675 states checked.
Progress: 2464970645 states checked.
Progress: 2472425098 states checked.
Progress: 2479887302 states checked.
Progress: 2487875282 states checked.
Progress: 2495379435 states checked.
Progress: 2502810042 states checked.
Progress: 2510157974 states checked.
Progress: 2517459398 states checked.
Progress: 2524933173 states checked.
Progress: 2532427837 states checked.
Progress: 2539970906 states checked.
Progress: 2547421701 states checked.
Progress: 2554880770 states checked.
Progress: 2562098500 states checked.
Progress: 2569537349 states checked.
Progress: 2576957225 states checked.
Progress: 2584301385 states checked.
Progress: 2591695267 states checked.
Progress: 2598962076 states checked.
Progress: 2606443470 states checked.
Progress: 2614027118 states checked.
Progress: 2621775171 states checked.
Progress: 2629469266 states checked.
Progress: 2636854811 states checked.
Progress: 2644269085 states checked.
Progress: 2651645540 states checked.
Progress: 2658966981 states checked.
Progress: 2666269266 states checked.
Progress: 2673566706 states checked.
Progress: 2680914255 states checked.
Progress: 2688342011 states checked.
Progress: 2695761038 states checked.
Progress: 2703059383 states checked.
Progress: 2710496763 states checked.
Progress: 2717799610 states checked.
Progress: 2725128969 states checked.
Progress: 2732481072 states checked.
Progress: 2739708596 states checked.
Progress: 2747028363 states checked.
Progress: 2754424074 states checked.
Progress: 2761844445 states checked.
Progress: 2769076576 states checked.
Progress: 2776500986 states checked.
Progress: 2783740312 states checked.
Progress: 2791099376 states checked.
Progress: 2798499883 states checked.
Progress: 2805820405 states checked.
Progress: 2813187284 states checked.
Progress: 2820636781 states checked.
Progress: 2828073358 states checked.
Progress: 2835423480 states checked.
Progress: 2842809928 states checked.
Progress: 2850178054 states checked.
Progress: 2857553601 states checked.
Progress: 2864919074 states checked.
Progress: 2872198510 states checked.
Progress: 2879565931 states checked.
Progress: 2886798772 states checked.
Progress: 2894163085 states checked.
Progress: 2901516821 states checked.
Progress: 2908782084 states checked.
Progress: 2916133338 states checked.
Progress: 2923439137 states checked.
Progress: 2930864338 states checked.
Progress: 2938245463 states checked.
Progress: 2945577234 states checked.
Progress: 2952963395 states checked.
Progress: 2960257365 states checked.
Progress: 2967552871 states checked.
Progress: 2975203170 states checked.
Progress: 2982552521 states checked.
Progress: 2989932187 states checked.
Progress: 2997271348 states checked.
Progress: 3004617654 states checked.
Progress: 3012004647 states checked.
Progress: 3019559595 states checked.
Progress: 3026904889 states checked.
Progress: 3034410049 states checked.
Progress: 3041715339 states checked.
Progress: 3049096215 states checked.
Progress: 3056365281 states checked.
Progress: 3063796927 states checked.
Progress: 3071309495 states checked.
Progress: 3078549995 states checked.
Progress: 3085841336 states checked.
Progress: 3093037195 states checked.
Progress: 3100347151 states checked.
Progress: 3107736119 states checked.
Progress: 3115007579 states checked.
Progress: 3122253752 states checked.
Progress: 3129538732 states checked.
Progress: 3136887150 states checked.
Progress: 3144222171 states checked.
Progress: 3151518760 states checked.
Progress: 3158792382 states checked.
Progress: 3166082594 states checked.
Progress: 3173263946 states checked.
Progress: 3180503425 states checked.
Progress: 3187707861 states checked.
Progress: 3195043810 states checked.
Progress: 3202330279 states checked.
Progress: 3209679941 states checked.
Progress: 3217037460 states checked.
Progress: 3224256060 states checked.
Progress: 3231547331 states checked.
Progress: 3238846769 states checked.
Progress: 3246085390 states checked.
Progress: 3253231495 states checked.
Progress: 3260552750 states checked.
Progress: 3267911806 states checked.
Progress: 3275189204 states checked.
Progress: 3282328594 states checked.
Progress: 3289558406 states checked.
Progress: 3296760498 states checked.
Progress: 3304037589 states checked.
Progress: 3311316199 states checked.
Progress: 3318522906 states checked.
Progress: 3325823954 states checked.
Progress: 3332997950 states checked.
Progress: 3340193707 states checked.
Progress: 3347525449 states checked.
Progress: 3354719461 states checked.
Progress: 3361986287 states checked.
Progress: 3369458414 states checked.
Progress: 3376748785 states checked.
Progress: 3384159466 states checked.
Progress: 3391399614 states checked.
Progress: 3398715920 states checked.
Progress: 3405971619 states checked.
Progress: 3413218742 states checked.
Progress: 3420361221 states checked.
Progress: 3427693637 states checked.
Progress: 3434910987 states checked.
Progress: 3442218729 states checked.
Progress: 3449467583 states checked.
Progress: 3456656309 states checked.
Progress: 3463832714 states checked.
Progress: 3471145198 states checked.
Progress: 3478585691 states checked.
Progress: 3485735056 states checked.
Progress: 3492910097 states checked.
Progress: 3500109570 states checked.
Progress: 3507442969 states checked.
Progress: 3514700870 states checked.
Progress: 3521907519 states checked.
Progress: 3529135746 states checked.
Progress: 3536326667 states checked.
Progress: 3543674212 states checked.
Progress: 3550908075 states checked.
Progress: 3558052575 states checked.
Progress: 3565373649 states checked.
Progress: 3572722003 states checked.
Progress: 3579959039 states checked.
Progress: 3587056225 states checked.
Progress: 3594302215 states checked.
Progress: 3601638229 states checked.
Progress: 3608908309 states checked.
Progress: 3616300621 states checked.
Progress: 3623511677 states checked.
Progress: 3630756089 states checked.
Progress: 3638047171 states checked.
Progress: 3645354523 states checked.
Progress: 3652580457 states checked.
Progress: 3659783990 states checked.
Progress: 3666980865 states checked.
Progress: 3674259603 states checked.
Progress: 3681469416 states checked.
Progress: 3688658418 states checked.
Progress: 3695922340 states checked.
Progress: 3703162239 states checked.
Progress: 3710276937 states checked.
Progress: 3717521434 states checked.
Progress: 3724846774 states checked.
Progress: 3732080589 states checked.
Progress: 3739244487 states checked.
Progress: 3746434328 states checked.
Progress: 3753623884 states checked.
Progress: 3760879571 states checked.
Progress: 3768123763 states checked.
Progress: 3775479877 states checked.
Progress: 3782863133 states checked.
Progress: 3790095275 states checked.
Progress: 3797358191 states checked.
Progress: 3804659091 states checked.
Progress: 3811895486 states checked.
Progress: 3819263188 states checked.
Progress: 3826545063 states checked.
Progress: 3833818928 states checked.
Progress: 3841193623 states checked.
Progress: 3848407771 states checked.
Progress: 3855643823 states checked.
Progress: 3862918680 states checked.
Progress: 3870233922 states checked.
Progress: 3877612425 states checked.
Progress: 3884935437 states checked.
Progress: 3892260107 states checked.
Progress: 3899603505 states checked.
Progress: 3906877444 states checked.
Progress: 3914215075 states checked.
Progress: 3921494404 states checked.
Progress: 3928645790 states checked.
Progress: 3936010243 states checked.
Progress: 3943277625 states checked.
Progress: 3950557978 states checked.
Progress: 3957728860 states checked.
Progress: 3965015827 states checked.
Progress: 3972280712 states checked.
Progress: 3979477610 states checked.
Progress: 3986731367 states checked.
Progress: 3993905757 states checked.
Progress: 4001126981 states checked.
Progress: 4008369301 states checked.
Progress: 4015710043 states checked.
Progress: 4023300126 states checked.
Progress: 4030632803 states checked.
Progress: 4037911260 states checked.
Progress: 4045153197 states checked.
Progress: 4052353060 states checked.
Progress: 4059516547 states checked.
Progress: 4066915897 states checked.
Progress: 4074205548 states checked.
Progress: 4081418433 states checked.
Progress: 4088639021 states checked.
Progress: 4095769413 states checked.
Progress: 4102983523 states checked.
Progress: 4110210239 states checked.
Progress: 4117534518 states checked.
Progress: 4124890532 states checked.
Progress: 4132114748 states checked.
Progress: 4139460208 states checked.
Progress: 4146716922 states checked.
Progress: 4153950812 states checked.
Progress: 4161342420 states checked.
Progress: 4168628254 states checked.
Progress: 4175935941 states checked.
Progress: 4183210496 states checked.
Progress: 4190500267 states checked.
Progress: 4197796525 states checked.
Progress: 4205078303 states checked.
Progress: 4212347771 states checked.
Progress: 4219596638 states checked.
Progress: 4226783797 states checked.
Progress: 4234046288 states checked.
Progress: 4241459097 states checked.
Progress: 4248668343 states checked.
Progress: 4255961791 states checked.
Progress: 4263125165 states checked.
Progress: 4270441885 states checked.
Progress: 4277691795 states checked.
Progress: 4285065788 states checked.
Progress: 4292294196 states checked.
Progress: 4299522761 states checked.
Progress: 4306787055 states checked.
Progress: 4313982808 states checked.
Progress: 4321273684 states checked.
Progress: 4328598508 states checked.
Progress: 4335844101 states checked.
Progress: 4343092043 states checked.
Progress: 4350373447 states checked.
Progress: 4357462921 states checked.
Progress: 4364824279 states checked.
Progress: 4372088073 states checked.
Progress: 4379225728 states checked.
Progress: 4386371294 states checked.
Progress: 4393647484 states checked.
Progress: 4400973750 states checked.
Progress: 4408148930 states checked.
Progress: 4415427445 states checked.
Progress: 4422784199 states checked.
Progress: 4430218809 states checked.
Progress: 4437579748 states checked.
Progress: 4444992077 states checked.
Progress: 4452327436 states checked.
Progress: 4459743537 states checked.
Progress: 4467140400 states checked.
Progress: 4474602673 states checked.
Progress: 4482041455 states checked.
Progress: 4489591067 states checked.
Progress: 4497230595 states checked.
Progress: 4504962811 states checked.
Progress: 4512786725 states checked.
Progress: 4520780803 states checked.
Progress: 4528796218 states checked.
Progress: 4536816918 states checked.
Progress: 4544836022 states checked.
Progress: 4552936291 states checked.
Progress: 4561056762 states checked.
Progress: 4569167993 states checked.
Progress: 4577259367 states checked.
Progress: 4585368788 states checked.
Progress: 4593468646 states checked.
Progress: 4601593075 states checked.
Progress: 4609728503 states checked.
Progress: 4617862818 states checked.
Progress: 4625978695 states checked.
Progress: 4634076366 states checked.
Progress: 4642197449 states checked.
Progress: 4650294719 states checked.
Progress: 4658412333 states checked.
Progress: 4666516112 states checked.
Progress: 4674623643 states checked.
Progress: 4682734390 states checked.
Progress: 4690852384 states checked.
Progress: 4698972766 states checked.
Progress: 4707090706 states checked.
Progress: 4715223162 states checked.
Progress: 4723353331 states checked.
Progress: 4731482993 states checked.
Progress: 4739607924 states checked.
Progress: 4747729131 states checked.
Progress: 4755845717 states checked.
Progress: 4763958488 states checked.
Progress: 4772064619 states checked.
Progress: 4780174626 states checked.
Progress: 4788289761 states checked.
Progress: 4796398874 states checked.
Progress: 4804518743 states checked.
Progress: 4812627222 states checked.
Progress: 4820722977 states checked.
Progress: 4828838147 states checked.
Progress: 4836947995 states checked.
Progress: 4845062989 states checked.
Progress: 4853189955 states checked.
Progress: 4861312848 states checked.
Progress: 4869436414 states checked.
Progress: 4877557515 states checked.
Progress: 4885681540 states checked.
Progress: 4893800651 states checked.
Progress: 4901914927 states checked.
Progress: 4910039750 states checked.
Progress: 4918163856 states checked.
Progress: 4926297836 states checked.
Progress: 4934412655 states checked.
Progress: 4942527299 states checked.
Progress: 4950640735 states checked.
Progress: 4958756344 states checked.
Progress: 4966864989 states checked.
Progress: 4974978686 states checked.
Progress: 4983090425 states checked.
Progress: 4991203969 states checked.
Progress: 4999329928 states checked.
Progress: 5007439349 states checked.
Progress: 5015537512 states checked.
Progress: 5023642347 states checked.
Progress: 5031757892 states checked.
Progress: 5039868899 states checked.
Progress: 5047984983 states checked.
Progress: 5056116971 states checked.
Progress: 5064235237 states checked.
Progress: 5072370671 states checked.
Progress: 5080499526 states checked.
Progress: 5088608983 states checked.
Progress: 5096728213 states checked.
Progress: 5104853554 states checked.
Progress: 5112978990 states checked.
Progress: 5121098404 states checked.
Progress: 5129217740 states checked.
Progress: 5137341776 states checked.
Progress: 5145450800 states checked.
Progress: 5153560212 states checked.
Progress: 5161700499 states checked.
Progress: 5169828689 states checked.
Progress: 5177947538 states checked.
Progress: 5186077062 states checked.
Progress: 5194189175 states checked.
Progress: 5202305381 states checked.
Progress: 5210403464 states checked.
Progress: 5218503635 states checked.
Progress: 5226625337 states checked.
Progress: 5234767987 states checked.
Progress: 5242885314 states checked.
Progress: 5250982602 states checked.
Progress: 5259084931 states checked.
Progress: 5267219298 states checked.
Progress: 5275321986 states checked.
Progress: 5283426000 states checked.
Progress: 5291527289 states checked.
Progress: 5299622443 states checked.
Progress: 5307729827 states checked.
Progress: 5315847851 states checked.
Progress: 5323974153 states checked.
Progress: 5332089352 states checked.
Progress: 5340200468 states checked.
Progress: 5348320976 states checked.
Progress: 5356453667 states checked.
Progress: 5364579720 states checked.
Progress: 5372697243 states checked.
Progress: 5380830518 states checked.
Progress: 5388985647 states checked.
Progress: 5397117066 states checked.
Progress: 5405239908 states checked.
Progress: 5413359998 states checked.
Progress: 5421468005 states checked.
Progress: 5429586398 states checked.
Progress: 5437707526 states checked.
Progress: 5445822461 states checked.
Progress: 5453936416 states checked.
Progress: 5462061181 states checked.
Progress: 5470150844 states checked.
Progress: 5478253179 states checked.
Progress: 5486342798 states checked.
Progress: 5494435234 states checked.
Progress: 5502520203 states checked.
Progress: 5510620579 states checked.
Progress: 5518731164 states checked.
Progress: 5526833158 states checked.
Progress: 5534966757 states checked.
Progress: 5543072875 states checked.
Progress: 5551197102 states checked.
Progress: 5559338894 states checked.
Progress: 5567460242 states checked.
Progress: 5575586997 states checked.
Progress: 5583712789 states checked.
Progress: 5591839998 states checked.
Progress: 5599964767 states checked.
Progress: 5608092924 states checked.
Progress: 5616231316 states checked.
Progress: 5624379758 states checked.
Progress: 5632528033 states checked.
Progress: 5640679904 states checked.
Progress: 5648810114 states checked.
Progress: 5656926670 states checked.
Progress: 5665036891 states checked.
Progress: 5673141289 states checked.
Progress: 5681252269 states checked.
Progress: 5689379002 states checked.
Progress: 5697500178 states checked.
Progress: 5705643351 states checked.
Progress: 5713753700 states checked.
Progress: 5721866322 states checked.
Progress: 5729962400 states checked.
Progress: 5738064892 states checked.
Progress: 5746173560 states checked.
Progress: 5754278355 states checked.
Progress: 5762378903 states checked.
Progress: 5770451021 states checked.
Progress: 5778527205 states checked.
Progress: 5786609010 states checked.
Progress: 5794703509 states checked.
Progress: 5802818585 states checked.
Progress: 5810953788 states checked.
Progress: 5819093917 states checked.
Progress: 5827219748 states checked.
Progress: 5835351616 states checked.
Progress: 5843482410 states checked.
Progress: 5851617165 states checked.
Progress: 5859756698 states checked.
Progress: 5867912968 states checked.
Progress: 5876061795 states checked.
Progress: 5884201670 states checked.
Progress: 5892273391 states checked.
Progress: 5900360217 states checked.
Progress: 5908483950 states checked.
Progress: 5916638436 states checked.
Progress: 5924790085 states checked.
Progress: 5932937729 states checked.
Progress: 5941075677 states checked.
Progress: 5949199644 states checked.
Progress: 5957321338 states checked.
Progress: 5965451550 states checked.
Progress: 5973595701 states checked.
Progress: 5981741891 states checked.
Progress: 5989871338 states checked.
Progress: 5997988454 states checked.
Progress: 6006119262 states checked.
Progress: 6014253021 states checked.
Progress: 6022370387 states checked.
Progress: 6030482379 states checked.
Progress: 6038608724 states checked.
Progress: 6046738045 states checked.
Progress: 6054864899 states checked.
Progress: 6062994568 states checked.
Progress: 6071121604 states checked.
Progress: 6079236869 states checked.
Progress: 6087353991 states checked.
Progress: 6095466857 states checked.
Progress: 6103578658 states checked.
Progress: 6111678165 states checked.
Progress: 6119789067 states checked.
Progress: 6127889013 states checked.
Progress: 6135981954 states checked.
Progress: 6144082488 states checked.
Progress: 6152235309 states checked.
Progress: 6160393627 states checked.
Progress: 6168524911 states checked.
Progress: 6176662042 states checked.
Progress: 6184796593 states checked.
Progress: 6192944850 states checked.
Progress: 6201100527 states checked.
Progress: 6209245790 states checked.
Progress: 6217383189 states checked.
Progress: 6225509898 states checked.
Progress: 6233666667 states checked.
Progress: 6241815099 states checked.
Progress: 6249973476 states checked.
Progress: 6258130803 states checked.
Progress: 6266280470 states checked.
Progress: 6274434812 states checked.
Progress: 6282584354 states checked.
Progress: 6290743749 states checked.
Progress: 6298899870 states checked.
Progress: 6307059905 states checked.
Progress: 6315185623 states checked.
Progress: 6323298935 states checked.
Progress: 6331408212 states checked.
Progress: 6339536309 states checked.
Progress: 6347648070 states checked.
Progress: 6355770711 states checked.
Progress: 6363891346 states checked.
Progress: 6372004491 states checked.
Progress: 6380125853 states checked.
Progress: 6388247885 states checked.
Progress: 6396351955 states checked.
Progress: 6404464477 states checked.
Progress: 6412596222 states checked.
Progress: 6420734529 states checked.
Progress: 6428858195 states checked.
Progress: 6436997286 states checked.
Progress: 6445131513 states checked.
Progress: 6453252557 states checked.
Progress: 6461375403 states checked.
Progress: 6469498409 states checked.
Progress: 6477643998 states checked.
Progress: 6485788225 states checked.
Progress: 6493927913 states checked.
Progress: 6502076983 states checked.
Progress: 6510224723 states checked.
Progress: 6518375782 states checked.
Progress: 6526522545 states checked.
Progress: 6534647287 states checked.
Progress: 6542760302 states checked.
Progress: 6550879238 states checked.
Progress: 6559007351 states checked.
Progress: 6567127969 states checked.
Progress: 6575246123 states checked.
Progress: 6583372959 states checked.
Progress: 6591485123 states checked.
Progress: 6599602991 states checked.
Progress: 6607724807 states checked.
Progress: 6615844382 states checked.
Progress: 6623970251 states checked.
Progress: 6632106389 states checked.
Progress: 6640227872 states checked.
Progress: 6648352930 states checked.
Progress: 6656485258 states checked.
Progress: 6664608544 states checked.
Progress: 6672724687 states checked.
Progress: 6680868626 states checked.
Progress: 6689001297 states checked.
Progress: 6697128690 states checked.
Progress: 6705244686 states checked.
Progress: 6713366846 states checked.
Progress: 6721476759 states checked.
Progress: 6729606140 states checked.
Progress: 6737726804 states checked.
Progress: 6745850498 states checked.
Progress: 6753978672 states checked.
Progress: 6762108596 states checked.
Progress: 6770226832 states checked.
Progress: 6778341724 states checked.
Progress: 6786465197 states checked.
Progress: 6794587578 states checked.
Progress: 6802716311 states checked.
Progress: 6810828974 states checked.
Progress: 6818960226 states checked.
Progress: 6827098087 states checked.
Progress: 6835234685 states checked.
Progress: 6843379303 states checked.
Progress: 6851535990 states checked.
Progress: 6859687702 states checked.
Progress: 6867840746 states checked.
Progress: 6875993504 states checked.
Progress: 6884113954 states checked.
Progress: 6892248198 states checked.
Progress: 6900393636 states checked.
Progress: 6908530779 states checked.
Progress: 6916683154 states checked.
Progress: 6924843220 states checked.
Progress: 6932995373 states checked.
Progress: 6941149260 states checked.
Progress: 6949295089 states checked.
Progress: 6957438950 states checked.
Progress: 6965546479 states checked.
Progress: 6973664900 states checked.
Progress: 6981795588 states checked.
Progress: 6989912692 states checked.
Progress: 6998040126 states checked.
Progress: 7006164995 states checked.
Progress: 7014290351 states checked.
Progress: 7022420187 states checked.
Progress: 7030561685 states checked.
Progress: 7038695392 states checked.
Progress: 7046831042 states checked.
Progress: 7054970502 states checked.
Progress: 7063121197 states checked.
Progress: 7071251183 states checked.
Progress: 7079374260 states checked.
Progress: 7087522871 states checked.
Progress: 7095667113 states checked.
Progress: 7103808896 states checked.
Progress: 7111957493 states checked.
Progress: 7120107709 states checked.
Progress: 7128246745 states checked.
Progress: 7136382888 states checked.
Progress: 7144517235 states checked.
Progress: 7152650278 states checked.
Progress: 7160791370 states checked.
Progress: 7168922432 states checked.
Progress: 7177073514 states checked.
Progress: 7185228757 states checked.
Progress: 7193377115 states checked.
Progress: 7201501855 states checked.
Progress: 7209626583 states checked.
Progress: 7217763138 states checked.
Progress: 7225887981 states checked.
Progress: 7234031725 states checked.
Progress: 7242152746 states checked.
Progress: 7250266059 states checked.
Progress: 7258374490 states checked.
Progress: 7266487789 states checked.
Progress: 7274604573 states checked.
Progress: 7282721280 states checked.
Progress: 7290841364 states checked.
Progress: 7298973034 states checked.
Progress: 7307103099 states checked.
Progress: 7315241149 states checked.
Progress: 7323375689 states checked.
Progress: 7331495654 states checked.
Progress: 7339609231 states checked.
Progress: 7347735573 states checked.
Progress: 7355873810 states checked.
Progress: 7364014875 states checked.
Progress: 7372127931 states checked.
Progress: 7380241232 states checked.
Progress: 7388380359 states checked.
Progress: 7396508944 states checked.
Progress: 7404636259 states checked.
Progress: 7412772951 states checked.
Progress: 7420917975 states checked.
Progress: 7429068282 states checked.
Progress: 7437211448 states checked.
Progress: 7445355053 states checked.
Progress: 7453500269 states checked.
Progress: 7461649771 states checked.
Progress: 7469787001 states checked.
Progress: 7477927785 states checked.
Progress: 7486041311 states checked.
Progress: 7494167510 states checked.
Progress: 7502295578 states checked.
Progress: 7510440766 states checked.
Progress: 7518571775 states checked.
Progress: 7526706975 states checked.
Progress: 7534841957 states checked.
Progress: 7542957959 states checked.
Progress: 7551077208 states checked.
Progress: 7559173647 states checked.
Progress: 7567319002 states checked.
Progress: 7575474433 states checked.
Progress: 7583608468 states checked.
Progress: 7591736067 states checked.
Progress: 7599879840 states checked.
Progress: 7608019752 states checked.
Progress: 7616157296 states checked.
Progress: 7624292264 states checked.
Progress: 7632433155 states checked.
Progress: 7640573698 states checked.
Progress: 7648703044 states checked.
Progress: 7656856374 states checked.
Progress: 7664985566 states checked.
Progress: 7673105499 states checked.
Progress: 7681228033 states checked.
Progress: 7689357605 states checked.
Progress: 7697511241 states checked.
Progress: 7705653124 states checked.
Progress: 7713804576 states checked.
Progress: 7721922164 states checked.
Progress: 7730051108 states checked.
Progress: 7738178984 states checked.
Progress: 7746321062 states checked.
Progress: 7754453594 states checked.
Progress: 7762588585 states checked.
Progress: 7770734264 states checked.
Progress: 7778864394 states checked.
Progress: 7787007059 states checked.
Progress: 7795143465 states checked.
Progress: 7803279312 states checked.
Progress: 7811414336 states checked.
Progress: 7819535098 states checked.
Progress: 7827653456 states checked.
Progress: 7835801121 states checked.
Progress: 7843938633 states checked.
Progress: 7852076495 states checked.
Progress: 7860200657 states checked.
Progress: 7868331134 states checked.
Progress: 7876453281 states checked.
Progress: 7884579608 states checked.
Progress: 7892709448 states checked.
Progress: 7900855207 states checked.
Progress: 7908975301 states checked.
Progress: 7917114359 states checked.
Progress: 7925259106 states checked.
Progress: 7933402781 states checked.
Progress: 7941570896 states checked.
Progress: 7949731717 states checked.
Progress: 7957887171 states checked.
Progress: 7966044349 states checked.
Progress: 7974194990 states checked.
Progress: 7982342334 states checked.
Progress: 7990488365 states checked.
Progress: 7998619689 states checked.
Progress: 8006740301 states checked.
Progress: 8014857099 states checked.
Progress: 8022955501 states checked.
Progress: 8031093405 states checked.
Progress: 8039218452 states checked.
Progress: 8047354006 states checked.
Progress: 8055494071 states checked.
Progress: 8063640651 states checked.
Progress: 8071782298 states checked.
Progress: 8079926746 states checked.
Progress: 8088073192 states checked.
Progress: 8096227530 states checked.
Progress: 8104370226 states checked.
Progress: 8112520200 states checked.
Progress: 8120641860 states checked.
Progress: 8128779393 states checked.
Progress: 8136915055 states checked.
Progress: 8145061584 states checked.
Progress: 8153200030 states checked.
Progress: 8161347905 states checked.
Progress: 8169493236 states checked.
Progress: 8177625551 states checked.
Progress: 8185758021 states checked.
Progress: 8193875754 states checked.
Progress: 8202012193 states checked.
Progress: 8210141633 states checked.
Progress: 8218282646 states checked.
Progress: 8226425805 states checked.
Progress: 8234556521 states checked.
Progress: 8242672376 states checked.
Progress: 8250790022 states checked.
Progress: 8258916009 states checked.
Progress: 8267050048 states checked.
Progress: 8275188278 states checked.
Progress: 8283314514 states checked.
Progress: 8291427867 states checked.
Progress: 8299533731 states checked.
Progress: 8307657014 states checked.
Progress: 8315762620 states checked.
Progress: 8323865235 states checked.
Progress: 8331964395 states checked.
Progress: 8340079072 states checked.
Progress: 8348201771 states checked.
Progress: 8356322857 states checked.
Progress: 8364459108 states checked.
Progress: 8372587228 states checked.
Progress: 8380724380 states checked.
Progress: 8388844269 states checked.
Progress: 8396969254 states checked.
Progress: 8405112476 states checked.
Progress: 8413231630 states checked.
Progress: 8421329591 states checked.
Progress: 8429435936 states checked.
Progress: 8437550910 states checked.
Progress: 8445672590 states checked.
Progress: 8453788091 states checked.
Progress: 8461912696 states checked.
Progress: 8470023421 states checked.
Progress: 8478133621 states checked.
Progress: 8486227051 states checked.
Progress: 8494320956 states checked.
Progress: 8502442193 states checked.
Progress: 8510561772 states checked.
Progress: 8518669378 states checked.
Progress: 8526773221 states checked.
Progress: 8534882838 states checked.
Progress: 8543008499 states checked.
Progress: 8551123527 states checked.
Progress: 8559258043 states checked.
Progress: 8567425906 states checked.
Progress: 8575579541 states checked.
Progress: 8583716245 states checked.
Progress: 8591847350 states checked.
Progress: 8599973822 states checked.
Progress: 8608097728 states checked.
Progress: 8616214155 states checked.
Progress: 8624338597 states checked.
Progress: 8632479588 states checked.
Progress: 8640615343 states checked.
Progress: 8648744046 states checked.
Progress: 8656883235 states checked.
Progress: 8665036246 states checked.
Progress: 8673187617 states checked.
Progress: 8681337470 states checked.
Progress: 8689482909 states checked.
Progress: 8697597524 states checked.
Progress: 8705724460 states checked.
Progress: 8713842117 states checked.
Progress: 8721965158 states checked.
Progress: 8730089151 states checked.
Progress: 8738194707 states checked.
Progress: 8746324756 states checked.
Progress: 8754463180 states checked.
Progress: 8762588840 states checked.
Progress: 8770717153 states checked.
Progress: 8778846144 states checked.
Progress: 8787003949 states checked.
Progress: 8795143091 states checked.
Progress: 8803275897 states checked.
Progress: 8811395142 states checked.
Progress: 8819518589 states checked.
Progress: 8827662509 states checked.
Progress: 8835804398 states checked.
Progress: 8843933605 states checked.
Progress: 8852070508 states checked.
Progress: 8860202950 states checked.
Progress: 8868354467 states checked.
Progress: 8876498022 states checked.
Progress: 8884649129 states checked.
Progress: 8892801171 states checked.
Progress: 8900948042 states checked.
Progress: 8909076212 states checked.
Progress: 8917208300 states checked.
Progress: 8925345300 states checked.
Progress: 8933453179 states checked.
Progress: 8941559096 states checked.
Progress: 8949661334 states checked.
Progress: 8957757145 states checked.
Progress: 8965858776 states checked.
Progress: 8973996463 states checked.
Progress: 8982152671 states checked.
Progress: 8990309191 states checked.
Progress: 8998463616 states checked.
Progress: 9006620188 states checked.
Progress: 9014751269 states checked.
Progress: 9022888103 states checked.
Progress: 9030996302 states checked.
Progress: 9039118858 states checked.
Progress: 9047243571 states checked.
Progress: 9055380806 states checked.
Progress: 9063518932 states checked.
Progress: 9071651914 states checked.
Progress: 9079766098 states checked.
Progress: 9087875770 states checked.
Progress: 9095975996 states checked.
Progress: 9104084707 states checked.
Progress: 9112202553 states checked.
Progress: 9120301758 states checked.
Progress: 9128423757 states checked.
Progress: 9136541871 states checked.
Progress: 9144680796 states checked.
Progress: 9152826268 states checked.
Progress: 9160985312 states checked.
Progress: 9169142783 states checked.
Progress: 9177299506 states checked.
Progress: 9185464673 states checked.
Progress: 9193632660 states checked.
Progress: 9201783814 states checked.
Progress: 9209936042 states checked.
Progress: 9218086132 states checked.
Progress: 9226241809 states checked.
Progress: 9234343594 states checked.
Progress: 9242435514 states checked.
Progress: 9250548006 states checked.
Progress: 9258652334 states checked.
Progress: 9266777816 states checked.
Progress: 9274888445 states checked.
Progress: 9282990751 states checked.
Progress: 9291105407 states checked.
Progress: 9299236919 states checked.
Progress: 9307372411 states checked.
Progress: 9315507129 states checked.
Progress: 9323663760 states checked.
Progress: 9331815234 states checked.
Progress: 9339941332 states checked.
Progress: 9348080505 states checked.
Progress: 9356234169 states checked.
Progress: 9364382299 states checked.
Progress: 9372512245 states checked.
Progress: 9380652485 states checked.
Progress: 9388786326 states checked.
Progress: 9396903088 states checked.
Progress: 9405002426 states checked.
Progress: 9413112793 states checked.
Progress: 9421265240 states checked.
Progress: 9429431928 states checked.
Progress: 9437566637 states checked.
Progress: 9445720534 states checked.
Progress: 9453837880 states checked.
Progress: 9461937409 states checked.
Progress: 9470069380 states checked.
Progress: 9478183571 states checked.
Progress: 9486312046 states checked.
Progress: 9494435638 states checked.
Progress: 9502543348 states checked.
Progress: 9510639626 states checked.
Progress: 9518747901 states checked.
Progress: 9526858791 states checked.
Progress: 9534978079 states checked.
Progress: 9543090468 states checked.
Progress: 9551191323 states checked.
Progress: 9559321155 states checked.
Progress: 9567462588 states checked.
Progress: 9575611212 states checked.
Progress: 9583743583 states checked.
Progress: 9591872117 states checked.
Progress: 9600010843 states checked.
Progress: 9608152499 states checked.
Progress: 9616303796 states checked.
Progress: 9624440530 states checked.
Progress: 9632579665 states checked.
Progress: 9640731464 states checked.
Progress: 9648882440 states checked.
Progress: 9657033348 states checked.
Progress: 9665184651 states checked.
Progress: 9673329784 states checked.
Progress: 9681489482 states checked.
Progress: 9689643018 states checked.
Progress: 9697784361 states checked.
Progress: 9705909355 states checked.
Progress: 9714044588 states checked.
Progress: 9722180737 states checked.
Progress: 9730324499 states checked.
Progress: 9738463450 states checked.
Progress: 9746602204 states checked.
Progress: 9754729702 states checked.
Progress: 9762858623 states checked.
Progress: 9770987953 states checked.
Progress: 9779118461 states checked.
Progress: 9787240427 states checked.
Progress: 9795378873 states checked.
Progress: 9803517669 states checked.
Progress: 9811651891 states checked.
Progress: 9819786849 states checked.
Progress: 9827936473 states checked.
Progress: 9836089649 states checked.
Progress: 9844227144 states checked.
Progress: 9852382274 states checked.
Progress: 9860536683 states checked.
Progress: 9868650592 states checked.
Progress: 9876795357 states checked.
Progress: 9884932934 states checked.
Progress: 9893079909 states checked.
Progress: 9901203802 states checked.
Progress: 9909343329 states checked.
Progress: 9917463573 states checked.
Progress: 9925581164 states checked.
Progress: 9933706624 states checked.
Progress: 9941851372 states checked.
Progress: 9949989007 states checked.
Progress: 9958116735 states checked.
Progress: 9966262168 states checked.
Progress: 9974417542 states checked.
Progress: 9982563217 states checked.
Progress: 9990696740 states checked.
Progress: 9998829196 states checked.
Progress: 10006946403 states checked.
Progress: 10015093106 states checked.
Progress: 10023258365 states checked.
Progress: 10031418621 states checked.
Progress: 10039582443 states checked.
Progress: 10047730263 states checked.
Progress: 10055872388 states checked.
Progress: 10063975275 states checked.
Progress: 10072108975 states checked.
Progress: 10080233587 states checked.
Progress: 10088350878 states checked.
Progress: 10096486847 states checked.
Progress: 10104636398 states checked.
Progress: 10112776281 states checked.
Progress: 10120912894 states checked.
Progress: 10129069784 states checked.
Progress: 10137210093 states checked.
Progress: 10145363794 states checked.
Progress: 10153500281 states checked.
Progress: 10161632053 states checked.
Progress: 10169758945 states checked.
Progress: 10177875771 states checked.
Progress: 10185992332 states checked.
Progress: 10194112965 states checked.
Progress: 10202231577 states checked.
Progress: 10210337253 states checked.
Progress: 10218463654 states checked.
Progress: 10226590629 states checked.
Progress: 10234722368 states checked.
Progress: 10242861280 states checked.
Progress: 10250994382 states checked.
Progress: 10259124834 states checked.
Progress: 10267253059 states checked.
Progress: 10275379000 states checked.
Progress: 10283513697 states checked.
Progress: 10291678123 states checked.
Progress: 10299837689 states checked.
Progress: 10307968913 states checked.
Progress: 10316082333 states checked.
Progress: 10324209737 states checked.
Progress: 10332329835 states checked.
Progress: 10340456523 states checked.
Progress: 10348588135 states checked.
Progress: 10356729560 states checked.
Progress: 10364879202 states checked.
Progress: 10373023786 states checked.
Progress: 10381170452 states checked.
Progress: 10389324414 states checked.
Progress: 10397461276 states checked.
Progress: 10405588459 states checked.
Progress: 10413687401 states checked.
Progress: 10421783788 states checked.
Progress: 10429885043 states checked.
Progress: 10437969950 states checked.
Progress: 10446083496 states checked.
Progress: 10454208806 states checked.
Progress: 10462321431 states checked.
Progress: 10470460661 states checked.
Progress: 10478601380 states checked.
Progress: 10486742450 states checked.
Progress: 10494878364 states checked.
Progress: 10503019242 states checked.
Progress: 10511147960 states checked.
Progress: 10519274962 states checked.
Progress: 10527417089 states checked.
Progress: 10535521035 states checked.
Progress: 10543624071 states checked.
Progress: 10551733972 states checked.
Progress: 10559832875 states checked.
Progress: 10567935499 states checked.
Progress: 10576050704 states checked.
Progress: 10584187670 states checked.
Progress: 10592333962 states checked.
Progress: 10600471703 states checked.
Progress: 10608611889 states checked.
Progress: 10616748048 states checked.
Progress: 10624883187 states checked.
Progress: 10633024109 states checked.
Progress: 10641184702 states checked.
Progress: 10649320550 states checked.
Progress: 10657450110 states checked.
Progress: 10665605548 states checked.
Progress: 10673742989 states checked.
Progress: 10681877436 states checked.
Progress: 10690009005 states checked.
Progress: 10698135021 states checked.
Progress: 10706291105 states checked.
Progress: 10714437349 states checked.
Progress: 10722570193 states checked.
Progress: 10730722003 states checked.
Progress: 10738878209 states checked.
Progress: 10747023535 states checked.
Progress: 10755166509 states checked.
Progress: 10763276763 states checked.
Progress: 10771382447 states checked.
Progress: 10779474985 states checked.
Progress: 10787624587 states checked.
Progress: 10795757270 states checked.
Progress: 10803902087 states checked.
Progress: 10812031578 states checked.
Progress: 10820184739 states checked.
Progress: 10828321850 states checked.
Progress: 10836440982 states checked.
Progress: 10844581307 states checked.
Progress: 10852718090 states checked.
Progress: 10860875352 states checked.
Progress: 10869041428 states checked.
Progress: 10877194830 states checked.
Progress: 10885337611 states checked.
Progress: 10893469319 states checked.
Progress: 10901576156 states checked.
Progress: 10909718437 states checked.
Progress: 10917836978 states checked.
Progress: 10925945859 states checked.
Progress: 10934074460 states checked.
Progress: 10942197645 states checked.
Progress: 10950347034 states checked.
Progress: 10958507442 states checked.
Progress: 10966658493 states checked.
Progress: 10974813243 states checked.
Progress: 10982938431 states checked.
Progress: 10991045291 states checked.
Progress: 10999152306 states checked.
Progress: 11007289164 states checked.
Progress: 11015428343 states checked.
Progress: 11023559796 states checked.
Progress: 11031650545 states checked.
Progress: 11039764526 states checked.
Progress: 11047843765 states checked.
Progress: 11055939281 states checked.
Progress: 11064026947 states checked.
Progress: 11072138621 states checked.
Progress: 11080265097 states checked.
Progress: 11088380124 states checked.
Progress: 11096488332 states checked.
Progress: 11104602589 states checked.
Progress: 11112697130 states checked.
Progress: 11120800694 states checked.
Progress: 11128910702 states checked.
Progress: 11137037242 states checked.
Progress: 11145151451 states checked.
Progress: 11153250700 states checked.
Progress: 11161359171 states checked.
Progress: 11169452752 states checked.
Progress: 11177538049 states checked.
Progress: 11185640755 states checked.
Progress: 11193762232 states checked.
Progress: 11201867204 states checked.
Progress: 11209961195 states checked.
Progress: 11218074954 states checked.
Progress: 11226167956 states checked.
Progress: 11234263158 states checked.
Progress: 11242365814 states checked.
Progress: 11250466403 states checked.
Progress: 11258541178 states checked.
Progress: 11266629824 states checked.
Progress: 11274732640 states checked.
Progress: 11282840992 states checked.
Progress: 11290930957 states checked.
Progress: 11299041451 states checked.
Progress: 11307132710 states checked.
Progress: 11315227971 states checked.
Progress: 11323334795 states checked.
Progress: 11331431680 states checked.
Progress: 11339526782 states checked.
Progress: 11347604680 states checked.
Progress: 11355698911 states checked.
Progress: 11363802242 states checked.
Progress: 11371892323 states checked.
Progress: 11379968517 states checked.
Progress: 11388066457 states checked.
Progress: 11396146508 states checked.
Progress: 11404241144 states checked.
Progress: 11412341462 states checked.
Progress: 11420442612 states checked.
Progress: 11428531108 states checked.
Progress: 11436651932 states checked.
Progress: 11444763605 states checked.
Progress: 11452843242 states checked.
Progress: 11460948876 states checked.
Progress: 11469039051 states checked.
Progress: 11477139803 states checked.
Progress: 11485246860 states checked.
Progress: 11493350240 states checked.
Progress: 11501444645 states checked.
Progress: 11509532469 states checked.
Progress: 11517617721 states checked.
Progress: 11525725055 states checked.
Progress: 11533806386 states checked.
Progress: 11541888897 states checked.
Progress: 11549983977 states checked.
Progress: 11558081850 states checked.
Progress: 11566186967 states checked.
Progress: 11574266163 states checked.
Progress: 11582336529 states checked.
Progress: 11590414829 states checked.
Progress: 11598516077 states checked.
Progress: 11606615923 states checked.
Progress: 11614704373 states checked.
Progress: 11622805044 states checked.
Progress: 11630902617 states checked.
Progress: 11638996451 states checked.
Progress: 11647113927 states checked.
Progress: 11655223743 states checked.
Progress: 11663315369 states checked.
Progress: 11671408461 states checked.
Progress: 11679526872 states checked.
Progress: 11687643547 states checked.
Progress: 11695751746 states checked.
Progress: 11703848468 states checked.
Progress: 11711938318 states checked.
Progress: 11720033631 states checked.
Progress: 11728131360 states checked.
Progress: 11736244429 states checked.
Progress: 11744366916 states checked.
Progress: 11752465825 states checked.
Progress: 11760551910 states checked.
Progress: 11768653554 states checked.
Progress: 11776755785 states checked.
Progress: 11784843940 states checked.
Progress: 11792954018 states checked.
Progress: 11801084279 states checked.
Progress: 11809202115 states checked.
Progress: 11817316832 states checked.
Progress: 11825418704 states checked.
Progress: 11833540779 states checked.
Progress: 11841667961 states checked.
Progress: 11849793199 states checked.
Progress: 11857902221 states checked.
Progress: 11866008623 states checked.
Progress: 11874100497 states checked.
Progress: 11882180196 states checked.
Progress: 11890299068 states checked.
Progress: 11898394209 states checked.
Progress: 11906507846 states checked.
Progress: 11914603958 states checked.
Progress: 11922707557 states checked.
Progress: 11930824692 states checked.
Progress: 11938926414 states checked.
Progress: 11947032788 states checked.
Progress: 11955128362 states checked.
Progress: 11963236838 states checked.
Progress: 11971329867 states checked.
Progress: 11979432430 states checked.
Progress: 11987526697 states checked.
Progress: 11995646078 states checked.
Progress: 12003742566 states checked.
Progress: 12011846568 states checked.
Progress: 12019933124 states checked.
Progress: 12028022817 states checked.
Progress: 12036116647 states checked.
Progress: 12044201872 states checked.
Progress: 12052324090 states checked.
Progress: 12060437581 states checked.
Progress: 12068565243 states checked.
Progress: 12076677947 states checked.
Progress: 12084793319 states checked.
Progress: 12092927773 states checked.
Progress: 12101035214 states checked.
Progress: 12109160880 states checked.
Progress: 12117278473 states checked.
Progress: 12125394283 states checked.
Progress: 12133510276 states checked.
Progress: 12141630500 states checked.
Progress: 12149715805 states checked.
Progress: 12157809473 states checked.
Progress: 12165908842 states checked.
Progress: 12174024484 states checked.
Progress: 12182137736 states checked.
Progress: 12190223184 states checked.
Progress: 12198320559 states checked.
Progress: 12206431439 states checked.
Progress: 12214528065 states checked.
Progress: 12222639851 states checked.
Progress: 12230715508 states checked.
Progress: 12238807703 states checked.
Progress: 12246925085 states checked.
Progress: 12255045744 states checked.
Progress: 12263174531 states checked.
Progress: 12271309213 states checked.
Progress: 12279431201 states checked.
Progress: 12287499126 states checked.
Progress: 12295589385 states checked.
Progress: 12303694094 states checked.
Progress: 12311776447 states checked.
Progress: 12319866307 states checked.
Progress: 12327970894 states checked.
Progress: 12336052835 states checked.
Progress: 12344162035 states checked.
Progress: 12352246485 states checked.
Progress: 12360369491 states checked.
Progress: 12368468091 states checked.
Progress: 12376576444 states checked.
Progress: 12384674335 states checked.
Progress: 12392780792 states checked.
Progress: 12400884080 states checked.
Progress: 12408998580 states checked.
Progress: 12417119144 states checked.
Progress: 12425230247 states checked.
Progress: 12433319598 states checked.
Progress: 12441417417 states checked.
Progress: 12449523759 states checked.
Progress: 12457620046 states checked.
Progress: 12465719697 states checked.
Progress: 12473808708 states checked.
Progress: 12481907641 states checked.
Progress: 12490017698 states checked.
Progress: 12498126574 states checked.
Progress: 12506201578 states checked.
Progress: 12514315616 states checked.
Progress: 12522412227 states checked.
Progress: 12530512996 states checked.
Progress: 12538596102 states checked.
Progress: 12546677813 states checked.
Progress: 12554762567 states checked.
Progress: 12562837329 states checked.
Progress: 12570935114 states checked.
Progress: 12579042031 states checked.
Progress: 12587131262 states checked.
Progress: 12595220126 states checked.
Progress: 12603335646 states checked.
Progress: 12611443051 states checked.
Progress: 12619528129 states checked.
Progress: 12627633367 states checked.
Progress: 12635748487 states checked.
Progress: 12643850989 states checked.
Progress: 12651944372 states checked.
Progress: 12660033099 states checked.
Progress: 12668123208 states checked.
Progress: 12676223247 states checked.
Progress: 12684328123 states checked.
Progress: 12692439300 states checked.
Progress: 12700549401 states checked.
Progress: 12708668902 states checked.
Progress: 12716778644 states checked.
Progress: 12724893867 states checked.
Progress: 12733007203 states checked.
Progress: 12741120876 states checked.
Progress: 12749224117 states checked.
Progress: 12757319931 states checked.
Progress: 12765423690 states checked.
Progress: 12773513558 states checked.
Progress: 12781615872 states checked.
Progress: 12789721650 states checked.
Progress: 12797758854 states checked.
Progress: 12805835082 states checked.
Progress: 12813943562 states checked.
Progress: 12822062270 states checked.
Progress: 12830169318 states checked.
Progress: 12838278390 states checked.
Progress: 12846419101 states checked.
Progress: 12854557812 states checked.
Progress: 12862671658 states checked.
Progress: 12870801342 states checked.
Progress: 12878905465 states checked.
Progress: 12886996223 states checked.
Progress: 12895095554 states checked.
Progress: 12903203195 states checked.
Progress: 12911306487 states checked.
Progress: 12919407591 states checked.
Progress: 12927507446 states checked.
Progress: 12935623159 states checked.
Progress: 12943747505 states checked.
Progress: 12951841052 states checked.
Progress: 12959968076 states checked.
Progress: 12968069191 states checked.
Progress: 12976174405 states checked.
Progress: 12984283877 states checked.
Progress: 12992372829 states checked.
Progress: 13000473800 states checked.
Progress: 13008576782 states checked.
Progress: 13016688883 states checked.
Progress: 13024812720 states checked.
Progress: 13032924577 states checked.
Progress: 13041041410 states checked.
Progress: 13049160648 states checked.
Progress: 13057238365 states checked.
Progress: 13065317736 states checked.
Progress: 13073408618 states checked.
Progress: 13081471694 states checked.
Progress: 13089586964 states checked.
Progress: 13097702828 states checked.
Progress: 13105813721 states checked.
Progress: 13113893333 states checked.
Progress: 13122003401 states checked.
Progress: 13130124826 states checked.
Progress: 13138239883 states checked.
Progress: 13146349891 states checked.
Progress: 13154456582 states checked.
Progress: 13162555484 states checked.
Progress: 13170667359 states checked.
Progress: 13178780658 states checked.
Progress: 13186897033 states checked.
Progress: 13195014074 states checked.
Progress: 13203130994 states checked.
Progress: 13211234476 states checked.
Progress: 13219353197 states checked.
Progress: 13227476795 states checked.
Progress: 13235588119 states checked.
Progress: 13243705456 states checked.
Progress: 13251825364 states checked.
Progress: 13259945055 states checked.
Progress: 13268059498 states checked.
Progress: 13276173483 states checked.
Progress: 13284273657 states checked.
Progress: 13292383071 states checked.
Progress: 13300495737 states checked.
Progress: 13308612500 states checked.
Progress: 13316718809 states checked.
Progress: 13324831788 states checked.
Progress: 13332923218 states checked.
Progress: 13341004319 states checked.
Progress: 13349095275 states checked.
Progress: 13357204573 states checked.
Progress: 13365331659 states checked.
Progress: 13373429400 states checked.
Progress: 13381548331 states checked.
Progress: 13389654013 states checked.
Progress: 13397781940 states checked.
Progress: 13405906961 states checked.
Progress: 13414005523 states checked.
Progress: 13422109508 states checked.
Progress: 13430234191 states checked.
Progress: 13438349059 states checked.
Progress: 13446469419 states checked.
Progress: 13454602719 states checked.
Progress: 13462714907 states checked.
Progress: 13470831232 states checked.
Progress: 13478948460 states checked.
Progress: 13487068532 states checked.
Progress: 13495211397 states checked.
Progress: 13503333354 states checked.
Progress: 13511454444 states checked.
Progress: 13519571839 states checked.
Progress: 13527695797 states checked.
Progress: 13535830327 states checked.
Progress: 13543963882 states checked.
Progress: 13552064059 states checked.
Progress: 13560180598 states checked.
Progress: 13568287682 states checked.
Progress: 13576401943 states checked.
Progress: 13584516740 states checked.
Progress: 13592623805 states checked.
Progress: 13600733953 states checked.
Progress: 13608841630 states checked.
Progress: 13616942248 states checked.
Progress: 13625029744 states checked.
Progress: 13633119072 states checked.
Progress: 13641200877 states checked.
Progress: 13649310802 states checked.
Progress: 13657415971 states checked.
Progress: 13665522093 states checked.
Progress: 13673616226 states checked.
Progress: 13681725071 states checked.
Progress: 13689821805 states checked.
Progress: 13697927061 states checked.
Progress: 13706020769 states checked.
Progress: 13714130786 states checked.
Progress: 13722252485 states checked.
Progress: 13730365436 states checked.
Progress: 13738478765 states checked.
Progress: 13746581996 states checked.
Progress: 13754687877 states checked.
Progress: 13762782618 states checked.
Progress: 13770919167 states checked.
Progress: 13779065529 states checked.
Progress: 13787201608 states checked.
Progress: 13795325275 states checked.
Progress: 13803447547 states checked.
Progress: 13811573967 states checked.
Progress: 13819661894 states checked.
Progress: 13827794259 states checked.
Progress: 13835908451 states checked.
Progress: 13844045126 states checked.
Progress: 13852162281 states checked.
Progress: 13860294767 states checked.
Progress: 13868424307 states checked.
Progress: 13876521935 states checked.
Progress: 13884631315 states checked.
Progress: 13892780789 states checked.
Progress: 13900911186 states checked.
Progress: 13909020652 states checked.
Progress: 13917138836 states checked.
Progress: 13925261153 states checked.
Progress: 13933392178 states checked.
Progress: 13941519052 states checked.
Progress: 13949639016 states checked.
Progress: 13957758534 states checked.
Progress: 13965874019 states checked.
Progress: 13973993330 states checked.
Progress: 13982095953 states checked.
Progress: 13990214935 states checked.
Progress: 13998337256 states checked.
Progress: 14006473679 states checked.
Progress: 14014604179 states checked.
Progress: 14022703733 states checked.
Progress: 14030813539 states checked.
Progress: 14038915965 states checked.
Progress: 14047024555 states checked.
Progress: 14055134701 states checked.
Progress: 14063226727 states checked.
Progress: 14071310049 states checked.
Progress: 14079399356 states checked.
Progress: 14087509641 states checked.
Progress: 14095596804 states checked.
Progress: 14103693731 states checked.
Progress: 14111793052 states checked.
Progress: 14119920685 states checked.
Progress: 14128037155 states checked.
Progress: 14136127494 states checked.
Progress: 14144237110 states checked.
Progress: 14152343646 states checked.
Progress: 14160448532 states checked.
Progress: 14168542234 states checked.
Progress: 14176641772 states checked.
Progress: 14184736423 states checked.
Progress: 14192835476 states checked.
Progress: 14200937631 states checked.
Progress: 14209054582 states checked.
Progress: 14217151699 states checked.
Progress: 14225268572 states checked.
Progress: 14233371271 states checked.
Progress: 14241469109 states checked.
Progress: 14249578780 states checked.
Progress: 14257688676 states checked.
Progress: 14265806538 states checked.
Progress: 14273917502 states checked.
Progress: 14282033152 states checked.
Progress: 14290124525 states checked.
Progress: 14298228122 states checked.
Progress: 14306334008 states checked.
Progress: 14314454698 states checked.
Progress: 14322581923 states checked.
Progress: 14330696989 states checked.
Progress: 14338793407 states checked.
Progress: 14346886115 states checked.
Progress: 14354959618 states checked.
Progress: 14363054925 states checked.
Progress: 14371140386 states checked.
Progress: 14379213493 states checked.
Progress: 14387314937 states checked.
Progress: 14395401460 states checked.
Progress: 14403473640 states checked.
Progress: 14411571355 states checked.
Progress: 14419671305 states checked.
Progress: 14427781847 states checked.
Progress: 14435877656 states checked.
Progress: 14443976020 states checked.
Progress: 14452077399 states checked.
Progress: 14460195731 states checked.
Progress: 14468313984 states checked.
Progress: 14476418225 states checked.
Progress: 14484548461 states checked.
Progress: 14492677280 states checked.
Progress: 14500819850 states checked.
Progress: 14508953264 states checked.
Progress: 14517070249 states checked.
Progress: 14525200643 states checked.
Progress: 14533298488 states checked.
Progress: 14541413655 states checked.
Progress: 14549522451 states checked.
Progress: 14557669332 states checked.
Progress: 14565793154 states checked.
Progress: 14573907315 states checked.
Progress: 14582028941 states checked.
Progress: 14590156595 states checked.
Progress: 14598278089 states checked.
Progress: 14606405028 states checked.
Progress: 14614529517 states checked.
Progress: 14622649192 states checked.
Progress: 14630760898 states checked.
Progress: 14638850172 states checked.
Progress: 14646969102 states checked.
Progress: 14655064694 states checked.
Progress: 14663169111 states checked.
Progress: 14671293134 states checked.
Progress: 14679406904 states checked.
Progress: 14687522582 states checked.
Progress: 14695631014 states checked.
Progress: 14703745195 states checked.
Progress: 14711857856 states checked.
Progress: 14719978647 states checked.
Progress: 14728104703 states checked.
Progress: 14736196106 states checked.
Progress: 14744304301 states checked.
Progress: 14752437236 states checked.
Progress: 14760551712 states checked.
Progress: 14768673188 states checked.
Progress: 14776791237 states checked.
Progress: 14784911442 states checked.
Progress: 14793031827 states checked.
Progress: 14801140735 states checked.
Progress: 14809227169 states checked.
Progress: 14817343471 states checked.
Progress: 14825471303 states checked.
Progress: 14833570963 states checked.
Progress: 14841683052 states checked.
Progress: 14849809549 states checked.
Progress: 14857902121 states checked.
Progress: 14866005157 states checked.
Progress: 14874090436 states checked.
Progress: 14882210595 states checked.
Progress: 14890307012 states checked.
Progress: 14898413653 states checked.
Progress: 14906517947 states checked.
Progress: 14914617069 states checked.
Progress: 14922738430 states checked.
Progress: 14930874858 states checked.
Progress: 14939005136 states checked.
Progress: 14947123328 states checked.
Progress: 14955238234 states checked.
Progress: 14963356621 states checked.
Progress: 14971489573 states checked.
Progress: 14979608833 states checked.
Progress: 14987711215 states checked.
Progress: 14995814951 states checked.
Progress: 15003943037 states checked.
Progress: 15012054184 states checked.
Progress: 15020167711 states checked.
Progress: 15028277157 states checked.
Progress: 15036359518 states checked.
Progress: 15044466420 states checked.
Progress: 15052566478 states checked.
Progress: 15060637014 states checked.
Progress: 15068725306 states checked.
Progress: 15076819959 states checked.
Progress: 15084905337 states checked.
Progress: 15093003870 states checked.
Progress: 15101107872 states checked.
Progress: 15109202892 states checked.
Progress: 15117312673 states checked.
Progress: 15125409486 states checked.
Progress: 15133502743 states checked.
Progress: 15141608703 states checked.
Progress: 15149682764 states checked.
Progress: 15157755571 states checked.
Progress: 15165862935 states checked.
Progress: 15173962676 states checked.
Progress: 15182071982 states checked.
Progress: 15190160749 states checked.
Progress: 15198267781 states checked.
Progress: 15206364637 states checked.
Progress: 15214459755 states checked.
Progress: 15222561295 states checked.
Progress: 15230641863 states checked.
Progress: 15238716329 states checked.
Progress: 15246818393 states checked.
Progress: 15254924317 states checked.
Progress: 15263033577 states checked.
Progress: 15271105254 states checked.
Progress: 15279200817 states checked.
Progress: 15287296580 states checked.
Progress: 15295386230 states checked.
Progress: 15303482916 states checked.
Progress: 15311595301 states checked.
Progress: 15319704024 states checked.
Progress: 15327793576 states checked.
Progress: 15335899648 states checked.
Progress: 15344017788 states checked.
Progress: 15352129472 states checked.
Progress: 15360211768 states checked.
Progress: 15368293525 states checked.
Progress: 15376380641 states checked.
Progress: 15384479720 states checked.
Progress: 15392588873 states checked.
Progress: 15400701741 states checked.
Progress: 15408811902 states checked.
Progress: 15416909490 states checked.
Progress: 15425013405 states checked.
Progress: 15433125389 states checked.
Progress: 15441260690 states checked.
Progress: 15449388860 states checked.
Progress: 15457511243 states checked.
Progress: 15465598955 states checked.
Progress: 15473711704 states checked.
Progress: 15481804969 states checked.
Progress: 15489892086 states checked.
Progress: 15498002022 states checked.
Progress: 15506106513 states checked.
Progress: 15514188189 states checked.
Progress: 15522296816 states checked.
Progress: 15530378499 states checked.
Progress: 15538463613 states checked.
Progress: 15546575865 states checked.
Progress: 15554688963 states checked.
Progress: 15562786652 states checked.
Progress: 15570890953 states checked.
Progress: 15578999569 states checked.
Progress: 15587108226 states checked.
Progress: 15595201196 states checked.
Progress: 15603303018 states checked.
Progress: 15611380584 states checked.
Progress: 15619458094 states checked.
Progress: 15627561905 states checked.
Progress: 15635658313 states checked.
Progress: 15643748253 states checked.
Progress: 15651828901 states checked.
Progress: 15659923204 states checked.
Progress: 15668029894 states checked.
Progress: 15676145916 states checked.
Progress: 15684252189 states checked.
Progress: 15692379920 states checked.
Progress: 15700491040 states checked.
Progress: 15708604591 states checked.
Progress: 15716724958 states checked.
Progress: 15724837974 states checked.
Progress: 15732943947 states checked.
Progress: 15741052257 states checked.
Progress: 15749153331 states checked.
Progress: 15757261278 states checked.
Progress: 15765373463 states checked.
Progress: 15773492380 states checked.
Progress: 15781609077 states checked.
Progress: 15789730398 states checked.
Progress: 15797835389 states checked.
Progress: 15805941441 states checked.
Progress: 15814036514 states checked.
Progress: 15822148141 states checked.
Progress: 15830257785 states checked.
Progress: 15838356667 states checked.
Progress: 15846463990 states checked.
Progress: 15854565645 states checked.
Progress: 15862654550 states checked.
Progress: 15870758768 states checked.
Progress: 15878866838 states checked.
Progress: 15886975794 states checked.
Progress: 15895055624 states checked.
Progress: 15903127534 states checked.
Progress: 15911211258 states checked.
Progress: 15919280766 states checked.
Progress: 15927376939 states checked.
Progress: 15935489746 states checked.
Progress: 15943617940 states checked.
Progress: 15951721672 states checked.
Progress: 15959819713 states checked.
Progress: 15967931103 states checked.
Progress: 15976039525 states checked.
Progress: 15984142037 states checked.
Progress: 15992247373 states checked.
Progress: 16000340424 states checked.
Progress: 16008448216 states checked.
Progress: 16016556415 states checked.
Progress: 16024647730 states checked.
Progress: 16032769030 states checked.
Progress: 16040850533 states checked.
Progress: 16048931109 states checked.
Progress: 16057018031 states checked.
Progress: 16065115873 states checked.
Progress: 16073237235 states checked.
Progress: 16081341986 states checked.
Progress: 16089436932 states checked.
Progress: 16097533412 states checked.
Progress: 16105629194 states checked.
Progress: 16113729918 states checked.
Progress: 16121818802 states checked.
Progress: 16129907977 states checked.
Progress: 16138010880 states checked.
Progress: 16146095206 states checked.
Progress: 16154187405 states checked.
Progress: 16162297479 states checked.
Progress: 16170417641 states checked.
Progress: 16178516683 states checked.
Progress: 16186617128 states checked.
Progress: 16194720040 states checked.
Progress: 16202836027 states checked.
Progress: 16210919957 states checked.
Progress: 16219015104 states checked.
Progress: 16227103330 states checked.
Progress: 16235193583 states checked.
Progress: 16243312907 states checked.
Progress: 16251417174 states checked.
Progress: 16259519289 states checked.
Progress: 16267628694 states checked.
Progress: 16275748503 states checked.
Progress: 16283862793 states checked.
Progress: 16291971257 states checked.
Progress: 16300077850 states checked.
Progress: 16308183055 states checked.
Progress: 16316288697 states checked.
Progress: 16324387334 states checked.
Progress: 16332493072 states checked.
Progress: 16340587937 states checked.
Progress: 16348712243 states checked.
Progress: 16356839507 states checked.
Progress: 16364954213 states checked.
Progress: 16373062548 states checked.
Progress: 16381161056 states checked.
Progress: 16389239370 states checked.
Progress: 16397325513 states checked.
Progress: 16405414388 states checked.
Progress: 16413465526 states checked.
Progress: 16421529438 states checked.
Progress: 16429627612 states checked.
Progress: 16437742423 states checked.
Progress: 16445845317 states checked.
Progress: 16453944937 states checked.
Progress: 16462042159 states checked.
Progress: 16470151039 states checked.
Progress: 16478254055 states checked.
Progress: 16486293964 states checked.
Progress: 16494361084 states checked.
Progress: 16502420592 states checked.
Progress: 16510530083 states checked.
Progress: 16518625312 states checked.
Progress: 16526737063 states checked.
Progress: 16534846255 states checked.
Progress: 16542950373 states checked.
Progress: 16551058375 states checked.
Progress: 16559160060 states checked.
Progress: 16567263192 states checked.
Progress: 16575364825 states checked.
Progress: 16583470008 states checked.
Progress: 16591577641 states checked.
Progress: 16599680828 states checked.
Progress: 16607782107 states checked.
Progress: 16615890057 states checked.
Progress: 16623994312 states checked.
Progress: 16632088765 states checked.
Progress: 16640185465 states checked.
Progress: 16648295074 states checked.
Progress: 16656390883 states checked.
Progress: 16664505375 states checked.
Progress: 16672614576 states checked.
Progress: 16680727759 states checked.
Progress: 16688836663 states checked.
Progress: 16696967693 states checked.
Progress: 16705073506 states checked.
Progress: 16713179074 states checked.
Progress: 16721306699 states checked.
Progress: 16729406513 states checked.
Progress: 16737521037 states checked.
Progress: 16745651346 states checked.
Progress: 16753769569 states checked.
Progress: 16761885092 states checked.
Progress: 16769975403 states checked.
Progress: 16778080721 states checked.
Progress: 16786181723 states checked.
Progress: 16794268215 states checked.
Progress: 16802376147 states checked.
Progress: 16810494811 states checked.
Progress: 16818597871 states checked.
Progress: 16826718924 states checked.
Progress: 16834835754 states checked.
Progress: 16842931518 states checked.
Progress: 16851015429 states checked.
Progress: 16859106345 states checked.
Progress: 16867215599 states checked.
Progress: 16875312867 states checked.
Progress: 16883380000 states checked.
Progress: 16891474969 states checked.
Progress: 16899572858 states checked.
Progress: 16907640232 states checked.
Progress: 16915702607 states checked.
Progress: 16923779340 states checked.
Progress: 16931867250 states checked.
Progress: 16939958580 states checked.
Progress: 16948045106 states checked.
Progress: 16956135900 states checked.
Progress: 16964224379 states checked.
Progress: 16972331353 states checked.
Progress: 16980422958 states checked.
Progress: 16988504879 states checked.
Progress: 16996593110 states checked.
Progress: 17004691514 states checked.
Progress: 17012809759 states checked.
Progress: 17020913387 states checked.
Progress: 17028999181 states checked.
Progress: 17037081781 states checked.
Progress: 17045175773 states checked.
Progress: 17053281380 states checked.
Progress: 17061390246 states checked.
Progress: 17069500211 states checked.
Progress: 17077583924 states checked.
Progress: 17085669345 states checked.
Progress: 17093759139 states checked.
Progress: 17101859928 states checked.
Progress: 17109969543 states checked.
Progress: 17118083046 states checked.
Progress: 17126181485 states checked.
Progress: 17134290570 states checked.
Progress: 17142389465 states checked.
Progress: 17150500920 states checked.
Progress: 17158614489 states checked.
Progress: 17166721645 states checked.
Progress: 17174823420 states checked.
Progress: 17182936349 states checked.
Progress: 17191042127 states checked.
Progress: 17199169105 states checked.
Progress: 17207291231 states checked.
Progress: 17215416921 states checked.
Progress: 17223531279 states checked.
Progress: 17231637649 states checked.
Progress: 17239729257 states checked.
Progress: 17247829540 states checked.
Progress: 17255923472 states checked.
Progress: 17264021544 states checked.
Progress: 17272121301 states checked.
Progress: 17280210126 states checked.
Progress: 17288306332 states checked.
Progress: 17296395777 states checked.
Progress: 17304488637 states checked.
Progress: 17312598203 states checked.
Progress: 17320714555 states checked.
Progress: 17328840581 states checked.
Progress: 17336954487 states checked.
Progress: 17345058407 states checked.
Progress: 17353158613 states checked.
Progress: 17361280512 states checked.
Progress: 17369393693 states checked.
Progress: 17377490285 states checked.
Progress: 17385602992 states checked.
Progress: 17393729960 states checked.
Progress: 17401858523 states checked.
Progress: 17409975603 states checked.
Progress: 17418059317 states checked.
Progress: 17426162814 states checked.
Progress: 17434264093 states checked.
Progress: 17442356659 states checked.
Progress: 17450450379 states checked.
Progress: 17458543559 states checked.
Progress: 17466630437 states checked.
Progress: 17474711346 states checked.
Progress: 17482806626 states checked.
Progress: 17490917027 states checked.
Progress: 17499028764 states checked.
Progress: 17507135701 states checked.
Progress: 17515253096 states checked.
Progress: 17523379880 states checked.
Progress: 17531491188 states checked.
Progress: 17539605926 states checked.
Progress: 17547728342 states checked.
Progress: 17555834992 states checked.
Progress: 17563921705 states checked.
Progress: 17572023865 states checked.
Progress: 17580125815 states checked.
Progress: 17588238382 states checked.
Progress: 17596344465 states checked.
Progress: 17604450084 states checked.
Progress: 17612561852 states checked.
Progress: 17620668257 states checked.
Progress: 17628776183 states checked.
Progress: 17636887560 states checked.
Progress: 17645001469 states checked.
Progress: 17653105585 states checked.
Progress: 17661238885 states checked.
Progress: 17669357770 states checked.
Progress: 17677460871 states checked.
Progress: 17685592065 states checked.
Progress: 17693716902 states checked.
Progress: 17701851682 states checked.
Progress: 17709980420 states checked.
Progress: 17718087149 states checked.
Progress: 17726192083 states checked.
Progress: 17734277490 states checked.
Progress: 17742386709 states checked.
Progress: 17750485212 states checked.
Progress: 17758604746 states checked.
Progress: 17766716805 states checked.
Progress: 17774842130 states checked.
Progress: 17782971523 states checked.
Progress: 17791090204 states checked.
Progress: 17799199190 states checked.
Progress: 17807314480 states checked.
Progress: 17815432582 states checked.
Progress: 17823564829 states checked.
Progress: 17831701125 states checked.
Progress: 17839828576 states checked.
Progress: 17847941867 states checked.
Progress: 17856059580 states checked.
Progress: 17864163464 states checked.
Progress: 17872264045 states checked.
Progress: 17880381323 states checked.
Progress: 17888495638 states checked.
Progress: 17896604433 states checked.
Progress: 17904717041 states checked.
Progress: 17912845481 states checked.
Progress: 17920953117 states checked.
Progress: 17929043687 states checked.
Progress: 17937137077 states checked.
Progress: 17945227220 states checked.
Progress: 17953316771 states checked.
Progress: 17961401696 states checked.
Progress: 17969488176 states checked.
Progress: 17977572673 states checked.
Progress: 17985651381 states checked.
Progress: 17993747109 states checked.
Progress: 18001855951 states checked.
Progress: 18009960153 states checked.
Progress: 18018072693 states checked.
Progress: 18026174596 states checked.
Progress: 18034264607 states checked.
Progress: 18042360596 states checked.
Progress: 18050467589 states checked.
Progress: 18058575374 states checked.
Progress: 18066672643 states checked.
Progress: 18074774900 states checked.
Progress: 18082883941 states checked.
Progress: 18090986989 states checked.
Progress: 18099098952 states checked.
Progress: 18107207048 states checked.
Progress: 18115303963 states checked.
Progress: 18123430076 states checked.
Progress: 18131539092 states checked.
Progress: 18139651795 states checked.
Progress: 18147759314 states checked.
Progress: 18155878415 states checked.
Progress: 18164004086 states checked.
Progress: 18172129035 states checked.
Progress: 18180253189 states checked.
Progress: 18188372671 states checked.
Progress: 18196506049 states checked.
Progress: 18204620649 states checked.
Progress: 18212734472 states checked.
Progress: 18220853971 states checked.
Progress: 18228982325 states checked.
Progress: 18237100743 states checked.
Progress: 18245230771 states checked.
Progress: 18253366065 states checked.
Progress: 18261487495 states checked.
Progress: 18269599506 states checked.
Progress: 18277714032 states checked.
Progress: 18285839507 states checked.
Progress: 18293965914 states checked.
Progress: 18302076613 states checked.
Progress: 18310181270 states checked.
Progress: 18318275489 states checked.
Progress: 18326372995 states checked.
Progress: 18334490513 states checked.
Progress: 18342594144 states checked.
Progress: 18350699386 states checked.
Progress: 18358814912 states checked.
Progress: 18366917660 states checked.
Progress: 18375008748 states checked.
Progress: 18383091837 states checked.
Progress: 18391173861 states checked.
Progress: 18399280650 states checked.
Progress: 18407409246 states checked.
Progress: 18415517262 states checked.
Progress: 18423637027 states checked.
Progress: 18431740103 states checked.
Progress: 18439853644 states checked.
Progress: 18447939582 states checked.
Progress: 18456032392 states checked.
Progress: 18464156499 states checked.
Progress: 18472265295 states checked.
Progress: 18480341141 states checked.
Progress: 18488465776 states checked.
Progress: 18496579118 states checked.
Progress: 18504700683 states checked.
Progress: 18512812376 states checked.
Progress: 18520934087 states checked.
Progress: 18529053701 states checked.
Progress: 18537159614 states checked.
Progress: 18545275855 states checked.
Progress: 18553379445 states checked.
Progress: 18561489847 states checked.
Progress: 18569571997 states checked.
Progress: 18577682366 states checked.
Progress: 18585792582 states checked.
Progress: 18593905819 states checked.
Progress: 18602007062 states checked.
Progress: 18610106466 states checked.
Progress: 18618205992 states checked.
Progress: 18626308461 states checked.
Progress: 18634436343 states checked.
Progress: 18642588421 states checked.
Progress: 18650717462 states checked.
Progress: 18658833736 states checked.
Progress: 18666958102 states checked.
Progress: 18675075027 states checked.
Progress: 18683174187 states checked.
Progress: 18691311515 states checked.
Progress: 18699425018 states checked.
Progress: 18707538355 states checked.
Progress: 18715657983 states checked.
Progress: 18723768693 states checked.
Progress: 18731867885 states checked.
Progress: 18739977803 states checked.
Progress: 18748094727 states checked.
Progress: 18756208968 states checked.
Progress: 18764313594 states checked.
Progress: 18772443946 states checked.
Progress: 18780553021 states checked.
Progress: 18788652557 states checked.
Progress: 18796774679 states checked.
Progress: 18804895028 states checked.
Progress: 18813013136 states checked.
Progress: 18821168083 states checked.
Progress: 18829307885 states checked.
Progress: 18837434238 states checked.
Progress: 18845546354 states checked.
Progress: 18853659158 states checked.
Progress: 18861784528 states checked.
Progress: 18869906188 states checked.
Progress: 18878016659 states checked.
Progress: 18886104731 states checked.
Progress: 18894194870 states checked.
Progress: 18902299608 states checked.
Progress: 18910429868 states checked.
Progress: 18918508506 states checked.
Progress: 18926541872 states checked.
Progress: 18934581355 states checked.
Progress: 18942615080 states checked.
Progress: 18950642137 states checked.
Progress: 18958718797 states checked.
Progress: 18966835356 states checked.
Progress: 18974954811 states checked.
Progress: 18983080007 states checked.
Progress: 18991200041 states checked.
Progress: 18999328861 states checked.
Progress: 19007448389 states checked.
Progress: 19015582014 states checked.
Progress: 19023692932 states checked.
Progress: 19031802610 states checked.
Progress: 19039925685 states checked.
Progress: 19048040916 states checked.
Progress: 19056167761 states checked.
Progress: 19064292639 states checked.
Progress: 19072418321 states checked.
Progress: 19080544955 states checked.
Progress: 19088677368 states checked.
Progress: 19096792280 states checked.
Progress: 19104893636 states checked.
Progress: 19113017028 states checked.
Progress: 19121144612 states checked.
Progress: 19129246550 states checked.
Progress: 19137338180 states checked.
Progress: 19145432624 states checked.
Progress: 19153538868 states checked.
Progress: 19161644673 states checked.
Progress: 19169733811 states checked.
Progress: 19177840853 states checked.
Progress: 19185944252 states checked.
Progress: 19194054635 states checked.
Progress: 19202159831 states checked.
Progress: 19210267250 states checked.
Progress: 19218390287 states checked.
Progress: 19226519537 states checked.
Progress: 19234639807 states checked.
Progress: 19242753160 states checked.
Progress: 19250880079 states checked.
Progress: 19258998567 states checked.
Progress: 19267104106 states checked.
Progress: 19275220816 states checked.
Progress: 19283334103 states checked.
Progress: 19291446747 states checked.
Progress: 19299556099 states checked.
Progress: 19307674790 states checked.
Progress: 19315808325 states checked.
Progress: 19323913951 states checked.
Progress: 19332020592 states checked.
Progress: 19340138522 states checked.
Progress: 19348255878 states checked.
Progress: 19356368258 states checked.
Progress: 19364479982 states checked.
Progress: 19372613574 states checked.
Progress: 19380736663 states checked.
Progress: 19388854885 states checked.
Progress: 19396979818 states checked.
Progress: 19405098501 states checked.
Progress: 19413215739 states checked.
Progress: 19421335724 states checked.
Progress: 19429456552 states checked.
Progress: 19437558563 states checked.
Progress: 19445672464 states checked.
Progress: 19453791882 states checked.
Progress: 19461901494 states checked.
Progress: 19470006547 states checked.
Progress: 19478105632 states checked.
Progress: 19486236842 states checked.
Progress: 19494357082 states checked.
Progress: 19502479872 states checked.
Progress: 19510598569 states checked.
Progress: 19518722742 states checked.
Progress: 19526832779 states checked.
Progress: 19534952412 states checked.
Progress: 19543062601 states checked.
Progress: 19551194811 states checked.
Progress: 19559328933 states checked.
Progress: 19567429281 states checked.
Progress: 19575541729 states checked.
Progress: 19583669589 states checked.
Progress: 19591780117 states checked.
Progress: 19599892751 states checked.
Progress: 19607999152 states checked.
Progress: 19616094177 states checked.
Progress: 19624192310 states checked.
Progress: 19632280203 states checked.
Progress: 19640375018 states checked.
Progress: 19648466191 states checked.
Progress: 19656587279 states checked.
Progress: 19664689093 states checked.
Progress: 19672773780 states checked.
Progress: 19680872385 states checked.
Progress: 19688986661 states checked.
Progress: 19697083135 states checked.
Progress: 19705193634 states checked.
Progress: 19713268407 states checked.
Progress: 19721370525 states checked.
Progress: 19729468495 states checked.
Progress: 19737567387 states checked.
Progress: 19745666210 states checked.
Progress: 19753766821 states checked.
Progress: 19761878434 states checked.
Progress: 19769975316 states checked.
Progress: 19778064566 states checked.
Progress: 19786182703 states checked.
Progress: 19794294653 states checked.
Progress: 19802401780 states checked.
Progress: 19810521783 states checked.
Progress: 19818641520 states checked.
Progress: 19826743824 states checked.
Progress: 19834877147 states checked.
Progress: 19843000016 states checked.
Progress: 19851120124 states checked.
Progress: 19859238455 states checked.
Progress: 19867351194 states checked.
Progress: 19875471658 states checked.
Progress: 19883594244 states checked.
Progress: 19891709927 states checked.
Progress: 19899812925 states checked.
Progress: 19907929624 states checked.
Progress: 19916058834 states checked.
Progress: 19924181492 states checked.
Progress: 19932307811 states checked.
Progress: 19940432185 states checked.
Progress: 19948547700 states checked.
Progress: 19956669268 states checked.
Progress: 19964801755 states checked.
Progress: 19972921686 states checked.
Progress: 19981045479 states checked.
Progress: 19989182285 states checked.
Progress: 19997317577 states checked.
Progress: 20005451394 states checked.
Progress: 20013579061 states checked.
Progress: 20021709443 states checked.
Progress: 20029821193 states checked.
Progress: 20037928799 states checked.
Progress: 20046050307 states checked.
Progress: 20054172853 states checked.
Progress: 20062294815 states checked.
Progress: 20070430163 states checked.
Progress: 20078553648 states checked.
Progress: 20086690526 states checked.
Progress: 20094811645 states checked.
Progress: 20102927913 states checked.
Progress: 20111048462 states checked.
Progress: 20119176972 states checked.
Progress: 20127309774 states checked.
Progress: 20135437962 states checked.
Progress: 20143547452 states checked.
Progress: 20151668583 states checked.
Progress: 20159781325 states checked.
Progress: 20167886390 states checked.
Progress: 20175998282 states checked.
Progress: 20184098921 states checked.
Progress: 20192206096 states checked.
Progress: 20200314849 states checked.
Progress: 20208444387 states checked.
Progress: 20216559483 states checked.
Progress: 20224652449 states checked.
Progress: 20232769399 states checked.
Progress: 20240857239 states checked.
Progress: 20248957006 states checked.
Progress: 20257068784 states checked.
Progress: 20265172969 states checked.
Progress: 20273305267 states checked.
Progress: 20281418751 states checked.
Progress: 20289511557 states checked.
Progress: 20297604433 states checked.
Progress: 20305674460 states checked.
Progress: 20313771512 states checked.
Progress: 20321886734 states checked.
Progress: 20330015115 states checked.
Progress: 20338134361 states checked.
Progress: 20346243366 states checked.
Progress: 20354363584 states checked.
Progress: 20362470091 states checked.
Progress: 20370584413 states checked.
Progress: 20378711575 states checked.
Progress: 20386838422 states checked.
Progress: 20394952404 states checked.
Progress: 20403065631 states checked.
Progress: 20411160408 states checked.
Progress: 20419284954 states checked.
Progress: 20427397869 states checked.
Progress: 20435521949 states checked.
Progress: 20443635255 states checked.
Progress: 20451753122 states checked.
Progress: 20459874166 states checked.
Progress: 20467985929 states checked.
Progress: 20476086332 states checked.
Progress: 20484210999 states checked.
Progress: 20492326284 states checked.
Progress: 20500435586 states checked.
Progress: 20508535507 states checked.
Progress: 20516652477 states checked.
Progress: 20524758361 states checked.
Progress: 20532885664 states checked.
Progress: 20541008839 states checked.
Progress: 20549108346 states checked.
Progress: 20557204367 states checked.
Progress: 20565310389 states checked.
Progress: 20573419126 states checked.
Progress: 20581545345 states checked.
Progress: 20589655399 states checked.
Progress: 20597761533 states checked.
Progress: 20605858777 states checked.
Progress: 20613986355 states checked.
Progress: 20622088525 states checked.
Progress: 20630195244 states checked.
Progress: 20638289805 states checked.
Progress: 20646389847 states checked.
Progress: 20654479991 states checked.
Progress: 20662567133 states checked.
Progress: 20670667876 states checked.
Progress: 20678764071 states checked.
Progress: 20686876437 states checked.
Progress: 20694988673 states checked.
Progress: 20703108009 states checked.
Progress: 20711222036 states checked.
Progress: 20719355209 states checked.
Progress: 20727479440 states checked.
Progress: 20735583208 states checked.
Progress: 20743695903 states checked.
Progress: 20751804093 states checked.
Progress: 20759909768 states checked.
Progress: 20768026531 states checked.
Progress: 20776133558 states checked.
Progress: 20784264819 states checked.
Progress: 20792359667 states checked.
Progress: 20800463033 states checked.
Progress: 20808588328 states checked.
Progress: 20816693037 states checked.
Progress: 20824803196 states checked.
Progress: 20832905600 states checked.
Progress: 20841000806 states checked.
Progress: 20849095273 states checked.
Progress: 20857193312 states checked.
Progress: 20865278834 states checked.
Progress: 20873375758 states checked.
Progress: 20881477817 states checked.
Progress: 20889576829 states checked.
Progress: 20897678099 states checked.
Progress: 20905774912 states checked.
Progress: 20913887463 states checked.
Progress: 20921992142 states checked.
Progress: 20930105512 states checked.
Progress: 20938204880 states checked.
Progress: 20946319834 states checked.
Progress: 20954438937 states checked.
Progress: 20962547075 states checked.
Progress: 20970664211 states checked.
Progress: 20978777731 states checked.
Progress: 20986914809 states checked.
Progress: 20995046855 states checked.
Progress: 21003168879 states checked.
Progress: 21011279744 states checked.
Progress: 21019377023 states checked.
Progress: 21027488383 states checked.
Progress: 21035617705 states checked.
Progress: 21043743209 states checked.
Progress: 21051846495 states checked.
Progress: 21059962218 states checked.
Progress: 21068101054 states checked.
Progress: 21076244719 states checked.
Progress: 21084398825 states checked.
Progress: 21092557529 states checked.
Progress: 21100687388 states checked.
Progress: 21108821165 states checked.
Progress: 21116952625 states checked.
Progress: 21125065239 states checked.
Progress: 21133210617 states checked.
Progress: 21141367717 states checked.
Progress: 21149521297 states checked.
Progress: 21157691361 states checked.
Progress: 21165861612 states checked.
Progress: 21174019124 states checked.
Progress: 21182160854 states checked.
Progress: 21190290186 states checked.
Progress: 21198416375 states checked.
Progress: 21206548761 states checked.
Progress: 21214646577 states checked.
Progress: 21222768292 states checked.
Progress: 21230876642 states checked.
Progress: 21238989807 states checked.
Progress: 21247104513 states checked.
Progress: 21255254001 states checked.
Progress: 21263373564 states checked.
Progress: 21271479213 states checked.
Progress: 21279588164 states checked.
Progress: 21287680696 states checked.
Progress: 21295819027 states checked.
Progress: 21303918840 states checked.
Progress: 21312076497 states checked.
Progress: 21320206086 states checked.
Progress: 21328332636 states checked.
Progress: 21336460477 states checked.
Progress: 21344604975 states checked.
Progress: 21352735188 states checked.
Progress: 21360841831 states checked.
Progress: 21368966465 states checked.
Progress: 21377112283 states checked.
Progress: 21385229590 states checked.
Progress: 21393311119 states checked.
Progress: 21401401577 states checked.
Progress: 21409466358 states checked.
Progress: 21417576151 states checked.
Progress: 21425703766 states checked.
Progress: 21433797696 states checked.
Progress: 21441894493 states checked.
Progress: 21450006575 states checked.
Progress: 21458102003 states checked.
Progress: 21466206018 states checked.
Progress: 21474325991 states checked.
Progress: 21482454541 states checked.
Progress: 21490569356 states checked.
Progress: 21498702492 states checked.
Progress: 21506795795 states checked.
Progress: 21514917463 states checked.
Progress: 21523038535 states checked.
Progress: 21531155007 states checked.
Progress: 21539287059 states checked.
Progress: 21547416113 states checked.
Progress: 21555512836 states checked.
Progress: 21563626236 states checked.
Progress: 21571748439 states checked.
Progress: 21579868583 states checked.
Progress: 21588006448 states checked.
Progress: 21596153976 states checked.
Progress: 21604280194 states checked.
Progress: 21612424583 states checked.
Progress: 21620562259 states checked.
Progress: 21628716432 states checked.
Progress: 21636848964 states checked.
Progress: 21644958797 states checked.
Progress: 21653069909 states checked.
Progress: 21661167481 states checked.
Progress: 21669253667 states checked.
Progress: 21677338903 states checked.
Progress: 21685443726 states checked.
Progress: 21693552771 states checked.
Progress: 21701696816 states checked.
Progress: 21709793375 states checked.
Progress: 21717904899 states checked.
Progress: 21726043048 states checked.
Progress: 21734180780 states checked.
Progress: 21742309177 states checked.
Progress: 21750424932 states checked.
Progress: 21758548938 states checked.
Progress: 21766685824 states checked.
Progress: 21774809521 states checked.
Progress: 21782922259 states checked.
Progress: 21791055078 states checked.
Progress: 21799180982 states checked.
Progress: 21807296552 states checked.
Progress: 21815391361 states checked.
Progress: 21823482138 states checked.
Progress: 21831587624 states checked.
Progress: 21839708852 states checked.
Progress: 21847838770 states checked.
Progress: 21855955241 states checked.
Progress: 21864083517 states checked.
Progress: 21872195004 states checked.
Progress: 21880336701 states checked.
Progress: 21888456179 states checked.
Progress: 21896582871 states checked.
Progress: 21904716214 states checked.
Progress: 21912828777 states checked.
Progress: 21920949174 states checked.
Progress: 21929083482 states checked.
Progress: 21937178934 states checked.
Progress: 21945306180 states checked.
Progress: 21953414739 states checked.
Progress: 21961522416 states checked.
Progress: 21969653505 states checked.
Progress: 21977767792 states checked.
Progress: 21985884283 states checked.
Progress: 21993975638 states checked.
Progress: 22002109480 states checked.
Progress: 22010251172 states checked.
Progress: 22018391232 states checked.
Progress: 22026531165 states checked.
Progress: 22034656258 states checked.
Progress: 22042755381 states checked.
Progress: 22050874373 states checked.
Progress: 22059018609 states checked.
Progress: 22067153882 states checked.
Progress: 22075288932 states checked.
Progress: 22083423355 states checked.
Progress: 22091545463 states checked.
Progress: 22099664691 states checked.
Progress: 22107769949 states checked.
Progress: 22115887596 states checked.
Progress: 22124001094 states checked.
Progress: 22132115119 states checked.
Progress: 22140213570 states checked.
Progress: 22148324347 states checked.
Progress: 22156427060 states checked.
Progress: 22164555931 states checked.
Progress: 22172688352 states checked.
Progress: 22180809535 states checked.
Progress: 22188928684 states checked.
Progress: 22197029984 states checked.
Progress: 22205133838 states checked.
Progress: 22213262018 states checked.
Progress: 22221370190 states checked.
Progress: 22229479525 states checked.
Progress: 22237585783 states checked.
Progress: 22245677013 states checked.
Progress: 22253759194 states checked.
Progress: 22261872473 states checked.
Progress: 22270009538 states checked.
Progress: 22278144587 states checked.
Progress: 22286274968 states checked.
Progress: 22294401611 states checked.
Progress: 22302529999 states checked.
Progress: 22310652580 states checked.
Progress: 22318755810 states checked.
Progress: 22326870650 states checked.
Progress: 22334966356 states checked.
Progress: 22343072172 states checked.
Progress: 22351125310 states checked.
Progress: 22359235435 states checked.
Progress: 22367358542 states checked.
Progress: 22375451169 states checked.
Progress: 22383570002 states checked.
Progress: 22391698865 states checked.
Progress: 22399810738 states checked.
Progress: 22407937538 states checked.
Progress: 22416080469 states checked.
Progress: 22424194271 states checked.
Progress: 22432296695 states checked.
Progress: 22440358414 states checked.
Progress: 22448468643 states checked.
Progress: 22456576367 states checked.
