TLC2 Version 2.19 of 08 August 2024 (rev: 5a47802)
Warning: Please run the Java VM which executes TLC with a throughput optimized garbage collector by passing the "-XX:+UseParallelGC" property.
(Use the -nowarning option to disable this warning.)
Running Random Simulation with seed 2937974685418828794 with 50 workers on 72 cores with 30688MB heap and 64MB offheap memory [pid: 1054593] (Linux 6.12.90+deb13.1-cloud-amd64 amd64, Debian 21.0.11 x86_64).
Parsing file /home/alexandre.siret/AccordTLASpec/SpecAccord/RecoveryAndCommitSpec/AccordSpec.tla
Parsing file /tmp/TLC.tla
Parsing file /tmp/Naturals.tla
Parsing file /tmp/Sequences.tla
Parsing file /tmp/FiniteSets.tla
Parsing file /home/alexandre.siret/AccordTLASpec/SpecAccord/RecoveryAndCommitSpec/ExtraConfiguration.tla
Semantic processing of module Naturals
Semantic processing of module Sequences
Semantic processing of module FiniteSets
Semantic processing of module TLC
Semantic processing of module ExtraConfiguration
Semantic processing of module AccordSpec
Starting... (2026-06-18 11:03:49)
Computed 1 initial states...
Progress: 36235325 states checked.
Progress: 73187785 states checked.
Progress: 110114751 states checked.
Progress: 146944922 states checked.
Progress: 183621013 states checked.
Progress: 220267624 states checked.
Progress: 256884774 states checked.
Progress: 293539491 states checked.
Progress: 330214168 states checked.
Progress: 366854641 states checked.
Progress: 403470853 states checked.
Progress: 440101205 states checked.
Error: Invariant Ordering is violated.
Error: The behavior up to this point is:
State 1: <Initial predicate>
/\ phase = <<<<<<1, 1>>, <<1, 1>>, <<1, 1>>>>>>
/\ abal = <<<<<<0, 0>>, <<0, 0>>, <<0, 0>>>>>>
/\ initTimestamp = << [id |-> <<0, 0>>, t |-> 1],
   [id |-> <<0, 0>>, t |-> 2],
   [id |-> <<0, 0>>, t |-> 3] >>
/\ bal = <<<<<<0, 0>>, <<0, 0>>, <<0, 0>>>>>>
/\ txn = <<<<<<bottom, bottom>>, <<bottom, bottom>>, <<bottom, bottom>>>>>>
/\ postWaitingFlag = <<<<<<FALSE, FALSE>>, <<FALSE, FALSE>>, <<FALSE, FALSE>>>>>>
/\ relation = <<<<0, 0>>, <<0, 0>>>>
/\ executed = <<<<{}, {}, {}>>>>
/\ Wvar = <<<<<<{}, {}>>, <<{}, {}>>, <<{}, {}>>>>>>
/\ dep = <<<<<<{}, {}>>, <<{}, {}>>, <<{}, {}>>>>>>
/\ recoveryAttemptBal = <<<<<<0, 0>>, <<0, 0>>, <<0, 0>>>>>>
/\ submitted = {}
/\ Dvar = <<<<<<{}, {}>>, <<{}, {}>>, <<{}, {}>>>>>>
/\ msgs = {}
/\ consumedMsgs = {}
/\ Qvar = <<<<<<{}, {}>>, <<{}, {}>>, <<{}, {}>>>>>>
/\ ts = << << <<[id |-> <<0, 0>>, t |-> 0], [id |-> <<0, 0>>, t |-> 0]>>,
      <<[id |-> <<0, 0>>, t |-> 0], [id |-> <<0, 0>>, t |-> 0]>>,
      <<[id |-> <<0, 0>>, t |-> 0], [id |-> <<0, 0>>, t |-> 0]>> >> >>
/\ executeWaitingFlag = <<<<<<FALSE, FALSE>>, <<FALSE, FALSE>>, <<FALSE, FALSE>>>>>>
/\ TXvar = <<<<<<bottom, bottom>>, <<bottom, bottom>>, <<bottom, bottom>>>>>>
/\ recovered = <<<<<<0, 0>>, <<0, 0>>, <<0, 0>>>>>>
/\ initCoord = <<{}, {}>>

State 2: <Submit line 369, col 5 to line 383, col 180 of module AccordSpec>
/\ phase = <<<<<<1, 1>>, <<1, 1>>, <<1, 1>>>>>>
/\ abal = <<<<<<0, 0>>, <<0, 0>>, <<0, 0>>>>>>
/\ initTimestamp = << [id |-> <<1, 1>>, t |-> 1],
   [id |-> <<0, 0>>, t |-> 2],
   [id |-> <<0, 0>>, t |-> 3] >>
/\ bal = <<<<<<0, 0>>, <<0, 0>>, <<0, 0>>>>>>
/\ txn = <<<<<<bottom, bottom>>, <<bottom, bottom>>, <<bottom, bottom>>>>>>
/\ postWaitingFlag = <<<<<<FALSE, FALSE>>, <<FALSE, FALSE>>, <<FALSE, FALSE>>>>>>
/\ relation = <<<<0, 0>>, <<0, 0>>>>
/\ executed = <<<<{}, {}, {}>>>>
/\ Wvar = <<<<<<{}, {}>>, <<{}, {}>>, <<{}, {}>>>>>>
/\ dep = <<<<<<{}, {}>>, <<{}, {}>>, <<{}, {}>>>>>>
/\ recoveryAttemptBal = <<<<<<0, 0>>, <<0, 0>>, <<0, 0>>>>>>
/\ submitted = {1}
/\ Dvar = <<<<<<{}, {}>>, <<{}, {}>>, <<{}, {}>>>>>>
/\ msgs = { [ type |-> 0,
    shardfrom |-> 1,
    from |-> 1,
    shardto |-> 1,
    to |-> 1,
    body |-> [id |-> 1] ] }
/\ consumedMsgs = {}
/\ Qvar = <<<<<<{}, {}>>, <<{}, {}>>, <<{}, {}>>>>>>
/\ ts = << << <<[id |-> <<0, 0>>, t |-> 0], [id |-> <<0, 0>>, t |-> 0]>>,
      <<[id |-> <<0, 0>>, t |-> 0], [id |-> <<0, 0>>, t |-> 0]>>,
      <<[id |-> <<0, 0>>, t |-> 0], [id |-> <<0, 0>>, t |-> 0]>> >> >>
/\ executeWaitingFlag = <<<<<<FALSE, FALSE>>, <<FALSE, FALSE>>, <<FALSE, FALSE>>>>>>
/\ TXvar = <<<<<<bottom, bottom>>, <<bottom, bottom>>, <<bottom, bottom>>>>>>
/\ recovered = <<<<<<0, 0>>, <<0, 0>>, <<0, 0>>>>>>
/\ initCoord = <<{[shard |-> 1, proc |-> 1]}, {}>>

State 3: <Submit line 369, col 5 to line 383, col 180 of module AccordSpec>
/\ phase = <<<<<<1, 1>>, <<1, 1>>, <<1, 1>>>>>>
/\ abal = <<<<<<0, 0>>, <<0, 0>>, <<0, 0>>>>>>
/\ initTimestamp = << [id |-> <<1, 1>>, t |-> 1],
   [id |-> <<1, 1>>, t |-> 2],
   [id |-> <<0, 0>>, t |-> 3] >>
/\ bal = <<<<<<0, 0>>, <<0, 0>>, <<0, 0>>>>>>
/\ txn = <<<<<<bottom, bottom>>, <<bottom, bottom>>, <<bottom, bottom>>>>>>
/\ postWaitingFlag = <<<<<<FALSE, FALSE>>, <<FALSE, FALSE>>, <<FALSE, FALSE>>>>>>
/\ relation = <<<<0, 0>>, <<0, 0>>>>
/\ executed = <<<<{}, {}, {}>>>>
/\ Wvar = <<<<<<{}, {}>>, <<{}, {}>>, <<{}, {}>>>>>>
/\ dep = <<<<<<{}, {}>>, <<{}, {}>>, <<{}, {}>>>>>>
/\ recoveryAttemptBal = <<<<<<0, 0>>, <<0, 0>>, <<0, 0>>>>>>
/\ submitted = {1, 2}
/\ Dvar = <<<<<<{}, {}>>, <<{}, {}>>, <<{}, {}>>>>>>
/\ msgs = { [ type |-> 0,
    shardfrom |-> 1,
    from |-> 1,
    shardto |-> 1,
    to |-> 1,
    body |-> [id |-> 1] ],
  [ type |-> 0,
    shardfrom |-> 1,
    from |-> 1,
    shardto |-> 1,
    to |-> 1,
    body |-> [id |-> 2] ] }
/\ consumedMsgs = {}
/\ Qvar = <<<<<<{}, {}>>, <<{}, {}>>, <<{}, {}>>>>>>
/\ ts = << << <<[id |-> <<0, 0>>, t |-> 0], [id |-> <<0, 0>>, t |-> 0]>>,
      <<[id |-> <<0, 0>>, t |-> 0], [id |-> <<0, 0>>, t |-> 0]>>,
      <<[id |-> <<0, 0>>, t |-> 0], [id |-> <<0, 0>>, t |-> 0]>> >> >>
/\ executeWaitingFlag = <<<<<<FALSE, FALSE>>, <<FALSE, FALSE>>, <<FALSE, FALSE>>>>>>
/\ TXvar = <<<<<<bottom, bottom>>, <<bottom, bottom>>, <<bottom, bottom>>>>>>
/\ recovered = <<<<<<0, 0>>, <<0, 0>>, <<0, 0>>>>>>
/\ initCoord = <<{[shard |-> 1, proc |-> 1]}, {[shard |-> 1, proc |-> 1]}>>

State 4: <Next line 1059, col 9 to line 1070, col 26 of module AccordSpec>
/\ phase = <<<<<<1, 2>>, <<1, 1>>, <<1, 1>>>>>>
/\ abal = <<<<<<0, 0>>, <<0, 0>>, <<0, 0>>>>>>
/\ initTimestamp = << [id |-> <<1, 1>>, t |-> 1],
   [id |-> <<1, 1>>, t |-> 2],
   [id |-> <<0, 0>>, t |-> 3] >>
/\ bal = <<<<<<0, 0>>, <<0, 0>>, <<0, 0>>>>>>
/\ txn = <<<<<<bottom, 2>>, <<bottom, bottom>>, <<bottom, bottom>>>>>>
/\ postWaitingFlag = <<<<<<FALSE, FALSE>>, <<FALSE, FALSE>>, <<FALSE, FALSE>>>>>>
/\ relation = <<<<0, 0>>, <<0, 0>>>>
/\ executed = <<<<{}, {}, {}>>>>
/\ Wvar = <<<<<<{}, {}>>, <<{}, {}>>, <<{}, {}>>>>>>
/\ dep = <<<<<<{}, {}>>, <<{}, {}>>, <<{}, {}>>>>>>
/\ recoveryAttemptBal = <<<<<<0, 0>>, <<0, 0>>, <<0, 0>>>>>>
/\ submitted = {1, 2}
/\ Dvar = <<<<<<{}, {}>>, <<{}, {}>>, <<{}, {}>>>>>>
/\ msgs = { [ type |-> 0,
    shardfrom |-> 1,
    from |-> 1,
    shardto |-> 1,
    to |-> 1,
    body |-> [id |-> 1] ],
  [ type |-> 1,
    shardfrom |-> 1,
    from |-> 1,
    shardto |-> 1,
    to |-> 2,
    body |-> [id |-> 2, tx |-> 2, D0 |-> {}] ],
  [ type |-> 1,
    shardfrom |-> 1,
    from |-> 1,
    shardto |-> 1,
    to |-> 3,
    body |-> [id |-> 2, tx |-> 2, D0 |-> {}] ],
  [ type |-> 2,
    shardfrom |-> 1,
    from |-> 1,
    shardto |-> 1,
    to |-> 1,
    body |-> [id |-> 2, tq |-> [id |-> <<1, 1>>, t |-> 2], Dq |-> {}] ] }
/\ consumedMsgs = {}
/\ Qvar = <<<<<<{}, {}>>, <<{}, {}>>, <<{}, {}>>>>>>
/\ ts = << << <<[id |-> <<0, 0>>, t |-> 0], [id |-> <<1, 1>>, t |-> 2]>>,
      <<[id |-> <<0, 0>>, t |-> 0], [id |-> <<0, 0>>, t |-> 0]>>,
      <<[id |-> <<0, 0>>, t |-> 0], [id |-> <<0, 0>>, t |-> 0]>> >> >>
/\ executeWaitingFlag = <<<<<<FALSE, FALSE>>, <<FALSE, FALSE>>, <<FALSE, FALSE>>>>>>
/\ TXvar = <<<<<<bottom, bottom>>, <<bottom, bottom>>, <<bottom, bottom>>>>>>
/\ recovered = <<<<<<0, 0>>, <<0, 0>>, <<0, 0>>>>>>
/\ initCoord = <<{[shard |-> 1, proc |-> 1]}, {[shard |-> 1, proc |-> 1]}>>

State 5: <Next line 1059, col 9 to line 1070, col 26 of module AccordSpec>
/\ phase = <<<<<<2, 2>>, <<1, 1>>, <<1, 1>>>>>>
/\ abal = <<<<<<0, 0>>, <<0, 0>>, <<0, 0>>>>>>
/\ initTimestamp = << [id |-> <<1, 1>>, t |-> 1],
   [id |-> <<1, 1>>, t |-> 2],
   [id |-> <<0, 0>>, t |-> 3] >>
/\ bal = <<<<<<0, 0>>, <<0, 0>>, <<0, 0>>>>>>
/\ txn = <<<<<<1, 2>>, <<bottom, bottom>>, <<bottom, bottom>>>>>>
/\ postWaitingFlag = <<<<<<FALSE, FALSE>>, <<FALSE, FALSE>>, <<FALSE, FALSE>>>>>>
/\ relation = <<<<0, 0>>, <<0, 0>>>>
/\ executed = <<<<{}, {}, {}>>>>
/\ Wvar = <<<<<<{}, {}>>, <<{}, {}>>, <<{}, {}>>>>>>
/\ dep = <<<<<<{}, {}>>, <<{}, {}>>, <<{}, {}>>>>>>
/\ recoveryAttemptBal = <<<<<<0, 0>>, <<0, 0>>, <<0, 0>>>>>>
/\ submitted = {1, 2}
/\ Dvar = <<<<<<{}, {}>>, <<{}, {}>>, <<{}, {}>>>>>>
/\ msgs = { [ type |-> 1,
    shardfrom |-> 1,
    from |-> 1,
    shardto |-> 1,
    to |-> 2,
    body |-> [id |-> 1, tx |-> 1, D0 |-> {}] ],
  [ type |-> 1,
    shardfrom |-> 1,
    from |-> 1,
    shardto |-> 1,
    to |-> 2,
    body |-> [id |-> 2, tx |-> 2, D0 |-> {}] ],
  [ type |-> 1,
    shardfrom |-> 1,
    from |-> 1,
    shardto |-> 1,
    to |-> 3,
    body |-> [id |-> 1, tx |-> 1, D0 |-> {}] ],
  [ type |-> 1,
    shardfrom |-> 1,
    from |-> 1,
    shardto |-> 1,
    to |-> 3,
    body |-> [id |-> 2, tx |-> 2, D0 |-> {}] ],
  [ type |-> 2,
    shardfrom |-> 1,
    from |-> 1,
    shardto |-> 1,
    to |-> 1,
    body |-> [id |-> 1, tq |-> [id |-> <<1, 1>>, t |-> 3], Dq |-> {}] ],
  [ type |-> 2,
    shardfrom |-> 1,
    from |-> 1,
    shardto |-> 1,
    to |-> 1,
    body |-> [id |-> 2, tq |-> [id |-> <<1, 1>>, t |-> 2], Dq |-> {}] ] }
/\ consumedMsgs = {}
/\ Qvar = <<<<<<{}, {}>>, <<{}, {}>>, <<{}, {}>>>>>>
/\ ts = << << <<[id |-> <<1, 1>>, t |-> 3], [id |-> <<1, 1>>, t |-> 2]>>,
      <<[id |-> <<0, 0>>, t |-> 0], [id |-> <<0, 0>>, t |-> 0]>>,
      <<[id |-> <<0, 0>>, t |-> 0], [id |-> <<0, 0>>, t |-> 0]>> >> >>
/\ executeWaitingFlag = <<<<<<FALSE, FALSE>>, <<FALSE, FALSE>>, <<FALSE, FALSE>>>>>>
/\ TXvar = <<<<<<bottom, bottom>>, <<bottom, bottom>>, <<bottom, bottom>>>>>>
/\ recovered = <<<<<<0, 0>>, <<0, 0>>, <<0, 0>>>>>>
/\ initCoord = <<{[shard |-> 1, proc |-> 1]}, {[shard |-> 1, proc |-> 1]}>>

State 6: <StartRecover line 621, col 5 to line 646, col 173 of module AccordSpec>
/\ phase = <<<<<<2, 2>>, <<1, 1>>, <<1, 1>>>>>>
/\ abal = <<<<<<0, 0>>, <<0, 0>>, <<0, 0>>>>>>
/\ initTimestamp = << [id |-> <<1, 1>>, t |-> 1],
   [id |-> <<1, 1>>, t |-> 2],
   [id |-> <<0, 0>>, t |-> 3] >>
/\ bal = <<<<<<1, 0>>, <<0, 0>>, <<0, 0>>>>>>
/\ txn = <<<<<<1, 2>>, <<bottom, bottom>>, <<bottom, bottom>>>>>>
/\ postWaitingFlag = <<<<<<FALSE, FALSE>>, <<FALSE, FALSE>>, <<FALSE, FALSE>>>>>>
/\ relation = <<<<0, 0>>, <<0, 0>>>>
/\ executed = <<<<{}, {}, {}>>>>
/\ Wvar = <<<<<<{}, {}>>, <<{}, {}>>, <<{}, {}>>>>>>
/\ dep = <<<<<<{}, {}>>, <<{}, {}>>, <<{}, {}>>>>>>
/\ recoveryAttemptBal = <<<<<<0, 0>>, <<0, 0>>, <<0, 0>>>>>>
/\ submitted = {1, 2}
/\ Dvar = <<<<<<{}, {}>>, <<{}, {}>>, <<{}, {}>>>>>>
/\ msgs = { [ type |-> 1,
    shardfrom |-> 1,
    from |-> 1,
    shardto |-> 1,
    to |-> 2,
    body |-> [id |-> 1, tx |-> 1, D0 |-> {}] ],
  [ type |-> 1,
    shardfrom |-> 1,
    from |-> 1,
    shardto |-> 1,
    to |-> 2,
    body |-> [id |-> 2, tx |-> 2, D0 |-> {}] ],
  [ type |-> 1,
    shardfrom |-> 1,
    from |-> 1,
    shardto |-> 1,
    to |-> 3,
    body |-> [id |-> 1, tx |-> 1, D0 |-> {}] ],
  [ type |-> 1,
    shardfrom |-> 1,
    from |-> 1,
    shardto |-> 1,
    to |-> 3,
    body |-> [id |-> 2, tx |-> 2, D0 |-> {}] ],
  [ type |-> 2,
    shardfrom |-> 1,
    from |-> 1,
    shardto |-> 1,
    to |-> 1,
    body |-> [id |-> 1, tq |-> [id |-> <<1, 1>>, t |-> 3], Dq |-> {}] ],
  [ type |-> 2,
    shardfrom |-> 1,
    from |-> 1,
    shardto |-> 1,
    to |-> 1,
    body |-> [id |-> 2, tq |-> [id |-> <<1, 1>>, t |-> 2], Dq |-> {}] ],
  [ type |-> 8,
    shardfrom |-> 1,
    from |-> 1,
    shardto |-> 1,
    to |-> 2,
    body |-> [b |-> 1, id |-> 1, tx |-> 1] ],
  [ type |-> 8,
    shardfrom |-> 1,
    from |-> 1,
    shardto |-> 1,
    to |-> 3,
    body |-> [b |-> 1, id |-> 1, tx |-> 1] ],
  [ type |-> 9,
    shardfrom |-> 1,
    from |-> 1,
    shardto |-> 1,
    to |-> 1,
    body |->
        [ b |-> 1,
          id |-> 1,
          tq |-> [id |-> <<1, 1>>, t |-> 3],
          abalq |-> 0,
          txq |-> 1,
          depq |-> {},
          phaseq |-> 2,
          rejectq |-> FALSE,
          Wq |-> {},
          WPq |-> {2} ] ] }
/\ consumedMsgs = {}
/\ Qvar = <<<<<<{}, {}>>, <<{}, {}>>, <<{}, {}>>>>>>
/\ ts = << << <<[id |-> <<1, 1>>, t |-> 3], [id |-> <<1, 1>>, t |-> 2]>>,
      <<[id |-> <<0, 0>>, t |-> 0], [id |-> <<0, 0>>, t |-> 0]>>,
      <<[id |-> <<0, 0>>, t |-> 0], [id |-> <<0, 0>>, t |-> 0]>> >> >>
/\ executeWaitingFlag = <<<<<<FALSE, FALSE>>, <<FALSE, FALSE>>, <<FALSE, FALSE>>>>>>
/\ TXvar = <<<<<<bottom, bottom>>, <<bottom, bottom>>, <<bottom, bottom>>>>>>
/\ recovered = <<<<<<1, 0>>, <<0, 0>>, <<0, 0>>>>>>
/\ initCoord = <<{[shard |-> 1, proc |-> 1]}, {[shard |-> 1, proc |-> 1]}>>

State 7: <Next line 1059, col 9 to line 1070, col 26 of module AccordSpec>
/\ phase = <<<<<<2, 2>>, <<1, 2>>, <<1, 1>>>>>>
/\ abal = <<<<<<0, 0>>, <<0, 0>>, <<0, 0>>>>>>
/\ initTimestamp = << [id |-> <<1, 1>>, t |-> 1],
   [id |-> <<1, 1>>, t |-> 2],
   [id |-> <<0, 0>>, t |-> 3] >>
/\ bal = <<<<<<1, 0>>, <<0, 0>>, <<0, 0>>>>>>
/\ txn = <<<<<<1, 2>>, <<bottom, 2>>, <<bottom, bottom>>>>>>
/\ postWaitingFlag = <<<<<<FALSE, FALSE>>, <<FALSE, FALSE>>, <<FALSE, FALSE>>>>>>
/\ relation = <<<<0, 0>>, <<0, 0>>>>
/\ executed = <<<<{}, {}, {}>>>>
/\ Wvar = <<<<<<{}, {}>>, <<{}, {}>>, <<{}, {}>>>>>>
/\ dep = <<<<<<{}, {}>>, <<{}, {}>>, <<{}, {}>>>>>>
/\ recoveryAttemptBal = <<<<<<0, 0>>, <<0, 0>>, <<0, 0>>>>>>
/\ submitted = {1, 2}
/\ Dvar = <<<<<<{}, {}>>, <<{}, {}>>, <<{}, {}>>>>>>
/\ msgs = { [ type |-> 1,
    shardfrom |-> 1,
    from |-> 1,
    shardto |-> 1,
    to |-> 2,
    body |-> [id |-> 1, tx |-> 1, D0 |-> {}] ],
  [ type |-> 1,
    shardfrom |-> 1,
    from |-> 1,
    shardto |-> 1,
    to |-> 3,
    body |-> [id |-> 1, tx |-> 1, D0 |-> {}] ],
  [ type |-> 1,
    shardfrom |-> 1,
    from |-> 1,
    shardto |-> 1,
    to |-> 3,
    body |-> [id |-> 2, tx |-> 2, D0 |-> {}] ],
  [ type |-> 2,
    shardfrom |-> 1,
    from |-> 1,
    shardto |-> 1,
    to |-> 1,
    body |-> [id |-> 1, tq |-> [id |-> <<1, 1>>, t |-> 3], Dq |-> {}] ],
  [ type |-> 2,
    shardfrom |-> 1,
    from |-> 1,
    shardto |-> 1,
    to |-> 1,
    body |-> [id |-> 2, tq |-> [id |-> <<1, 1>>, t |-> 2], Dq |-> {}] ],
  [ type |-> 2,
    shardfrom |-> 1,
    from |-> 2,
    shardto |-> 1,
    to |-> 1,
    body |-> [id |-> 2, tq |-> [id |-> <<1, 1>>, t |-> 2], Dq |-> {}] ],
  [ type |-> 8,
    shardfrom |-> 1,
    from |-> 1,
    shardto |-> 1,
    to |-> 2,
    body |-> [b |-> 1, id |-> 1, tx |-> 1] ],
  [ type |-> 8,
    shardfrom |-> 1,
    from |-> 1,
    shardto |-> 1,
    to |-> 3,
    body |-> [b |-> 1, id |-> 1, tx |-> 1] ],
  [ type |-> 9,
    shardfrom |-> 1,
    from |-> 1,
    shardto |-> 1,
    to |-> 1,
    body |->
        [ b |-> 1,
          id |-> 1,
          tq |-> [id |-> <<1, 1>>, t |-> 3],
          abalq |-> 0,
          txq |-> 1,
          depq |-> {},
          phaseq |-> 2,
          rejectq |-> FALSE,
          Wq |-> {},
          WPq |-> {2} ] ] }
/\ consumedMsgs = { [ type |-> 1,
    shardfrom |-> 1,
    from |-> 1,
    shardto |-> 1,
    to |-> 2,
    body |-> [id |-> 2, tx |-> 2, D0 |-> {}] ] }
/\ Qvar = <<<<<<{}, {}>>, <<{}, {}>>, <<{}, {}>>>>>>
/\ ts = << << <<[id |-> <<1, 1>>, t |-> 3], [id |-> <<1, 1>>, t |-> 2]>>,
      <<[id |-> <<0, 0>>, t |-> 0], [id |-> <<1, 1>>, t |-> 2]>>,
      <<[id |-> <<0, 0>>, t |-> 0], [id |-> <<0, 0>>, t |-> 0]>> >> >>
/\ executeWaitingFlag = <<<<<<FALSE, FALSE>>, <<FALSE, FALSE>>, <<FALSE, FALSE>>>>>>
/\ TXvar = <<<<<<bottom, bottom>>, <<bottom, bottom>>, <<bottom, bottom>>>>>>
/\ recovered = <<<<<<1, 0>>, <<0, 0>>, <<0, 0>>>>>>
/\ initCoord = <<{[shard |-> 1, proc |-> 1]}, {[shard |-> 1, proc |-> 1]}>>

State 8: <Next line 1059, col 9 to line 1070, col 26 of module AccordSpec>
/\ phase = <<<<<<2, 2>>, <<1, 2>>, <<1, 1>>>>>>
/\ abal = <<<<<<0, 0>>, <<0, 0>>, <<0, 0>>>>>>
/\ initTimestamp = << [id |-> <<1, 1>>, t |-> 1],
   [id |-> <<1, 1>>, t |-> 2],
   [id |-> <<0, 0>>, t |-> 3] >>
/\ bal = <<<<<<1, 0>>, <<1, 0>>, <<0, 0>>>>>>
/\ txn = <<<<<<1, 2>>, <<1, 2>>, <<bottom, bottom>>>>>>
/\ postWaitingFlag = <<<<<<FALSE, FALSE>>, <<FALSE, FALSE>>, <<FALSE, FALSE>>>>>>
/\ relation = <<<<0, 0>>, <<0, 0>>>>
/\ executed = <<<<{}, {}, {}>>>>
/\ Wvar = <<<<<<{}, {}>>, <<{}, {}>>, <<{}, {}>>>>>>
/\ dep = <<<<<<{}, {}>>, <<{}, {}>>, <<{}, {}>>>>>>
/\ recoveryAttemptBal = <<<<<<0, 0>>, <<0, 0>>, <<0, 0>>>>>>
/\ submitted = {1, 2}
/\ Dvar = <<<<<<{}, {}>>, <<{}, {}>>, <<{}, {}>>>>>>
/\ msgs = { [ type |-> 1,
    shardfrom |-> 1,
    from |-> 1,
    shardto |-> 1,
    to |-> 2,
    body |-> [id |-> 1, tx |-> 1, D0 |-> {}] ],
  [ type |-> 1,
    shardfrom |-> 1,
    from |-> 1,
    shardto |-> 1,
    to |-> 3,
    body |-> [id |-> 1, tx |-> 1, D0 |-> {}] ],
  [ type |-> 1,
    shardfrom |-> 1,
    from |-> 1,
    shardto |-> 1,
    to |-> 3,
    body |-> [id |-> 2, tx |-> 2, D0 |-> {}] ],
  [ type |-> 2,
    shardfrom |-> 1,
    from |-> 1,
    shardto |-> 1,
    to |-> 1,
    body |-> [id |-> 1, tq |-> [id |-> <<1, 1>>, t |-> 3], Dq |-> {}] ],
  [ type |-> 2,
    shardfrom |-> 1,
    from |-> 1,
    shardto |-> 1,
    to |-> 1,
    body |-> [id |-> 2, tq |-> [id |-> <<1, 1>>, t |-> 2], Dq |-> {}] ],
  [ type |-> 2,
    shardfrom |-> 1,
    from |-> 2,
    shardto |-> 1,
    to |-> 1,
    body |-> [id |-> 2, tq |-> [id |-> <<1, 1>>, t |-> 2], Dq |-> {}] ],
  [ type |-> 8,
    shardfrom |-> 1,
    from |-> 1,
    shardto |-> 1,
    to |-> 3,
    body |-> [b |-> 1, id |-> 1, tx |-> 1] ],
  [ type |-> 9,
    shardfrom |-> 1,
    from |-> 1,
    shardto |-> 1,
    to |-> 1,
    body |->
        [ b |-> 1,
          id |-> 1,
          tq |-> [id |-> <<1, 1>>, t |-> 3],
          abalq |-> 0,
          txq |-> 1,
          depq |-> {},
          phaseq |-> 2,
          rejectq |-> FALSE,
          Wq |-> {},
          WPq |-> {2} ] ],
  [ type |-> 9,
    shardfrom |-> 1,
    from |-> 2,
    shardto |-> 1,
    to |-> 1,
    body |->
        [ b |-> 1,
          id |-> 1,
          tq |-> [id |-> <<0, 0>>, t |-> 0],
          abalq |-> 0,
          txq |-> 1,
          depq |-> {},
          phaseq |-> 1,
          rejectq |-> FALSE,
          Wq |-> {},
          WPq |-> {2} ] ] }
/\ consumedMsgs = { [ type |-> 1,
    shardfrom |-> 1,
    from |-> 1,
    shardto |-> 1,
    to |-> 2,
    body |-> [id |-> 2, tx |-> 2, D0 |-> {}] ],
  [ type |-> 8,
    shardfrom |-> 1,
    from |-> 1,
    shardto |-> 1,
    to |-> 2,
    body |-> [b |-> 1, id |-> 1, tx |-> 1] ] }
/\ Qvar = <<<<<<{}, {}>>, <<{}, {}>>, <<{}, {}>>>>>>
/\ ts = << << <<[id |-> <<1, 1>>, t |-> 3], [id |-> <<1, 1>>, t |-> 2]>>,
      <<[id |-> <<0, 0>>, t |-> 0], [id |-> <<1, 1>>, t |-> 2]>>,
      <<[id |-> <<0, 0>>, t |-> 0], [id |-> <<0, 0>>, t |-> 0]>> >> >>
/\ executeWaitingFlag = <<<<<<FALSE, FALSE>>, <<FALSE, FALSE>>, <<FALSE, FALSE>>>>>>
/\ TXvar = <<<<<<bottom, bottom>>, <<bottom, bottom>>, <<bottom, bottom>>>>>>
/\ recovered = <<<<<<1, 0>>, <<0, 0>>, <<0, 0>>>>>>
/\ initCoord = <<{[shard |-> 1, proc |-> 1]}, {[shard |-> 1, proc |-> 1]}>>

State 9: <StartRecover line 621, col 5 to line 646, col 173 of module AccordSpec>
/\ phase = <<<<<<2, 2>>, <<1, 2>>, <<1, 1>>>>>>
/\ abal = <<<<<<0, 0>>, <<0, 0>>, <<0, 0>>>>>>
/\ initTimestamp = << [id |-> <<1, 1>>, t |-> 1],
   [id |-> <<1, 1>>, t |-> 2],
   [id |-> <<0, 0>>, t |-> 3] >>
/\ bal = <<<<<<1, 0>>, <<1, 2>>, <<0, 0>>>>>>
/\ txn = <<<<<<1, 2>>, <<1, 2>>, <<bottom, bottom>>>>>>
/\ postWaitingFlag = <<<<<<FALSE, FALSE>>, <<FALSE, FALSE>>, <<FALSE, FALSE>>>>>>
/\ relation = <<<<0, 0>>, <<0, 0>>>>
/\ executed = <<<<{}, {}, {}>>>>
/\ Wvar = <<<<<<{}, {}>>, <<{}, {}>>, <<{}, {}>>>>>>
/\ dep = <<<<<<{}, {}>>, <<{}, {}>>, <<{}, {}>>>>>>
/\ recoveryAttemptBal = <<<<<<0, 0>>, <<0, 0>>, <<0, 0>>>>>>
/\ submitted = {1, 2}
/\ Dvar = <<<<<<{}, {}>>, <<{}, {}>>, <<{}, {}>>>>>>
/\ msgs = { [ type |-> 1,
    shardfrom |-> 1,
    from |-> 1,
    shardto |-> 1,
    to |-> 2,
    body |-> [id |-> 1, tx |-> 1, D0 |-> {}] ],
  [ type |-> 1,
    shardfrom |-> 1,
    from |-> 1,
    shardto |-> 1,
    to |-> 3,
    body |-> [id |-> 1, tx |-> 1, D0 |-> {}] ],
  [ type |-> 1,
    shardfrom |-> 1,
    from |-> 1,
    shardto |-> 1,
    to |-> 3,
    body |-> [id |-> 2, tx |-> 2, D0 |-> {}] ],
  [ type |-> 2,
    shardfrom |-> 1,
    from |-> 1,
    shardto |-> 1,
    to |-> 1,
    body |-> [id |-> 1, tq |-> [id |-> <<1, 1>>, t |-> 3], Dq |-> {}] ],
  [ type |-> 2,
    shardfrom |-> 1,
    from |-> 1,
    shardto |-> 1,
    to |-> 1,
    body |-> [id |-> 2, tq |-> [id |-> <<1, 1>>, t |-> 2], Dq |-> {}] ],
  [ type |-> 2,
    shardfrom |-> 1,
    from |-> 2,
    shardto |-> 1,
    to |-> 1,
    body |-> [id |-> 2, tq |-> [id |-> <<1, 1>>, t |-> 2], Dq |-> {}] ],
  [ type |-> 8,
    shardfrom |-> 1,
    from |-> 1,
    shardto |-> 1,
    to |-> 3,
    body |-> [b |-> 1, id |-> 1, tx |-> 1] ],
  [ type |-> 8,
    shardfrom |-> 1,
    from |-> 2,
    shardto |-> 1,
    to |-> 1,
    body |-> [b |-> 2, id |-> 2, tx |-> 2] ],
  [ type |-> 8,
    shardfrom |-> 1,
    from |-> 2,
    shardto |-> 1,
    to |-> 3,
    body |-> [b |-> 2, id |-> 2, tx |-> 2] ],
  [ type |-> 9,
    shardfrom |-> 1,
    from |-> 1,
    shardto |-> 1,
    to |-> 1,
    body |->
        [ b |-> 1,
          id |-> 1,
          tq |-> [id |-> <<1, 1>>, t |-> 3],
          abalq |-> 0,
          txq |-> 1,
          depq |-> {},
          phaseq |-> 2,
          rejectq |-> FALSE,
          Wq |-> {},
          WPq |-> {2} ] ],
  [ type |-> 9,
    shardfrom |-> 1,
    from |-> 2,
    shardto |-> 1,
    to |-> 1,
    body |->
        [ b |-> 1,
          id |-> 1,
          tq |-> [id |-> <<0, 0>>, t |-> 0],
          abalq |-> 0,
          txq |-> 1,
          depq |-> {},
          phaseq |-> 1,
          rejectq |-> FALSE,
          Wq |-> {},
          WPq |-> {2} ] ],
  [ type |-> 9,
    shardfrom |-> 1,
    from |-> 2,
    shardto |-> 1,
    to |-> 2,
    body |->
        [ b |-> 2,
          id |-> 2,
          tq |-> [id |-> <<1, 1>>, t |-> 2],
          abalq |-> 0,
          txq |-> 2,
          depq |-> {1},
          phaseq |-> 2,
          rejectq |-> FALSE,
          Wq |-> {},
          WPq |-> {} ] ] }
/\ consumedMsgs = { [ type |-> 1,
    shardfrom |-> 1,
    from |-> 1,
    shardto |-> 1,
    to |-> 2,
    body |-> [id |-> 2, tx |-> 2, D0 |-> {}] ],
  [ type |-> 8,
    shardfrom |-> 1,
    from |-> 1,
    shardto |-> 1,
    to |-> 2,
    body |-> [b |-> 1, id |-> 1, tx |-> 1] ] }
/\ Qvar = <<<<<<{}, {}>>, <<{}, {}>>, <<{}, {}>>>>>>
/\ ts = << << <<[id |-> <<1, 1>>, t |-> 3], [id |-> <<1, 1>>, t |-> 2]>>,
      <<[id |-> <<0, 0>>, t |-> 0], [id |-> <<1, 1>>, t |-> 2]>>,
      <<[id |-> <<0, 0>>, t |-> 0], [id |-> <<0, 0>>, t |-> 0]>> >> >>
/\ executeWaitingFlag = <<<<<<FALSE, FALSE>>, <<FALSE, FALSE>>, <<FALSE, FALSE>>>>>>
/\ TXvar = <<<<<<bottom, bottom>>, <<bottom, bottom>>, <<bottom, bottom>>>>>>
/\ recovered = <<<<<<1, 0>>, <<0, 1>>, <<0, 0>>>>>>
/\ initCoord = <<{[shard |-> 1, proc |-> 1]}, {[shard |-> 1, proc |-> 1]}>>

State 10: <HandlePreAcceptOK line 426, col 5 to line 468, col 170 of module AccordSpec>
/\ phase = <<<<<<2, 4>>, <<1, 2>>, <<1, 1>>>>>>
/\ abal = <<<<<<0, 0>>, <<0, 0>>, <<0, 0>>>>>>
/\ initTimestamp = << [id |-> <<1, 1>>, t |-> 1],
   [id |-> <<1, 1>>, t |-> 2],
   [id |-> <<0, 0>>, t |-> 3] >>
/\ bal = <<<<<<1, 0>>, <<1, 2>>, <<0, 0>>>>>>
/\ txn = <<<<<<1, 2>>, <<1, 2>>, <<bottom, bottom>>>>>>
/\ postWaitingFlag = <<<<<<FALSE, FALSE>>, <<FALSE, FALSE>>, <<FALSE, FALSE>>>>>>
/\ relation = <<<<0, 0>>, <<0, 0>>>>
/\ executed = <<<<{}, {}, {}>>>>
/\ Wvar = <<<<<<{}, {}>>, <<{}, {}>>, <<{}, {}>>>>>>
/\ dep = <<<<<<{}, {}>>, <<{}, {}>>, <<{}, {}>>>>>>
/\ recoveryAttemptBal = <<<<<<0, 0>>, <<0, 0>>, <<0, 0>>>>>>
/\ submitted = {1, 2}
/\ Dvar = <<<<<<{}, {}>>, <<{}, {}>>, <<{}, {}>>>>>>
/\ msgs = { [ type |-> 1,
    shardfrom |-> 1,
    from |-> 1,
    shardto |-> 1,
    to |-> 2,
    body |-> [id |-> 1, tx |-> 1, D0 |-> {}] ],
  [ type |-> 1,
    shardfrom |-> 1,
    from |-> 1,
    shardto |-> 1,
    to |-> 3,
    body |-> [id |-> 1, tx |-> 1, D0 |-> {}] ],
  [ type |-> 1,
    shardfrom |-> 1,
    from |-> 1,
    shardto |-> 1,
    to |-> 3,
    body |-> [id |-> 2, tx |-> 2, D0 |-> {}] ],
  [ type |-> 2,
    shardfrom |-> 1,
    from |-> 1,
    shardto |-> 1,
    to |-> 1,
    body |-> [id |-> 1, tq |-> [id |-> <<1, 1>>, t |-> 3], Dq |-> {}] ],
  [ type |-> 8,
    shardfrom |-> 1,
    from |-> 1,
    shardto |-> 1,
    to |-> 3,
    body |-> [b |-> 1, id |-> 1, tx |-> 1] ],
  [ type |-> 8,
    shardfrom |-> 1,
    from |-> 2,
    shardto |-> 1,
    to |-> 1,
    body |-> [b |-> 2, id |-> 2, tx |-> 2] ],
  [ type |-> 8,
    shardfrom |-> 1,
    from |-> 2,
    shardto |-> 1,
    to |-> 3,
    body |-> [b |-> 2, id |-> 2, tx |-> 2] ],
  [ type |-> 9,
    shardfrom |-> 1,
    from |-> 1,
    shardto |-> 1,
    to |-> 1,
    body |->
        [ b |-> 1,
          id |-> 1,
          tq |-> [id |-> <<1, 1>>, t |-> 3],
          abalq |-> 0,
          txq |-> 1,
          depq |-> {},
          phaseq |-> 2,
          rejectq |-> FALSE,
          Wq |-> {},
          WPq |-> {2} ] ],
  [ type |-> 9,
    shardfrom |-> 1,
    from |-> 2,
    shardto |-> 1,
    to |-> 1,
    body |->
        [ b |-> 1,
          id |-> 1,
          tq |-> [id |-> <<0, 0>>, t |-> 0],
          abalq |-> 0,
          txq |-> 1,
          depq |-> {},
          phaseq |-> 1,
          rejectq |-> FALSE,
          Wq |-> {},
          WPq |-> {2} ] ],
  [ type |-> 9,
    shardfrom |-> 1,
    from |-> 2,
    shardto |-> 1,
    to |-> 2,
    body |->
        [ b |-> 2,
          id |-> 2,
          tq |-> [id |-> <<1, 1>>, t |-> 2],
          abalq |-> 0,
          txq |-> 2,
          depq |-> {1},
          phaseq |-> 2,
          rejectq |-> FALSE,
          Wq |-> {},
          WPq |-> {} ] ],
  [ type |-> 13,
    shardfrom |-> 1,
    from |-> 1,
    shardto |-> 1,
    to |-> 1,
    body |-> [id |-> 2, D |-> {}] ] }
/\ consumedMsgs = { [ type |-> 1,
    shardfrom |-> 1,
    from |-> 1,
    shardto |-> 1,
    to |-> 2,
    body |-> [id |-> 2, tx |-> 2, D0 |-> {}] ],
  [ type |-> 2,
    shardfrom |-> 1,
    from |-> 1,
    shardto |-> 1,
    to |-> 1,
    body |-> [id |-> 2, tq |-> [id |-> <<1, 1>>, t |-> 2], Dq |-> {}] ],
  [ type |-> 2,
    shardfrom |-> 1,
    from |-> 2,
    shardto |-> 1,
    to |-> 1,
    body |-> [id |-> 2, tq |-> [id |-> <<1, 1>>, t |-> 2], Dq |-> {}] ],
  [ type |-> 8,
    shardfrom |-> 1,
    from |-> 1,
    shardto |-> 1,
    to |-> 2,
    body |-> [b |-> 1, id |-> 1, tx |-> 1] ] }
/\ Qvar = <<<<<<{}, {}>>, <<{}, {}>>, <<{}, {}>>>>>>
/\ ts = << << <<[id |-> <<1, 1>>, t |-> 3], [id |-> <<1, 1>>, t |-> 2]>>,
      <<[id |-> <<0, 0>>, t |-> 0], [id |-> <<1, 1>>, t |-> 2]>>,
      <<[id |-> <<0, 0>>, t |-> 0], [id |-> <<0, 0>>, t |-> 0]>> >> >>
/\ executeWaitingFlag = <<<<<<FALSE, FALSE>>, <<FALSE, FALSE>>, <<FALSE, FALSE>>>>>>
/\ TXvar = <<<<<<bottom, bottom>>, <<bottom, bottom>>, <<bottom, bottom>>>>>>
/\ recovered = <<<<<<1, 0>>, <<0, 1>>, <<0, 0>>>>>>
/\ initCoord = <<{[shard |-> 1, proc |-> 1]}, {[shard |-> 1, proc |-> 1]}>>

State 11: <Next line 1059, col 9 to line 1070, col 26 of module AccordSpec>
/\ phase = <<<<<<2, 4>>, <<1, 2>>, <<1, 1>>>>>>
/\ abal = <<<<<<0, 0>>, <<0, 0>>, <<0, 0>>>>>>
/\ initTimestamp = << [id |-> <<1, 1>>, t |-> 1],
   [id |-> <<1, 1>>, t |-> 2],
   [id |-> <<0, 0>>, t |-> 3] >>
/\ bal = <<<<<<1, 0>>, <<1, 2>>, <<0, 2>>>>>>
/\ txn = <<<<<<1, 2>>, <<1, 2>>, <<bottom, 2>>>>>>
/\ postWaitingFlag = <<<<<<FALSE, FALSE>>, <<FALSE, FALSE>>, <<FALSE, FALSE>>>>>>
/\ relation = <<<<0, 0>>, <<0, 0>>>>
/\ executed = <<<<{}, {}, {}>>>>
/\ Wvar = <<<<<<{}, {}>>, <<{}, {}>>, <<{}, {}>>>>>>
/\ dep = <<<<<<{}, {}>>, <<{}, {}>>, <<{}, {}>>>>>>
/\ recoveryAttemptBal = <<<<<<0, 0>>, <<0, 0>>, <<0, 0>>>>>>
/\ submitted = {1, 2}
/\ Dvar = <<<<<<{}, {}>>, <<{}, {}>>, <<{}, {}>>>>>>
/\ msgs = { [ type |-> 1,
    shardfrom |-> 1,
    from |-> 1,
    shardto |-> 1,
    to |-> 2,
    body |-> [id |-> 1, tx |-> 1, D0 |-> {}] ],
  [ type |-> 1,
    shardfrom |-> 1,
    from |-> 1,
    shardto |-> 1,
    to |-> 3,
    body |-> [id |-> 1, tx |-> 1, D0 |-> {}] ],
  [ type |-> 1,
    shardfrom |-> 1,
    from |-> 1,
    shardto |-> 1,
    to |-> 3,
    body |-> [id |-> 2, tx |-> 2, D0 |-> {}] ],
  [ type |-> 2,
    shardfrom |-> 1,
    from |-> 1,
    shardto |-> 1,
    to |-> 1,
    body |-> [id |-> 1, tq |-> [id |-> <<1, 1>>, t |-> 3], Dq |-> {}] ],
  [ type |-> 8,
    shardfrom |-> 1,
    from |-> 1,
    shardto |-> 1,
    to |-> 3,
    body |-> [b |-> 1, id |-> 1, tx |-> 1] ],
  [ type |-> 8,
    shardfrom |-> 1,
    from |-> 2,
    shardto |-> 1,
    to |-> 1,
    body |-> [b |-> 2, id |-> 2, tx |-> 2] ],
  [ type |-> 9,
    shardfrom |-> 1,
    from |-> 1,
    shardto |-> 1,
    to |-> 1,
    body |->
        [ b |-> 1,
          id |-> 1,
          tq |-> [id |-> <<1, 1>>, t |-> 3],
          abalq |-> 0,
          txq |-> 1,
          depq |-> {},
          phaseq |-> 2,
          rejectq |-> FALSE,
          Wq |-> {},
          WPq |-> {2} ] ],
  [ type |-> 9,
    shardfrom |-> 1,
    from |-> 2,
    shardto |-> 1,
    to |-> 1,
    body |->
        [ b |-> 1,
          id |-> 1,
          tq |-> [id |-> <<0, 0>>, t |-> 0],
          abalq |-> 0,
          txq |-> 1,
          depq |-> {},
          phaseq |-> 1,
          rejectq |-> FALSE,
          Wq |-> {},
          WPq |-> {2} ] ],
  [ type |-> 9,
    shardfrom |-> 1,
    from |-> 2,
    shardto |-> 1,
    to |-> 2,
    body |->
        [ b |-> 2,
          id |-> 2,
          tq |-> [id |-> <<1, 1>>, t |-> 2],
          abalq |-> 0,
          txq |-> 2,
          depq |-> {1},
          phaseq |-> 2,
          rejectq |-> FALSE,
          Wq |-> {},
          WPq |-> {} ] ],
  [ type |-> 9,
    shardfrom |-> 1,
    from |-> 3,
    shardto |-> 1,
    to |-> 2,
    body |->
        [ b |-> 2,
          id |-> 2,
          tq |-> [id |-> <<0, 0>>, t |-> 0],
          abalq |-> 0,
          txq |-> 2,
          depq |-> {},
          phaseq |-> 1,
          rejectq |-> FALSE,
          Wq |-> {},
          WPq |-> {} ] ],
  [ type |-> 13,
    shardfrom |-> 1,
    from |-> 1,
    shardto |-> 1,
    to |-> 1,
    body |-> [id |-> 2, D |-> {}] ] }
/\ consumedMsgs = { [ type |-> 1,
    shardfrom |-> 1,
    from |-> 1,
    shardto |-> 1,
    to |-> 2,
    body |-> [id |-> 2, tx |-> 2, D0 |-> {}] ],
  [ type |-> 2,
    shardfrom |-> 1,
    from |-> 1,
    shardto |-> 1,
    to |-> 1,
    body |-> [id |-> 2, tq |-> [id |-> <<1, 1>>, t |-> 2], Dq |-> {}] ],
  [ type |-> 2,
    shardfrom |-> 1,
    from |-> 2,
    shardto |-> 1,
    to |-> 1,
    body |-> [id |-> 2, tq |-> [id |-> <<1, 1>>, t |-> 2], Dq |-> {}] ],
  [ type |-> 8,
    shardfrom |-> 1,
    from |-> 1,
    shardto |-> 1,
    to |-> 2,
    body |-> [b |-> 1, id |-> 1, tx |-> 1] ],
  [ type |-> 8,
    shardfrom |-> 1,
    from |-> 2,
    shardto |-> 1,
    to |-> 3,
    body |-> [b |-> 2, id |-> 2, tx |-> 2] ] }
/\ Qvar = <<<<<<{}, {}>>, <<{}, {}>>, <<{}, {}>>>>>>
/\ ts = << << <<[id |-> <<1, 1>>, t |-> 3], [id |-> <<1, 1>>, t |-> 2]>>,
      <<[id |-> <<0, 0>>, t |-> 0], [id |-> <<1, 1>>, t |-> 2]>>,
      <<[id |-> <<0, 0>>, t |-> 0], [id |-> <<0, 0>>, t |-> 0]>> >> >>
/\ executeWaitingFlag = <<<<<<FALSE, FALSE>>, <<FALSE, FALSE>>, <<FALSE, FALSE>>>>>>
/\ TXvar = <<<<<<bottom, bottom>>, <<bottom, bottom>>, <<bottom, bottom>>>>>>
/\ recovered = <<<<<<1, 0>>, <<0, 1>>, <<0, 0>>>>>>
/\ initCoord = <<{[shard |-> 1, proc |-> 1]}, {[shard |-> 1, proc |-> 1]}>>

State 12: <StartRecover line 621, col 5 to line 646, col 173 of module AccordSpec>
/\ phase = <<<<<<2, 4>>, <<1, 2>>, <<1, 1>>>>>>
/\ abal = <<<<<<0, 0>>, <<0, 0>>, <<0, 0>>>>>>
/\ initTimestamp = << [id |-> <<1, 1>>, t |-> 1],
   [id |-> <<1, 1>>, t |-> 2],
   [id |-> <<0, 0>>, t |-> 3] >>
/\ bal = <<<<<<1, 0>>, <<1, 2>>, <<0, 3>>>>>>
/\ txn = <<<<<<1, 2>>, <<1, 2>>, <<bottom, 0>>>>>>
/\ postWaitingFlag = <<<<<<FALSE, FALSE>>, <<FALSE, FALSE>>, <<FALSE, FALSE>>>>>>
/\ relation = <<<<0, 0>>, <<0, 0>>>>
/\ executed = <<<<{}, {}, {}>>>>
/\ Wvar = <<<<<<{}, {}>>, <<{}, {}>>, <<{}, {}>>>>>>
/\ dep = <<<<<<{}, {}>>, <<{}, {}>>, <<{}, {}>>>>>>
/\ recoveryAttemptBal = <<<<<<0, 0>>, <<0, 0>>, <<0, 0>>>>>>
/\ submitted = {1, 2}
/\ Dvar = <<<<<<{}, {}>>, <<{}, {}>>, <<{}, {}>>>>>>
/\ msgs = { [ type |-> 1,
    shardfrom |-> 1,
    from |-> 1,
    shardto |-> 1,
    to |-> 2,
    body |-> [id |-> 1, tx |-> 1, D0 |-> {}] ],
  [ type |-> 1,
    shardfrom |-> 1,
    from |-> 1,
    shardto |-> 1,
    to |-> 3,
    body |-> [id |-> 1, tx |-> 1, D0 |-> {}] ],
  [ type |-> 1,
    shardfrom |-> 1,
    from |-> 1,
    shardto |-> 1,
    to |-> 3,
    body |-> [id |-> 2, tx |-> 2, D0 |-> {}] ],
  [ type |-> 2,
    shardfrom |-> 1,
    from |-> 1,
    shardto |-> 1,
    to |-> 1,
    body |-> [id |-> 1, tq |-> [id |-> <<1, 1>>, t |-> 3], Dq |-> {}] ],
  [ type |-> 8,
    shardfrom |-> 1,
    from |-> 1,
    shardto |-> 1,
    to |-> 3,
    body |-> [b |-> 1, id |-> 1, tx |-> 1] ],
  [ type |-> 8,
    shardfrom |-> 1,
    from |-> 2,
    shardto |-> 1,
    to |-> 1,
    body |-> [b |-> 2, id |-> 2, tx |-> 2] ],
  [ type |-> 8,
    shardfrom |-> 1,
    from |-> 3,
    shardto |-> 1,
    to |-> 1,
    body |-> [b |-> 3, id |-> 2, tx |-> 0] ],
  [ type |-> 8,
    shardfrom |-> 1,
    from |-> 3,
    shardto |-> 1,
    to |-> 2,
    body |-> [b |-> 3, id |-> 2, tx |-> 0] ],
  [ type |-> 9,
    shardfrom |-> 1,
    from |-> 1,
    shardto |-> 1,
    to |-> 1,
    body |->
        [ b |-> 1,
          id |-> 1,
          tq |-> [id |-> <<1, 1>>, t |-> 3],
          abalq |-> 0,
          txq |-> 1,
          depq |-> {},
          phaseq |-> 2,
          rejectq |-> FALSE,
          Wq |-> {},
          WPq |-> {2} ] ],
  [ type |-> 9,
    shardfrom |-> 1,
    from |-> 2,
    shardto |-> 1,
    to |-> 1,
    body |->
        [ b |-> 1,
          id |-> 1,
          tq |-> [id |-> <<0, 0>>, t |-> 0],
          abalq |-> 0,
          txq |-> 1,
          depq |-> {},
          phaseq |-> 1,
          rejectq |-> FALSE,
          Wq |-> {},
          WPq |-> {2} ] ],
  [ type |-> 9,
    shardfrom |-> 1,
    from |-> 2,
    shardto |-> 1,
    to |-> 2,
    body |->
        [ b |-> 2,
          id |-> 2,
          tq |-> [id |-> <<1, 1>>, t |-> 2],
          abalq |-> 0,
          txq |-> 2,
          depq |-> {1},
          phaseq |-> 2,
          rejectq |-> FALSE,
          Wq |-> {},
          WPq |-> {} ] ],
  [ type |-> 9,
    shardfrom |-> 1,
    from |-> 3,
    shardto |-> 1,
    to |-> 2,
    body |->
        [ b |-> 2,
          id |-> 2,
          tq |-> [id |-> <<0, 0>>, t |-> 0],
          abalq |-> 0,
          txq |-> 2,
          depq |-> {},
          phaseq |-> 1,
          rejectq |-> FALSE,
          Wq |-> {},
          WPq |-> {} ] ],
  [ type |-> 9,
    shardfrom |-> 1,
    from |-> 3,
    shardto |-> 1,
    to |-> 3,
    body |->
        [ b |-> 3,
          id |-> 2,
          tq |-> [id |-> <<0, 0>>, t |-> 0],
          abalq |-> 0,
          txq |-> 0,
          depq |-> {},
          phaseq |-> 1,
          rejectq |-> FALSE,
          Wq |-> {},
          WPq |-> {} ] ],
  [ type |-> 13,
    shardfrom |-> 1,
    from |-> 1,
    shardto |-> 1,
    to |-> 1,
    body |-> [id |-> 2, D |-> {}] ] }
/\ consumedMsgs = { [ type |-> 1,
    shardfrom |-> 1,
    from |-> 1,
    shardto |-> 1,
    to |-> 2,
    body |-> [id |-> 2, tx |-> 2, D0 |-> {}] ],
  [ type |-> 2,
    shardfrom |-> 1,
    from |-> 1,
    shardto |-> 1,
    to |-> 1,
    body |-> [id |-> 2, tq |-> [id |-> <<1, 1>>, t |-> 2], Dq |-> {}] ],
  [ type |-> 2,
    shardfrom |-> 1,
    from |-> 2,
    shardto |-> 1,
    to |-> 1,
    body |-> [id |-> 2, tq |-> [id |-> <<1, 1>>, t |-> 2], Dq |-> {}] ],
  [ type |-> 8,
    shardfrom |-> 1,
    from |-> 1,
    shardto |-> 1,
    to |-> 2,
    body |-> [b |-> 1, id |-> 1, tx |-> 1] ],
  [ type |-> 8,
    shardfrom |-> 1,
    from |-> 2,
    shardto |-> 1,
    to |-> 3,
    body |-> [b |-> 2, id |-> 2, tx |-> 2] ] }
/\ Qvar = <<<<<<{}, {}>>, <<{}, {}>>, <<{}, {}>>>>>>
/\ ts = << << <<[id |-> <<1, 1>>, t |-> 3], [id |-> <<1, 1>>, t |-> 2]>>,
      <<[id |-> <<0, 0>>, t |-> 0], [id |-> <<1, 1>>, t |-> 2]>>,
      <<[id |-> <<0, 0>>, t |-> 0], [id |-> <<0, 0>>, t |-> 0]>> >> >>
/\ executeWaitingFlag = <<<<<<FALSE, FALSE>>, <<FALSE, FALSE>>, <<FALSE, FALSE>>>>>>
/\ TXvar = <<<<<<bottom, bottom>>, <<bottom, bottom>>, <<bottom, bottom>>>>>>
/\ recovered = <<<<<<1, 0>>, <<0, 1>>, <<0, 1>>>>>>
/\ initCoord = <<{[shard |-> 1, proc |-> 1]}, {[shard |-> 1, proc |-> 1]}>>

State 13: <StartRecover line 621, col 5 to line 646, col 173 of module AccordSpec>
/\ phase = <<<<<<2, 4>>, <<1, 2>>, <<1, 1>>>>>>
/\ abal = <<<<<<0, 0>>, <<0, 0>>, <<0, 0>>>>>>
/\ initTimestamp = << [id |-> <<1, 1>>, t |-> 1],
   [id |-> <<1, 1>>, t |-> 2],
   [id |-> <<0, 0>>, t |-> 3] >>
/\ bal = <<<<<<1, 1>>, <<1, 2>>, <<0, 3>>>>>>
/\ txn = <<<<<<1, 2>>, <<1, 2>>, <<bottom, 0>>>>>>
/\ postWaitingFlag = <<<<<<FALSE, FALSE>>, <<FALSE, FALSE>>, <<FALSE, FALSE>>>>>>
/\ relation = <<<<0, 0>>, <<0, 0>>>>
/\ executed = <<<<{}, {}, {}>>>>
/\ Wvar = <<<<<<{}, {}>>, <<{}, {}>>, <<{}, {}>>>>>>
/\ dep = <<<<<<{}, {}>>, <<{}, {}>>, <<{}, {}>>>>>>
/\ recoveryAttemptBal = <<<<<<0, 0>>, <<0, 0>>, <<0, 0>>>>>>
/\ submitted = {1, 2}
/\ Dvar = <<<<<<{}, {}>>, <<{}, {}>>, <<{}, {}>>>>>>
/\ msgs = { [ type |-> 1,
    shardfrom |-> 1,
    from |-> 1,
    shardto |-> 1,
    to |-> 2,
    body |-> [id |-> 1, tx |-> 1, D0 |-> {}] ],
  [ type |-> 1,
    shardfrom |-> 1,
    from |-> 1,
    shardto |-> 1,
    to |-> 3,
    body |-> [id |-> 1, tx |-> 1, D0 |-> {}] ],
  [ type |-> 1,
    shardfrom |-> 1,
    from |-> 1,
    shardto |-> 1,
    to |-> 3,
    body |-> [id |-> 2, tx |-> 2, D0 |-> {}] ],
  [ type |-> 2,
    shardfrom |-> 1,
    from |-> 1,
    shardto |-> 1,
    to |-> 1,
    body |-> [id |-> 1, tq |-> [id |-> <<1, 1>>, t |-> 3], Dq |-> {}] ],
  [ type |-> 8,
    shardfrom |-> 1,
    from |-> 1,
    shardto |-> 1,
    to |-> 2,
    body |-> [b |-> 1, id |-> 2, tx |-> 2] ],
  [ type |-> 8,
    shardfrom |-> 1,
    from |-> 1,
    shardto |-> 1,
    to |-> 3,
    body |-> [b |-> 1, id |-> 1, tx |-> 1] ],
  [ type |-> 8,
    shardfrom |-> 1,
    from |-> 1,
    shardto |-> 1,
    to |-> 3,
    body |-> [b |-> 1, id |-> 2, tx |-> 2] ],
  [ type |-> 8,
    shardfrom |-> 1,
    from |-> 2,
    shardto |-> 1,
    to |-> 1,
    body |-> [b |-> 2, id |-> 2, tx |-> 2] ],
  [ type |-> 8,
    shardfrom |-> 1,
    from |-> 3,
    shardto |-> 1,
    to |-> 1,
    body |-> [b |-> 3, id |-> 2, tx |-> 0] ],
  [ type |-> 8,
    shardfrom |-> 1,
    from |-> 3,
    shardto |-> 1,
    to |-> 2,
    body |-> [b |-> 3, id |-> 2, tx |-> 0] ],
  [ type |-> 9,
    shardfrom |-> 1,
    from |-> 1,
    shardto |-> 1,
    to |-> 1,
    body |->
        [ b |-> 1,
          id |-> 1,
          tq |-> [id |-> <<1, 1>>, t |-> 3],
          abalq |-> 0,
          txq |-> 1,
          depq |-> {},
          phaseq |-> 2,
          rejectq |-> FALSE,
          Wq |-> {},
          WPq |-> {2} ] ],
  [ type |-> 9,
    shardfrom |-> 1,
    from |-> 1,
    shardto |-> 1,
    to |-> 1,
    body |->
        [ b |-> 1,
          id |-> 2,
          tq |-> [id |-> <<1, 1>>, t |-> 2],
          abalq |-> 0,
          txq |-> 2,
          depq |-> {},
          phaseq |-> 4,
          rejectq |-> FALSE,
          Wq |-> {<<1, 0>>},
          WPq |-> {} ] ],
  [ type |-> 9,
    shardfrom |-> 1,
    from |-> 2,
    shardto |-> 1,
    to |-> 1,
    body |->
        [ b |-> 1,
          id |-> 1,
          tq |-> [id |-> <<0, 0>>, t |-> 0],
          abalq |-> 0,
          txq |-> 1,
          depq |-> {},
          phaseq |-> 1,
          rejectq |-> FALSE,
          Wq |-> {},
          WPq |-> {2} ] ],
  [ type |-> 9,
    shardfrom |-> 1,
    from |-> 2,
    shardto |-> 1,
    to |-> 2,
    body |->
        [ b |-> 2,
          id |-> 2,
          tq |-> [id |-> <<1, 1>>, t |-> 2],
          abalq |-> 0,
          txq |-> 2,
          depq |-> {1},
          phaseq |-> 2,
          rejectq |-> FALSE,
          Wq |-> {},
          WPq |-> {} ] ],
  [ type |-> 9,
    shardfrom |-> 1,
    from |-> 3,
    shardto |-> 1,
    to |-> 2,
    body |->
        [ b |-> 2,
          id |-> 2,
          tq |-> [id |-> <<0, 0>>, t |-> 0],
          abalq |-> 0,
          txq |-> 2,
          depq |-> {},
          phaseq |-> 1,
          rejectq |-> FALSE,
          Wq |-> {},
          WPq |-> {} ] ],
  [ type |-> 9,
    shardfrom |-> 1,
    from |-> 3,
    shardto |-> 1,
    to |-> 3,
    body |->
        [ b |-> 3,
          id |-> 2,
          tq |-> [id |-> <<0, 0>>, t |-> 0],
          abalq |-> 0,
          txq |-> 0,
          depq |-> {},
          phaseq |-> 1,
          rejectq |-> FALSE,
          Wq |-> {},
          WPq |-> {} ] ],
  [ type |-> 13,
    shardfrom |-> 1,
    from |-> 1,
    shardto |-> 1,
    to |-> 1,
    body |-> [id |-> 2, D |-> {}] ] }
/\ consumedMsgs = { [ type |-> 1,
    shardfrom |-> 1,
    from |-> 1,
    shardto |-> 1,
    to |-> 2,
    body |-> [id |-> 2, tx |-> 2, D0 |-> {}] ],
  [ type |-> 2,
    shardfrom |-> 1,
    from |-> 1,
    shardto |-> 1,
    to |-> 1,
    body |-> [id |-> 2, tq |-> [id |-> <<1, 1>>, t |-> 2], Dq |-> {}] ],
  [ type |-> 2,
    shardfrom |-> 1,
    from |-> 2,
    shardto |-> 1,
    to |-> 1,
    body |-> [id |-> 2, tq |-> [id |-> <<1, 1>>, t |-> 2], Dq |-> {}] ],
  [ type |-> 8,
    shardfrom |-> 1,
    from |-> 1,
    shardto |-> 1,
    to |-> 2,
    body |-> [b |-> 1, id |-> 1, tx |-> 1] ],
  [ type |-> 8,
    shardfrom |-> 1,
    from |-> 2,
    shardto |-> 1,
    to |-> 3,
    body |-> [b |-> 2, id |-> 2, tx |-> 2] ] }
/\ Qvar = <<<<<<{}, {}>>, <<{}, {}>>, <<{}, {}>>>>>>
/\ ts = << << <<[id |-> <<1, 1>>, t |-> 3], [id |-> <<1, 1>>, t |-> 2]>>,
      <<[id |-> <<0, 0>>, t |-> 0], [id |-> <<1, 1>>, t |-> 2]>>,
      <<[id |-> <<0, 0>>, t |-> 0], [id |-> <<0, 0>>, t |-> 0]>> >> >>
/\ executeWaitingFlag = <<<<<<FALSE, FALSE>>, <<FALSE, FALSE>>, <<FALSE, FALSE>>>>>>
/\ TXvar = <<<<<<bottom, bottom>>, <<bottom, bottom>>, <<bottom, bottom>>>>>>
/\ recovered = <<<<<<1, 1>>, <<0, 1>>, <<0, 1>>>>>>
/\ initCoord = <<{[shard |-> 1, proc |-> 1]}, {[shard |-> 1, proc |-> 1]}>>

State 14: <StartRecover line 621, col 5 to line 646, col 173 of module AccordSpec>
/\ phase = <<<<<<2, 4>>, <<1, 2>>, <<1, 1>>>>>>
/\ abal = <<<<<<0, 0>>, <<0, 0>>, <<0, 0>>>>>>
/\ initTimestamp = << [id |-> <<1, 1>>, t |-> 1],
   [id |-> <<1, 1>>, t |-> 2],
   [id |-> <<0, 0>>, t |-> 3] >>
/\ bal = <<<<<<1, 1>>, <<2, 2>>, <<0, 3>>>>>>
/\ txn = <<<<<<1, 2>>, <<0, 2>>, <<bottom, 0>>>>>>
/\ postWaitingFlag = <<<<<<FALSE, FALSE>>, <<FALSE, FALSE>>, <<FALSE, FALSE>>>>>>
/\ relation = <<<<0, 0>>, <<0, 0>>>>
/\ executed = <<<<{}, {}, {}>>>>
/\ Wvar = <<<<<<{}, {}>>, <<{}, {}>>, <<{}, {}>>>>>>
/\ dep = <<<<<<{}, {}>>, <<{}, {}>>, <<{}, {}>>>>>>
/\ recoveryAttemptBal = <<<<<<0, 0>>, <<0, 0>>, <<0, 0>>>>>>
/\ submitted = {1, 2}
/\ Dvar = <<<<<<{}, {}>>, <<{}, {}>>, <<{}, {}>>>>>>
/\ msgs = { [ type |-> 1,
    shardfrom |-> 1,
    from |-> 1,
    shardto |-> 1,
    to |-> 2,
    body |-> [id |-> 1, tx |-> 1, D0 |-> {}] ],
  [ type |-> 1,
    shardfrom |-> 1,
    from |-> 1,
    shardto |-> 1,
    to |-> 3,
    body |-> [id |-> 1, tx |-> 1, D0 |-> {}] ],
  [ type |-> 1,
    shardfrom |-> 1,
    from |-> 1,
    shardto |-> 1,
    to |-> 3,
    body |-> [id |-> 2, tx |-> 2, D0 |-> {}] ],
  [ type |-> 2,
    shardfrom |-> 1,
    from |-> 1,
    shardto |-> 1,
    to |-> 1,
    body |-> [id |-> 1, tq |-> [id |-> <<1, 1>>, t |-> 3], Dq |-> {}] ],
  [ type |-> 8,
    shardfrom |-> 1,
    from |-> 1,
    shardto |-> 1,
    to |-> 2,
    body |-> [b |-> 1, id |-> 2, tx |-> 2] ],
  [ type |-> 8,
    shardfrom |-> 1,
    from |-> 1,
    shardto |-> 1,
    to |-> 3,
    body |-> [b |-> 1, id |-> 1, tx |-> 1] ],
  [ type |-> 8,
    shardfrom |-> 1,
    from |-> 1,
    shardto |-> 1,
    to |-> 3,
    body |-> [b |-> 1, id |-> 2, tx |-> 2] ],
  [ type |-> 8,
    shardfrom |-> 1,
    from |-> 2,
    shardto |-> 1,
    to |-> 1,
    body |-> [b |-> 2, id |-> 1, tx |-> 0] ],
  [ type |-> 8,
    shardfrom |-> 1,
    from |-> 2,
    shardto |-> 1,
    to |-> 1,
    body |-> [b |-> 2, id |-> 2, tx |-> 2] ],
  [ type |-> 8,
    shardfrom |-> 1,
    from |-> 2,
    shardto |-> 1,
    to |-> 3,
    body |-> [b |-> 2, id |-> 1, tx |-> 0] ],
  [ type |-> 8,
    shardfrom |-> 1,
    from |-> 3,
    shardto |-> 1,
    to |-> 1,
    body |-> [b |-> 3, id |-> 2, tx |-> 0] ],
  [ type |-> 8,
    shardfrom |-> 1,
    from |-> 3,
    shardto |-> 1,
    to |-> 2,
    body |-> [b |-> 3, id |-> 2, tx |-> 0] ],
  [ type |-> 9,
    shardfrom |-> 1,
    from |-> 1,
    shardto |-> 1,
    to |-> 1,
    body |->
        [ b |-> 1,
          id |-> 1,
          tq |-> [id |-> <<1, 1>>, t |-> 3],
          abalq |-> 0,
          txq |-> 1,
          depq |-> {},
          phaseq |-> 2,
          rejectq |-> FALSE,
          Wq |-> {},
          WPq |-> {2} ] ],
  [ type |-> 9,
    shardfrom |-> 1,
    from |-> 1,
    shardto |-> 1,
    to |-> 1,
    body |->
        [ b |-> 1,
          id |-> 2,
          tq |-> [id |-> <<1, 1>>, t |-> 2],
          abalq |-> 0,
          txq |-> 2,
          depq |-> {},
          phaseq |-> 4,
          rejectq |-> FALSE,
          Wq |-> {<<1, 0>>},
          WPq |-> {} ] ],
  [ type |-> 9,
    shardfrom |-> 1,
    from |-> 2,
    shardto |-> 1,
    to |-> 1,
    body |->
        [ b |-> 1,
          id |-> 1,
          tq |-> [id |-> <<0, 0>>, t |-> 0],
          abalq |-> 0,
          txq |-> 1,
          depq |-> {},
          phaseq |-> 1,
          rejectq |-> FALSE,
          Wq |-> {},
          WPq |-> {2} ] ],
  [ type |-> 9,
    shardfrom |-> 1,
    from |-> 2,
    shardto |-> 1,
    to |-> 2,
    body |->
        [ b |-> 2,
          id |-> 1,
          tq |-> [id |-> <<0, 0>>, t |-> 0],
          abalq |-> 0,
          txq |-> 0,
          depq |-> {},
          phaseq |-> 1,
          rejectq |-> FALSE,
          Wq |-> {},
          WPq |-> {2} ] ],
  [ type |-> 9,
    shardfrom |-> 1,
    from |-> 2,
    shardto |-> 1,
    to |-> 2,
    body |->
        [ b |-> 2,
          id |-> 2,
          tq |-> [id |-> <<1, 1>>, t |-> 2],
          abalq |-> 0,
          txq |-> 2,
          depq |-> {1},
          phaseq |-> 2,
          rejectq |-> FALSE,
          Wq |-> {},
          WPq |-> {} ] ],
  [ type |-> 9,
    shardfrom |-> 1,
    from |-> 3,
    shardto |-> 1,
    to |-> 2,
    body |->
        [ b |-> 2,
          id |-> 2,
          tq |-> [id |-> <<0, 0>>, t |-> 0],
          abalq |-> 0,
          txq |-> 2,
          depq |-> {},
          phaseq |-> 1,
          rejectq |-> FALSE,
          Wq |-> {},
          WPq |-> {} ] ],
  [ type |-> 9,
    shardfrom |-> 1,
    from |-> 3,
    shardto |-> 1,
    to |-> 3,
    body |->
        [ b |-> 3,
          id |-> 2,
          tq |-> [id |-> <<0, 0>>, t |-> 0],
          abalq |-> 0,
          txq |-> 0,
          depq |-> {},
          phaseq |-> 1,
          rejectq |-> FALSE,
          Wq |-> {},
          WPq |-> {} ] ],
  [ type |-> 13,
    shardfrom |-> 1,
    from |-> 1,
    shardto |-> 1,
    to |-> 1,
    body |-> [id |-> 2, D |-> {}] ] }
/\ consumedMsgs = { [ type |-> 1,
    shardfrom |-> 1,
    from |-> 1,
    shardto |-> 1,
    to |-> 2,
    body |-> [id |-> 2, tx |-> 2, D0 |-> {}] ],
  [ type |-> 2,
    shardfrom |-> 1,
    from |-> 1,
    shardto |-> 1,
    to |-> 1,
    body |-> [id |-> 2, tq |-> [id |-> <<1, 1>>, t |-> 2], Dq |-> {}] ],
  [ type |-> 2,
    shardfrom |-> 1,
    from |-> 2,
    shardto |-> 1,
    to |-> 1,
    body |-> [id |-> 2, tq |-> [id |-> <<1, 1>>, t |-> 2], Dq |-> {}] ],
  [ type |-> 8,
    shardfrom |-> 1,
    from |-> 1,
    shardto |-> 1,
    to |-> 2,
    body |-> [b |-> 1, id |-> 1, tx |-> 1] ],
  [ type |-> 8,
    shardfrom |-> 1,
    from |-> 2,
    shardto |-> 1,
    to |-> 3,
    body |-> [b |-> 2, id |-> 2, tx |-> 2] ] }
/\ Qvar = <<<<<<{}, {}>>, <<{}, {}>>, <<{}, {}>>>>>>
/\ ts = << << <<[id |-> <<1, 1>>, t |-> 3], [id |-> <<1, 1>>, t |-> 2]>>,
      <<[id |-> <<0, 0>>, t |-> 0], [id |-> <<1, 1>>, t |-> 2]>>,
      <<[id |-> <<0, 0>>, t |-> 0], [id |-> <<0, 0>>, t |-> 0]>> >> >>
/\ executeWaitingFlag = <<<<<<FALSE, FALSE>>, <<FALSE, FALSE>>, <<FALSE, FALSE>>>>>>
/\ TXvar = <<<<<<bottom, bottom>>, <<bottom, bottom>>, <<bottom, bottom>>>>>>
/\ recovered = <<<<<<1, 1>>, <<1, 1>>, <<0, 1>>>>>>
/\ initCoord = <<{[shard |-> 1, proc |-> 1]}, {[shard |-> 1, proc |-> 1]}>>

State 15: <HandleRecoverOK line 679, col 5 to line 785, col 109 of module AccordSpec>
/\ phase = <<<<<<2, 4>>, <<1, 2>>, <<1, 1>>>>>>
/\ abal = <<<<<<0, 0>>, <<0, 0>>, <<0, 0>>>>>>
/\ initTimestamp = << [id |-> <<1, 1>>, t |-> 1],
   [id |-> <<1, 1>>, t |-> 2],
   [id |-> <<0, 0>>, t |-> 3] >>
/\ bal = <<<<<<1, 1>>, <<2, 2>>, <<0, 3>>>>>>
/\ txn = <<<<<<1, 2>>, <<0, 2>>, <<bottom, 0>>>>>>
/\ postWaitingFlag = <<<<<<FALSE, FALSE>>, <<FALSE, TRUE>>, <<FALSE, FALSE>>>>>>
/\ relation = <<<<0, 0>>, <<0, 0>>>>
/\ executed = <<<<{}, {}, {}>>>>
/\ Wvar = <<<<<<{}, {}>>, <<{}, {}>>, <<{}, {}>>>>>>
/\ dep = <<<<<<{}, {}>>, <<{}, {}>>, <<{}, {}>>>>>>
/\ recoveryAttemptBal = <<<<<<0, 0>>, <<0, 2>>, <<0, 0>>>>>>
/\ submitted = {1, 2}
/\ Dvar = <<<<<<{}, {}>>, <<{}, {1}>>, <<{}, {}>>>>>>
/\ msgs = { [ type |-> 1,
    shardfrom |-> 1,
    from |-> 1,
    shardto |-> 1,
    to |-> 2,
    body |-> [id |-> 1, tx |-> 1, D0 |-> {}] ],
  [ type |-> 1,
    shardfrom |-> 1,
    from |-> 1,
    shardto |-> 1,
    to |-> 3,
    body |-> [id |-> 1, tx |-> 1, D0 |-> {}] ],
  [ type |-> 1,
    shardfrom |-> 1,
    from |-> 1,
    shardto |-> 1,
    to |-> 3,
    body |-> [id |-> 2, tx |-> 2, D0 |-> {}] ],
  [ type |-> 2,
    shardfrom |-> 1,
    from |-> 1,
    shardto |-> 1,
    to |-> 1,
    body |-> [id |-> 1, tq |-> [id |-> <<1, 1>>, t |-> 3], Dq |-> {}] ],
  [ type |-> 8,
    shardfrom |-> 1,
    from |-> 1,
    shardto |-> 1,
    to |-> 2,
    body |-> [b |-> 1, id |-> 2, tx |-> 2] ],
  [ type |-> 8,
    shardfrom |-> 1,
    from |-> 1,
    shardto |-> 1,
    to |-> 3,
    body |-> [b |-> 1, id |-> 1, tx |-> 1] ],
  [ type |-> 8,
    shardfrom |-> 1,
    from |-> 1,
    shardto |-> 1,
    to |-> 3,
    body |-> [b |-> 1, id |-> 2, tx |-> 2] ],
  [ type |-> 8,
    shardfrom |-> 1,
    from |-> 2,
    shardto |-> 1,
    to |-> 1,
    body |-> [b |-> 2, id |-> 1, tx |-> 0] ],
  [ type |-> 8,
    shardfrom |-> 1,
    from |-> 2,
    shardto |-> 1,
    to |-> 1,
    body |-> [b |-> 2, id |-> 2, tx |-> 2] ],
  [ type |-> 8,
    shardfrom |-> 1,
    from |-> 2,
    shardto |-> 1,
    to |-> 3,
    body |-> [b |-> 2, id |-> 1, tx |-> 0] ],
  [ type |-> 8,
    shardfrom |-> 1,
    from |-> 3,
    shardto |-> 1,
    to |-> 1,
    body |-> [b |-> 3, id |-> 2, tx |-> 0] ],
  [ type |-> 8,
    shardfrom |-> 1,
    from |-> 3,
    shardto |-> 1,
    to |-> 2,
    body |-> [b |-> 3, id |-> 2, tx |-> 0] ],
  [ type |-> 9,
    shardfrom |-> 1,
    from |-> 1,
    shardto |-> 1,
    to |-> 1,
    body |->
        [ b |-> 1,
          id |-> 1,
          tq |-> [id |-> <<1, 1>>, t |-> 3],
          abalq |-> 0,
          txq |-> 1,
          depq |-> {},
          phaseq |-> 2,
          rejectq |-> FALSE,
          Wq |-> {},
          WPq |-> {2} ] ],
  [ type |-> 9,
    shardfrom |-> 1,
    from |-> 1,
    shardto |-> 1,
    to |-> 1,
    body |->
        [ b |-> 1,
          id |-> 2,
          tq |-> [id |-> <<1, 1>>, t |-> 2],
          abalq |-> 0,
          txq |-> 2,
          depq |-> {},
          phaseq |-> 4,
          rejectq |-> FALSE,
          Wq |-> {<<1, 0>>},
          WPq |-> {} ] ],
  [ type |-> 9,
    shardfrom |-> 1,
    from |-> 2,
    shardto |-> 1,
    to |-> 1,
    body |->
        [ b |-> 1,
          id |-> 1,
          tq |-> [id |-> <<0, 0>>, t |-> 0],
          abalq |-> 0,
          txq |-> 1,
          depq |-> {},
          phaseq |-> 1,
          rejectq |-> FALSE,
          Wq |-> {},
          WPq |-> {2} ] ],
  [ type |-> 9,
    shardfrom |-> 1,
    from |-> 2,
    shardto |-> 1,
    to |-> 2,
    body |->
        [ b |-> 2,
          id |-> 1,
          tq |-> [id |-> <<0, 0>>, t |-> 0],
          abalq |-> 0,
          txq |-> 0,
          depq |-> {},
          phaseq |-> 1,
          rejectq |-> FALSE,
          Wq |-> {},
          WPq |-> {2} ] ],
  [ type |-> 9,
    shardfrom |-> 1,
    from |-> 3,
    shardto |-> 1,
    to |-> 3,
    body |->
        [ b |-> 3,
          id |-> 2,
          tq |-> [id |-> <<0, 0>>, t |-> 0],
          abalq |-> 0,
          txq |-> 0,
          depq |-> {},
          phaseq |-> 1,
          rejectq |-> FALSE,
          Wq |-> {},
          WPq |-> {} ] ],
  [ type |-> 13,
    shardfrom |-> 1,
    from |-> 1,
    shardto |-> 1,
    to |-> 1,
    body |-> [id |-> 2, D |-> {}] ] }
/\ consumedMsgs = { [ type |-> 1,
    shardfrom |-> 1,
    from |-> 1,
    shardto |-> 1,
    to |-> 2,
    body |-> [id |-> 2, tx |-> 2, D0 |-> {}] ],
  [ type |-> 2,
    shardfrom |-> 1,
    from |-> 1,
    shardto |-> 1,
    to |-> 1,
    body |-> [id |-> 2, tq |-> [id |-> <<1, 1>>, t |-> 2], Dq |-> {}] ],
  [ type |-> 2,
    shardfrom |-> 1,
    from |-> 2,
    shardto |-> 1,
    to |-> 1,
    body |-> [id |-> 2, tq |-> [id |-> <<1, 1>>, t |-> 2], Dq |-> {}] ],
  [ type |-> 8,
    shardfrom |-> 1,
    from |-> 1,
    shardto |-> 1,
    to |-> 2,
    body |-> [b |-> 1, id |-> 1, tx |-> 1] ],
  [ type |-> 8,
    shardfrom |-> 1,
    from |-> 2,
    shardto |-> 1,
    to |-> 3,
    body |-> [b |-> 2, id |-> 2, tx |-> 2] ],
  [ type |-> 9,
    shardfrom |-> 1,
    from |-> 2,
    shardto |-> 1,
    to |-> 2,
    body |->
        [ b |-> 2,
          id |-> 2,
          tq |-> [id |-> <<1, 1>>, t |-> 2],
          abalq |-> 0,
          txq |-> 2,
          depq |-> {1},
          phaseq |-> 2,
          rejectq |-> FALSE,
          Wq |-> {},
          WPq |-> {} ] ],
  [ type |-> 9,
    shardfrom |-> 1,
    from |-> 3,
    shardto |-> 1,
    to |-> 2,
    body |->
        [ b |-> 2,
          id |-> 2,
          tq |-> [id |-> <<0, 0>>, t |-> 0],
          abalq |-> 0,
          txq |-> 2,
          depq |-> {},
          phaseq |-> 1,
          rejectq |-> FALSE,
          Wq |-> {},
          WPq |-> {} ] ] }
/\ Qvar = << << <<{}, {}>>,
      <<{}, {[shard |-> 1, proc |-> 2], [shard |-> 1, proc |-> 3]}>>,
      <<{}, {}>> >> >>
/\ ts = << << <<[id |-> <<1, 1>>, t |-> 3], [id |-> <<1, 1>>, t |-> 2]>>,
      <<[id |-> <<0, 0>>, t |-> 0], [id |-> <<1, 1>>, t |-> 2]>>,
      <<[id |-> <<0, 0>>, t |-> 0], [id |-> <<0, 0>>, t |-> 0]>> >> >>
/\ executeWaitingFlag = <<<<<<FALSE, FALSE>>, <<FALSE, FALSE>>, <<FALSE, FALSE>>>>>>
/\ TXvar = <<<<<<bottom, bottom>>, <<bottom, 2>>, <<bottom, bottom>>>>>>
/\ recovered = <<<<<<1, 1>>, <<1, 1>>, <<0, 1>>>>>>
/\ initCoord = <<{[shard |-> 1, proc |-> 1]}, {[shard |-> 1, proc |-> 1]}>>

State 16: <HandlePostWaiting line 791, col 5 to line 882, col 167 of module AccordSpec>
/\ phase = <<<<<<2, 4>>, <<1, 3>>, <<1, 1>>>>>>
/\ abal = <<<<<<0, 0>>, <<0, 2>>, <<0, 0>>>>>>
/\ initTimestamp = << [id |-> <<1, 1>>, t |-> 1],
   [id |-> <<1, 1>>, t |-> 2],
   [id |-> <<0, 0>>, t |-> 3] >>
/\ bal = <<<<<<1, 1>>, <<2, 2>>, <<0, 3>>>>>>
/\ txn = <<<<<<1, 2>>, <<0, 2>>, <<bottom, 0>>>>>>
/\ postWaitingFlag = <<<<<<FALSE, FALSE>>, <<FALSE, FALSE>>, <<FALSE, FALSE>>>>>>
/\ relation = <<<<0, 0>>, <<0, 0>>>>
/\ executed = <<<<{}, {}, {}>>>>
/\ Wvar = <<<<<<{}, {}>>, <<{}, {}>>, <<{}, {}>>>>>>
/\ dep = <<<<<<{}, {}>>, <<{}, {1}>>, <<{}, {}>>>>>>
/\ recoveryAttemptBal = <<<<<<0, 0>>, <<0, 2>>, <<0, 0>>>>>>
/\ submitted = {1, 2}
/\ Dvar = <<<<<<{}, {}>>, <<{}, {1}>>, <<{}, {}>>>>>>
/\ msgs = { [ type |-> 1,
    shardfrom |-> 1,
    from |-> 1,
    shardto |-> 1,
    to |-> 2,
    body |-> [id |-> 1, tx |-> 1, D0 |-> {}] ],
  [ type |-> 1,
    shardfrom |-> 1,
    from |-> 1,
    shardto |-> 1,
    to |-> 3,
    body |-> [id |-> 1, tx |-> 1, D0 |-> {}] ],
  [ type |-> 1,
    shardfrom |-> 1,
    from |-> 1,
    shardto |-> 1,
    to |-> 3,
    body |-> [id |-> 2, tx |-> 2, D0 |-> {}] ],
  [ type |-> 2,
    shardfrom |-> 1,
    from |-> 1,
    shardto |-> 1,
    to |-> 1,
    body |-> [id |-> 1, tq |-> [id |-> <<1, 1>>, t |-> 3], Dq |-> {}] ],
  [ type |-> 3,
    shardfrom |-> 1,
    from |-> 2,
    shardto |-> 1,
    to |-> 1,
    body |->
        [ b |-> 2,
          id |-> 2,
          tx |-> 2,
          t |-> [id |-> <<1, 1>>, t |-> 2],
          D |-> {1},
          pathSpeed |-> 1 ] ],
  [ type |-> 3,
    shardfrom |-> 1,
    from |-> 2,
    shardto |-> 1,
    to |-> 3,
    body |->
        [ b |-> 2,
          id |-> 2,
          tx |-> 2,
          t |-> [id |-> <<1, 1>>, t |-> 2],
          D |-> {1},
          pathSpeed |-> 1 ] ],
  [ type |-> 4,
    shardfrom |-> 1,
    from |-> 2,
    shardto |-> 1,
    to |-> 2,
    body |-> [b |-> 2, id |-> 2, Dq |-> {1}, pathSpeed |-> 1] ],
  [ type |-> 8,
    shardfrom |-> 1,
    from |-> 1,
    shardto |-> 1,
    to |-> 2,
    body |-> [b |-> 1, id |-> 2, tx |-> 2] ],
  [ type |-> 8,
    shardfrom |-> 1,
    from |-> 1,
    shardto |-> 1,
    to |-> 3,
    body |-> [b |-> 1, id |-> 1, tx |-> 1] ],
  [ type |-> 8,
    shardfrom |-> 1,
    from |-> 1,
    shardto |-> 1,
    to |-> 3,
    body |-> [b |-> 1, id |-> 2, tx |-> 2] ],
  [ type |-> 8,
    shardfrom |-> 1,
    from |-> 2,
    shardto |-> 1,
    to |-> 1,
    body |-> [b |-> 2, id |-> 1, tx |-> 0] ],
  [ type |-> 8,
    shardfrom |-> 1,
    from |-> 2,
    shardto |-> 1,
    to |-> 1,
    body |-> [b |-> 2, id |-> 2, tx |-> 2] ],
  [ type |-> 8,
    shardfrom |-> 1,
    from |-> 2,
    shardto |-> 1,
    to |-> 3,
    body |-> [b |-> 2, id |-> 1, tx |-> 0] ],
  [ type |-> 8,
    shardfrom |-> 1,
    from |-> 3,
    shardto |-> 1,
    to |-> 1,
    body |-> [b |-> 3, id |-> 2, tx |-> 0] ],
  [ type |-> 8,
    shardfrom |-> 1,
    from |-> 3,
    shardto |-> 1,
    to |-> 2,
    body |-> [b |-> 3, id |-> 2, tx |-> 0] ],
  [ type |-> 9,
    shardfrom |-> 1,
    from |-> 1,
    shardto |-> 1,
    to |-> 1,
    body |->
        [ b |-> 1,
          id |-> 1,
          tq |-> [id |-> <<1, 1>>, t |-> 3],
          abalq |-> 0,
          txq |-> 1,
          depq |-> {},
          phaseq |-> 2,
          rejectq |-> FALSE,
          Wq |-> {},
          WPq |-> {2} ] ],
  [ type |-> 9,
    shardfrom |-> 1,
    from |-> 1,
    shardto |-> 1,
    to |-> 1,
    body |->
        [ b |-> 1,
          id |-> 2,
          tq |-> [id |-> <<1, 1>>, t |-> 2],
          abalq |-> 0,
          txq |-> 2,
          depq |-> {},
          phaseq |-> 4,
          rejectq |-> FALSE,
          Wq |-> {<<1, 0>>},
          WPq |-> {} ] ],
  [ type |-> 9,
    shardfrom |-> 1,
    from |-> 2,
    shardto |-> 1,
    to |-> 1,
    body |->
        [ b |-> 1,
          id |-> 1,
          tq |-> [id |-> <<0, 0>>, t |-> 0],
          abalq |-> 0,
          txq |-> 1,
          depq |-> {},
          phaseq |-> 1,
          rejectq |-> FALSE,
          Wq |-> {},
          WPq |-> {2} ] ],
  [ type |-> 9,
    shardfrom |-> 1,
    from |-> 2,
    shardto |-> 1,
    to |-> 2,
    body |->
        [ b |-> 2,
          id |-> 1,
          tq |-> [id |-> <<0, 0>>, t |-> 0],
          abalq |-> 0,
          txq |-> 0,
          depq |-> {},
          phaseq |-> 1,
          rejectq |-> FALSE,
          Wq |-> {},
          WPq |-> {2} ] ],
  [ type |-> 9,
    shardfrom |-> 1,
    from |-> 3,
    shardto |-> 1,
    to |-> 3,
    body |->
        [ b |-> 3,
          id |-> 2,
          tq |-> [id |-> <<0, 0>>, t |-> 0],
          abalq |-> 0,
          txq |-> 0,
          depq |-> {},
          phaseq |-> 1,
          rejectq |-> FALSE,
          Wq |-> {},
          WPq |-> {} ] ],
  [ type |-> 13,
    shardfrom |-> 1,
    from |-> 1,
    shardto |-> 1,
    to |-> 1,
    body |-> [id |-> 2, D |-> {}] ] }
/\ consumedMsgs = { [ type |-> 1,
    shardfrom |-> 1,
    from |-> 1,
    shardto |-> 1,
    to |-> 2,
    body |-> [id |-> 2, tx |-> 2, D0 |-> {}] ],
  [ type |-> 2,
    shardfrom |-> 1,
    from |-> 1,
    shardto |-> 1,
    to |-> 1,
    body |-> [id |-> 2, tq |-> [id |-> <<1, 1>>, t |-> 2], Dq |-> {}] ],
  [ type |-> 2,
    shardfrom |-> 1,
    from |-> 2,
    shardto |-> 1,
    to |-> 1,
    body |-> [id |-> 2, tq |-> [id |-> <<1, 1>>, t |-> 2], Dq |-> {}] ],
  [ type |-> 8,
    shardfrom |-> 1,
    from |-> 1,
    shardto |-> 1,
    to |-> 2,
    body |-> [b |-> 1, id |-> 1, tx |-> 1] ],
  [ type |-> 8,
    shardfrom |-> 1,
    from |-> 2,
    shardto |-> 1,
    to |-> 3,
    body |-> [b |-> 2, id |-> 2, tx |-> 2] ],
  [ type |-> 9,
    shardfrom |-> 1,
    from |-> 2,
    shardto |-> 1,
    to |-> 2,
    body |->
        [ b |-> 2,
          id |-> 2,
          tq |-> [id |-> <<1, 1>>, t |-> 2],
          abalq |-> 0,
          txq |-> 2,
          depq |-> {1},
          phaseq |-> 2,
          rejectq |-> FALSE,
          Wq |-> {},
          WPq |-> {} ] ],
  [ type |-> 9,
    shardfrom |-> 1,
    from |-> 3,
    shardto |-> 1,
    to |-> 2,
    body |->
        [ b |-> 2,
          id |-> 2,
          tq |-> [id |-> <<0, 0>>, t |-> 0],
          abalq |-> 0,
          txq |-> 2,
          depq |-> {},
          phaseq |-> 1,
          rejectq |-> FALSE,
          Wq |-> {},
          WPq |-> {} ] ] }
/\ Qvar = << << <<{}, {}>>,
      <<{}, {[shard |-> 1, proc |-> 2], [shard |-> 1, proc |-> 3]}>>,
      <<{}, {}>> >> >>
/\ ts = << << <<[id |-> <<1, 1>>, t |-> 3], [id |-> <<1, 1>>, t |-> 2]>>,
      <<[id |-> <<0, 0>>, t |-> 0], [id |-> <<1, 1>>, t |-> 2]>>,
      <<[id |-> <<0, 0>>, t |-> 0], [id |-> <<0, 0>>, t |-> 0]>> >> >>
/\ executeWaitingFlag = <<<<<<FALSE, FALSE>>, <<FALSE, FALSE>>, <<FALSE, FALSE>>>>>>
/\ TXvar = <<<<<<bottom, bottom>>, <<bottom, 2>>, <<bottom, bottom>>>>>>
/\ recovered = <<<<<<1, 1>>, <<1, 1>>, <<0, 1>>>>>>
/\ initCoord = <<{[shard |-> 1, proc |-> 1]}, {[shard |-> 1, proc |-> 1]}>>

State 17: <Next line 1059, col 9 to line 1070, col 26 of module AccordSpec>
/\ phase = <<<<<<2, 4>>, <<1, 3>>, <<1, 1>>>>>>
/\ abal = <<<<<<0, 0>>, <<0, 2>>, <<0, 0>>>>>>
/\ initTimestamp = << [id |-> <<1, 1>>, t |-> 1],
   [id |-> <<1, 1>>, t |-> 2],
   [id |-> <<0, 0>>, t |-> 3] >>
/\ bal = <<<<<<1, 3>>, <<2, 2>>, <<0, 3>>>>>>
/\ txn = <<<<<<1, 2>>, <<0, 2>>, <<bottom, 0>>>>>>
/\ postWaitingFlag = <<<<<<FALSE, FALSE>>, <<FALSE, FALSE>>, <<FALSE, FALSE>>>>>>
/\ relation = <<<<0, 0>>, <<0, 0>>>>
/\ executed = <<<<{}, {}, {}>>>>
/\ Wvar = <<<<<<{}, {}>>, <<{}, {}>>, <<{}, {}>>>>>>
/\ dep = <<<<<<{}, {}>>, <<{}, {1}>>, <<{}, {}>>>>>>
/\ recoveryAttemptBal = <<<<<<0, 0>>, <<0, 2>>, <<0, 0>>>>>>
/\ submitted = {1, 2}
/\ Dvar = <<<<<<{}, {}>>, <<{}, {1}>>, <<{}, {}>>>>>>
/\ msgs = { [ type |-> 1,
    shardfrom |-> 1,
    from |-> 1,
    shardto |-> 1,
    to |-> 2,
    body |-> [id |-> 1, tx |-> 1, D0 |-> {}] ],
  [ type |-> 1,
    shardfrom |-> 1,
    from |-> 1,
    shardto |-> 1,
    to |-> 3,
    body |-> [id |-> 1, tx |-> 1, D0 |-> {}] ],
  [ type |-> 1,
    shardfrom |-> 1,
    from |-> 1,
    shardto |-> 1,
    to |-> 3,
    body |-> [id |-> 2, tx |-> 2, D0 |-> {}] ],
  [ type |-> 2,
    shardfrom |-> 1,
    from |-> 1,
    shardto |-> 1,
    to |-> 1,
    body |-> [id |-> 1, tq |-> [id |-> <<1, 1>>, t |-> 3], Dq |-> {}] ],
  [ type |-> 3,
    shardfrom |-> 1,
    from |-> 2,
    shardto |-> 1,
    to |-> 1,
    body |->
        [ b |-> 2,
          id |-> 2,
          tx |-> 2,
          t |-> [id |-> <<1, 1>>, t |-> 2],
          D |-> {1},
          pathSpeed |-> 1 ] ],
  [ type |-> 3,
    shardfrom |-> 1,
    from |-> 2,
    shardto |-> 1,
    to |-> 3,
    body |->
        [ b |-> 2,
          id |-> 2,
          tx |-> 2,
          t |-> [id |-> <<1, 1>>, t |-> 2],
          D |-> {1},
          pathSpeed |-> 1 ] ],
  [ type |-> 4,
    shardfrom |-> 1,
    from |-> 2,
    shardto |-> 1,
    to |-> 2,
    body |-> [b |-> 2, id |-> 2, Dq |-> {1}, pathSpeed |-> 1] ],
  [ type |-> 8,
    shardfrom |-> 1,
    from |-> 1,
    shardto |-> 1,
    to |-> 2,
    body |-> [b |-> 1, id |-> 2, tx |-> 2] ],
  [ type |-> 8,
    shardfrom |-> 1,
    from |-> 1,
    shardto |-> 1,
    to |-> 3,
    body |-> [b |-> 1, id |-> 1, tx |-> 1] ],
  [ type |-> 8,
    shardfrom |-> 1,
    from |-> 1,
    shardto |-> 1,
    to |-> 3,
    body |-> [b |-> 1, id |-> 2, tx |-> 2] ],
  [ type |-> 8,
    shardfrom |-> 1,
    from |-> 2,
    shardto |-> 1,
    to |-> 1,
    body |-> [b |-> 2, id |-> 1, tx |-> 0] ],
  [ type |-> 8,
    shardfrom |-> 1,
    from |-> 2,
    shardto |-> 1,
    to |-> 1,
    body |-> [b |-> 2, id |-> 2, tx |-> 2] ],
  [ type |-> 8,
    shardfrom |-> 1,
    from |-> 2,
    shardto |-> 1,
    to |-> 3,
    body |-> [b |-> 2, id |-> 1, tx |-> 0] ],
  [ type |-> 8,
    shardfrom |-> 1,
    from |-> 3,
    shardto |-> 1,
    to |-> 2,
    body |-> [b |-> 3, id |-> 2, tx |-> 0] ],
  [ type |-> 9,
    shardfrom |-> 1,
    from |-> 1,
    shardto |-> 1,
    to |-> 1,
    body |->
        [ b |-> 1,
          id |-> 1,
          tq |-> [id |-> <<1, 1>>, t |-> 3],
          abalq |-> 0,
          txq |-> 1,
          depq |-> {},
          phaseq |-> 2,
          rejectq |-> FALSE,
          Wq |-> {},
          WPq |-> {2} ] ],
  [ type |-> 9,
    shardfrom |-> 1,
    from |-> 1,
    shardto |-> 1,
    to |-> 1,
    body |->
        [ b |-> 1,
          id |-> 2,
          tq |-> [id |-> <<1, 1>>, t |-> 2],
          abalq |-> 0,
          txq |-> 2,
          depq |-> {},
          phaseq |-> 4,
          rejectq |-> FALSE,
          Wq |-> {<<1, 0>>},
          WPq |-> {} ] ],
  [ type |-> 9,
    shardfrom |-> 1,
    from |-> 1,
    shardto |-> 1,
    to |-> 3,
    body |->
        [ b |-> 3,
          id |-> 2,
          tq |-> [id |-> <<1, 1>>, t |-> 2],
          abalq |-> 0,
          txq |-> 2,
          depq |-> {},
          phaseq |-> 4,
          rejectq |-> FALSE,
          Wq |-> {<<1, 0>>},
          WPq |-> {} ] ],
  [ type |-> 9,
    shardfrom |-> 1,
    from |-> 2,
    shardto |-> 1,
    to |-> 1,
    body |->
        [ b |-> 1,
          id |-> 1,
          tq |-> [id |-> <<0, 0>>, t |-> 0],
          abalq |-> 0,
          txq |-> 1,
          depq |-> {},
          phaseq |-> 1,
          rejectq |-> FALSE,
          Wq |-> {},
          WPq |-> {2} ] ],
  [ type |-> 9,
    shardfrom |-> 1,
    from |-> 2,
    shardto |-> 1,
    to |-> 2,
    body |->
        [ b |-> 2,
          id |-> 1,
          tq |-> [id |-> <<0, 0>>, t |-> 0],
          abalq |-> 0,
          txq |-> 0,
          depq |-> {},
          phaseq |-> 1,
          rejectq |-> FALSE,
          Wq |-> {},
          WPq |-> {2} ] ],
  [ type |-> 9,
    shardfrom |-> 1,
    from |-> 3,
    shardto |-> 1,
    to |-> 3,
    body |->
        [ b |-> 3,
          id |-> 2,
          tq |-> [id |-> <<0, 0>>, t |-> 0],
          abalq |-> 0,
          txq |-> 0,
          depq |-> {},
          phaseq |-> 1,
          rejectq |-> FALSE,
          Wq |-> {},
          WPq |-> {} ] ],
  [ type |-> 13,
    shardfrom |-> 1,
    from |-> 1,
    shardto |-> 1,
    to |-> 1,
    body |-> [id |-> 2, D |-> {}] ] }
/\ consumedMsgs = { [ type |-> 1,
    shardfrom |-> 1,
    from |-> 1,
    shardto |-> 1,
    to |-> 2,
    body |-> [id |-> 2, tx |-> 2, D0 |-> {}] ],
  [ type |-> 2,
    shardfrom |-> 1,
    from |-> 1,
    shardto |-> 1,
    to |-> 1,
    body |-> [id |-> 2, tq |-> [id |-> <<1, 1>>, t |-> 2], Dq |-> {}] ],
  [ type |-> 2,
    shardfrom |-> 1,
    from |-> 2,
    shardto |-> 1,
    to |-> 1,
    body |-> [id |-> 2, tq |-> [id |-> <<1, 1>>, t |-> 2], Dq |-> {}] ],
  [ type |-> 8,
    shardfrom |-> 1,
    from |-> 1,
    shardto |-> 1,
    to |-> 2,
    body |-> [b |-> 1, id |-> 1, tx |-> 1] ],
  [ type |-> 8,
    shardfrom |-> 1,
    from |-> 2,
    shardto |-> 1,
    to |-> 3,
    body |-> [b |-> 2, id |-> 2, tx |-> 2] ],
  [ type |-> 8,
    shardfrom |-> 1,
    from |-> 3,
    shardto |-> 1,
    to |-> 1,
    body |-> [b |-> 3, id |-> 2, tx |-> 0] ],
  [ type |-> 9,
    shardfrom |-> 1,
    from |-> 2,
    shardto |-> 1,
    to |-> 2,
    body |->
        [ b |-> 2,
          id |-> 2,
          tq |-> [id |-> <<1, 1>>, t |-> 2],
          abalq |-> 0,
          txq |-> 2,
          depq |-> {1},
          phaseq |-> 2,
          rejectq |-> FALSE,
          Wq |-> {},
          WPq |-> {} ] ],
  [ type |-> 9,
    shardfrom |-> 1,
    from |-> 3,
    shardto |-> 1,
    to |-> 2,
    body |->
        [ b |-> 2,
          id |-> 2,
          tq |-> [id |-> <<0, 0>>, t |-> 0],
          abalq |-> 0,
          txq |-> 2,
          depq |-> {},
          phaseq |-> 1,
          rejectq |-> FALSE,
          Wq |-> {},
          WPq |-> {} ] ] }
/\ Qvar = << << <<{}, {}>>,
      <<{}, {[shard |-> 1, proc |-> 2], [shard |-> 1, proc |-> 3]}>>,
      <<{}, {}>> >> >>
/\ ts = << << <<[id |-> <<1, 1>>, t |-> 3], [id |-> <<1, 1>>, t |-> 2]>>,
      <<[id |-> <<0, 0>>, t |-> 0], [id |-> <<1, 1>>, t |-> 2]>>,
      <<[id |-> <<0, 0>>, t |-> 0], [id |-> <<0, 0>>, t |-> 0]>> >> >>
/\ executeWaitingFlag = <<<<<<FALSE, FALSE>>, <<FALSE, FALSE>>, <<FALSE, FALSE>>>>>>
/\ TXvar = <<<<<<bottom, bottom>>, <<bottom, 2>>, <<bottom, bottom>>>>>>
/\ recovered = <<<<<<1, 1>>, <<1, 1>>, <<0, 1>>>>>>
/\ initCoord = <<{[shard |-> 1, proc |-> 1]}, {[shard |-> 1, proc |-> 1]}>>

State 18: <Next line 1059, col 9 to line 1070, col 26 of module AccordSpec>
/\ phase = <<<<<<2, 4>>, <<1, 3>>, <<2, 1>>>>>>
/\ abal = <<<<<<0, 0>>, <<0, 2>>, <<0, 0>>>>>>
/\ initTimestamp = << [id |-> <<1, 1>>, t |-> 1],
   [id |-> <<1, 1>>, t |-> 2],
   [id |-> <<0, 0>>, t |-> 3] >>
/\ bal = <<<<<<1, 3>>, <<2, 2>>, <<0, 3>>>>>>
/\ txn = <<<<<<1, 2>>, <<0, 2>>, <<1, 0>>>>>>
/\ postWaitingFlag = <<<<<<FALSE, FALSE>>, <<FALSE, FALSE>>, <<FALSE, FALSE>>>>>>
/\ relation = <<<<0, 0>>, <<0, 0>>>>
/\ executed = <<<<{}, {}, {}>>>>
/\ Wvar = <<<<<<{}, {}>>, <<{}, {}>>, <<{}, {}>>>>>>
/\ dep = <<<<<<{}, {}>>, <<{}, {1}>>, <<{}, {}>>>>>>
/\ recoveryAttemptBal = <<<<<<0, 0>>, <<0, 2>>, <<0, 0>>>>>>
/\ submitted = {1, 2}
/\ Dvar = <<<<<<{}, {}>>, <<{}, {1}>>, <<{}, {}>>>>>>
/\ msgs = { [ type |-> 1,
    shardfrom |-> 1,
    from |-> 1,
    shardto |-> 1,
    to |-> 2,
    body |-> [id |-> 1, tx |-> 1, D0 |-> {}] ],
  [ type |-> 1,
    shardfrom |-> 1,
    from |-> 1,
    shardto |-> 1,
    to |-> 3,
    body |-> [id |-> 2, tx |-> 2, D0 |-> {}] ],
  [ type |-> 2,
    shardfrom |-> 1,
    from |-> 1,
    shardto |-> 1,
    to |-> 1,
    body |-> [id |-> 1, tq |-> [id |-> <<1, 1>>, t |-> 3], Dq |-> {}] ],
  [ type |-> 2,
    shardfrom |-> 1,
    from |-> 3,
    shardto |-> 1,
    to |-> 1,
    body |-> [id |-> 1, tq |-> [id |-> <<1, 1>>, t |-> 1], Dq |-> {}] ],
  [ type |-> 3,
    shardfrom |-> 1,
    from |-> 2,
    shardto |-> 1,
    to |-> 1,
    body |->
        [ b |-> 2,
          id |-> 2,
          tx |-> 2,
          t |-> [id |-> <<1, 1>>, t |-> 2],
          D |-> {1},
          pathSpeed |-> 1 ] ],
  [ type |-> 3,
    shardfrom |-> 1,
    from |-> 2,
    shardto |-> 1,
    to |-> 3,
    body |->
        [ b |-> 2,
          id |-> 2,
          tx |-> 2,
          t |-> [id |-> <<1, 1>>, t |-> 2],
          D |-> {1},
          pathSpeed |-> 1 ] ],
  [ type |-> 4,
    shardfrom |-> 1,
    from |-> 2,
    shardto |-> 1,
    to |-> 2,
    body |-> [b |-> 2, id |-> 2, Dq |-> {1}, pathSpeed |-> 1] ],
  [ type |-> 8,
    shardfrom |-> 1,
    from |-> 1,
    shardto |-> 1,
    to |-> 2,
    body |-> [b |-> 1, id |-> 2, tx |-> 2] ],
  [ type |-> 8,
    shardfrom |-> 1,
    from |-> 1,
    shardto |-> 1,
    to |-> 3,
    body |-> [b |-> 1, id |-> 1, tx |-> 1] ],
  [ type |-> 8,
    shardfrom |-> 1,
    from |-> 1,
    shardto |-> 1,
    to |-> 3,
    body |-> [b |-> 1, id |-> 2, tx |-> 2] ],
  [ type |-> 8,
    shardfrom |-> 1,
    from |-> 2,
    shardto |-> 1,
    to |-> 1,
    body |-> [b |-> 2, id |-> 1, tx |-> 0] ],
  [ type |-> 8,
    shardfrom |-> 1,
    from |-> 2,
    shardto |-> 1,
    to |-> 1,
    body |-> [b |-> 2, id |-> 2, tx |-> 2] ],
  [ type |-> 8,
    shardfrom |-> 1,
    from |-> 2,
    shardto |-> 1,
    to |-> 3,
    body |-> [b |-> 2, id |-> 1, tx |-> 0] ],
  [ type |-> 8,
    shardfrom |-> 1,
    from |-> 3,
    shardto |-> 1,
    to |-> 2,
    body |-> [b |-> 3, id |-> 2, tx |-> 0] ],
  [ type |-> 9,
    shardfrom |-> 1,
    from |-> 1,
    shardto |-> 1,
    to |-> 1,
    body |->
        [ b |-> 1,
          id |-> 1,
          tq |-> [id |-> <<1, 1>>, t |-> 3],
          abalq |-> 0,
          txq |-> 1,
          depq |-> {},
          phaseq |-> 2,
          rejectq |-> FALSE,
          Wq |-> {},
          WPq |-> {2} ] ],
  [ type |-> 9,
    shardfrom |-> 1,
    from |-> 1,
    shardto |-> 1,
    to |-> 1,
    body |->
        [ b |-> 1,
          id |-> 2,
          tq |-> [id |-> <<1, 1>>, t |-> 2],
          abalq |-> 0,
          txq |-> 2,
          depq |-> {},
          phaseq |-> 4,
          rejectq |-> FALSE,
          Wq |-> {<<1, 0>>},
          WPq |-> {} ] ],
  [ type |-> 9,
    shardfrom |-> 1,
    from |-> 1,
    shardto |-> 1,
    to |-> 3,
    body |->
        [ b |-> 3,
          id |-> 2,
          tq |-> [id |-> <<1, 1>>, t |-> 2],
          abalq |-> 0,
          txq |-> 2,
          depq |-> {},
          phaseq |-> 4,
          rejectq |-> FALSE,
          Wq |-> {<<1, 0>>},
          WPq |-> {} ] ],
  [ type |-> 9,
    shardfrom |-> 1,
    from |-> 2,
    shardto |-> 1,
    to |-> 1,
    body |->
        [ b |-> 1,
          id |-> 1,
          tq |-> [id |-> <<0, 0>>, t |-> 0],
          abalq |-> 0,
          txq |-> 1,
          depq |-> {},
          phaseq |-> 1,
          rejectq |-> FALSE,
          Wq |-> {},
          WPq |-> {2} ] ],
  [ type |-> 9,
    shardfrom |-> 1,
    from |-> 2,
    shardto |-> 1,
    to |-> 2,
    body |->
        [ b |-> 2,
          id |-> 1,
          tq |-> [id |-> <<0, 0>>, t |-> 0],
          abalq |-> 0,
          txq |-> 0,
          depq |-> {},
          phaseq |-> 1,
          rejectq |-> FALSE,
          Wq |-> {},
          WPq |-> {2} ] ],
  [ type |-> 9,
    shardfrom |-> 1,
    from |-> 3,
    shardto |-> 1,
    to |-> 3,
    body |->
        [ b |-> 3,
          id |-> 2,
          tq |-> [id |-> <<0, 0>>, t |-> 0],
          abalq |-> 0,
          txq |-> 0,
          depq |-> {},
          phaseq |-> 1,
          rejectq |-> FALSE,
          Wq |-> {},
          WPq |-> {} ] ],
  [ type |-> 13,
    shardfrom |-> 1,
    from |-> 1,
    shardto |-> 1,
    to |-> 1,
    body |-> [id |-> 2, D |-> {}] ] }
/\ consumedMsgs = { [ type |-> 1,
    shardfrom |-> 1,
    from |-> 1,
    shardto |-> 1,
    to |-> 2,
    body |-> [id |-> 2, tx |-> 2, D0 |-> {}] ],
  [ type |-> 1,
    shardfrom |-> 1,
    from |-> 1,
    shardto |-> 1,
    to |-> 3,
    body |-> [id |-> 1, tx |-> 1, D0 |-> {}] ],
  [ type |-> 2,
    shardfrom |-> 1,
    from |-> 1,
    shardto |-> 1,
    to |-> 1,
    body |-> [id |-> 2, tq |-> [id |-> <<1, 1>>, t |-> 2], Dq |-> {}] ],
  [ type |-> 2,
    shardfrom |-> 1,
    from |-> 2,
    shardto |-> 1,
    to |-> 1,
    body |-> [id |-> 2, tq |-> [id |-> <<1, 1>>, t |-> 2], Dq |-> {}] ],
  [ type |-> 8,
    shardfrom |-> 1,
    from |-> 1,
    shardto |-> 1,
    to |-> 2,
    body |-> [b |-> 1, id |-> 1, tx |-> 1] ],
  [ type |-> 8,
    shardfrom |-> 1,
    from |-> 2,
    shardto |-> 1,
    to |-> 3,
    body |-> [b |-> 2, id |-> 2, tx |-> 2] ],
  [ type |-> 8,
    shardfrom |-> 1,
    from |-> 3,
    shardto |-> 1,
    to |-> 1,
    body |-> [b |-> 3, id |-> 2, tx |-> 0] ],
  [ type |-> 9,
    shardfrom |-> 1,
    from |-> 2,
    shardto |-> 1,
    to |-> 2,
    body |->
        [ b |-> 2,
          id |-> 2,
          tq |-> [id |-> <<1, 1>>, t |-> 2],
          abalq |-> 0,
          txq |-> 2,
          depq |-> {1},
          phaseq |-> 2,
          rejectq |-> FALSE,
          Wq |-> {},
          WPq |-> {} ] ],
  [ type |-> 9,
    shardfrom |-> 1,
    from |-> 3,
    shardto |-> 1,
    to |-> 2,
    body |->
        [ b |-> 2,
          id |-> 2,
          tq |-> [id |-> <<0, 0>>, t |-> 0],
          abalq |-> 0,
          txq |-> 2,
          depq |-> {},
          phaseq |-> 1,
          rejectq |-> FALSE,
          Wq |-> {},
          WPq |-> {} ] ] }
/\ Qvar = << << <<{}, {}>>,
      <<{}, {[shard |-> 1, proc |-> 2], [shard |-> 1, proc |-> 3]}>>,
      <<{}, {}>> >> >>
/\ ts = << << <<[id |-> <<1, 1>>, t |-> 3], [id |-> <<1, 1>>, t |-> 2]>>,
      <<[id |-> <<0, 0>>, t |-> 0], [id |-> <<1, 1>>, t |-> 2]>>,
      <<[id |-> <<1, 1>>, t |-> 1], [id |-> <<0, 0>>, t |-> 0]>> >> >>
/\ executeWaitingFlag = <<<<<<FALSE, FALSE>>, <<FALSE, FALSE>>, <<FALSE, FALSE>>>>>>
/\ TXvar = <<<<<<bottom, bottom>>, <<bottom, 2>>, <<bottom, bottom>>>>>>
/\ recovered = <<<<<<1, 1>>, <<1, 1>>, <<0, 1>>>>>>
/\ initCoord = <<{[shard |-> 1, proc |-> 1]}, {[shard |-> 1, proc |-> 1]}>>

State 19: <StartRecover line 621, col 5 to line 646, col 173 of module AccordSpec>
/\ phase = <<<<<<2, 4>>, <<1, 3>>, <<2, 1>>>>>>
/\ abal = <<<<<<0, 0>>, <<0, 2>>, <<0, 0>>>>>>
/\ initTimestamp = << [id |-> <<1, 1>>, t |-> 1],
   [id |-> <<1, 1>>, t |-> 2],
   [id |-> <<0, 0>>, t |-> 3] >>
/\ bal = <<<<<<1, 3>>, <<2, 2>>, <<3, 3>>>>>>
/\ txn = <<<<<<1, 2>>, <<0, 2>>, <<1, 0>>>>>>
/\ postWaitingFlag = <<<<<<FALSE, FALSE>>, <<FALSE, FALSE>>, <<FALSE, FALSE>>>>>>
/\ relation = <<<<0, 0>>, <<0, 0>>>>
/\ executed = <<<<{}, {}, {}>>>>
/\ Wvar = <<<<<<{}, {}>>, <<{}, {}>>, <<{}, {}>>>>>>
/\ dep = <<<<<<{}, {}>>, <<{}, {1}>>, <<{}, {}>>>>>>
/\ recoveryAttemptBal = <<<<<<0, 0>>, <<0, 2>>, <<0, 0>>>>>>
/\ submitted = {1, 2}
/\ Dvar = <<<<<<{}, {}>>, <<{}, {1}>>, <<{}, {}>>>>>>
/\ msgs = { [ type |-> 1,
    shardfrom |-> 1,
    from |-> 1,
    shardto |-> 1,
    to |-> 2,
    body |-> [id |-> 1, tx |-> 1, D0 |-> {}] ],
  [ type |-> 1,
    shardfrom |-> 1,
    from |-> 1,
    shardto |-> 1,
    to |-> 3,
    body |-> [id |-> 2, tx |-> 2, D0 |-> {}] ],
  [ type |-> 2,
    shardfrom |-> 1,
    from |-> 1,
    shardto |-> 1,
    to |-> 1,
    body |-> [id |-> 1, tq |-> [id |-> <<1, 1>>, t |-> 3], Dq |-> {}] ],
  [ type |-> 2,
    shardfrom |-> 1,
    from |-> 3,
    shardto |-> 1,
    to |-> 1,
    body |-> [id |-> 1, tq |-> [id |-> <<1, 1>>, t |-> 1], Dq |-> {}] ],
  [ type |-> 3,
    shardfrom |-> 1,
    from |-> 2,
    shardto |-> 1,
    to |-> 1,
    body |->
        [ b |-> 2,
          id |-> 2,
          tx |-> 2,
          t |-> [id |-> <<1, 1>>, t |-> 2],
          D |-> {1},
          pathSpeed |-> 1 ] ],
  [ type |-> 3,
    shardfrom |-> 1,
    from |-> 2,
    shardto |-> 1,
    to |-> 3,
    body |->
        [ b |-> 2,
          id |-> 2,
          tx |-> 2,
          t |-> [id |-> <<1, 1>>, t |-> 2],
          D |-> {1},
          pathSpeed |-> 1 ] ],
  [ type |-> 4,
    shardfrom |-> 1,
    from |-> 2,
    shardto |-> 1,
    to |-> 2,
    body |-> [b |-> 2, id |-> 2, Dq |-> {1}, pathSpeed |-> 1] ],
  [ type |-> 8,
    shardfrom |-> 1,
    from |-> 1,
    shardto |-> 1,
    to |-> 2,
    body |-> [b |-> 1, id |-> 2, tx |-> 2] ],
  [ type |-> 8,
    shardfrom |-> 1,
    from |-> 1,
    shardto |-> 1,
    to |-> 3,
    body |-> [b |-> 1, id |-> 1, tx |-> 1] ],
  [ type |-> 8,
    shardfrom |-> 1,
    from |-> 1,
    shardto |-> 1,
    to |-> 3,
    body |-> [b |-> 1, id |-> 2, tx |-> 2] ],
  [ type |-> 8,
    shardfrom |-> 1,
    from |-> 2,
    shardto |-> 1,
    to |-> 1,
    body |-> [b |-> 2, id |-> 1, tx |-> 0] ],
  [ type |-> 8,
    shardfrom |-> 1,
    from |-> 2,
    shardto |-> 1,
    to |-> 1,
    body |-> [b |-> 2, id |-> 2, tx |-> 2] ],
  [ type |-> 8,
    shardfrom |-> 1,
    from |-> 2,
    shardto |-> 1,
    to |-> 3,
    body |-> [b |-> 2, id |-> 1, tx |-> 0] ],
  [ type |-> 8,
    shardfrom |-> 1,
    from |-> 3,
    shardto |-> 1,
    to |-> 1,
    body |-> [b |-> 3, id |-> 1, tx |-> 1] ],
  [ type |-> 8,
    shardfrom |-> 1,
    from |-> 3,
    shardto |-> 1,
    to |-> 2,
    body |-> [b |-> 3, id |-> 1, tx |-> 1] ],
  [ type |-> 8,
    shardfrom |-> 1,
    from |-> 3,
    shardto |-> 1,
    to |-> 2,
    body |-> [b |-> 3, id |-> 2, tx |-> 0] ],
  [ type |-> 9,
    shardfrom |-> 1,
    from |-> 1,
    shardto |-> 1,
    to |-> 1,
    body |->
        [ b |-> 1,
          id |-> 1,
          tq |-> [id |-> <<1, 1>>, t |-> 3],
          abalq |-> 0,
          txq |-> 1,
          depq |-> {},
          phaseq |-> 2,
          rejectq |-> FALSE,
          Wq |-> {},
          WPq |-> {2} ] ],
  [ type |-> 9,
    shardfrom |-> 1,
    from |-> 1,
    shardto |-> 1,
    to |-> 1,
    body |->
        [ b |-> 1,
          id |-> 2,
          tq |-> [id |-> <<1, 1>>, t |-> 2],
          abalq |-> 0,
          txq |-> 2,
          depq |-> {},
          phaseq |-> 4,
          rejectq |-> FALSE,
          Wq |-> {<<1, 0>>},
          WPq |-> {} ] ],
  [ type |-> 9,
    shardfrom |-> 1,
    from |-> 1,
    shardto |-> 1,
    to |-> 3,
    body |->
        [ b |-> 3,
          id |-> 2,
          tq |-> [id |-> <<1, 1>>, t |-> 2],
          abalq |-> 0,
          txq |-> 2,
          depq |-> {},
          phaseq |-> 4,
          rejectq |-> FALSE,
          Wq |-> {<<1, 0>>},
          WPq |-> {} ] ],
  [ type |-> 9,
    shardfrom |-> 1,
    from |-> 2,
    shardto |-> 1,
    to |-> 1,
    body |->
        [ b |-> 1,
          id |-> 1,
          tq |-> [id |-> <<0, 0>>, t |-> 0],
          abalq |-> 0,
          txq |-> 1,
          depq |-> {},
          phaseq |-> 1,
          rejectq |-> FALSE,
          Wq |-> {},
          WPq |-> {2} ] ],
  [ type |-> 9,
    shardfrom |-> 1,
    from |-> 2,
    shardto |-> 1,
    to |-> 2,
    body |->
        [ b |-> 2,
          id |-> 1,
          tq |-> [id |-> <<0, 0>>, t |-> 0],
          abalq |-> 0,
          txq |-> 0,
          depq |-> {},
          phaseq |-> 1,
          rejectq |-> FALSE,
          Wq |-> {},
          WPq |-> {2} ] ],
  [ type |-> 9,
    shardfrom |-> 1,
    from |-> 3,
    shardto |-> 1,
    to |-> 3,
    body |->
        [ b |-> 3,
          id |-> 1,
          tq |-> [id |-> <<1, 1>>, t |-> 1],
          abalq |-> 0,
          txq |-> 1,
          depq |-> {},
          phaseq |-> 2,
          rejectq |-> FALSE,
          Wq |-> {},
          WPq |-> {} ] ],
  [ type |-> 9,
    shardfrom |-> 1,
    from |-> 3,
    shardto |-> 1,
    to |-> 3,
    body |->
        [ b |-> 3,
          id |-> 2,
          tq |-> [id |-> <<0, 0>>, t |-> 0],
          abalq |-> 0,
          txq |-> 0,
          depq |-> {},
          phaseq |-> 1,
          rejectq |-> FALSE,
          Wq |-> {},
          WPq |-> {} ] ],
  [ type |-> 13,
    shardfrom |-> 1,
    from |-> 1,
    shardto |-> 1,
    to |-> 1,
    body |-> [id |-> 2, D |-> {}] ] }
/\ consumedMsgs = { [ type |-> 1,
    shardfrom |-> 1,
    from |-> 1,
    shardto |-> 1,
    to |-> 2,
    body |-> [id |-> 2, tx |-> 2, D0 |-> {}] ],
  [ type |-> 1,
    shardfrom |-> 1,
    from |-> 1,
    shardto |-> 1,
    to |-> 3,
    body |-> [id |-> 1, tx |-> 1, D0 |-> {}] ],
  [ type |-> 2,
    shardfrom |-> 1,
    from |-> 1,
    shardto |-> 1,
    to |-> 1,
    body |-> [id |-> 2, tq |-> [id |-> <<1, 1>>, t |-> 2], Dq |-> {}] ],
  [ type |-> 2,
    shardfrom |-> 1,
    from |-> 2,
    shardto |-> 1,
    to |-> 1,
    body |-> [id |-> 2, tq |-> [id |-> <<1, 1>>, t |-> 2], Dq |-> {}] ],
  [ type |-> 8,
    shardfrom |-> 1,
    from |-> 1,
    shardto |-> 1,
    to |-> 2,
    body |-> [b |-> 1, id |-> 1, tx |-> 1] ],
  [ type |-> 8,
    shardfrom |-> 1,
    from |-> 2,
    shardto |-> 1,
    to |-> 3,
    body |-> [b |-> 2, id |-> 2, tx |-> 2] ],
  [ type |-> 8,
    shardfrom |-> 1,
    from |-> 3,
    shardto |-> 1,
    to |-> 1,
    body |-> [b |-> 3, id |-> 2, tx |-> 0] ],
  [ type |-> 9,
    shardfrom |-> 1,
    from |-> 2,
    shardto |-> 1,
    to |-> 2,
    body |->
        [ b |-> 2,
          id |-> 2,
          tq |-> [id |-> <<1, 1>>, t |-> 2],
          abalq |-> 0,
          txq |-> 2,
          depq |-> {1},
          phaseq |-> 2,
          rejectq |-> FALSE,
          Wq |-> {},
          WPq |-> {} ] ],
  [ type |-> 9,
    shardfrom |-> 1,
    from |-> 3,
    shardto |-> 1,
    to |-> 2,
    body |->
        [ b |-> 2,
          id |-> 2,
          tq |-> [id |-> <<0, 0>>, t |-> 0],
          abalq |-> 0,
          txq |-> 2,
          depq |-> {},
          phaseq |-> 1,
          rejectq |-> FALSE,
          Wq |-> {},
          WPq |-> {} ] ] }
/\ Qvar = << << <<{}, {}>>,
      <<{}, {[shard |-> 1, proc |-> 2], [shard |-> 1, proc |-> 3]}>>,
      <<{}, {}>> >> >>
/\ ts = << << <<[id |-> <<1, 1>>, t |-> 3], [id |-> <<1, 1>>, t |-> 2]>>,
      <<[id |-> <<0, 0>>, t |-> 0], [id |-> <<1, 1>>, t |-> 2]>>,
      <<[id |-> <<1, 1>>, t |-> 1], [id |-> <<0, 0>>, t |-> 0]>> >> >>
/\ executeWaitingFlag = <<<<<<FALSE, FALSE>>, <<FALSE, FALSE>>, <<FALSE, FALSE>>>>>>
/\ TXvar = <<<<<<bottom, bottom>>, <<bottom, 2>>, <<bottom, bottom>>>>>>
/\ recovered = <<<<<<1, 1>>, <<1, 1>>, <<1, 1>>>>>>
/\ initCoord = <<{[shard |-> 1, proc |-> 1]}, {[shard |-> 1, proc |-> 1]}>>

State 20: <HandleRecoverOK line 679, col 5 to line 785, col 109 of module AccordSpec>
/\ phase = <<<<<<2, 4>>, <<1, 3>>, <<2, 5>>>>>>
/\ abal = <<<<<<0, 0>>, <<0, 2>>, <<0, 3>>>>>>
/\ initTimestamp = << [id |-> <<1, 1>>, t |-> 1],
   [id |-> <<1, 1>>, t |-> 2],
   [id |-> <<0, 0>>, t |-> 3] >>
/\ bal = <<<<<<1, 3>>, <<2, 2>>, <<3, 3>>>>>>
/\ txn = <<<<<<1, 2>>, <<0, 2>>, <<1, 2>>>>>>
/\ postWaitingFlag = <<<<<<FALSE, FALSE>>, <<FALSE, FALSE>>, <<FALSE, FALSE>>>>>>
/\ relation = <<<<0, 0>>, <<0, 0>>>>
/\ executed = <<<<{}, {}, {}>>>>
/\ Wvar = <<<<<<{}, {}>>, <<{}, {}>>, <<{}, {}>>>>>>
/\ dep = <<<<<<{}, {}>>, <<{}, {1}>>, <<{}, {}>>>>>>
/\ recoveryAttemptBal = <<<<<<0, 0>>, <<0, 2>>, <<0, 0>>>>>>
/\ submitted = {1, 2}
/\ Dvar = <<<<<<{}, {}>>, <<{}, {1}>>, <<{}, {}>>>>>>
/\ msgs = { [ type |-> 1,
    shardfrom |-> 1,
    from |-> 1,
    shardto |-> 1,
    to |-> 2,
    body |-> [id |-> 1, tx |-> 1, D0 |-> {}] ],
  [ type |-> 1,
    shardfrom |-> 1,
    from |-> 1,
    shardto |-> 1,
    to |-> 3,
    body |-> [id |-> 2, tx |-> 2, D0 |-> {}] ],
  [ type |-> 2,
    shardfrom |-> 1,
    from |-> 1,
    shardto |-> 1,
    to |-> 1,
    body |-> [id |-> 1, tq |-> [id |-> <<1, 1>>, t |-> 3], Dq |-> {}] ],
  [ type |-> 2,
    shardfrom |-> 1,
    from |-> 3,
    shardto |-> 1,
    to |-> 1,
    body |-> [id |-> 1, tq |-> [id |-> <<1, 1>>, t |-> 1], Dq |-> {}] ],
  [ type |-> 3,
    shardfrom |-> 1,
    from |-> 2,
    shardto |-> 1,
    to |-> 1,
    body |->
        [ b |-> 2,
          id |-> 2,
          tx |-> 2,
          t |-> [id |-> <<1, 1>>, t |-> 2],
          D |-> {1},
          pathSpeed |-> 1 ] ],
  [ type |-> 3,
    shardfrom |-> 1,
    from |-> 2,
    shardto |-> 1,
    to |-> 3,
    body |->
        [ b |-> 2,
          id |-> 2,
          tx |-> 2,
          t |-> [id |-> <<1, 1>>, t |-> 2],
          D |-> {1},
          pathSpeed |-> 1 ] ],
  [ type |-> 4,
    shardfrom |-> 1,
    from |-> 2,
    shardto |-> 1,
    to |-> 2,
    body |-> [b |-> 2, id |-> 2, Dq |-> {1}, pathSpeed |-> 1] ],
  [ type |-> 5,
    shardfrom |-> 1,
    from |-> 3,
    shardto |-> 1,
    to |-> 1,
    body |->
        [ b |-> 3,
          id |-> 2,
          tx |-> 2,
          t |-> [id |-> <<1, 1>>, t |-> 2],
          D |-> {},
          pathSpeed |-> 1 ] ],
  [ type |-> 5,
    shardfrom |-> 1,
    from |-> 3,
    shardto |-> 1,
    to |-> 2,
    body |->
        [ b |-> 3,
          id |-> 2,
          tx |-> 2,
          t |-> [id |-> <<1, 1>>, t |-> 2],
          D |-> {},
          pathSpeed |-> 1 ] ],
  [ type |-> 6,
    shardfrom |-> 1,
    from |-> 3,
    shardto |-> 1,
    to |-> 3,
    body |-> [b |-> 3, id |-> 2] ],
  [ type |-> 8,
    shardfrom |-> 1,
    from |-> 1,
    shardto |-> 1,
    to |-> 2,
    body |-> [b |-> 1, id |-> 2, tx |-> 2] ],
  [ type |-> 8,
    shardfrom |-> 1,
    from |-> 1,
    shardto |-> 1,
    to |-> 3,
    body |-> [b |-> 1, id |-> 1, tx |-> 1] ],
  [ type |-> 8,
    shardfrom |-> 1,
    from |-> 1,
    shardto |-> 1,
    to |-> 3,
    body |-> [b |-> 1, id |-> 2, tx |-> 2] ],
  [ type |-> 8,
    shardfrom |-> 1,
    from |-> 2,
    shardto |-> 1,
    to |-> 1,
    body |-> [b |-> 2, id |-> 1, tx |-> 0] ],
  [ type |-> 8,
    shardfrom |-> 1,
    from |-> 2,
    shardto |-> 1,
    to |-> 1,
    body |-> [b |-> 2, id |-> 2, tx |-> 2] ],
  [ type |-> 8,
    shardfrom |-> 1,
    from |-> 2,
    shardto |-> 1,
    to |-> 3,
    body |-> [b |-> 2, id |-> 1, tx |-> 0] ],
  [ type |-> 8,
    shardfrom |-> 1,
    from |-> 3,
    shardto |-> 1,
    to |-> 1,
    body |-> [b |-> 3, id |-> 1, tx |-> 1] ],
  [ type |-> 8,
    shardfrom |-> 1,
    from |-> 3,
    shardto |-> 1,
    to |-> 2,
    body |-> [b |-> 3, id |-> 1, tx |-> 1] ],
  [ type |-> 8,
    shardfrom |-> 1,
    from |-> 3,
    shardto |-> 1,
    to |-> 2,
    body |-> [b |-> 3, id |-> 2, tx |-> 0] ],
  [ type |-> 9,
    shardfrom |-> 1,
    from |-> 1,
    shardto |-> 1,
    to |-> 1,
    body |->
        [ b |-> 1,
          id |-> 1,
          tq |-> [id |-> <<1, 1>>, t |-> 3],
          abalq |-> 0,
          txq |-> 1,
          depq |-> {},
          phaseq |-> 2,
          rejectq |-> FALSE,
          Wq |-> {},
          WPq |-> {2} ] ],
  [ type |-> 9,
    shardfrom |-> 1,
    from |-> 1,
    shardto |-> 1,
    to |-> 1,
    body |->
        [ b |-> 1,
          id |-> 2,
          tq |-> [id |-> <<1, 1>>, t |-> 2],
          abalq |-> 0,
          txq |-> 2,
          depq |-> {},
          phaseq |-> 4,
          rejectq |-> FALSE,
          Wq |-> {<<1, 0>>},
          WPq |-> {} ] ],
  [ type |-> 9,
    shardfrom |-> 1,
    from |-> 2,
    shardto |-> 1,
    to |-> 1,
    body |->
        [ b |-> 1,
          id |-> 1,
          tq |-> [id |-> <<0, 0>>, t |-> 0],
          abalq |-> 0,
          txq |-> 1,
          depq |-> {},
          phaseq |-> 1,
          rejectq |-> FALSE,
          Wq |-> {},
          WPq |-> {2} ] ],
  [ type |-> 9,
    shardfrom |-> 1,
    from |-> 2,
    shardto |-> 1,
    to |-> 2,
    body |->
        [ b |-> 2,
          id |-> 1,
          tq |-> [id |-> <<0, 0>>, t |-> 0],
          abalq |-> 0,
          txq |-> 0,
          depq |-> {},
          phaseq |-> 1,
          rejectq |-> FALSE,
          Wq |-> {},
          WPq |-> {2} ] ],
  [ type |-> 9,
    shardfrom |-> 1,
    from |-> 3,
    shardto |-> 1,
    to |-> 3,
    body |->
        [ b |-> 3,
          id |-> 1,
          tq |-> [id |-> <<1, 1>>, t |-> 1],
          abalq |-> 0,
          txq |-> 1,
          depq |-> {},
          phaseq |-> 2,
          rejectq |-> FALSE,
          Wq |-> {},
          WPq |-> {} ] ],
  [ type |-> 13,
    shardfrom |-> 1,
    from |-> 1,
    shardto |-> 1,
    to |-> 1,
    body |-> [id |-> 2, D |-> {}] ] }
/\ consumedMsgs = { [ type |-> 1,
    shardfrom |-> 1,
    from |-> 1,
    shardto |-> 1,
    to |-> 2,
    body |-> [id |-> 2, tx |-> 2, D0 |-> {}] ],
  [ type |-> 1,
    shardfrom |-> 1,
    from |-> 1,
    shardto |-> 1,
    to |-> 3,
    body |-> [id |-> 1, tx |-> 1, D0 |-> {}] ],
  [ type |-> 2,
    shardfrom |-> 1,
    from |-> 1,
    shardto |-> 1,
    to |-> 1,
    body |-> [id |-> 2, tq |-> [id |-> <<1, 1>>, t |-> 2], Dq |-> {}] ],
  [ type |-> 2,
    shardfrom |-> 1,
    from |-> 2,
    shardto |-> 1,
    to |-> 1,
    body |-> [id |-> 2, tq |-> [id |-> <<1, 1>>, t |-> 2], Dq |-> {}] ],
  [ type |-> 8,
    shardfrom |-> 1,
    from |-> 1,
    shardto |-> 1,
    to |-> 2,
    body |-> [b |-> 1, id |-> 1, tx |-> 1] ],
  [ type |-> 8,
    shardfrom |-> 1,
    from |-> 2,
    shardto |-> 1,
    to |-> 3,
    body |-> [b |-> 2, id |-> 2, tx |-> 2] ],
  [ type |-> 8,
    shardfrom |-> 1,
    from |-> 3,
    shardto |-> 1,
    to |-> 1,
    body |-> [b |-> 3, id |-> 2, tx |-> 0] ],
  [ type |-> 9,
    shardfrom |-> 1,
    from |-> 1,
    shardto |-> 1,
    to |-> 3,
    body |->
        [ b |-> 3,
          id |-> 2,
          tq |-> [id |-> <<1, 1>>, t |-> 2],
          abalq |-> 0,
          txq |-> 2,
          depq |-> {},
          phaseq |-> 4,
          rejectq |-> FALSE,
          Wq |-> {<<1, 0>>},
          WPq |-> {} ] ],
  [ type |-> 9,
    shardfrom |-> 1,
    from |-> 2,
    shardto |-> 1,
    to |-> 2,
    body |->
        [ b |-> 2,
          id |-> 2,
          tq |-> [id |-> <<1, 1>>, t |-> 2],
          abalq |-> 0,
          txq |-> 2,
          depq |-> {1},
          phaseq |-> 2,
          rejectq |-> FALSE,
          Wq |-> {},
          WPq |-> {} ] ],
  [ type |-> 9,
    shardfrom |-> 1,
    from |-> 3,
    shardto |-> 1,
    to |-> 2,
    body |->
        [ b |-> 2,
          id |-> 2,
          tq |-> [id |-> <<0, 0>>, t |-> 0],
          abalq |-> 0,
          txq |-> 2,
          depq |-> {},
          phaseq |-> 1,
          rejectq |-> FALSE,
          Wq |-> {},
          WPq |-> {} ] ],
  [ type |-> 9,
    shardfrom |-> 1,
    from |-> 3,
    shardto |-> 1,
    to |-> 3,
    body |->
        [ b |-> 3,
          id |-> 2,
          tq |-> [id |-> <<0, 0>>, t |-> 0],
          abalq |-> 0,
          txq |-> 0,
          depq |-> {},
          phaseq |-> 1,
          rejectq |-> FALSE,
          Wq |-> {},
          WPq |-> {} ] ] }
/\ Qvar = << << <<{}, {}>>,
      <<{}, {[shard |-> 1, proc |-> 2], [shard |-> 1, proc |-> 3]}>>,
      <<{}, {}>> >> >>
/\ ts = << << <<[id |-> <<1, 1>>, t |-> 3], [id |-> <<1, 1>>, t |-> 2]>>,
      <<[id |-> <<0, 0>>, t |-> 0], [id |-> <<1, 1>>, t |-> 2]>>,
      <<[id |-> <<1, 1>>, t |-> 1], [id |-> <<1, 1>>, t |-> 2]>> >> >>
/\ executeWaitingFlag = <<<<<<FALSE, FALSE>>, <<FALSE, FALSE>>, <<FALSE, FALSE>>>>>>
/\ TXvar = <<<<<<bottom, bottom>>, <<bottom, 2>>, <<bottom, bottom>>>>>>
/\ recovered = <<<<<<1, 1>>, <<1, 1>>, <<1, 1>>>>>>
/\ initCoord = <<{[shard |-> 1, proc |-> 1]}, {[shard |-> 1, proc |-> 1]}>>

State 21: <Next line 1059, col 9 to line 1070, col 26 of module AccordSpec>
/\ phase = <<<<<<2, 4>>, <<1, 3>>, <<2, 5>>>>>>
/\ abal = <<<<<<0, 0>>, <<0, 2>>, <<0, 3>>>>>>
/\ initTimestamp = << [id |-> <<1, 1>>, t |-> 1],
   [id |-> <<1, 1>>, t |-> 2],
   [id |-> <<0, 0>>, t |-> 3] >>
/\ bal = <<<<<<2, 3>>, <<2, 2>>, <<3, 3>>>>>>
/\ txn = <<<<<<1, 2>>, <<0, 2>>, <<1, 2>>>>>>
/\ postWaitingFlag = <<<<<<FALSE, FALSE>>, <<FALSE, FALSE>>, <<FALSE, FALSE>>>>>>
/\ relation = <<<<0, 0>>, <<0, 0>>>>
/\ executed = <<<<{}, {}, {}>>>>
/\ Wvar = <<<<<<{}, {}>>, <<{}, {}>>, <<{}, {}>>>>>>
/\ dep = <<<<<<{}, {}>>, <<{}, {1}>>, <<{}, {}>>>>>>
/\ recoveryAttemptBal = <<<<<<0, 0>>, <<0, 2>>, <<0, 0>>>>>>
/\ submitted = {1, 2}
/\ Dvar = <<<<<<{}, {}>>, <<{}, {1}>>, <<{}, {}>>>>>>
/\ msgs = { [ type |-> 1,
    shardfrom |-> 1,
    from |-> 1,
    shardto |-> 1,
    to |-> 2,
    body |-> [id |-> 1, tx |-> 1, D0 |-> {}] ],
  [ type |-> 1,
    shardfrom |-> 1,
    from |-> 1,
    shardto |-> 1,
    to |-> 3,
    body |-> [id |-> 2, tx |-> 2, D0 |-> {}] ],
  [ type |-> 2,
    shardfrom |-> 1,
    from |-> 1,
    shardto |-> 1,
    to |-> 1,
    body |-> [id |-> 1, tq |-> [id |-> <<1, 1>>, t |-> 3], Dq |-> {}] ],
  [ type |-> 2,
    shardfrom |-> 1,
    from |-> 3,
    shardto |-> 1,
    to |-> 1,
    body |-> [id |-> 1, tq |-> [id |-> <<1, 1>>, t |-> 1], Dq |-> {}] ],
  [ type |-> 3,
    shardfrom |-> 1,
    from |-> 2,
    shardto |-> 1,
    to |-> 1,
    body |->
        [ b |-> 2,
          id |-> 2,
          tx |-> 2,
          t |-> [id |-> <<1, 1>>, t |-> 2],
          D |-> {1},
          pathSpeed |-> 1 ] ],
  [ type |-> 3,
    shardfrom |-> 1,
    from |-> 2,
    shardto |-> 1,
    to |-> 3,
    body |->
        [ b |-> 2,
          id |-> 2,
          tx |-> 2,
          t |-> [id |-> <<1, 1>>, t |-> 2],
          D |-> {1},
          pathSpeed |-> 1 ] ],
  [ type |-> 4,
    shardfrom |-> 1,
    from |-> 2,
    shardto |-> 1,
    to |-> 2,
    body |-> [b |-> 2, id |-> 2, Dq |-> {1}, pathSpeed |-> 1] ],
  [ type |-> 5,
    shardfrom |-> 1,
    from |-> 3,
    shardto |-> 1,
    to |-> 1,
    body |->
        [ b |-> 3,
          id |-> 2,
          tx |-> 2,
          t |-> [id |-> <<1, 1>>, t |-> 2],
          D |-> {},
          pathSpeed |-> 1 ] ],
  [ type |-> 5,
    shardfrom |-> 1,
    from |-> 3,
    shardto |-> 1,
    to |-> 2,
    body |->
        [ b |-> 3,
          id |-> 2,
          tx |-> 2,
          t |-> [id |-> <<1, 1>>, t |-> 2],
          D |-> {},
          pathSpeed |-> 1 ] ],
  [ type |-> 6,
    shardfrom |-> 1,
    from |-> 3,
    shardto |-> 1,
    to |-> 3,
    body |-> [b |-> 3, id |-> 2] ],
  [ type |-> 8,
    shardfrom |-> 1,
    from |-> 1,
    shardto |-> 1,
    to |-> 2,
    body |-> [b |-> 1, id |-> 2, tx |-> 2] ],
  [ type |-> 8,
    shardfrom |-> 1,
    from |-> 1,
    shardto |-> 1,
    to |-> 3,
    body |-> [b |-> 1, id |-> 1, tx |-> 1] ],
  [ type |-> 8,
    shardfrom |-> 1,
    from |-> 1,
    shardto |-> 1,
    to |-> 3,
    body |-> [b |-> 1, id |-> 2, tx |-> 2] ],
  [ type |-> 8,
    shardfrom |-> 1,
    from |-> 2,
    shardto |-> 1,
    to |-> 1,
    body |-> [b |-> 2, id |-> 2, tx |-> 2] ],
  [ type |-> 8,
    shardfrom |-> 1,
    from |-> 2,
    shardto |-> 1,
    to |-> 3,
    body |-> [b |-> 2, id |-> 1, tx |-> 0] ],
  [ type |-> 8,
    shardfrom |-> 1,
    from |-> 3,
    shardto |-> 1,
    to |-> 1,
    body |-> [b |-> 3, id |-> 1, tx |-> 1] ],
  [ type |-> 8,
    shardfrom |-> 1,
    from |-> 3,
    shardto |-> 1,
    to |-> 2,
    body |-> [b |-> 3, id |-> 1, tx |-> 1] ],
  [ type |-> 8,
    shardfrom |-> 1,
    from |-> 3,
    shardto |-> 1,
    to |-> 2,
    body |-> [b |-> 3, id |-> 2, tx |-> 0] ],
  [ type |-> 9,
    shardfrom |-> 1,
    from |-> 1,
    shardto |-> 1,
    to |-> 1,
    body |->
        [ b |-> 1,
          id |-> 1,
          tq |-> [id |-> <<1, 1>>, t |-> 3],
          abalq |-> 0,
          txq |-> 1,
          depq |-> {},
          phaseq |-> 2,
          rejectq |-> FALSE,
          Wq |-> {},
          WPq |-> {2} ] ],
  [ type |-> 9,
    shardfrom |-> 1,
    from |-> 1,
    shardto |-> 1,
    to |-> 1,
    body |->
        [ b |-> 1,
          id |-> 2,
          tq |-> [id |-> <<1, 1>>, t |-> 2],
          abalq |-> 0,
          txq |-> 2,
          depq |-> {},
          phaseq |-> 4,
          rejectq |-> FALSE,
          Wq |-> {<<1, 0>>},
          WPq |-> {} ] ],
  [ type |-> 9,
    shardfrom |-> 1,
    from |-> 1,
    shardto |-> 1,
    to |-> 2,
    body |->
        [ b |-> 2,
          id |-> 1,
          tq |-> [id |-> <<1, 1>>, t |-> 3],
          abalq |-> 0,
          txq |-> 1,
          depq |-> {},
          phaseq |-> 2,
          rejectq |-> FALSE,
          Wq |-> {},
          WPq |-> {2} ] ],
  [ type |-> 9,
    shardfrom |-> 1,
    from |-> 2,
    shardto |-> 1,
    to |-> 1,
    body |->
        [ b |-> 1,
          id |-> 1,
          tq |-> [id |-> <<0, 0>>, t |-> 0],
          abalq |-> 0,
          txq |-> 1,
          depq |-> {},
          phaseq |-> 1,
          rejectq |-> FALSE,
          Wq |-> {},
          WPq |-> {2} ] ],
  [ type |-> 9,
    shardfrom |-> 1,
    from |-> 2,
    shardto |-> 1,
    to |-> 2,
    body |->
        [ b |-> 2,
          id |-> 1,
          tq |-> [id |-> <<0, 0>>, t |-> 0],
          abalq |-> 0,
          txq |-> 0,
          depq |-> {},
          phaseq |-> 1,
          rejectq |-> FALSE,
          Wq |-> {},
          WPq |-> {2} ] ],
  [ type |-> 9,
    shardfrom |-> 1,
    from |-> 3,
    shardto |-> 1,
    to |-> 3,
    body |->
        [ b |-> 3,
          id |-> 1,
          tq |-> [id |-> <<1, 1>>, t |-> 1],
          abalq |-> 0,
          txq |-> 1,
          depq |-> {},
          phaseq |-> 2,
          rejectq |-> FALSE,
          Wq |-> {},
          WPq |-> {} ] ],
  [ type |-> 13,
    shardfrom |-> 1,
    from |-> 1,
    shardto |-> 1,
    to |-> 1,
    body |-> [id |-> 2, D |-> {}] ] }
/\ consumedMsgs = { [ type |-> 1,
    shardfrom |-> 1,
    from |-> 1,
    shardto |-> 1,
    to |-> 2,
    body |-> [id |-> 2, tx |-> 2, D0 |-> {}] ],
  [ type |-> 1,
    shardfrom |-> 1,
    from |-> 1,
    shardto |-> 1,
    to |-> 3,
    body |-> [id |-> 1, tx |-> 1, D0 |-> {}] ],
  [ type |-> 2,
    shardfrom |-> 1,
    from |-> 1,
    shardto |-> 1,
    to |-> 1,
    body |-> [id |-> 2, tq |-> [id |-> <<1, 1>>, t |-> 2], Dq |-> {}] ],
  [ type |-> 2,
    shardfrom |-> 1,
    from |-> 2,
    shardto |-> 1,
    to |-> 1,
    body |-> [id |-> 2, tq |-> [id |-> <<1, 1>>, t |-> 2], Dq |-> {}] ],
  [ type |-> 8,
    shardfrom |-> 1,
    from |-> 1,
    shardto |-> 1,
    to |-> 2,
    body |-> [b |-> 1, id |-> 1, tx |-> 1] ],
  [ type |-> 8,
    shardfrom |-> 1,
    from |-> 2,
    shardto |-> 1,
    to |-> 1,
    body |-> [b |-> 2, id |-> 1, tx |-> 0] ],
  [ type |-> 8,
    shardfrom |-> 1,
    from |-> 2,
    shardto |-> 1,
    to |-> 3,
    body |-> [b |-> 2, id |-> 2, tx |-> 2] ],
  [ type |-> 8,
    shardfrom |-> 1,
    from |-> 3,
    shardto |-> 1,
    to |-> 1,
    body |-> [b |-> 3, id |-> 2, tx |-> 0] ],
  [ type |-> 9,
    shardfrom |-> 1,
    from |-> 1,
    shardto |-> 1,
    to |-> 3,
    body |->
        [ b |-> 3,
          id |-> 2,
          tq |-> [id |-> <<1, 1>>, t |-> 2],
          abalq |-> 0,
          txq |-> 2,
          depq |-> {},
          phaseq |-> 4,
          rejectq |-> FALSE,
          Wq |-> {<<1, 0>>},
          WPq |-> {} ] ],
  [ type |-> 9,
    shardfrom |-> 1,
    from |-> 2,
    shardto |-> 1,
    to |-> 2,
    body |->
        [ b |-> 2,
          id |-> 2,
          tq |-> [id |-> <<1, 1>>, t |-> 2],
          abalq |-> 0,
          txq |-> 2,
          depq |-> {1},
          phaseq |-> 2,
          rejectq |-> FALSE,
          Wq |-> {},
          WPq |-> {} ] ],
  [ type |-> 9,
    shardfrom |-> 1,
    from |-> 3,
    shardto |-> 1,
    to |-> 2,
    body |->
        [ b |-> 2,
          id |-> 2,
          tq |-> [id |-> <<0, 0>>, t |-> 0],
          abalq |-> 0,
          txq |-> 2,
          depq |-> {},
          phaseq |-> 1,
          rejectq |-> FALSE,
          Wq |-> {},
          WPq |-> {} ] ],
  [ type |-> 9,
    shardfrom |-> 1,
    from |-> 3,
    shardto |-> 1,
    to |-> 3,
    body |->
        [ b |-> 3,
          id |-> 2,
          tq |-> [id |-> <<0, 0>>, t |-> 0],
          abalq |-> 0,
          txq |-> 0,
          depq |-> {},
          phaseq |-> 1,
          rejectq |-> FALSE,
          Wq |-> {},
          WPq |-> {} ] ] }
/\ Qvar = << << <<{}, {}>>,
      <<{}, {[shard |-> 1, proc |-> 2], [shard |-> 1, proc |-> 3]}>>,
      <<{}, {}>> >> >>
/\ ts = << << <<[id |-> <<1, 1>>, t |-> 3], [id |-> <<1, 1>>, t |-> 2]>>,
      <<[id |-> <<0, 0>>, t |-> 0], [id |-> <<1, 1>>, t |-> 2]>>,
      <<[id |-> <<1, 1>>, t |-> 1], [id |-> <<1, 1>>, t |-> 2]>> >> >>
/\ executeWaitingFlag = <<<<<<FALSE, FALSE>>, <<FALSE, FALSE>>, <<FALSE, FALSE>>>>>>
/\ TXvar = <<<<<<bottom, bottom>>, <<bottom, 2>>, <<bottom, bottom>>>>>>
/\ recovered = <<<<<<1, 1>>, <<1, 1>>, <<1, 1>>>>>>
/\ initCoord = <<{[shard |-> 1, proc |-> 1]}, {[shard |-> 1, proc |-> 1]}>>

State 22: <Next line 1059, col 9 to line 1070, col 26 of module AccordSpec>
/\ phase = <<<<<<2, 4>>, <<1, 3>>, <<2, 5>>>>>>
/\ abal = <<<<<<0, 0>>, <<0, 2>>, <<0, 3>>>>>>
/\ initTimestamp = << [id |-> <<1, 1>>, t |-> 1],
   [id |-> <<1, 1>>, t |-> 2],
   [id |-> <<0, 0>>, t |-> 3] >>
/\ bal = <<<<<<2, 3>>, <<3, 2>>, <<3, 3>>>>>>
/\ txn = <<<<<<1, 2>>, <<1, 2>>, <<1, 2>>>>>>
/\ postWaitingFlag = <<<<<<FALSE, FALSE>>, <<FALSE, FALSE>>, <<FALSE, FALSE>>>>>>
/\ relation = <<<<0, 0>>, <<0, 0>>>>
/\ executed = <<<<{}, {}, {}>>>>
/\ Wvar = <<<<<<{}, {}>>, <<{}, {}>>, <<{}, {}>>>>>>
/\ dep = <<<<<<{}, {}>>, <<{}, {1}>>, <<{}, {}>>>>>>
/\ recoveryAttemptBal = <<<<<<0, 0>>, <<0, 2>>, <<0, 0>>>>>>
/\ submitted = {1, 2}
/\ Dvar = <<<<<<{}, {}>>, <<{}, {1}>>, <<{}, {}>>>>>>
/\ msgs = { [ type |-> 1,
    shardfrom |-> 1,
    from |-> 1,
    shardto |-> 1,
    to |-> 2,
    body |-> [id |-> 1, tx |-> 1, D0 |-> {}] ],
  [ type |-> 1,
    shardfrom |-> 1,
    from |-> 1,
    shardto |-> 1,
    to |-> 3,
    body |-> [id |-> 2, tx |-> 2, D0 |-> {}] ],
  [ type |-> 2,
    shardfrom |-> 1,
    from |-> 1,
    shardto |-> 1,
    to |-> 1,
    body |-> [id |-> 1, tq |-> [id |-> <<1, 1>>, t |-> 3], Dq |-> {}] ],
  [ type |-> 2,
    shardfrom |-> 1,
    from |-> 3,
    shardto |-> 1,
    to |-> 1,
    body |-> [id |-> 1, tq |-> [id |-> <<1, 1>>, t |-> 1], Dq |-> {}] ],
  [ type |-> 3,
    shardfrom |-> 1,
    from |-> 2,
    shardto |-> 1,
    to |-> 1,
    body |->
        [ b |-> 2,
          id |-> 2,
          tx |-> 2,
          t |-> [id |-> <<1, 1>>, t |-> 2],
          D |-> {1},
          pathSpeed |-> 1 ] ],
  [ type |-> 3,
    shardfrom |-> 1,
    from |-> 2,
    shardto |-> 1,
    to |-> 3,
    body |->
        [ b |-> 2,
          id |-> 2,
          tx |-> 2,
          t |-> [id |-> <<1, 1>>, t |-> 2],
          D |-> {1},
          pathSpeed |-> 1 ] ],
  [ type |-> 4,
    shardfrom |-> 1,
    from |-> 2,
    shardto |-> 1,
    to |-> 2,
    body |-> [b |-> 2, id |-> 2, Dq |-> {1}, pathSpeed |-> 1] ],
  [ type |-> 5,
    shardfrom |-> 1,
    from |-> 3,
    shardto |-> 1,
    to |-> 1,
    body |->
        [ b |-> 3,
          id |-> 2,
          tx |-> 2,
          t |-> [id |-> <<1, 1>>, t |-> 2],
          D |-> {},
          pathSpeed |-> 1 ] ],
  [ type |-> 5,
    shardfrom |-> 1,
    from |-> 3,
    shardto |-> 1,
    to |-> 2,
    body |->
        [ b |-> 3,
          id |-> 2,
          tx |-> 2,
          t |-> [id |-> <<1, 1>>, t |-> 2],
          D |-> {},
          pathSpeed |-> 1 ] ],
  [ type |-> 6,
    shardfrom |-> 1,
    from |-> 3,
    shardto |-> 1,
    to |-> 3,
    body |-> [b |-> 3, id |-> 2] ],
  [ type |-> 8,
    shardfrom |-> 1,
    from |-> 1,
    shardto |-> 1,
    to |-> 2,
    body |-> [b |-> 1, id |-> 2, tx |-> 2] ],
  [ type |-> 8,
    shardfrom |-> 1,
    from |-> 1,
    shardto |-> 1,
    to |-> 3,
    body |-> [b |-> 1, id |-> 1, tx |-> 1] ],
  [ type |-> 8,
    shardfrom |-> 1,
    from |-> 1,
    shardto |-> 1,
    to |-> 3,
    body |-> [b |-> 1, id |-> 2, tx |-> 2] ],
  [ type |-> 8,
    shardfrom |-> 1,
    from |-> 2,
    shardto |-> 1,
    to |-> 1,
    body |-> [b |-> 2, id |-> 2, tx |-> 2] ],
  [ type |-> 8,
    shardfrom |-> 1,
    from |-> 2,
    shardto |-> 1,
    to |-> 3,
    body |-> [b |-> 2, id |-> 1, tx |-> 0] ],
  [ type |-> 8,
    shardfrom |-> 1,
    from |-> 3,
    shardto |-> 1,
    to |-> 1,
    body |-> [b |-> 3, id |-> 1, tx |-> 1] ],
  [ type |-> 8,
    shardfrom |-> 1,
    from |-> 3,
    shardto |-> 1,
    to |-> 2,
    body |-> [b |-> 3, id |-> 2, tx |-> 0] ],
  [ type |-> 9,
    shardfrom |-> 1,
    from |-> 1,
    shardto |-> 1,
    to |-> 1,
    body |->
        [ b |-> 1,
          id |-> 1,
          tq |-> [id |-> <<1, 1>>, t |-> 3],
          abalq |-> 0,
          txq |-> 1,
          depq |-> {},
          phaseq |-> 2,
          rejectq |-> FALSE,
          Wq |-> {},
          WPq |-> {2} ] ],
  [ type |-> 9,
    shardfrom |-> 1,
    from |-> 1,
    shardto |-> 1,
    to |-> 1,
    body |->
        [ b |-> 1,
          id |-> 2,
          tq |-> [id |-> <<1, 1>>, t |-> 2],
          abalq |-> 0,
          txq |-> 2,
          depq |-> {},
          phaseq |-> 4,
          rejectq |-> FALSE,
          Wq |-> {<<1, 0>>},
          WPq |-> {} ] ],
  [ type |-> 9,
    shardfrom |-> 1,
    from |-> 1,
    shardto |-> 1,
    to |-> 2,
    body |->
        [ b |-> 2,
          id |-> 1,
          tq |-> [id |-> <<1, 1>>, t |-> 3],
          abalq |-> 0,
          txq |-> 1,
          depq |-> {},
          phaseq |-> 2,
          rejectq |-> FALSE,
          Wq |-> {},
          WPq |-> {2} ] ],
  [ type |-> 9,
    shardfrom |-> 1,
    from |-> 2,
    shardto |-> 1,
    to |-> 1,
    body |->
        [ b |-> 1,
          id |-> 1,
          tq |-> [id |-> <<0, 0>>, t |-> 0],
          abalq |-> 0,
          txq |-> 1,
          depq |-> {},
          phaseq |-> 1,
          rejectq |-> FALSE,
          Wq |-> {},
          WPq |-> {2} ] ],
  [ type |-> 9,
    shardfrom |-> 1,
    from |-> 2,
    shardto |-> 1,
    to |-> 2,
    body |->
        [ b |-> 2,
          id |-> 1,
          tq |-> [id |-> <<0, 0>>, t |-> 0],
          abalq |-> 0,
          txq |-> 0,
          depq |-> {},
          phaseq |-> 1,
          rejectq |-> FALSE,
          Wq |-> {},
          WPq |-> {2} ] ],
  [ type |-> 9,
    shardfrom |-> 1,
    from |-> 2,
    shardto |-> 1,
    to |-> 3,
    body |->
        [ b |-> 3,
          id |-> 1,
          tq |-> [id |-> <<0, 0>>, t |-> 0],
          abalq |-> 0,
          txq |-> 1,
          depq |-> {},
          phaseq |-> 1,
          rejectq |-> FALSE,
          Wq |-> {},
          WPq |-> {} ] ],
  [ type |-> 9,
    shardfrom |-> 1,
    from |-> 3,
    shardto |-> 1,
    to |-> 3,
    body |->
        [ b |-> 3,
          id |-> 1,
          tq |-> [id |-> <<1, 1>>, t |-> 1],
          abalq |-> 0,
          txq |-> 1,
          depq |-> {},
          phaseq |-> 2,
          rejectq |-> FALSE,
          Wq |-> {},
          WPq |-> {} ] ],
  [ type |-> 13,
    shardfrom |-> 1,
    from |-> 1,
    shardto |-> 1,
    to |-> 1,
    body |-> [id |-> 2, D |-> {}] ] }
/\ consumedMsgs = { [ type |-> 1,
    shardfrom |-> 1,
    from |-> 1,
    shardto |-> 1,
    to |-> 2,
    body |-> [id |-> 2, tx |-> 2, D0 |-> {}] ],
  [ type |-> 1,
    shardfrom |-> 1,
    from |-> 1,
    shardto |-> 1,
    to |-> 3,
    body |-> [id |-> 1, tx |-> 1, D0 |-> {}] ],
  [ type |-> 2,
    shardfrom |-> 1,
    from |-> 1,
    shardto |-> 1,
    to |-> 1,
    body |-> [id |-> 2, tq |-> [id |-> <<1, 1>>, t |-> 2], Dq |-> {}] ],
  [ type |-> 2,
    shardfrom |-> 1,
    from |-> 2,
    shardto |-> 1,
    to |-> 1,
    body |-> [id |-> 2, tq |-> [id |-> <<1, 1>>, t |-> 2], Dq |-> {}] ],
  [ type |-> 8,
    shardfrom |-> 1,
    from |-> 1,
    shardto |-> 1,
    to |-> 2,
    body |-> [b |-> 1, id |-> 1, tx |-> 1] ],
  [ type |-> 8,
    shardfrom |-> 1,
    from |-> 2,
    shardto |-> 1,
    to |-> 1,
    body |-> [b |-> 2, id |-> 1, tx |-> 0] ],
  [ type |-> 8,
    shardfrom |-> 1,
    from |-> 2,
    shardto |-> 1,
    to |-> 3,
    body |-> [b |-> 2, id |-> 2, tx |-> 2] ],
  [ type |-> 8,
    shardfrom |-> 1,
    from |-> 3,
    shardto |-> 1,
    to |-> 1,
    body |-> [b |-> 3, id |-> 2, tx |-> 0] ],
  [ type |-> 8,
    shardfrom |-> 1,
    from |-> 3,
    shardto |-> 1,
    to |-> 2,
    body |-> [b |-> 3, id |-> 1, tx |-> 1] ],
  [ type |-> 9,
    shardfrom |-> 1,
    from |-> 1,
    shardto |-> 1,
    to |-> 3,
    body |->
        [ b |-> 3,
          id |-> 2,
          tq |-> [id |-> <<1, 1>>, t |-> 2],
          abalq |-> 0,
          txq |-> 2,
          depq |-> {},
          phaseq |-> 4,
          rejectq |-> FALSE,
          Wq |-> {<<1, 0>>},
          WPq |-> {} ] ],
  [ type |-> 9,
    shardfrom |-> 1,
    from |-> 2,
    shardto |-> 1,
    to |-> 2,
    body |->
        [ b |-> 2,
          id |-> 2,
          tq |-> [id |-> <<1, 1>>, t |-> 2],
          abalq |-> 0,
          txq |-> 2,
          depq |-> {1},
          phaseq |-> 2,
          rejectq |-> FALSE,
          Wq |-> {},
          WPq |-> {} ] ],
  [ type |-> 9,
    shardfrom |-> 1,
    from |-> 3,
    shardto |-> 1,
    to |-> 2,
    body |->
        [ b |-> 2,
          id |-> 2,
          tq |-> [id |-> <<0, 0>>, t |-> 0],
          abalq |-> 0,
          txq |-> 2,
          depq |-> {},
          phaseq |-> 1,
          rejectq |-> FALSE,
          Wq |-> {},
          WPq |-> {} ] ],
  [ type |-> 9,
    shardfrom |-> 1,
    from |-> 3,
    shardto |-> 1,
    to |-> 3,
    body |->
        [ b |-> 3,
          id |-> 2,
          tq |-> [id |-> <<0, 0>>, t |-> 0],
          abalq |-> 0,
          txq |-> 0,
          depq |-> {},
          phaseq |-> 1,
          rejectq |-> FALSE,
          Wq |-> {},
          WPq |-> {} ] ] }
/\ Qvar = << << <<{}, {}>>,
      <<{}, {[shard |-> 1, proc |-> 2], [shard |-> 1, proc |-> 3]}>>,
      <<{}, {}>> >> >>
/\ ts = << << <<[id |-> <<1, 1>>, t |-> 3], [id |-> <<1, 1>>, t |-> 2]>>,
      <<[id |-> <<0, 0>>, t |-> 0], [id |-> <<1, 1>>, t |-> 2]>>,
      <<[id |-> <<1, 1>>, t |-> 1], [id |-> <<1, 1>>, t |-> 2]>> >> >>
/\ executeWaitingFlag = <<<<<<FALSE, FALSE>>, <<FALSE, FALSE>>, <<FALSE, FALSE>>>>>>
/\ TXvar = <<<<<<bottom, bottom>>, <<bottom, 2>>, <<bottom, bottom>>>>>>
/\ recovered = <<<<<<1, 1>>, <<1, 1>>, <<1, 1>>>>>>
/\ initCoord = <<{[shard |-> 1, proc |-> 1]}, {[shard |-> 1, proc |-> 1]}>>

State 23: <HandleRecoverOK line 679, col 5 to line 785, col 109 of module AccordSpec>
/\ phase = <<<<<<2, 4>>, <<1, 3>>, <<2, 5>>>>>>
/\ abal = <<<<<<0, 0>>, <<0, 2>>, <<0, 3>>>>>>
/\ initTimestamp = << [id |-> <<1, 1>>, t |-> 1],
   [id |-> <<1, 1>>, t |-> 2],
   [id |-> <<0, 0>>, t |-> 3] >>
/\ bal = <<<<<<2, 3>>, <<3, 2>>, <<3, 3>>>>>>
/\ txn = <<<<<<1, 2>>, <<1, 2>>, <<1, 2>>>>>>
/\ postWaitingFlag = <<<<<<FALSE, FALSE>>, <<FALSE, FALSE>>, <<TRUE, FALSE>>>>>>
/\ relation = <<<<0, 0>>, <<0, 0>>>>
/\ executed = <<<<{}, {}, {}>>>>
/\ Wvar = <<<<<<{}, {}>>, <<{}, {}>>, <<{}, {}>>>>>>
/\ dep = <<<<<<{}, {}>>, <<{}, {1}>>, <<{}, {}>>>>>>
/\ recoveryAttemptBal = <<<<<<0, 0>>, <<0, 2>>, <<3, 0>>>>>>
/\ submitted = {1, 2}
/\ Dvar = <<<<<<{}, {}>>, <<{}, {1}>>, <<{}, {}>>>>>>
/\ msgs = { [ type |-> 1,
    shardfrom |-> 1,
    from |-> 1,
    shardto |-> 1,
    to |-> 2,
    body |-> [id |-> 1, tx |-> 1, D0 |-> {}] ],
  [ type |-> 1,
    shardfrom |-> 1,
    from |-> 1,
    shardto |-> 1,
    to |-> 3,
    body |-> [id |-> 2, tx |-> 2, D0 |-> {}] ],
  [ type |-> 2,
    shardfrom |-> 1,
    from |-> 1,
    shardto |-> 1,
    to |-> 1,
    body |-> [id |-> 1, tq |-> [id |-> <<1, 1>>, t |-> 3], Dq |-> {}] ],
  [ type |-> 2,
    shardfrom |-> 1,
    from |-> 3,
    shardto |-> 1,
    to |-> 1,
    body |-> [id |-> 1, tq |-> [id |-> <<1, 1>>, t |-> 1], Dq |-> {}] ],
  [ type |-> 3,
    shardfrom |-> 1,
    from |-> 2,
    shardto |-> 1,
    to |-> 1,
    body |->
        [ b |-> 2,
          id |-> 2,
          tx |-> 2,
          t |-> [id |-> <<1, 1>>, t |-> 2],
          D |-> {1},
          pathSpeed |-> 1 ] ],
  [ type |-> 3,
    shardfrom |-> 1,
    from |-> 2,
    shardto |-> 1,
    to |-> 3,
    body |->
        [ b |-> 2,
          id |-> 2,
          tx |-> 2,
          t |-> [id |-> <<1, 1>>, t |-> 2],
          D |-> {1},
          pathSpeed |-> 1 ] ],
  [ type |-> 4,
    shardfrom |-> 1,
    from |-> 2,
    shardto |-> 1,
    to |-> 2,
    body |-> [b |-> 2, id |-> 2, Dq |-> {1}, pathSpeed |-> 1] ],
  [ type |-> 5,
    shardfrom |-> 1,
    from |-> 3,
    shardto |-> 1,
    to |-> 1,
    body |->
        [ b |-> 3,
          id |-> 2,
          tx |-> 2,
          t |-> [id |-> <<1, 1>>, t |-> 2],
          D |-> {},
          pathSpeed |-> 1 ] ],
  [ type |-> 5,
    shardfrom |-> 1,
    from |-> 3,
    shardto |-> 1,
    to |-> 2,
    body |->
        [ b |-> 3,
          id |-> 2,
          tx |-> 2,
          t |-> [id |-> <<1, 1>>, t |-> 2],
          D |-> {},
          pathSpeed |-> 1 ] ],
  [ type |-> 6,
    shardfrom |-> 1,
    from |-> 3,
    shardto |-> 1,
    to |-> 3,
    body |-> [b |-> 3, id |-> 2] ],
  [ type |-> 8,
    shardfrom |-> 1,
    from |-> 1,
    shardto |-> 1,
    to |-> 2,
    body |-> [b |-> 1, id |-> 2, tx |-> 2] ],
  [ type |-> 8,
    shardfrom |-> 1,
    from |-> 1,
    shardto |-> 1,
    to |-> 3,
    body |-> [b |-> 1, id |-> 1, tx |-> 1] ],
  [ type |-> 8,
    shardfrom |-> 1,
    from |-> 1,
    shardto |-> 1,
    to |-> 3,
    body |-> [b |-> 1, id |-> 2, tx |-> 2] ],
  [ type |-> 8,
    shardfrom |-> 1,
    from |-> 2,
    shardto |-> 1,
    to |-> 1,
    body |-> [b |-> 2, id |-> 2, tx |-> 2] ],
  [ type |-> 8,
    shardfrom |-> 1,
    from |-> 2,
    shardto |-> 1,
    to |-> 3,
    body |-> [b |-> 2, id |-> 1, tx |-> 0] ],
  [ type |-> 8,
    shardfrom |-> 1,
    from |-> 3,
    shardto |-> 1,
    to |-> 1,
    body |-> [b |-> 3, id |-> 1, tx |-> 1] ],
  [ type |-> 8,
    shardfrom |-> 1,
    from |-> 3,
    shardto |-> 1,
    to |-> 2,
    body |-> [b |-> 3, id |-> 2, tx |-> 0] ],
  [ type |-> 9,
    shardfrom |-> 1,
    from |-> 1,
    shardto |-> 1,
    to |-> 1,
    body |->
        [ b |-> 1,
          id |-> 1,
          tq |-> [id |-> <<1, 1>>, t |-> 3],
          abalq |-> 0,
          txq |-> 1,
          depq |-> {},
          phaseq |-> 2,
          rejectq |-> FALSE,
          Wq |-> {},
          WPq |-> {2} ] ],
  [ type |-> 9,
    shardfrom |-> 1,
    from |-> 1,
    shardto |-> 1,
    to |-> 1,
    body |->
        [ b |-> 1,
          id |-> 2,
          tq |-> [id |-> <<1, 1>>, t |-> 2],
          abalq |-> 0,
          txq |-> 2,
          depq |-> {},
          phaseq |-> 4,
          rejectq |-> FALSE,
          Wq |-> {<<1, 0>>},
          WPq |-> {} ] ],
  [ type |-> 9,
    shardfrom |-> 1,
    from |-> 1,
    shardto |-> 1,
    to |-> 2,
    body |->
        [ b |-> 2,
          id |-> 1,
          tq |-> [id |-> <<1, 1>>, t |-> 3],
          abalq |-> 0,
          txq |-> 1,
          depq |-> {},
          phaseq |-> 2,
          rejectq |-> FALSE,
          Wq |-> {},
          WPq |-> {2} ] ],
  [ type |-> 9,
    shardfrom |-> 1,
    from |-> 2,
    shardto |-> 1,
    to |-> 1,
    body |->
        [ b |-> 1,
          id |-> 1,
          tq |-> [id |-> <<0, 0>>, t |-> 0],
          abalq |-> 0,
          txq |-> 1,
          depq |-> {},
          phaseq |-> 1,
          rejectq |-> FALSE,
          Wq |-> {},
          WPq |-> {2} ] ],
  [ type |-> 9,
    shardfrom |-> 1,
    from |-> 2,
    shardto |-> 1,
    to |-> 2,
    body |->
        [ b |-> 2,
          id |-> 1,
          tq |-> [id |-> <<0, 0>>, t |-> 0],
          abalq |-> 0,
          txq |-> 0,
          depq |-> {},
          phaseq |-> 1,
          rejectq |-> FALSE,
          Wq |-> {},
          WPq |-> {2} ] ],
  [ type |-> 13,
    shardfrom |-> 1,
    from |-> 1,
    shardto |-> 1,
    to |-> 1,
    body |-> [id |-> 2, D |-> {}] ] }
/\ consumedMsgs = { [ type |-> 1,
    shardfrom |-> 1,
    from |-> 1,
    shardto |-> 1,
    to |-> 2,
    body |-> [id |-> 2, tx |-> 2, D0 |-> {}] ],
  [ type |-> 1,
    shardfrom |-> 1,
    from |-> 1,
    shardto |-> 1,
    to |-> 3,
    body |-> [id |-> 1, tx |-> 1, D0 |-> {}] ],
  [ type |-> 2,
    shardfrom |-> 1,
    from |-> 1,
    shardto |-> 1,
    to |-> 1,
    body |-> [id |-> 2, tq |-> [id |-> <<1, 1>>, t |-> 2], Dq |-> {}] ],
  [ type |-> 2,
    shardfrom |-> 1,
    from |-> 2,
    shardto |-> 1,
    to |-> 1,
    body |-> [id |-> 2, tq |-> [id |-> <<1, 1>>, t |-> 2], Dq |-> {}] ],
  [ type |-> 8,
    shardfrom |-> 1,
    from |-> 1,
    shardto |-> 1,
    to |-> 2,
    body |-> [b |-> 1, id |-> 1, tx |-> 1] ],
  [ type |-> 8,
    shardfrom |-> 1,
    from |-> 2,
    shardto |-> 1,
    to |-> 1,
    body |-> [b |-> 2, id |-> 1, tx |-> 0] ],
  [ type |-> 8,
    shardfrom |-> 1,
    from |-> 2,
    shardto |-> 1,
    to |-> 3,
    body |-> [b |-> 2, id |-> 2, tx |-> 2] ],
  [ type |-> 8,
    shardfrom |-> 1,
    from |-> 3,
    shardto |-> 1,
    to |-> 1,
    body |-> [b |-> 3, id |-> 2, tx |-> 0] ],
  [ type |-> 8,
    shardfrom |-> 1,
    from |-> 3,
    shardto |-> 1,
    to |-> 2,
    body |-> [b |-> 3, id |-> 1, tx |-> 1] ],
  [ type |-> 9,
    shardfrom |-> 1,
    from |-> 1,
    shardto |-> 1,
    to |-> 3,
    body |->
        [ b |-> 3,
          id |-> 2,
          tq |-> [id |-> <<1, 1>>, t |-> 2],
          abalq |-> 0,
          txq |-> 2,
          depq |-> {},
          phaseq |-> 4,
          rejectq |-> FALSE,
          Wq |-> {<<1, 0>>},
          WPq |-> {} ] ],
  [ type |-> 9,
    shardfrom |-> 1,
    from |-> 2,
    shardto |-> 1,
    to |-> 2,
    body |->
        [ b |-> 2,
          id |-> 2,
          tq |-> [id |-> <<1, 1>>, t |-> 2],
          abalq |-> 0,
          txq |-> 2,
          depq |-> {1},
          phaseq |-> 2,
          rejectq |-> FALSE,
          Wq |-> {},
          WPq |-> {} ] ],
  [ type |-> 9,
    shardfrom |-> 1,
    from |-> 2,
    shardto |-> 1,
    to |-> 3,
    body |->
        [ b |-> 3,
          id |-> 1,
          tq |-> [id |-> <<0, 0>>, t |-> 0],
          abalq |-> 0,
          txq |-> 1,
          depq |-> {},
          phaseq |-> 1,
          rejectq |-> FALSE,
          Wq |-> {},
          WPq |-> {} ] ],
  [ type |-> 9,
    shardfrom |-> 1,
    from |-> 3,
    shardto |-> 1,
    to |-> 2,
    body |->
        [ b |-> 2,
          id |-> 2,
          tq |-> [id |-> <<0, 0>>, t |-> 0],
          abalq |-> 0,
          txq |-> 2,
          depq |-> {},
          phaseq |-> 1,
          rejectq |-> FALSE,
          Wq |-> {},
          WPq |-> {} ] ],
  [ type |-> 9,
    shardfrom |-> 1,
    from |-> 3,
    shardto |-> 1,
    to |-> 3,
    body |->
        [ b |-> 3,
          id |-> 1,
          tq |-> [id |-> <<1, 1>>, t |-> 1],
          abalq |-> 0,
          txq |-> 1,
          depq |-> {},
          phaseq |-> 2,
          rejectq |-> FALSE,
          Wq |-> {},
          WPq |-> {} ] ],
  [ type |-> 9,
    shardfrom |-> 1,
    from |-> 3,
    shardto |-> 1,
    to |-> 3,
    body |->
        [ b |-> 3,
          id |-> 2,
          tq |-> [id |-> <<0, 0>>, t |-> 0],
          abalq |-> 0,
          txq |-> 0,
          depq |-> {},
          phaseq |-> 1,
          rejectq |-> FALSE,
          Wq |-> {},
          WPq |-> {} ] ] }
/\ Qvar = << << <<{}, {}>>,
      <<{}, {[shard |-> 1, proc |-> 2], [shard |-> 1, proc |-> 3]}>>,
      <<{[shard |-> 1, proc |-> 2], [shard |-> 1, proc |-> 3]}, {}>> >> >>
/\ ts = << << <<[id |-> <<1, 1>>, t |-> 3], [id |-> <<1, 1>>, t |-> 2]>>,
      <<[id |-> <<0, 0>>, t |-> 0], [id |-> <<1, 1>>, t |-> 2]>>,
      <<[id |-> <<1, 1>>, t |-> 1], [id |-> <<1, 1>>, t |-> 2]>> >> >>
/\ executeWaitingFlag = <<<<<<FALSE, FALSE>>, <<FALSE, FALSE>>, <<FALSE, FALSE>>>>>>
/\ TXvar = <<<<<<bottom, bottom>>, <<bottom, 2>>, <<1, bottom>>>>>>
/\ recovered = <<<<<<1, 1>>, <<1, 1>>, <<1, 1>>>>>>
/\ initCoord = <<{[shard |-> 1, proc |-> 1]}, {[shard |-> 1, proc |-> 1]}>>

State 24: <HandlePostWaiting line 791, col 5 to line 882, col 167 of module AccordSpec>
/\ phase = <<<<<<2, 4>>, <<1, 3>>, <<3, 5>>>>>>
/\ abal = <<<<<<0, 0>>, <<0, 2>>, <<3, 3>>>>>>
/\ initTimestamp = << [id |-> <<1, 1>>, t |-> 1],
   [id |-> <<1, 1>>, t |-> 2],
   [id |-> <<0, 0>>, t |-> 3] >>
/\ bal = <<<<<<2, 3>>, <<3, 2>>, <<3, 3>>>>>>
/\ txn = <<<<<<1, 2>>, <<1, 2>>, <<1, 2>>>>>>
/\ postWaitingFlag = <<<<<<FALSE, FALSE>>, <<FALSE, FALSE>>, <<FALSE, FALSE>>>>>>
/\ relation = <<<<0, 0>>, <<0, 0>>>>
/\ executed = <<<<{}, {}, {}>>>>
/\ Wvar = <<<<<<{}, {}>>, <<{}, {}>>, <<{}, {}>>>>>>
/\ dep = <<<<<<{}, {}>>, <<{}, {1}>>, <<{}, {}>>>>>>
/\ recoveryAttemptBal = <<<<<<0, 0>>, <<0, 2>>, <<3, 0>>>>>>
/\ submitted = {1, 2}
/\ Dvar = <<<<<<{}, {}>>, <<{}, {1}>>, <<{}, {}>>>>>>
/\ msgs = { [ type |-> 1,
    shardfrom |-> 1,
    from |-> 1,
    shardto |-> 1,
    to |-> 2,
    body |-> [id |-> 1, tx |-> 1, D0 |-> {}] ],
  [ type |-> 1,
    shardfrom |-> 1,
    from |-> 1,
    shardto |-> 1,
    to |-> 3,
    body |-> [id |-> 2, tx |-> 2, D0 |-> {}] ],
  [ type |-> 2,
    shardfrom |-> 1,
    from |-> 1,
    shardto |-> 1,
    to |-> 1,
    body |-> [id |-> 1, tq |-> [id |-> <<1, 1>>, t |-> 3], Dq |-> {}] ],
  [ type |-> 2,
    shardfrom |-> 1,
    from |-> 3,
    shardto |-> 1,
    to |-> 1,
    body |-> [id |-> 1, tq |-> [id |-> <<1, 1>>, t |-> 1], Dq |-> {}] ],
  [ type |-> 3,
    shardfrom |-> 1,
    from |-> 2,
    shardto |-> 1,
    to |-> 1,
    body |->
        [ b |-> 2,
          id |-> 2,
          tx |-> 2,
          t |-> [id |-> <<1, 1>>, t |-> 2],
          D |-> {1},
          pathSpeed |-> 1 ] ],
  [ type |-> 3,
    shardfrom |-> 1,
    from |-> 2,
    shardto |-> 1,
    to |-> 3,
    body |->
        [ b |-> 2,
          id |-> 2,
          tx |-> 2,
          t |-> [id |-> <<1, 1>>, t |-> 2],
          D |-> {1},
          pathSpeed |-> 1 ] ],
  [ type |-> 3,
    shardfrom |-> 1,
    from |-> 3,
    shardto |-> 1,
    to |-> 1,
    body |->
        [ b |-> 3,
          id |-> 1,
          tx |-> 1,
          t |-> [id |-> <<1, 1>>, t |-> 1],
          D |-> {},
          pathSpeed |-> 1 ] ],
  [ type |-> 3,
    shardfrom |-> 1,
    from |-> 3,
    shardto |-> 1,
    to |-> 2,
    body |->
        [ b |-> 3,
          id |-> 1,
          tx |-> 1,
          t |-> [id |-> <<1, 1>>, t |-> 1],
          D |-> {},
          pathSpeed |-> 1 ] ],
  [ type |-> 4,
    shardfrom |-> 1,
    from |-> 2,
    shardto |-> 1,
    to |-> 2,
    body |-> [b |-> 2, id |-> 2, Dq |-> {1}, pathSpeed |-> 1] ],
  [ type |-> 4,
    shardfrom |-> 1,
    from |-> 3,
    shardto |-> 1,
    to |-> 3,
    body |-> [b |-> 3, id |-> 1, Dq |-> {}, pathSpeed |-> 1] ],
  [ type |-> 5,
    shardfrom |-> 1,
    from |-> 3,
    shardto |-> 1,
    to |-> 1,
    body |->
        [ b |-> 3,
          id |-> 2,
          tx |-> 2,
          t |-> [id |-> <<1, 1>>, t |-> 2],
          D |-> {},
          pathSpeed |-> 1 ] ],
  [ type |-> 5,
    shardfrom |-> 1,
    from |-> 3,
    shardto |-> 1,
    to |-> 2,
    body |->
        [ b |-> 3,
          id |-> 2,
          tx |-> 2,
          t |-> [id |-> <<1, 1>>, t |-> 2],
          D |-> {},
          pathSpeed |-> 1 ] ],
  [ type |-> 6,
    shardfrom |-> 1,
    from |-> 3,
    shardto |-> 1,
    to |-> 3,
    body |-> [b |-> 3, id |-> 2] ],
  [ type |-> 8,
    shardfrom |-> 1,
    from |-> 1,
    shardto |-> 1,
    to |-> 2,
    body |-> [b |-> 1, id |-> 2, tx |-> 2] ],
  [ type |-> 8,
    shardfrom |-> 1,
    from |-> 1,
    shardto |-> 1,
    to |-> 3,
    body |-> [b |-> 1, id |-> 1, tx |-> 1] ],
  [ type |-> 8,
    shardfrom |-> 1,
    from |-> 1,
    shardto |-> 1,
    to |-> 3,
    body |-> [b |-> 1, id |-> 2, tx |-> 2] ],
  [ type |-> 8,
    shardfrom |-> 1,
    from |-> 2,
    shardto |-> 1,
    to |-> 1,
    body |-> [b |-> 2, id |-> 2, tx |-> 2] ],
  [ type |-> 8,
    shardfrom |-> 1,
    from |-> 2,
    shardto |-> 1,
    to |-> 3,
    body |-> [b |-> 2, id |-> 1, tx |-> 0] ],
  [ type |-> 8,
    shardfrom |-> 1,
    from |-> 3,
    shardto |-> 1,
    to |-> 1,
    body |-> [b |-> 3, id |-> 1, tx |-> 1] ],
  [ type |-> 8,
    shardfrom |-> 1,
    from |-> 3,
    shardto |-> 1,
    to |-> 2,
    body |-> [b |-> 3, id |-> 2, tx |-> 0] ],
  [ type |-> 9,
    shardfrom |-> 1,
    from |-> 1,
    shardto |-> 1,
    to |-> 1,
    body |->
        [ b |-> 1,
          id |-> 1,
          tq |-> [id |-> <<1, 1>>, t |-> 3],
          abalq |-> 0,
          txq |-> 1,
          depq |-> {},
          phaseq |-> 2,
          rejectq |-> FALSE,
          Wq |-> {},
          WPq |-> {2} ] ],
  [ type |-> 9,
    shardfrom |-> 1,
    from |-> 1,
    shardto |-> 1,
    to |-> 1,
    body |->
        [ b |-> 1,
          id |-> 2,
          tq |-> [id |-> <<1, 1>>, t |-> 2],
          abalq |-> 0,
          txq |-> 2,
          depq |-> {},
          phaseq |-> 4,
          rejectq |-> FALSE,
          Wq |-> {<<1, 0>>},
          WPq |-> {} ] ],
  [ type |-> 9,
    shardfrom |-> 1,
    from |-> 1,
    shardto |-> 1,
    to |-> 2,
    body |->
        [ b |-> 2,
          id |-> 1,
          tq |-> [id |-> <<1, 1>>, t |-> 3],
          abalq |-> 0,
          txq |-> 1,
          depq |-> {},
          phaseq |-> 2,
          rejectq |-> FALSE,
          Wq |-> {},
          WPq |-> {2} ] ],
  [ type |-> 9,
    shardfrom |-> 1,
    from |-> 2,
    shardto |-> 1,
    to |-> 1,
    body |->
        [ b |-> 1,
          id |-> 1,
          tq |-> [id |-> <<0, 0>>, t |-> 0],
          abalq |-> 0,
          txq |-> 1,
          depq |-> {},
          phaseq |-> 1,
          rejectq |-> FALSE,
          Wq |-> {},
          WPq |-> {2} ] ],
  [ type |-> 9,
    shardfrom |-> 1,
    from |-> 2,
    shardto |-> 1,
    to |-> 2,
    body |->
        [ b |-> 2,
          id |-> 1,
          tq |-> [id |-> <<0, 0>>, t |-> 0],
          abalq |-> 0,
          txq |-> 0,
          depq |-> {},
          phaseq |-> 1,
          rejectq |-> FALSE,
          Wq |-> {},
          WPq |-> {2} ] ],
  [ type |-> 13,
    shardfrom |-> 1,
    from |-> 1,
    shardto |-> 1,
    to |-> 1,
    body |-> [id |-> 2, D |-> {}] ] }
/\ consumedMsgs = { [ type |-> 1,
    shardfrom |-> 1,
    from |-> 1,
    shardto |-> 1,
    to |-> 2,
    body |-> [id |-> 2, tx |-> 2, D0 |-> {}] ],
  [ type |-> 1,
    shardfrom |-> 1,
    from |-> 1,
    shardto |-> 1,
    to |-> 3,
    body |-> [id |-> 1, tx |-> 1, D0 |-> {}] ],
  [ type |-> 2,
    shardfrom |-> 1,
    from |-> 1,
    shardto |-> 1,
    to |-> 1,
    body |-> [id |-> 2, tq |-> [id |-> <<1, 1>>, t |-> 2], Dq |-> {}] ],
  [ type |-> 2,
    shardfrom |-> 1,
    from |-> 2,
    shardto |-> 1,
    to |-> 1,
    body |-> [id |-> 2, tq |-> [id |-> <<1, 1>>, t |-> 2], Dq |-> {}] ],
  [ type |-> 8,
    shardfrom |-> 1,
    from |-> 1,
    shardto |-> 1,
    to |-> 2,
    body |-> [b |-> 1, id |-> 1, tx |-> 1] ],
  [ type |-> 8,
    shardfrom |-> 1,
    from |-> 2,
    shardto |-> 1,
    to |-> 1,
    body |-> [b |-> 2, id |-> 1, tx |-> 0] ],
  [ type |-> 8,
    shardfrom |-> 1,
    from |-> 2,
    shardto |-> 1,
    to |-> 3,
    body |-> [b |-> 2, id |-> 2, tx |-> 2] ],
  [ type |-> 8,
    shardfrom |-> 1,
    from |-> 3,
    shardto |-> 1,
    to |-> 1,
    body |-> [b |-> 3, id |-> 2, tx |-> 0] ],
  [ type |-> 8,
    shardfrom |-> 1,
    from |-> 3,
    shardto |-> 1,
    to |-> 2,
    body |-> [b |-> 3, id |-> 1, tx |-> 1] ],
  [ type |-> 9,
    shardfrom |-> 1,
    from |-> 1,
    shardto |-> 1,
    to |-> 3,
    body |->
        [ b |-> 3,
          id |-> 2,
          tq |-> [id |-> <<1, 1>>, t |-> 2],
          abalq |-> 0,
          txq |-> 2,
          depq |-> {},
          phaseq |-> 4,
          rejectq |-> FALSE,
          Wq |-> {<<1, 0>>},
          WPq |-> {} ] ],
  [ type |-> 9,
    shardfrom |-> 1,
    from |-> 2,
    shardto |-> 1,
    to |-> 2,
    body |->
        [ b |-> 2,
          id |-> 2,
          tq |-> [id |-> <<1, 1>>, t |-> 2],
          abalq |-> 0,
          txq |-> 2,
          depq |-> {1},
          phaseq |-> 2,
          rejectq |-> FALSE,
          Wq |-> {},
          WPq |-> {} ] ],
  [ type |-> 9,
    shardfrom |-> 1,
    from |-> 2,
    shardto |-> 1,
    to |-> 3,
    body |->
        [ b |-> 3,
          id |-> 1,
          tq |-> [id |-> <<0, 0>>, t |-> 0],
          abalq |-> 0,
          txq |-> 1,
          depq |-> {},
          phaseq |-> 1,
          rejectq |-> FALSE,
          Wq |-> {},
          WPq |-> {} ] ],
  [ type |-> 9,
    shardfrom |-> 1,
    from |-> 3,
    shardto |-> 1,
    to |-> 2,
    body |->
        [ b |-> 2,
          id |-> 2,
          tq |-> [id |-> <<0, 0>>, t |-> 0],
          abalq |-> 0,
          txq |-> 2,
          depq |-> {},
          phaseq |-> 1,
          rejectq |-> FALSE,
          Wq |-> {},
          WPq |-> {} ] ],
  [ type |-> 9,
    shardfrom |-> 1,
    from |-> 3,
    shardto |-> 1,
    to |-> 3,
    body |->
        [ b |-> 3,
          id |-> 1,
          tq |-> [id |-> <<1, 1>>, t |-> 1],
          abalq |-> 0,
          txq |-> 1,
          depq |-> {},
          phaseq |-> 2,
          rejectq |-> FALSE,
          Wq |-> {},
          WPq |-> {} ] ],
  [ type |-> 9,
    shardfrom |-> 1,
    from |-> 3,
    shardto |-> 1,
    to |-> 3,
    body |->
        [ b |-> 3,
          id |-> 2,
          tq |-> [id |-> <<0, 0>>, t |-> 0],
          abalq |-> 0,
          txq |-> 0,
          depq |-> {},
          phaseq |-> 1,
          rejectq |-> FALSE,
          Wq |-> {},
          WPq |-> {} ] ] }
/\ Qvar = << << <<{}, {}>>,
      <<{}, {[shard |-> 1, proc |-> 2], [shard |-> 1, proc |-> 3]}>>,
      <<{[shard |-> 1, proc |-> 2], [shard |-> 1, proc |-> 3]}, {}>> >> >>
/\ ts = << << <<[id |-> <<1, 1>>, t |-> 3], [id |-> <<1, 1>>, t |-> 2]>>,
      <<[id |-> <<0, 0>>, t |-> 0], [id |-> <<1, 1>>, t |-> 2]>>,
      <<[id |-> <<1, 1>>, t |-> 1], [id |-> <<1, 1>>, t |-> 2]>> >> >>
/\ executeWaitingFlag = <<<<<<FALSE, FALSE>>, <<FALSE, FALSE>>, <<FALSE, FALSE>>>>>>
/\ TXvar = <<<<<<bottom, bottom>>, <<bottom, 2>>, <<1, bottom>>>>>>
/\ recovered = <<<<<<1, 1>>, <<1, 1>>, <<1, 1>>>>>>
/\ initCoord = <<{[shard |-> 1, proc |-> 1]}, {[shard |-> 1, proc |-> 1]}>>

State 25: <Next line 1059, col 9 to line 1070, col 26 of module AccordSpec>
/\ phase = <<<<<<2, 4>>, <<1, 3>>, <<3, 5>>>>>>
/\ abal = <<<<<<0, 0>>, <<0, 2>>, <<3, 3>>>>>>
/\ initTimestamp = << [id |-> <<1, 1>>, t |-> 1],
   [id |-> <<1, 1>>, t |-> 2],
   [id |-> <<0, 0>>, t |-> 3] >>
/\ bal = <<<<<<2, 3>>, <<3, 3>>, <<3, 3>>>>>>
/\ txn = <<<<<<1, 2>>, <<1, 2>>, <<1, 2>>>>>>
/\ postWaitingFlag = <<<<<<FALSE, FALSE>>, <<FALSE, FALSE>>, <<FALSE, FALSE>>>>>>
/\ relation = <<<<0, 0>>, <<0, 0>>>>
/\ executed = <<<<{}, {}, {}>>>>
/\ Wvar = <<<<<<{}, {}>>, <<{}, {}>>, <<{}, {}>>>>>>
/\ dep = <<<<<<{}, {}>>, <<{}, {1}>>, <<{}, {}>>>>>>
/\ recoveryAttemptBal = <<<<<<0, 0>>, <<0, 2>>, <<3, 0>>>>>>
/\ submitted = {1, 2}
/\ Dvar = <<<<<<{}, {}>>, <<{}, {1}>>, <<{}, {}>>>>>>
/\ msgs = { [ type |-> 1,
    shardfrom |-> 1,
    from |-> 1,
    shardto |-> 1,
    to |-> 2,
    body |-> [id |-> 1, tx |-> 1, D0 |-> {}] ],
  [ type |-> 1,
    shardfrom |-> 1,
    from |-> 1,
    shardto |-> 1,
    to |-> 3,
    body |-> [id |-> 2, tx |-> 2, D0 |-> {}] ],
  [ type |-> 2,
    shardfrom |-> 1,
    from |-> 1,
    shardto |-> 1,
    to |-> 1,
    body |-> [id |-> 1, tq |-> [id |-> <<1, 1>>, t |-> 3], Dq |-> {}] ],
  [ type |-> 2,
    shardfrom |-> 1,
    from |-> 3,
    shardto |-> 1,
    to |-> 1,
    body |-> [id |-> 1, tq |-> [id |-> <<1, 1>>, t |-> 1], Dq |-> {}] ],
  [ type |-> 3,
    shardfrom |-> 1,
    from |-> 2,
    shardto |-> 1,
    to |-> 1,
    body |->
        [ b |-> 2,
          id |-> 2,
          tx |-> 2,
          t |-> [id |-> <<1, 1>>, t |-> 2],
          D |-> {1},
          pathSpeed |-> 1 ] ],
  [ type |-> 3,
    shardfrom |-> 1,
    from |-> 2,
    shardto |-> 1,
    to |-> 3,
    body |->
        [ b |-> 2,
          id |-> 2,
          tx |-> 2,
          t |-> [id |-> <<1, 1>>, t |-> 2],
          D |-> {1},
          pathSpeed |-> 1 ] ],
  [ type |-> 3,
    shardfrom |-> 1,
    from |-> 3,
    shardto |-> 1,
    to |-> 1,
    body |->
        [ b |-> 3,
          id |-> 1,
          tx |-> 1,
          t |-> [id |-> <<1, 1>>, t |-> 1],
          D |-> {},
          pathSpeed |-> 1 ] ],
  [ type |-> 3,
    shardfrom |-> 1,
    from |-> 3,
    shardto |-> 1,
    to |-> 2,
    body |->
        [ b |-> 3,
          id |-> 1,
          tx |-> 1,
          t |-> [id |-> <<1, 1>>, t |-> 1],
          D |-> {},
          pathSpeed |-> 1 ] ],
  [ type |-> 4,
    shardfrom |-> 1,
    from |-> 2,
    shardto |-> 1,
    to |-> 2,
    body |-> [b |-> 2, id |-> 2, Dq |-> {1}, pathSpeed |-> 1] ],
  [ type |-> 4,
    shardfrom |-> 1,
    from |-> 3,
    shardto |-> 1,
    to |-> 3,
    body |-> [b |-> 3, id |-> 1, Dq |-> {}, pathSpeed |-> 1] ],
  [ type |-> 5,
    shardfrom |-> 1,
    from |-> 3,
    shardto |-> 1,
    to |-> 1,
    body |->
        [ b |-> 3,
          id |-> 2,
          tx |-> 2,
          t |-> [id |-> <<1, 1>>, t |-> 2],
          D |-> {},
          pathSpeed |-> 1 ] ],
  [ type |-> 5,
    shardfrom |-> 1,
    from |-> 3,
    shardto |-> 1,
    to |-> 2,
    body |->
        [ b |-> 3,
          id |-> 2,
          tx |-> 2,
          t |-> [id |-> <<1, 1>>, t |-> 2],
          D |-> {},
          pathSpeed |-> 1 ] ],
  [ type |-> 6,
    shardfrom |-> 1,
    from |-> 3,
    shardto |-> 1,
    to |-> 3,
    body |-> [b |-> 3, id |-> 2] ],
  [ type |-> 8,
    shardfrom |-> 1,
    from |-> 1,
    shardto |-> 1,
    to |-> 2,
    body |-> [b |-> 1, id |-> 2, tx |-> 2] ],
  [ type |-> 8,
    shardfrom |-> 1,
    from |-> 1,
    shardto |-> 1,
    to |-> 3,
    body |-> [b |-> 1, id |-> 1, tx |-> 1] ],
  [ type |-> 8,
    shardfrom |-> 1,
    from |-> 1,
    shardto |-> 1,
    to |-> 3,
    body |-> [b |-> 1, id |-> 2, tx |-> 2] ],
  [ type |-> 8,
    shardfrom |-> 1,
    from |-> 2,
    shardto |-> 1,
    to |-> 1,
    body |-> [b |-> 2, id |-> 2, tx |-> 2] ],
  [ type |-> 8,
    shardfrom |-> 1,
    from |-> 2,
    shardto |-> 1,
    to |-> 3,
    body |-> [b |-> 2, id |-> 1, tx |-> 0] ],
  [ type |-> 8,
    shardfrom |-> 1,
    from |-> 3,
    shardto |-> 1,
    to |-> 1,
    body |-> [b |-> 3, id |-> 1, tx |-> 1] ],
  [ type |-> 9,
    shardfrom |-> 1,
    from |-> 1,
    shardto |-> 1,
    to |-> 1,
    body |->
        [ b |-> 1,
          id |-> 1,
          tq |-> [id |-> <<1, 1>>, t |-> 3],
          abalq |-> 0,
          txq |-> 1,
          depq |-> {},
          phaseq |-> 2,
          rejectq |-> FALSE,
          Wq |-> {},
          WPq |-> {2} ] ],
  [ type |-> 9,
    shardfrom |-> 1,
    from |-> 1,
    shardto |-> 1,
    to |-> 1,
    body |->
        [ b |-> 1,
          id |-> 2,
          tq |-> [id |-> <<1, 1>>, t |-> 2],
          abalq |-> 0,
          txq |-> 2,
          depq |-> {},
          phaseq |-> 4,
          rejectq |-> FALSE,
          Wq |-> {<<1, 0>>},
          WPq |-> {} ] ],
  [ type |-> 9,
    shardfrom |-> 1,
    from |-> 1,
    shardto |-> 1,
    to |-> 2,
    body |->
        [ b |-> 2,
          id |-> 1,
          tq |-> [id |-> <<1, 1>>, t |-> 3],
          abalq |-> 0,
          txq |-> 1,
          depq |-> {},
          phaseq |-> 2,
          rejectq |-> FALSE,
          Wq |-> {},
          WPq |-> {2} ] ],
  [ type |-> 9,
    shardfrom |-> 1,
    from |-> 2,
    shardto |-> 1,
    to |-> 1,
    body |->
        [ b |-> 1,
          id |-> 1,
          tq |-> [id |-> <<0, 0>>, t |-> 0],
          abalq |-> 0,
          txq |-> 1,
          depq |-> {},
          phaseq |-> 1,
          rejectq |-> FALSE,
          Wq |-> {},
          WPq |-> {2} ] ],
  [ type |-> 9,
    shardfrom |-> 1,
    from |-> 2,
    shardto |-> 1,
    to |-> 2,
    body |->
        [ b |-> 2,
          id |-> 1,
          tq |-> [id |-> <<0, 0>>, t |-> 0],
          abalq |-> 0,
          txq |-> 0,
          depq |-> {},
          phaseq |-> 1,
          rejectq |-> FALSE,
          Wq |-> {},
          WPq |-> {2} ] ],
  [ type |-> 9,
    shardfrom |-> 1,
    from |-> 2,
    shardto |-> 1,
    to |-> 3,
    body |->
        [ b |-> 3,
          id |-> 2,
          tq |-> [id |-> <<1, 1>>, t |-> 2],
          abalq |-> 2,
          txq |-> 2,
          depq |-> {1},
          phaseq |-> 3,
          rejectq |-> FALSE,
          Wq |-> {},
          WPq |-> {} ] ],
  [ type |-> 13,
    shardfrom |-> 1,
    from |-> 1,
    shardto |-> 1,
    to |-> 1,
    body |-> [id |-> 2, D |-> {}] ] }
/\ consumedMsgs = { [ type |-> 1,
    shardfrom |-> 1,
    from |-> 1,
    shardto |-> 1,
    to |-> 2,
    body |-> [id |-> 2, tx |-> 2, D0 |-> {}] ],
  [ type |-> 1,
    shardfrom |-> 1,
    from |-> 1,
    shardto |-> 1,
    to |-> 3,
    body |-> [id |-> 1, tx |-> 1, D0 |-> {}] ],
  [ type |-> 2,
    shardfrom |-> 1,
    from |-> 1,
    shardto |-> 1,
    to |-> 1,
    body |-> [id |-> 2, tq |-> [id |-> <<1, 1>>, t |-> 2], Dq |-> {}] ],
  [ type |-> 2,
    shardfrom |-> 1,
    from |-> 2,
    shardto |-> 1,
    to |-> 1,
    body |-> [id |-> 2, tq |-> [id |-> <<1, 1>>, t |-> 2], Dq |-> {}] ],
  [ type |-> 8,
    shardfrom |-> 1,
    from |-> 1,
    shardto |-> 1,
    to |-> 2,
    body |-> [b |-> 1, id |-> 1, tx |-> 1] ],
  [ type |-> 8,
    shardfrom |-> 1,
    from |-> 2,
    shardto |-> 1,
    to |-> 1,
    body |-> [b |-> 2, id |-> 1, tx |-> 0] ],
  [ type |-> 8,
    shardfrom |-> 1,
    from |-> 2,
    shardto |-> 1,
    to |-> 3,
    body |-> [b |-> 2, id |-> 2, tx |-> 2] ],
  [ type |-> 8,
    shardfrom |-> 1,
    from |-> 3,
    shardto |-> 1,
    to |-> 1,
    body |-> [b |-> 3, id |-> 2, tx |-> 0] ],
  [ type |-> 8,
    shardfrom |-> 1,
    from |-> 3,
    shardto |-> 1,
    to |-> 2,
    body |-> [b |-> 3, id |-> 1, tx |-> 1] ],
  [ type |-> 8,
    shardfrom |-> 1,
    from |-> 3,
    shardto |-> 1,
    to |-> 2,
    body |-> [b |-> 3, id |-> 2, tx |-> 0] ],
  [ type |-> 9,
    shardfrom |-> 1,
    from |-> 1,
    shardto |-> 1,
    to |-> 3,
    body |->
        [ b |-> 3,
          id |-> 2,
          tq |-> [id |-> <<1, 1>>, t |-> 2],
          abalq |-> 0,
          txq |-> 2,
          depq |-> {},
          phaseq |-> 4,
          rejectq |-> FALSE,
          Wq |-> {<<1, 0>>},
          WPq |-> {} ] ],
  [ type |-> 9,
    shardfrom |-> 1,
    from |-> 2,
    shardto |-> 1,
    to |-> 2,
    body |->
        [ b |-> 2,
          id |-> 2,
          tq |-> [id |-> <<1, 1>>, t |-> 2],
          abalq |-> 0,
          txq |-> 2,
          depq |-> {1},
          phaseq |-> 2,
          rejectq |-> FALSE,
          Wq |-> {},
          WPq |-> {} ] ],
  [ type |-> 9,
    shardfrom |-> 1,
    from |-> 2,
    shardto |-> 1,
    to |-> 3,
    body |->
        [ b |-> 3,
          id |-> 1,
          tq |-> [id |-> <<0, 0>>, t |-> 0],
          abalq |-> 0,
          txq |-> 1,
          depq |-> {},
          phaseq |-> 1,
          rejectq |-> FALSE,
          Wq |-> {},
          WPq |-> {} ] ],
  [ type |-> 9,
    shardfrom |-> 1,
    from |-> 3,
    shardto |-> 1,
    to |-> 2,
    body |->
        [ b |-> 2,
          id |-> 2,
          tq |-> [id |-> <<0, 0>>, t |-> 0],
          abalq |-> 0,
          txq |-> 2,
          depq |-> {},
          phaseq |-> 1,
          rejectq |-> FALSE,
          Wq |-> {},
          WPq |-> {} ] ],
  [ type |-> 9,
    shardfrom |-> 1,
    from |-> 3,
    shardto |-> 1,
    to |-> 3,
    body |->
        [ b |-> 3,
          id |-> 1,
          tq |-> [id |-> <<1, 1>>, t |-> 1],
          abalq |-> 0,
          txq |-> 1,
          depq |-> {},
          phaseq |-> 2,
          rejectq |-> FALSE,
          Wq |-> {},
          WPq |-> {} ] ],
  [ type |-> 9,
    shardfrom |-> 1,
    from |-> 3,
    shardto |-> 1,
    to |-> 3,
    body |->
        [ b |-> 3,
          id |-> 2,
          tq |-> [id |-> <<0, 0>>, t |-> 0],
          abalq |-> 0,
          txq |-> 0,
          depq |-> {},
          phaseq |-> 1,
          rejectq |-> FALSE,
          Wq |-> {},
          WPq |-> {} ] ] }
/\ Qvar = << << <<{}, {}>>,
      <<{}, {[shard |-> 1, proc |-> 2], [shard |-> 1, proc |-> 3]}>>,
      <<{[shard |-> 1, proc |-> 2], [shard |-> 1, proc |-> 3]}, {}>> >> >>
/\ ts = << << <<[id |-> <<1, 1>>, t |-> 3], [id |-> <<1, 1>>, t |-> 2]>>,
      <<[id |-> <<0, 0>>, t |-> 0], [id |-> <<1, 1>>, t |-> 2]>>,
      <<[id |-> <<1, 1>>, t |-> 1], [id |-> <<1, 1>>, t |-> 2]>> >> >>
/\ executeWaitingFlag = <<<<<<FALSE, FALSE>>, <<FALSE, FALSE>>, <<FALSE, FALSE>>>>>>
/\ TXvar = <<<<<<bottom, bottom>>, <<bottom, 2>>, <<1, bottom>>>>>>
/\ recovered = <<<<<<1, 1>>, <<1, 1>>, <<1, 1>>>>>>
/\ initCoord = <<{[shard |-> 1, proc |-> 1]}, {[shard |-> 1, proc |-> 1]}>>

State 26: <Next line 1059, col 9 to line 1070, col 26 of module AccordSpec>
/\ phase = <<<<<<2, 5>>, <<1, 3>>, <<3, 5>>>>>>
/\ abal = <<<<<<0, 3>>, <<0, 2>>, <<3, 3>>>>>>
/\ initTimestamp = << [id |-> <<1, 1>>, t |-> 1],
   [id |-> <<1, 1>>, t |-> 2],
   [id |-> <<0, 0>>, t |-> 3] >>
/\ bal = <<<<<<2, 3>>, <<3, 3>>, <<3, 3>>>>>>
/\ txn = <<<<<<1, 2>>, <<1, 2>>, <<1, 2>>>>>>
/\ postWaitingFlag = <<<<<<FALSE, FALSE>>, <<FALSE, FALSE>>, <<FALSE, FALSE>>>>>>
/\ relation = <<<<0, 0>>, <<0, 0>>>>
/\ executed = <<<<{}, {}, {}>>>>
/\ Wvar = <<<<<<{}, {}>>, <<{}, {}>>, <<{}, {}>>>>>>
/\ dep = <<<<<<{}, {}>>, <<{}, {1}>>, <<{}, {}>>>>>>
/\ recoveryAttemptBal = <<<<<<0, 0>>, <<0, 2>>, <<3, 0>>>>>>
/\ submitted = {1, 2}
/\ Dvar = <<<<<<{}, {}>>, <<{}, {1}>>, <<{}, {}>>>>>>
/\ msgs = { [ type |-> 1,
    shardfrom |-> 1,
    from |-> 1,
    shardto |-> 1,
    to |-> 2,
    body |-> [id |-> 1, tx |-> 1, D0 |-> {}] ],
  [ type |-> 1,
    shardfrom |-> 1,
    from |-> 1,
    shardto |-> 1,
    to |-> 3,
    body |-> [id |-> 2, tx |-> 2, D0 |-> {}] ],
  [ type |-> 2,
    shardfrom |-> 1,
    from |-> 1,
    shardto |-> 1,
    to |-> 1,
    body |-> [id |-> 1, tq |-> [id |-> <<1, 1>>, t |-> 3], Dq |-> {}] ],
  [ type |-> 2,
    shardfrom |-> 1,
    from |-> 3,
    shardto |-> 1,
    to |-> 1,
    body |-> [id |-> 1, tq |-> [id |-> <<1, 1>>, t |-> 1], Dq |-> {}] ],
  [ type |-> 3,
    shardfrom |-> 1,
    from |-> 2,
    shardto |-> 1,
    to |-> 1,
    body |->
        [ b |-> 2,
          id |-> 2,
          tx |-> 2,
          t |-> [id |-> <<1, 1>>, t |-> 2],
          D |-> {1},
          pathSpeed |-> 1 ] ],
  [ type |-> 3,
    shardfrom |-> 1,
    from |-> 2,
    shardto |-> 1,
    to |-> 3,
    body |->
        [ b |-> 2,
          id |-> 2,
          tx |-> 2,
          t |-> [id |-> <<1, 1>>, t |-> 2],
          D |-> {1},
          pathSpeed |-> 1 ] ],
  [ type |-> 3,
    shardfrom |-> 1,
    from |-> 3,
    shardto |-> 1,
    to |-> 1,
    body |->
        [ b |-> 3,
          id |-> 1,
          tx |-> 1,
          t |-> [id |-> <<1, 1>>, t |-> 1],
          D |-> {},
          pathSpeed |-> 1 ] ],
  [ type |-> 3,
    shardfrom |-> 1,
    from |-> 3,
    shardto |-> 1,
    to |-> 2,
    body |->
        [ b |-> 3,
          id |-> 1,
          tx |-> 1,
          t |-> [id |-> <<1, 1>>, t |-> 1],
          D |-> {},
          pathSpeed |-> 1 ] ],
  [ type |-> 4,
    shardfrom |-> 1,
    from |-> 2,
    shardto |-> 1,
    to |-> 2,
    body |-> [b |-> 2, id |-> 2, Dq |-> {1}, pathSpeed |-> 1] ],
  [ type |-> 4,
    shardfrom |-> 1,
    from |-> 3,
    shardto |-> 1,
    to |-> 3,
    body |-> [b |-> 3, id |-> 1, Dq |-> {}, pathSpeed |-> 1] ],
  [ type |-> 5,
    shardfrom |-> 1,
    from |-> 3,
    shardto |-> 1,
    to |-> 2,
    body |->
        [ b |-> 3,
          id |-> 2,
          tx |-> 2,
          t |-> [id |-> <<1, 1>>, t |-> 2],
          D |-> {},
          pathSpeed |-> 1 ] ],
  [ type |-> 6,
    shardfrom |-> 1,
    from |-> 1,
    shardto |-> 1,
    to |-> 3,
    body |-> [b |-> 3, id |-> 2] ],
  [ type |-> 6,
    shardfrom |-> 1,
    from |-> 3,
    shardto |-> 1,
    to |-> 3,
    body |-> [b |-> 3, id |-> 2] ],
  [ type |-> 8,
    shardfrom |-> 1,
    from |-> 1,
    shardto |-> 1,
    to |-> 2,
    body |-> [b |-> 1, id |-> 2, tx |-> 2] ],
  [ type |-> 8,
    shardfrom |-> 1,
    from |-> 1,
    shardto |-> 1,
    to |-> 3,
    body |-> [b |-> 1, id |-> 1, tx |-> 1] ],
  [ type |-> 8,
    shardfrom |-> 1,
    from |-> 1,
    shardto |-> 1,
    to |-> 3,
    body |-> [b |-> 1, id |-> 2, tx |-> 2] ],
  [ type |-> 8,
    shardfrom |-> 1,
    from |-> 2,
    shardto |-> 1,
    to |-> 1,
    body |-> [b |-> 2, id |-> 2, tx |-> 2] ],
  [ type |-> 8,
    shardfrom |-> 1,
    from |-> 2,
    shardto |-> 1,
    to |-> 3,
    body |-> [b |-> 2, id |-> 1, tx |-> 0] ],
  [ type |-> 8,
    shardfrom |-> 1,
    from |-> 3,
    shardto |-> 1,
    to |-> 1,
    body |-> [b |-> 3, id |-> 1, tx |-> 1] ],
  [ type |-> 9,
    shardfrom |-> 1,
    from |-> 1,
    shardto |-> 1,
    to |-> 1,
    body |->
        [ b |-> 1,
          id |-> 1,
          tq |-> [id |-> <<1, 1>>, t |-> 3],
          abalq |-> 0,
          txq |-> 1,
          depq |-> {},
          phaseq |-> 2,
          rejectq |-> FALSE,
          Wq |-> {},
          WPq |-> {2} ] ],
  [ type |-> 9,
    shardfrom |-> 1,
    from |-> 1,
    shardto |-> 1,
    to |-> 1,
    body |->
        [ b |-> 1,
          id |-> 2,
          tq |-> [id |-> <<1, 1>>, t |-> 2],
          abalq |-> 0,
          txq |-> 2,
          depq |-> {},
          phaseq |-> 4,
          rejectq |-> FALSE,
          Wq |-> {<<1, 0>>},
          WPq |-> {} ] ],
  [ type |-> 9,
    shardfrom |-> 1,
    from |-> 1,
    shardto |-> 1,
    to |-> 2,
    body |->
        [ b |-> 2,
          id |-> 1,
          tq |-> [id |-> <<1, 1>>, t |-> 3],
          abalq |-> 0,
          txq |-> 1,
          depq |-> {},
          phaseq |-> 2,
          rejectq |-> FALSE,
          Wq |-> {},
          WPq |-> {2} ] ],
  [ type |-> 9,
    shardfrom |-> 1,
    from |-> 2,
    shardto |-> 1,
    to |-> 1,
    body |->
        [ b |-> 1,
          id |-> 1,
          tq |-> [id |-> <<0, 0>>, t |-> 0],
          abalq |-> 0,
          txq |-> 1,
          depq |-> {},
          phaseq |-> 1,
          rejectq |-> FALSE,
          Wq |-> {},
          WPq |-> {2} ] ],
  [ type |-> 9,
    shardfrom |-> 1,
    from |-> 2,
    shardto |-> 1,
    to |-> 2,
    body |->
        [ b |-> 2,
          id |-> 1,
          tq |-> [id |-> <<0, 0>>, t |-> 0],
          abalq |-> 0,
          txq |-> 0,
          depq |-> {},
          phaseq |-> 1,
          rejectq |-> FALSE,
          Wq |-> {},
          WPq |-> {2} ] ],
  [ type |-> 9,
    shardfrom |-> 1,
    from |-> 2,
    shardto |-> 1,
    to |-> 3,
    body |->
        [ b |-> 3,
          id |-> 2,
          tq |-> [id |-> <<1, 1>>, t |-> 2],
          abalq |-> 2,
          txq |-> 2,
          depq |-> {1},
          phaseq |-> 3,
          rejectq |-> FALSE,
          Wq |-> {},
          WPq |-> {} ] ],
  [ type |-> 13,
    shardfrom |-> 1,
    from |-> 1,
    shardto |-> 1,
    to |-> 1,
    body |-> [id |-> 2, D |-> {}] ] }
/\ consumedMsgs = { [ type |-> 1,
    shardfrom |-> 1,
    from |-> 1,
    shardto |-> 1,
    to |-> 2,
    body |-> [id |-> 2, tx |-> 2, D0 |-> {}] ],
  [ type |-> 1,
    shardfrom |-> 1,
    from |-> 1,
    shardto |-> 1,
    to |-> 3,
    body |-> [id |-> 1, tx |-> 1, D0 |-> {}] ],
  [ type |-> 2,
    shardfrom |-> 1,
    from |-> 1,
    shardto |-> 1,
    to |-> 1,
    body |-> [id |-> 2, tq |-> [id |-> <<1, 1>>, t |-> 2], Dq |-> {}] ],
  [ type |-> 2,
    shardfrom |-> 1,
    from |-> 2,
    shardto |-> 1,
    to |-> 1,
    body |-> [id |-> 2, tq |-> [id |-> <<1, 1>>, t |-> 2], Dq |-> {}] ],
  [ type |-> 5,
    shardfrom |-> 1,
    from |-> 3,
    shardto |-> 1,
    to |-> 1,
    body |->
        [ b |-> 3,
          id |-> 2,
          tx |-> 2,
          t |-> [id |-> <<1, 1>>, t |-> 2],
          D |-> {},
          pathSpeed |-> 1 ] ],
  [ type |-> 8,
    shardfrom |-> 1,
    from |-> 1,
    shardto |-> 1,
    to |-> 2,
    body |-> [b |-> 1, id |-> 1, tx |-> 1] ],
  [ type |-> 8,
    shardfrom |-> 1,
    from |-> 2,
    shardto |-> 1,
    to |-> 1,
    body |-> [b |-> 2, id |-> 1, tx |-> 0] ],
  [ type |-> 8,
    shardfrom |-> 1,
    from |-> 2,
    shardto |-> 1,
    to |-> 3,
    body |-> [b |-> 2, id |-> 2, tx |-> 2] ],
  [ type |-> 8,
    shardfrom |-> 1,
    from |-> 3,
    shardto |-> 1,
    to |-> 1,
    body |-> [b |-> 3, id |-> 2, tx |-> 0] ],
  [ type |-> 8,
    shardfrom |-> 1,
    from |-> 3,
    shardto |-> 1,
    to |-> 2,
    body |-> [b |-> 3, id |-> 1, tx |-> 1] ],
  [ type |-> 8,
    shardfrom |-> 1,
    from |-> 3,
    shardto |-> 1,
    to |-> 2,
    body |-> [b |-> 3, id |-> 2, tx |-> 0] ],
  [ type |-> 9,
    shardfrom |-> 1,
    from |-> 1,
    shardto |-> 1,
    to |-> 3,
    body |->
        [ b |-> 3,
          id |-> 2,
          tq |-> [id |-> <<1, 1>>, t |-> 2],
          abalq |-> 0,
          txq |-> 2,
          depq |-> {},
          phaseq |-> 4,
          rejectq |-> FALSE,
          Wq |-> {<<1, 0>>},
          WPq |-> {} ] ],
  [ type |-> 9,
    shardfrom |-> 1,
    from |-> 2,
    shardto |-> 1,
    to |-> 2,
    body |->
        [ b |-> 2,
          id |-> 2,
          tq |-> [id |-> <<1, 1>>, t |-> 2],
          abalq |-> 0,
          txq |-> 2,
          depq |-> {1},
          phaseq |-> 2,
          rejectq |-> FALSE,
          Wq |-> {},
          WPq |-> {} ] ],
  [ type |-> 9,
    shardfrom |-> 1,
    from |-> 2,
    shardto |-> 1,
    to |-> 3,
    body |->
        [ b |-> 3,
          id |-> 1,
          tq |-> [id |-> <<0, 0>>, t |-> 0],
          abalq |-> 0,
          txq |-> 1,
          depq |-> {},
          phaseq |-> 1,
          rejectq |-> FALSE,
          Wq |-> {},
          WPq |-> {} ] ],
  [ type |-> 9,
    shardfrom |-> 1,
    from |-> 3,
    shardto |-> 1,
    to |-> 2,
    body |->
        [ b |-> 2,
          id |-> 2,
          tq |-> [id |-> <<0, 0>>, t |-> 0],
          abalq |-> 0,
          txq |-> 2,
          depq |-> {},
          phaseq |-> 1,
          rejectq |-> FALSE,
          Wq |-> {},
          WPq |-> {} ] ],
  [ type |-> 9,
    shardfrom |-> 1,
    from |-> 3,
    shardto |-> 1,
    to |-> 3,
    body |->
        [ b |-> 3,
          id |-> 1,
          tq |-> [id |-> <<1, 1>>, t |-> 1],
          abalq |-> 0,
          txq |-> 1,
          depq |-> {},
          phaseq |-> 2,
          rejectq |-> FALSE,
          Wq |-> {},
          WPq |-> {} ] ],
  [ type |-> 9,
    shardfrom |-> 1,
    from |-> 3,
    shardto |-> 1,
    to |-> 3,
    body |->
        [ b |-> 3,
          id |-> 2,
          tq |-> [id |-> <<0, 0>>, t |-> 0],
          abalq |-> 0,
          txq |-> 0,
          depq |-> {},
          phaseq |-> 1,
          rejectq |-> FALSE,
          Wq |-> {},
          WPq |-> {} ] ] }
/\ Qvar = << << <<{}, {}>>,
      <<{}, {[shard |-> 1, proc |-> 2], [shard |-> 1, proc |-> 3]}>>,
      <<{[shard |-> 1, proc |-> 2], [shard |-> 1, proc |-> 3]}, {}>> >> >>
/\ ts = << << <<[id |-> <<1, 1>>, t |-> 3], [id |-> <<1, 1>>, t |-> 2]>>,
      <<[id |-> <<0, 0>>, t |-> 0], [id |-> <<1, 1>>, t |-> 2]>>,
      <<[id |-> <<1, 1>>, t |-> 1], [id |-> <<1, 1>>, t |-> 2]>> >> >>
/\ executeWaitingFlag = <<<<<<FALSE, FALSE>>, <<FALSE, FALSE>>, <<FALSE, FALSE>>>>>>
/\ TXvar = <<<<<<bottom, bottom>>, <<bottom, 2>>, <<1, bottom>>>>>>
/\ recovered = <<<<<<1, 1>>, <<1, 1>>, <<1, 1>>>>>>
/\ initCoord = <<{[shard |-> 1, proc |-> 1]}, {[shard |-> 1, proc |-> 1]}>>

State 27: <Next line 1059, col 9 to line 1070, col 26 of module AccordSpec>
/\ phase = <<<<<<2, 5>>, <<1, 3>>, <<3, 5>>>>>>
/\ abal = <<<<<<0, 3>>, <<0, 2>>, <<3, 3>>>>>>
/\ initTimestamp = << [id |-> <<1, 1>>, t |-> 1],
   [id |-> <<1, 1>>, t |-> 2],
   [id |-> <<0, 0>>, t |-> 3] >>
/\ bal = <<<<<<3, 3>>, <<3, 3>>, <<3, 3>>>>>>
/\ txn = <<<<<<1, 2>>, <<1, 2>>, <<1, 2>>>>>>
/\ postWaitingFlag = <<<<<<FALSE, FALSE>>, <<FALSE, FALSE>>, <<FALSE, FALSE>>>>>>
/\ relation = <<<<0, 0>>, <<0, 0>>>>
/\ executed = <<<<{}, {}, {}>>>>
/\ Wvar = <<<<<<{}, {}>>, <<{}, {}>>, <<{}, {}>>>>>>
/\ dep = <<<<<<{}, {}>>, <<{}, {1}>>, <<{}, {}>>>>>>
/\ recoveryAttemptBal = <<<<<<0, 0>>, <<0, 2>>, <<3, 0>>>>>>
/\ submitted = {1, 2}
/\ Dvar = <<<<<<{}, {}>>, <<{}, {1}>>, <<{}, {}>>>>>>
/\ msgs = { [ type |-> 1,
    shardfrom |-> 1,
    from |-> 1,
    shardto |-> 1,
    to |-> 2,
    body |-> [id |-> 1, tx |-> 1, D0 |-> {}] ],
  [ type |-> 1,
    shardfrom |-> 1,
    from |-> 1,
    shardto |-> 1,
    to |-> 3,
    body |-> [id |-> 2, tx |-> 2, D0 |-> {}] ],
  [ type |-> 2,
    shardfrom |-> 1,
    from |-> 1,
    shardto |-> 1,
    to |-> 1,
    body |-> [id |-> 1, tq |-> [id |-> <<1, 1>>, t |-> 3], Dq |-> {}] ],
  [ type |-> 2,
    shardfrom |-> 1,
    from |-> 3,
    shardto |-> 1,
    to |-> 1,
    body |-> [id |-> 1, tq |-> [id |-> <<1, 1>>, t |-> 1], Dq |-> {}] ],
  [ type |-> 3,
    shardfrom |-> 1,
    from |-> 2,
    shardto |-> 1,
    to |-> 1,
    body |->
        [ b |-> 2,
          id |-> 2,
          tx |-> 2,
          t |-> [id |-> <<1, 1>>, t |-> 2],
          D |-> {1},
          pathSpeed |-> 1 ] ],
  [ type |-> 3,
    shardfrom |-> 1,
    from |-> 2,
    shardto |-> 1,
    to |-> 3,
    body |->
        [ b |-> 2,
          id |-> 2,
          tx |-> 2,
          t |-> [id |-> <<1, 1>>, t |-> 2],
          D |-> {1},
          pathSpeed |-> 1 ] ],
  [ type |-> 3,
    shardfrom |-> 1,
    from |-> 3,
    shardto |-> 1,
    to |-> 1,
    body |->
        [ b |-> 3,
          id |-> 1,
          tx |-> 1,
          t |-> [id |-> <<1, 1>>, t |-> 1],
          D |-> {},
          pathSpeed |-> 1 ] ],
  [ type |-> 3,
    shardfrom |-> 1,
    from |-> 3,
    shardto |-> 1,
    to |-> 2,
    body |->
        [ b |-> 3,
          id |-> 1,
          tx |-> 1,
          t |-> [id |-> <<1, 1>>, t |-> 1],
          D |-> {},
          pathSpeed |-> 1 ] ],
  [ type |-> 4,
    shardfrom |-> 1,
    from |-> 2,
    shardto |-> 1,
    to |-> 2,
    body |-> [b |-> 2, id |-> 2, Dq |-> {1}, pathSpeed |-> 1] ],
  [ type |-> 4,
    shardfrom |-> 1,
    from |-> 3,
    shardto |-> 1,
    to |-> 3,
    body |-> [b |-> 3, id |-> 1, Dq |-> {}, pathSpeed |-> 1] ],
  [ type |-> 5,
    shardfrom |-> 1,
    from |-> 3,
    shardto |-> 1,
    to |-> 2,
    body |->
        [ b |-> 3,
          id |-> 2,
          tx |-> 2,
          t |-> [id |-> <<1, 1>>, t |-> 2],
          D |-> {},
          pathSpeed |-> 1 ] ],
  [ type |-> 6,
    shardfrom |-> 1,
    from |-> 1,
    shardto |-> 1,
    to |-> 3,
    body |-> [b |-> 3, id |-> 2] ],
  [ type |-> 6,
    shardfrom |-> 1,
    from |-> 3,
    shardto |-> 1,
    to |-> 3,
    body |-> [b |-> 3, id |-> 2] ],
  [ type |-> 8,
    shardfrom |-> 1,
    from |-> 1,
    shardto |-> 1,
    to |-> 2,
    body |-> [b |-> 1, id |-> 2, tx |-> 2] ],
  [ type |-> 8,
    shardfrom |-> 1,
    from |-> 1,
    shardto |-> 1,
    to |-> 3,
    body |-> [b |-> 1, id |-> 1, tx |-> 1] ],
  [ type |-> 8,
    shardfrom |-> 1,
    from |-> 1,
    shardto |-> 1,
    to |-> 3,
    body |-> [b |-> 1, id |-> 2, tx |-> 2] ],
  [ type |-> 8,
    shardfrom |-> 1,
    from |-> 2,
    shardto |-> 1,
    to |-> 1,
    body |-> [b |-> 2, id |-> 2, tx |-> 2] ],
  [ type |-> 8,
    shardfrom |-> 1,
    from |-> 2,
    shardto |-> 1,
    to |-> 3,
    body |-> [b |-> 2, id |-> 1, tx |-> 0] ],
  [ type |-> 9,
    shardfrom |-> 1,
    from |-> 1,
    shardto |-> 1,
    to |-> 1,
    body |->
        [ b |-> 1,
          id |-> 1,
          tq |-> [id |-> <<1, 1>>, t |-> 3],
          abalq |-> 0,
          txq |-> 1,
          depq |-> {},
          phaseq |-> 2,
          rejectq |-> FALSE,
          Wq |-> {},
          WPq |-> {2} ] ],
  [ type |-> 9,
    shardfrom |-> 1,
    from |-> 1,
    shardto |-> 1,
    to |-> 1,
    body |->
        [ b |-> 1,
          id |-> 2,
          tq |-> [id |-> <<1, 1>>, t |-> 2],
          abalq |-> 0,
          txq |-> 2,
          depq |-> {},
          phaseq |-> 4,
          rejectq |-> FALSE,
          Wq |-> {<<1, 0>>},
          WPq |-> {} ] ],
  [ type |-> 9,
    shardfrom |-> 1,
    from |-> 1,
    shardto |-> 1,
    to |-> 2,
    body |->
        [ b |-> 2,
          id |-> 1,
          tq |-> [id |-> <<1, 1>>, t |-> 3],
          abalq |-> 0,
          txq |-> 1,
          depq |-> {},
          phaseq |-> 2,
          rejectq |-> FALSE,
          Wq |-> {},
          WPq |-> {2} ] ],
  [ type |-> 9,
    shardfrom |-> 1,
    from |-> 1,
    shardto |-> 1,
    to |-> 3,
    body |->
        [ b |-> 3,
          id |-> 1,
          tq |-> [id |-> <<1, 1>>, t |-> 3],
          abalq |-> 0,
          txq |-> 1,
          depq |-> {},
          phaseq |-> 2,
          rejectq |-> TRUE,
          Wq |-> {},
          WPq |-> {} ] ],
  [ type |-> 9,
    shardfrom |-> 1,
    from |-> 2,
    shardto |-> 1,
    to |-> 1,
    body |->
        [ b |-> 1,
          id |-> 1,
          tq |-> [id |-> <<0, 0>>, t |-> 0],
          abalq |-> 0,
          txq |-> 1,
          depq |-> {},
          phaseq |-> 1,
          rejectq |-> FALSE,
          Wq |-> {},
          WPq |-> {2} ] ],
  [ type |-> 9,
    shardfrom |-> 1,
    from |-> 2,
    shardto |-> 1,
    to |-> 2,
    body |->
        [ b |-> 2,
          id |-> 1,
          tq |-> [id |-> <<0, 0>>, t |-> 0],
          abalq |-> 0,
          txq |-> 0,
          depq |-> {},
          phaseq |-> 1,
          rejectq |-> FALSE,
          Wq |-> {},
          WPq |-> {2} ] ],
  [ type |-> 9,
    shardfrom |-> 1,
    from |-> 2,
    shardto |-> 1,
    to |-> 3,
    body |->
        [ b |-> 3,
          id |-> 2,
          tq |-> [id |-> <<1, 1>>, t |-> 2],
          abalq |-> 2,
          txq |-> 2,
          depq |-> {1},
          phaseq |-> 3,
          rejectq |-> FALSE,
          Wq |-> {},
          WPq |-> {} ] ],
  [ type |-> 13,
    shardfrom |-> 1,
    from |-> 1,
    shardto |-> 1,
    to |-> 1,
    body |-> [id |-> 2, D |-> {}] ] }
/\ consumedMsgs = { [ type |-> 1,
    shardfrom |-> 1,
    from |-> 1,
    shardto |-> 1,
    to |-> 2,
    body |-> [id |-> 2, tx |-> 2, D0 |-> {}] ],
  [ type |-> 1,
    shardfrom |-> 1,
    from |-> 1,
    shardto |-> 1,
    to |-> 3,
    body |-> [id |-> 1, tx |-> 1, D0 |-> {}] ],
  [ type |-> 2,
    shardfrom |-> 1,
    from |-> 1,
    shardto |-> 1,
    to |-> 1,
    body |-> [id |-> 2, tq |-> [id |-> <<1, 1>>, t |-> 2], Dq |-> {}] ],
  [ type |-> 2,
    shardfrom |-> 1,
    from |-> 2,
    shardto |-> 1,
    to |-> 1,
    body |-> [id |-> 2, tq |-> [id |-> <<1, 1>>, t |-> 2], Dq |-> {}] ],
  [ type |-> 5,
    shardfrom |-> 1,
    from |-> 3,
    shardto |-> 1,
    to |-> 1,
    body |->
        [ b |-> 3,
          id |-> 2,
          tx |-> 2,
          t |-> [id |-> <<1, 1>>, t |-> 2],
          D |-> {},
          pathSpeed |-> 1 ] ],
  [ type |-> 8,
    shardfrom |-> 1,
    from |-> 1,
    shardto |-> 1,
    to |-> 2,
    body |-> [b |-> 1, id |-> 1, tx |-> 1] ],
  [ type |-> 8,
    shardfrom |-> 1,
    from |-> 2,
    shardto |-> 1,
    to |-> 1,
    body |-> [b |-> 2, id |-> 1, tx |-> 0] ],
  [ type |-> 8,
    shardfrom |-> 1,
    from |-> 2,
    shardto |-> 1,
    to |-> 3,
    body |-> [b |-> 2, id |-> 2, tx |-> 2] ],
  [ type |-> 8,
    shardfrom |-> 1,
    from |-> 3,
    shardto |-> 1,
    to |-> 1,
    body |-> [b |-> 3, id |-> 1, tx |-> 1] ],
  [ type |-> 8,
    shardfrom |-> 1,
    from |-> 3,
    shardto |-> 1,
    to |-> 1,
    body |-> [b |-> 3, id |-> 2, tx |-> 0] ],
  [ type |-> 8,
    shardfrom |-> 1,
    from |-> 3,
    shardto |-> 1,
    to |-> 2,
    body |-> [b |-> 3, id |-> 1, tx |-> 1] ],
  [ type |-> 8,
    shardfrom |-> 1,
    from |-> 3,
    shardto |-> 1,
    to |-> 2,
    body |-> [b |-> 3, id |-> 2, tx |-> 0] ],
  [ type |-> 9,
    shardfrom |-> 1,
    from |-> 1,
    shardto |-> 1,
    to |-> 3,
    body |->
        [ b |-> 3,
          id |-> 2,
          tq |-> [id |-> <<1, 1>>, t |-> 2],
          abalq |-> 0,
          txq |-> 2,
          depq |-> {},
          phaseq |-> 4,
          rejectq |-> FALSE,
          Wq |-> {<<1, 0>>},
          WPq |-> {} ] ],
  [ type |-> 9,
    shardfrom |-> 1,
    from |-> 2,
    shardto |-> 1,
    to |-> 2,
    body |->
        [ b |-> 2,
          id |-> 2,
          tq |-> [id |-> <<1, 1>>, t |-> 2],
          abalq |-> 0,
          txq |-> 2,
          depq |-> {1},
          phaseq |-> 2,
          rejectq |-> FALSE,
          Wq |-> {},
          WPq |-> {} ] ],
  [ type |-> 9,
    shardfrom |-> 1,
    from |-> 2,
    shardto |-> 1,
    to |-> 3,
    body |->
        [ b |-> 3,
          id |-> 1,
          tq |-> [id |-> <<0, 0>>, t |-> 0],
          abalq |-> 0,
          txq |-> 1,
          depq |-> {},
          phaseq |-> 1,
          rejectq |-> FALSE,
          Wq |-> {},
          WPq |-> {} ] ],
  [ type |-> 9,
    shardfrom |-> 1,
    from |-> 3,
    shardto |-> 1,
    to |-> 2,
    body |->
        [ b |-> 2,
          id |-> 2,
          tq |-> [id |-> <<0, 0>>, t |-> 0],
          abalq |-> 0,
          txq |-> 2,
          depq |-> {},
          phaseq |-> 1,
          rejectq |-> FALSE,
          Wq |-> {},
          WPq |-> {} ] ],
  [ type |-> 9,
    shardfrom |-> 1,
    from |-> 3,
    shardto |-> 1,
    to |-> 3,
    body |->
        [ b |-> 3,
          id |-> 1,
          tq |-> [id |-> <<1, 1>>, t |-> 1],
          abalq |-> 0,
          txq |-> 1,
          depq |-> {},
          phaseq |-> 2,
          rejectq |-> FALSE,
          Wq |-> {},
          WPq |-> {} ] ],
  [ type |-> 9,
    shardfrom |-> 1,
    from |-> 3,
    shardto |-> 1,
    to |-> 3,
    body |->
        [ b |-> 3,
          id |-> 2,
          tq |-> [id |-> <<0, 0>>, t |-> 0],
          abalq |-> 0,
          txq |-> 0,
          depq |-> {},
          phaseq |-> 1,
          rejectq |-> FALSE,
          Wq |-> {},
          WPq |-> {} ] ] }
/\ Qvar = << << <<{}, {}>>,
      <<{}, {[shard |-> 1, proc |-> 2], [shard |-> 1, proc |-> 3]}>>,
      <<{[shard |-> 1, proc |-> 2], [shard |-> 1, proc |-> 3]}, {}>> >> >>
/\ ts = << << <<[id |-> <<1, 1>>, t |-> 3], [id |-> <<1, 1>>, t |-> 2]>>,
      <<[id |-> <<0, 0>>, t |-> 0], [id |-> <<1, 1>>, t |-> 2]>>,
      <<[id |-> <<1, 1>>, t |-> 1], [id |-> <<1, 1>>, t |-> 2]>> >> >>
/\ executeWaitingFlag = <<<<<<FALSE, FALSE>>, <<FALSE, FALSE>>, <<FALSE, FALSE>>>>>>
/\ TXvar = <<<<<<bottom, bottom>>, <<bottom, 2>>, <<1, bottom>>>>>>
/\ recovered = <<<<<<1, 1>>, <<1, 1>>, <<1, 1>>>>>>
/\ initCoord = <<{[shard |-> 1, proc |-> 1]}, {[shard |-> 1, proc |-> 1]}>>

State 28: <Next line 1059, col 9 to line 1070, col 26 of module AccordSpec>
/\ phase = <<<<<<2, 5>>, <<1, 5>>, <<3, 5>>>>>>
/\ abal = <<<<<<0, 3>>, <<0, 3>>, <<3, 3>>>>>>
/\ initTimestamp = << [id |-> <<1, 1>>, t |-> 1],
   [id |-> <<1, 1>>, t |-> 2],
   [id |-> <<0, 0>>, t |-> 3] >>
/\ bal = <<<<<<3, 3>>, <<3, 3>>, <<3, 3>>>>>>
/\ txn = <<<<<<1, 2>>, <<1, 2>>, <<1, 2>>>>>>
/\ postWaitingFlag = <<<<<<FALSE, FALSE>>, <<FALSE, FALSE>>, <<FALSE, FALSE>>>>>>
/\ relation = <<<<0, 0>>, <<0, 0>>>>
/\ executed = <<<<{}, {}, {}>>>>
/\ Wvar = <<<<<<{}, {}>>, <<{}, {}>>, <<{}, {}>>>>>>
/\ dep = <<<<<<{}, {}>>, <<{}, {}>>, <<{}, {}>>>>>>
/\ recoveryAttemptBal = <<<<<<0, 0>>, <<0, 2>>, <<3, 0>>>>>>
/\ submitted = {1, 2}
/\ Dvar = <<<<<<{}, {}>>, <<{}, {1}>>, <<{}, {}>>>>>>
/\ msgs = { [ type |-> 1,
    shardfrom |-> 1,
    from |-> 1,
    shardto |-> 1,
    to |-> 2,
    body |-> [id |-> 1, tx |-> 1, D0 |-> {}] ],
  [ type |-> 1,
    shardfrom |-> 1,
    from |-> 1,
    shardto |-> 1,
    to |-> 3,
    body |-> [id |-> 2, tx |-> 2, D0 |-> {}] ],
  [ type |-> 2,
    shardfrom |-> 1,
    from |-> 1,
    shardto |-> 1,
    to |-> 1,
    body |-> [id |-> 1, tq |-> [id |-> <<1, 1>>, t |-> 3], Dq |-> {}] ],
  [ type |-> 2,
    shardfrom |-> 1,
    from |-> 3,
    shardto |-> 1,
    to |-> 1,
    body |-> [id |-> 1, tq |-> [id |-> <<1, 1>>, t |-> 1], Dq |-> {}] ],
  [ type |-> 3,
    shardfrom |-> 1,
    from |-> 2,
    shardto |-> 1,
    to |-> 1,
    body |->
        [ b |-> 2,
          id |-> 2,
          tx |-> 2,
          t |-> [id |-> <<1, 1>>, t |-> 2],
          D |-> {1},
          pathSpeed |-> 1 ] ],
  [ type |-> 3,
    shardfrom |-> 1,
    from |-> 2,
    shardto |-> 1,
    to |-> 3,
    body |->
        [ b |-> 2,
          id |-> 2,
          tx |-> 2,
          t |-> [id |-> <<1, 1>>, t |-> 2],
          D |-> {1},
          pathSpeed |-> 1 ] ],
  [ type |-> 3,
    shardfrom |-> 1,
    from |-> 3,
    shardto |-> 1,
    to |-> 1,
    body |->
        [ b |-> 3,
          id |-> 1,
          tx |-> 1,
          t |-> [id |-> <<1, 1>>, t |-> 1],
          D |-> {},
          pathSpeed |-> 1 ] ],
  [ type |-> 3,
    shardfrom |-> 1,
    from |-> 3,
    shardto |-> 1,
    to |-> 2,
    body |->
        [ b |-> 3,
          id |-> 1,
          tx |-> 1,
          t |-> [id |-> <<1, 1>>, t |-> 1],
          D |-> {},
          pathSpeed |-> 1 ] ],
  [ type |-> 4,
    shardfrom |-> 1,
    from |-> 2,
    shardto |-> 1,
    to |-> 2,
    body |-> [b |-> 2, id |-> 2, Dq |-> {1}, pathSpeed |-> 1] ],
  [ type |-> 4,
    shardfrom |-> 1,
    from |-> 3,
    shardto |-> 1,
    to |-> 3,
    body |-> [b |-> 3, id |-> 1, Dq |-> {}, pathSpeed |-> 1] ],
  [ type |-> 6,
    shardfrom |-> 1,
    from |-> 1,
    shardto |-> 1,
    to |-> 3,
    body |-> [b |-> 3, id |-> 2] ],
  [ type |-> 6,
    shardfrom |-> 1,
    from |-> 2,
    shardto |-> 1,
    to |-> 3,
    body |-> [b |-> 3, id |-> 2] ],
  [ type |-> 6,
    shardfrom |-> 1,
    from |-> 3,
    shardto |-> 1,
    to |-> 3,
    body |-> [b |-> 3, id |-> 2] ],
  [ type |-> 8,
    shardfrom |-> 1,
    from |-> 1,
    shardto |-> 1,
    to |-> 2,
    body |-> [b |-> 1, id |-> 2, tx |-> 2] ],
  [ type |-> 8,
    shardfrom |-> 1,
    from |-> 1,
    shardto |-> 1,
    to |-> 3,
    body |-> [b |-> 1, id |-> 1, tx |-> 1] ],
  [ type |-> 8,
    shardfrom |-> 1,
    from |-> 1,
    shardto |-> 1,
    to |-> 3,
    body |-> [b |-> 1, id |-> 2, tx |-> 2] ],
  [ type |-> 8,
    shardfrom |-> 1,
    from |-> 2,
    shardto |-> 1,
    to |-> 1,
    body |-> [b |-> 2, id |-> 2, tx |-> 2] ],
  [ type |-> 8,
    shardfrom |-> 1,
    from |-> 2,
    shardto |-> 1,
    to |-> 3,
    body |-> [b |-> 2, id |-> 1, tx |-> 0] ],
  [ type |-> 9,
    shardfrom |-> 1,
    from |-> 1,
    shardto |-> 1,
    to |-> 1,
    body |->
        [ b |-> 1,
          id |-> 1,
          tq |-> [id |-> <<1, 1>>, t |-> 3],
          abalq |-> 0,
          txq |-> 1,
          depq |-> {},
          phaseq |-> 2,
          rejectq |-> FALSE,
          Wq |-> {},
          WPq |-> {2} ] ],
  [ type |-> 9,
    shardfrom |-> 1,
    from |-> 1,
    shardto |-> 1,
    to |-> 1,
    body |->
        [ b |-> 1,
          id |-> 2,
          tq |-> [id |-> <<1, 1>>, t |-> 2],
          abalq |-> 0,
          txq |-> 2,
          depq |-> {},
          phaseq |-> 4,
          rejectq |-> FALSE,
          Wq |-> {<<1, 0>>},
          WPq |-> {} ] ],
  [ type |-> 9,
    shardfrom |-> 1,
    from |-> 1,
    shardto |-> 1,
    to |-> 2,
    body |->
        [ b |-> 2,
          id |-> 1,
          tq |-> [id |-> <<1, 1>>, t |-> 3],
          abalq |-> 0,
          txq |-> 1,
          depq |-> {},
          phaseq |-> 2,
          rejectq |-> FALSE,
          Wq |-> {},
          WPq |-> {2} ] ],
  [ type |-> 9,
    shardfrom |-> 1,
    from |-> 1,
    shardto |-> 1,
    to |-> 3,
    body |->
        [ b |-> 3,
          id |-> 1,
          tq |-> [id |-> <<1, 1>>, t |-> 3],
          abalq |-> 0,
          txq |-> 1,
          depq |-> {},
          phaseq |-> 2,
          rejectq |-> TRUE,
          Wq |-> {},
          WPq |-> {} ] ],
  [ type |-> 9,
    shardfrom |-> 1,
    from |-> 2,
    shardto |-> 1,
    to |-> 1,
    body |->
        [ b |-> 1,
          id |-> 1,
          tq |-> [id |-> <<0, 0>>, t |-> 0],
          abalq |-> 0,
          txq |-> 1,
          depq |-> {},
          phaseq |-> 1,
          rejectq |-> FALSE,
          Wq |-> {},
          WPq |-> {2} ] ],
  [ type |-> 9,
    shardfrom |-> 1,
    from |-> 2,
    shardto |-> 1,
    to |-> 2,
    body |->
        [ b |-> 2,
          id |-> 1,
          tq |-> [id |-> <<0, 0>>, t |-> 0],
          abalq |-> 0,
          txq |-> 0,
          depq |-> {},
          phaseq |-> 1,
          rejectq |-> FALSE,
          Wq |-> {},
          WPq |-> {2} ] ],
  [ type |-> 9,
    shardfrom |-> 1,
    from |-> 2,
    shardto |-> 1,
    to |-> 3,
    body |->
        [ b |-> 3,
          id |-> 2,
          tq |-> [id |-> <<1, 1>>, t |-> 2],
          abalq |-> 2,
          txq |-> 2,
          depq |-> {1},
          phaseq |-> 3,
          rejectq |-> FALSE,
          Wq |-> {},
          WPq |-> {} ] ],
  [ type |-> 13,
    shardfrom |-> 1,
    from |-> 1,
    shardto |-> 1,
    to |-> 1,
    body |-> [id |-> 2, D |-> {}] ] }
/\ consumedMsgs = { [ type |-> 1,
    shardfrom |-> 1,
    from |-> 1,
    shardto |-> 1,
    to |-> 2,
    body |-> [id |-> 2, tx |-> 2, D0 |-> {}] ],
  [ type |-> 1,
    shardfrom |-> 1,
    from |-> 1,
    shardto |-> 1,
    to |-> 3,
    body |-> [id |-> 1, tx |-> 1, D0 |-> {}] ],
  [ type |-> 2,
    shardfrom |-> 1,
    from |-> 1,
    shardto |-> 1,
    to |-> 1,
    body |-> [id |-> 2, tq |-> [id |-> <<1, 1>>, t |-> 2], Dq |-> {}] ],
  [ type |-> 2,
    shardfrom |-> 1,
    from |-> 2,
    shardto |-> 1,
    to |-> 1,
    body |-> [id |-> 2, tq |-> [id |-> <<1, 1>>, t |-> 2], Dq |-> {}] ],
  [ type |-> 5,
    shardfrom |-> 1,
    from |-> 3,
    shardto |-> 1,
    to |-> 1,
    body |->
        [ b |-> 3,
          id |-> 2,
          tx |-> 2,
          t |-> [id |-> <<1, 1>>, t |-> 2],
          D |-> {},
          pathSpeed |-> 1 ] ],
  [ type |-> 5,
    shardfrom |-> 1,
    from |-> 3,
    shardto |-> 1,
    to |-> 2,
    body |->
        [ b |-> 3,
          id |-> 2,
          tx |-> 2,
          t |-> [id |-> <<1, 1>>, t |-> 2],
          D |-> {},
          pathSpeed |-> 1 ] ],
  [ type |-> 8,
    shardfrom |-> 1,
    from |-> 1,
    shardto |-> 1,
    to |-> 2,
    body |-> [b |-> 1, id |-> 1, tx |-> 1] ],
  [ type |-> 8,
    shardfrom |-> 1,
    from |-> 2,
    shardto |-> 1,
    to |-> 1,
    body |-> [b |-> 2, id |-> 1, tx |-> 0] ],
  [ type |-> 8,
    shardfrom |-> 1,
    from |-> 2,
    shardto |-> 1,
    to |-> 3,
    body |-> [b |-> 2, id |-> 2, tx |-> 2] ],
  [ type |-> 8,
    shardfrom |-> 1,
    from |-> 3,
    shardto |-> 1,
    to |-> 1,
    body |-> [b |-> 3, id |-> 1, tx |-> 1] ],
  [ type |-> 8,
    shardfrom |-> 1,
    from |-> 3,
    shardto |-> 1,
    to |-> 1,
    body |-> [b |-> 3, id |-> 2, tx |-> 0] ],
  [ type |-> 8,
    shardfrom |-> 1,
    from |-> 3,
    shardto |-> 1,
    to |-> 2,
    body |-> [b |-> 3, id |-> 1, tx |-> 1] ],
  [ type |-> 8,
    shardfrom |-> 1,
    from |-> 3,
    shardto |-> 1,
    to |-> 2,
    body |-> [b |-> 3, id |-> 2, tx |-> 0] ],
  [ type |-> 9,
    shardfrom |-> 1,
    from |-> 1,
    shardto |-> 1,
    to |-> 3,
    body |->
        [ b |-> 3,
          id |-> 2,
          tq |-> [id |-> <<1, 1>>, t |-> 2],
          abalq |-> 0,
          txq |-> 2,
          depq |-> {},
          phaseq |-> 4,
          rejectq |-> FALSE,
          Wq |-> {<<1, 0>>},
          WPq |-> {} ] ],
  [ type |-> 9,
    shardfrom |-> 1,
    from |-> 2,
    shardto |-> 1,
    to |-> 2,
    body |->
        [ b |-> 2,
          id |-> 2,
          tq |-> [id |-> <<1, 1>>, t |-> 2],
          abalq |-> 0,
          txq |-> 2,
          depq |-> {1},
          phaseq |-> 2,
          rejectq |-> FALSE,
          Wq |-> {},
          WPq |-> {} ] ],
  [ type |-> 9,
    shardfrom |-> 1,
    from |-> 2,
    shardto |-> 1,
    to |-> 3,
    body |->
        [ b |-> 3,
          id |-> 1,
          tq |-> [id |-> <<0, 0>>, t |-> 0],
          abalq |-> 0,
          txq |-> 1,
          depq |-> {},
          phaseq |-> 1,
          rejectq |-> FALSE,
          Wq |-> {},
          WPq |-> {} ] ],
  [ type |-> 9,
    shardfrom |-> 1,
    from |-> 3,
    shardto |-> 1,
    to |-> 2,
    body |->
        [ b |-> 2,
          id |-> 2,
          tq |-> [id |-> <<0, 0>>, t |-> 0],
          abalq |-> 0,
          txq |-> 2,
          depq |-> {},
          phaseq |-> 1,
          rejectq |-> FALSE,
          Wq |-> {},
          WPq |-> {} ] ],
  [ type |-> 9,
    shardfrom |-> 1,
    from |-> 3,
    shardto |-> 1,
    to |-> 3,
    body |->
        [ b |-> 3,
          id |-> 1,
          tq |-> [id |-> <<1, 1>>, t |-> 1],
          abalq |-> 0,
          txq |-> 1,
          depq |-> {},
          phaseq |-> 2,
          rejectq |-> FALSE,
          Wq |-> {},
          WPq |-> {} ] ],
  [ type |-> 9,
    shardfrom |-> 1,
    from |-> 3,
    shardto |-> 1,
    to |-> 3,
    body |->
        [ b |-> 3,
          id |-> 2,
          tq |-> [id |-> <<0, 0>>, t |-> 0],
          abalq |-> 0,
          txq |-> 0,
          depq |-> {},
          phaseq |-> 1,
          rejectq |-> FALSE,
          Wq |-> {},
          WPq |-> {} ] ] }
/\ Qvar = << << <<{}, {}>>,
      <<{}, {[shard |-> 1, proc |-> 2], [shard |-> 1, proc |-> 3]}>>,
      <<{[shard |-> 1, proc |-> 2], [shard |-> 1, proc |-> 3]}, {}>> >> >>
/\ ts = << << <<[id |-> <<1, 1>>, t |-> 3], [id |-> <<1, 1>>, t |-> 2]>>,
      <<[id |-> <<0, 0>>, t |-> 0], [id |-> <<1, 1>>, t |-> 2]>>,
      <<[id |-> <<1, 1>>, t |-> 1], [id |-> <<1, 1>>, t |-> 2]>> >> >>
/\ executeWaitingFlag = <<<<<<FALSE, FALSE>>, <<FALSE, FALSE>>, <<FALSE, FALSE>>>>>>
/\ TXvar = <<<<<<bottom, bottom>>, <<bottom, 2>>, <<1, bottom>>>>>>
/\ recovered = <<<<<<1, 1>>, <<1, 1>>, <<1, 1>>>>>>
/\ initCoord = <<{[shard |-> 1, proc |-> 1]}, {[shard |-> 1, proc |-> 1]}>>

State 29: <HandleCommitOK line 585, col 5 to line 599, col 195 of module AccordSpec>
/\ phase = <<<<<<2, 5>>, <<1, 5>>, <<3, 6>>>>>>
/\ abal = <<<<<<0, 3>>, <<0, 3>>, <<3, 3>>>>>>
/\ initTimestamp = << [id |-> <<1, 1>>, t |-> 1],
   [id |-> <<1, 1>>, t |-> 2],
   [id |-> <<0, 0>>, t |-> 3] >>
/\ bal = <<<<<<3, 3>>, <<3, 3>>, <<3, 3>>>>>>
/\ txn = <<<<<<1, 2>>, <<1, 2>>, <<1, 2>>>>>>
/\ postWaitingFlag = <<<<<<FALSE, FALSE>>, <<FALSE, FALSE>>, <<FALSE, FALSE>>>>>>
/\ relation = <<<<0, 0>>, <<0, 0>>>>
/\ executed = <<<<{}, {}, {}>>>>
/\ Wvar = <<<<<<{}, {}>>, <<{}, {}>>, <<{}, {}>>>>>>
/\ dep = <<<<<<{}, {}>>, <<{}, {}>>, <<{}, {}>>>>>>
/\ recoveryAttemptBal = <<<<<<0, 0>>, <<0, 2>>, <<3, 0>>>>>>
/\ submitted = {1, 2}
/\ Dvar = <<<<<<{}, {}>>, <<{}, {1}>>, <<{}, {}>>>>>>
/\ msgs = { [ type |-> 1,
    shardfrom |-> 1,
    from |-> 1,
    shardto |-> 1,
    to |-> 2,
    body |-> [id |-> 1, tx |-> 1, D0 |-> {}] ],
  [ type |-> 1,
    shardfrom |-> 1,
    from |-> 1,
    shardto |-> 1,
    to |-> 3,
    body |-> [id |-> 2, tx |-> 2, D0 |-> {}] ],
  [ type |-> 2,
    shardfrom |-> 1,
    from |-> 1,
    shardto |-> 1,
    to |-> 1,
    body |-> [id |-> 1, tq |-> [id |-> <<1, 1>>, t |-> 3], Dq |-> {}] ],
  [ type |-> 2,
    shardfrom |-> 1,
    from |-> 3,
    shardto |-> 1,
    to |-> 1,
    body |-> [id |-> 1, tq |-> [id |-> <<1, 1>>, t |-> 1], Dq |-> {}] ],
  [ type |-> 3,
    shardfrom |-> 1,
    from |-> 2,
    shardto |-> 1,
    to |-> 1,
    body |->
        [ b |-> 2,
          id |-> 2,
          tx |-> 2,
          t |-> [id |-> <<1, 1>>, t |-> 2],
          D |-> {1},
          pathSpeed |-> 1 ] ],
  [ type |-> 3,
    shardfrom |-> 1,
    from |-> 2,
    shardto |-> 1,
    to |-> 3,
    body |->
        [ b |-> 2,
          id |-> 2,
          tx |-> 2,
          t |-> [id |-> <<1, 1>>, t |-> 2],
          D |-> {1},
          pathSpeed |-> 1 ] ],
  [ type |-> 3,
    shardfrom |-> 1,
    from |-> 3,
    shardto |-> 1,
    to |-> 1,
    body |->
        [ b |-> 3,
          id |-> 1,
          tx |-> 1,
          t |-> [id |-> <<1, 1>>, t |-> 1],
          D |-> {},
          pathSpeed |-> 1 ] ],
  [ type |-> 3,
    shardfrom |-> 1,
    from |-> 3,
    shardto |-> 1,
    to |-> 2,
    body |->
        [ b |-> 3,
          id |-> 1,
          tx |-> 1,
          t |-> [id |-> <<1, 1>>, t |-> 1],
          D |-> {},
          pathSpeed |-> 1 ] ],
  [ type |-> 4,
    shardfrom |-> 1,
    from |-> 2,
    shardto |-> 1,
    to |-> 2,
    body |-> [b |-> 2, id |-> 2, Dq |-> {1}, pathSpeed |-> 1] ],
  [ type |-> 4,
    shardfrom |-> 1,
    from |-> 3,
    shardto |-> 1,
    to |-> 3,
    body |-> [b |-> 3, id |-> 1, Dq |-> {}, pathSpeed |-> 1] ],
  [ type |-> 7,
    shardfrom |-> 1,
    from |-> 3,
    shardto |-> 1,
    to |-> 1,
    body |-> [b |-> 3, id |-> 2] ],
  [ type |-> 7,
    shardfrom |-> 1,
    from |-> 3,
    shardto |-> 1,
    to |-> 2,
    body |-> [b |-> 3, id |-> 2] ],
  [ type |-> 8,
    shardfrom |-> 1,
    from |-> 1,
    shardto |-> 1,
    to |-> 2,
    body |-> [b |-> 1, id |-> 2, tx |-> 2] ],
  [ type |-> 8,
    shardfrom |-> 1,
    from |-> 1,
    shardto |-> 1,
    to |-> 3,
    body |-> [b |-> 1, id |-> 1, tx |-> 1] ],
  [ type |-> 8,
    shardfrom |-> 1,
    from |-> 1,
    shardto |-> 1,
    to |-> 3,
    body |-> [b |-> 1, id |-> 2, tx |-> 2] ],
  [ type |-> 8,
    shardfrom |-> 1,
    from |-> 2,
    shardto |-> 1,
    to |-> 1,
    body |-> [b |-> 2, id |-> 2, tx |-> 2] ],
  [ type |-> 8,
    shardfrom |-> 1,
    from |-> 2,
    shardto |-> 1,
    to |-> 3,
    body |-> [b |-> 2, id |-> 1, tx |-> 0] ],
  [ type |-> 9,
    shardfrom |-> 1,
    from |-> 1,
    shardto |-> 1,
    to |-> 1,
    body |->
        [ b |-> 1,
          id |-> 1,
          tq |-> [id |-> <<1, 1>>, t |-> 3],
          abalq |-> 0,
          txq |-> 1,
          depq |-> {},
          phaseq |-> 2,
          rejectq |-> FALSE,
          Wq |-> {},
          WPq |-> {2} ] ],
  [ type |-> 9,
    shardfrom |-> 1,
    from |-> 1,
    shardto |-> 1,
    to |-> 1,
    body |->
        [ b |-> 1,
          id |-> 2,
          tq |-> [id |-> <<1, 1>>, t |-> 2],
          abalq |-> 0,
          txq |-> 2,
          depq |-> {},
          phaseq |-> 4,
          rejectq |-> FALSE,
          Wq |-> {<<1, 0>>},
          WPq |-> {} ] ],
  [ type |-> 9,
    shardfrom |-> 1,
    from |-> 1,
    shardto |-> 1,
    to |-> 2,
    body |->
        [ b |-> 2,
          id |-> 1,
          tq |-> [id |-> <<1, 1>>, t |-> 3],
          abalq |-> 0,
          txq |-> 1,
          depq |-> {},
          phaseq |-> 2,
          rejectq |-> FALSE,
          Wq |-> {},
          WPq |-> {2} ] ],
  [ type |-> 9,
    shardfrom |-> 1,
    from |-> 1,
    shardto |-> 1,
    to |-> 3,
    body |->
        [ b |-> 3,
          id |-> 1,
          tq |-> [id |-> <<1, 1>>, t |-> 3],
          abalq |-> 0,
          txq |-> 1,
          depq |-> {},
          phaseq |-> 2,
          rejectq |-> TRUE,
          Wq |-> {},
          WPq |-> {} ] ],
  [ type |-> 9,
    shardfrom |-> 1,
    from |-> 2,
    shardto |-> 1,
    to |-> 1,
    body |->
        [ b |-> 1,
          id |-> 1,
          tq |-> [id |-> <<0, 0>>, t |-> 0],
          abalq |-> 0,
          txq |-> 1,
          depq |-> {},
          phaseq |-> 1,
          rejectq |-> FALSE,
          Wq |-> {},
          WPq |-> {2} ] ],
  [ type |-> 9,
    shardfrom |-> 1,
    from |-> 2,
    shardto |-> 1,
    to |-> 2,
    body |->
        [ b |-> 2,
          id |-> 1,
          tq |-> [id |-> <<0, 0>>, t |-> 0],
          abalq |-> 0,
          txq |-> 0,
          depq |-> {},
          phaseq |-> 1,
          rejectq |-> FALSE,
          Wq |-> {},
          WPq |-> {2} ] ],
  [ type |-> 9,
    shardfrom |-> 1,
    from |-> 2,
    shardto |-> 1,
    to |-> 3,
    body |->
        [ b |-> 3,
          id |-> 2,
          tq |-> [id |-> <<1, 1>>, t |-> 2],
          abalq |-> 2,
          txq |-> 2,
          depq |-> {1},
          phaseq |-> 3,
          rejectq |-> FALSE,
          Wq |-> {},
          WPq |-> {} ] ],
  [ type |-> 13,
    shardfrom |-> 1,
    from |-> 1,
    shardto |-> 1,
    to |-> 1,
    body |-> [id |-> 2, D |-> {}] ] }
/\ consumedMsgs = { [ type |-> 1,
    shardfrom |-> 1,
    from |-> 1,
    shardto |-> 1,
    to |-> 2,
    body |-> [id |-> 2, tx |-> 2, D0 |-> {}] ],
  [ type |-> 1,
    shardfrom |-> 1,
    from |-> 1,
    shardto |-> 1,
    to |-> 3,
    body |-> [id |-> 1, tx |-> 1, D0 |-> {}] ],
  [ type |-> 2,
    shardfrom |-> 1,
    from |-> 1,
    shardto |-> 1,
    to |-> 1,
    body |-> [id |-> 2, tq |-> [id |-> <<1, 1>>, t |-> 2], Dq |-> {}] ],
  [ type |-> 2,
    shardfrom |-> 1,
    from |-> 2,
    shardto |-> 1,
    to |-> 1,
    body |-> [id |-> 2, tq |-> [id |-> <<1, 1>>, t |-> 2], Dq |-> {}] ],
  [ type |-> 5,
    shardfrom |-> 1,
    from |-> 3,
    shardto |-> 1,
    to |-> 1,
    body |->
        [ b |-> 3,
          id |-> 2,
          tx |-> 2,
          t |-> [id |-> <<1, 1>>, t |-> 2],
          D |-> {},
          pathSpeed |-> 1 ] ],
  [ type |-> 5,
    shardfrom |-> 1,
    from |-> 3,
    shardto |-> 1,
    to |-> 2,
    body |->
        [ b |-> 3,
          id |-> 2,
          tx |-> 2,
          t |-> [id |-> <<1, 1>>, t |-> 2],
          D |-> {},
          pathSpeed |-> 1 ] ],
  [ type |-> 6,
    shardfrom |-> 1,
    from |-> 1,
    shardto |-> 1,
    to |-> 3,
    body |-> [b |-> 3, id |-> 2] ],
  [ type |-> 6,
    shardfrom |-> 1,
    from |-> 2,
    shardto |-> 1,
    to |-> 3,
    body |-> [b |-> 3, id |-> 2] ],
  [ type |-> 6,
    shardfrom |-> 1,
    from |-> 3,
    shardto |-> 1,
    to |-> 3,
    body |-> [b |-> 3, id |-> 2] ],
  [ type |-> 8,
    shardfrom |-> 1,
    from |-> 1,
    shardto |-> 1,
    to |-> 2,
    body |-> [b |-> 1, id |-> 1, tx |-> 1] ],
  [ type |-> 8,
    shardfrom |-> 1,
    from |-> 2,
    shardto |-> 1,
    to |-> 1,
    body |-> [b |-> 2, id |-> 1, tx |-> 0] ],
  [ type |-> 8,
    shardfrom |-> 1,
    from |-> 2,
    shardto |-> 1,
    to |-> 3,
    body |-> [b |-> 2, id |-> 2, tx |-> 2] ],
  [ type |-> 8,
    shardfrom |-> 1,
    from |-> 3,
    shardto |-> 1,
    to |-> 1,
    body |-> [b |-> 3, id |-> 1, tx |-> 1] ],
  [ type |-> 8,
    shardfrom |-> 1,
    from |-> 3,
    shardto |-> 1,
    to |-> 1,
    body |-> [b |-> 3, id |-> 2, tx |-> 0] ],
  [ type |-> 8,
    shardfrom |-> 1,
    from |-> 3,
    shardto |-> 1,
    to |-> 2,
    body |-> [b |-> 3, id |-> 1, tx |-> 1] ],
  [ type |-> 8,
    shardfrom |-> 1,
    from |-> 3,
    shardto |-> 1,
    to |-> 2,
    body |-> [b |-> 3, id |-> 2, tx |-> 0] ],
  [ type |-> 9,
    shardfrom |-> 1,
    from |-> 1,
    shardto |-> 1,
    to |-> 3,
    body |->
        [ b |-> 3,
          id |-> 2,
          tq |-> [id |-> <<1, 1>>, t |-> 2],
          abalq |-> 0,
          txq |-> 2,
          depq |-> {},
          phaseq |-> 4,
          rejectq |-> FALSE,
          Wq |-> {<<1, 0>>},
          WPq |-> {} ] ],
  [ type |-> 9,
    shardfrom |-> 1,
    from |-> 2,
    shardto |-> 1,
    to |-> 2,
    body |->
        [ b |-> 2,
          id |-> 2,
          tq |-> [id |-> <<1, 1>>, t |-> 2],
          abalq |-> 0,
          txq |-> 2,
          depq |-> {1},
          phaseq |-> 2,
          rejectq |-> FALSE,
          Wq |-> {},
          WPq |-> {} ] ],
  [ type |-> 9,
    shardfrom |-> 1,
    from |-> 2,
    shardto |-> 1,
    to |-> 3,
    body |->
        [ b |-> 3,
          id |-> 1,
          tq |-> [id |-> <<0, 0>>, t |-> 0],
          abalq |-> 0,
          txq |-> 1,
          depq |-> {},
          phaseq |-> 1,
          rejectq |-> FALSE,
          Wq |-> {},
          WPq |-> {} ] ],
  [ type |-> 9,
    shardfrom |-> 1,
    from |-> 3,
    shardto |-> 1,
    to |-> 2,
    body |->
        [ b |-> 2,
          id |-> 2,
          tq |-> [id |-> <<0, 0>>, t |-> 0],
          abalq |-> 0,
          txq |-> 2,
          depq |-> {},
          phaseq |-> 1,
          rejectq |-> FALSE,
          Wq |-> {},
          WPq |-> {} ] ],
  [ type |-> 9,
    shardfrom |-> 1,
    from |-> 3,
    shardto |-> 1,
    to |-> 3,
    body |->
        [ b |-> 3,
          id |-> 1,
          tq |-> [id |-> <<1, 1>>, t |-> 1],
          abalq |-> 0,
          txq |-> 1,
          depq |-> {},
          phaseq |-> 2,
          rejectq |-> FALSE,
          Wq |-> {},
          WPq |-> {} ] ],
  [ type |-> 9,
    shardfrom |-> 1,
    from |-> 3,
    shardto |-> 1,
    to |-> 3,
    body |->
        [ b |-> 3,
          id |-> 2,
          tq |-> [id |-> <<0, 0>>, t |-> 0],
          abalq |-> 0,
          txq |-> 0,
          depq |-> {},
          phaseq |-> 1,
          rejectq |-> FALSE,
          Wq |-> {},
          WPq |-> {} ] ] }
/\ Qvar = << << <<{}, {}>>,
      <<{}, {[shard |-> 1, proc |-> 2], [shard |-> 1, proc |-> 3]}>>,
      <<{[shard |-> 1, proc |-> 2], [shard |-> 1, proc |-> 3]}, {}>> >> >>
/\ ts = << << <<[id |-> <<1, 1>>, t |-> 3], [id |-> <<1, 1>>, t |-> 2]>>,
      <<[id |-> <<0, 0>>, t |-> 0], [id |-> <<1, 1>>, t |-> 2]>>,
      <<[id |-> <<1, 1>>, t |-> 1], [id |-> <<1, 1>>, t |-> 2]>> >> >>
/\ executeWaitingFlag = <<<<<<FALSE, FALSE>>, <<FALSE, FALSE>>, <<FALSE, FALSE>>>>>>
/\ TXvar = <<<<<<bottom, bottom>>, <<bottom, 2>>, <<1, bottom>>>>>>
/\ recovered = <<<<<<1, 1>>, <<1, 1>>, <<1, 1>>>>>>
/\ initCoord = <<{[shard |-> 1, proc |-> 1]}, {[shard |-> 1, proc |-> 1]}>>

State 30: <Next line 1059, col 9 to line 1070, col 26 of module AccordSpec>
/\ phase = <<<<<<3, 5>>, <<1, 5>>, <<3, 6>>>>>>
/\ abal = <<<<<<3, 3>>, <<0, 3>>, <<3, 3>>>>>>
/\ initTimestamp = << [id |-> <<1, 1>>, t |-> 1],
   [id |-> <<1, 1>>, t |-> 2],
   [id |-> <<0, 0>>, t |-> 3] >>
/\ bal = <<<<<<3, 3>>, <<3, 3>>, <<3, 3>>>>>>
/\ txn = <<<<<<1, 2>>, <<1, 2>>, <<1, 2>>>>>>
/\ postWaitingFlag = <<<<<<FALSE, FALSE>>, <<FALSE, FALSE>>, <<FALSE, FALSE>>>>>>
/\ relation = <<<<0, 0>>, <<0, 0>>>>
/\ executed = <<<<{}, {}, {}>>>>
/\ Wvar = <<<<<<{}, {}>>, <<{}, {}>>, <<{}, {}>>>>>>
/\ dep = <<<<<<{}, {}>>, <<{}, {}>>, <<{}, {}>>>>>>
/\ recoveryAttemptBal = <<<<<<0, 0>>, <<0, 2>>, <<3, 0>>>>>>
/\ submitted = {1, 2}
/\ Dvar = <<<<<<{}, {}>>, <<{}, {1}>>, <<{}, {}>>>>>>
/\ msgs = { [ type |-> 1,
    shardfrom |-> 1,
    from |-> 1,
    shardto |-> 1,
    to |-> 2,
    body |-> [id |-> 1, tx |-> 1, D0 |-> {}] ],
  [ type |-> 1,
    shardfrom |-> 1,
    from |-> 1,
    shardto |-> 1,
    to |-> 3,
    body |-> [id |-> 2, tx |-> 2, D0 |-> {}] ],
  [ type |-> 2,
    shardfrom |-> 1,
    from |-> 1,
    shardto |-> 1,
    to |-> 1,
    body |-> [id |-> 1, tq |-> [id |-> <<1, 1>>, t |-> 3], Dq |-> {}] ],
  [ type |-> 2,
    shardfrom |-> 1,
    from |-> 3,
    shardto |-> 1,
    to |-> 1,
    body |-> [id |-> 1, tq |-> [id |-> <<1, 1>>, t |-> 1], Dq |-> {}] ],
  [ type |-> 3,
    shardfrom |-> 1,
    from |-> 2,
    shardto |-> 1,
    to |-> 1,
    body |->
        [ b |-> 2,
          id |-> 2,
          tx |-> 2,
          t |-> [id |-> <<1, 1>>, t |-> 2],
          D |-> {1},
          pathSpeed |-> 1 ] ],
  [ type |-> 3,
    shardfrom |-> 1,
    from |-> 2,
    shardto |-> 1,
    to |-> 3,
    body |->
        [ b |-> 2,
          id |-> 2,
          tx |-> 2,
          t |-> [id |-> <<1, 1>>, t |-> 2],
          D |-> {1},
          pathSpeed |-> 1 ] ],
  [ type |-> 3,
    shardfrom |-> 1,
    from |-> 3,
    shardto |-> 1,
    to |-> 2,
    body |->
        [ b |-> 3,
          id |-> 1,
          tx |-> 1,
          t |-> [id |-> <<1, 1>>, t |-> 1],
          D |-> {},
          pathSpeed |-> 1 ] ],
  [ type |-> 4,
    shardfrom |-> 1,
    from |-> 1,
    shardto |-> 1,
    to |-> 3,
    body |-> [b |-> 3, id |-> 1, Dq |-> {}, pathSpeed |-> 1] ],
  [ type |-> 4,
    shardfrom |-> 1,
    from |-> 2,
    shardto |-> 1,
    to |-> 2,
    body |-> [b |-> 2, id |-> 2, Dq |-> {1}, pathSpeed |-> 1] ],
  [ type |-> 4,
    shardfrom |-> 1,
    from |-> 3,
    shardto |-> 1,
    to |-> 3,
    body |-> [b |-> 3, id |-> 1, Dq |-> {}, pathSpeed |-> 1] ],
  [ type |-> 7,
    shardfrom |-> 1,
    from |-> 3,
    shardto |-> 1,
    to |-> 1,
    body |-> [b |-> 3, id |-> 2] ],
  [ type |-> 7,
    shardfrom |-> 1,
    from |-> 3,
    shardto |-> 1,
    to |-> 2,
    body |-> [b |-> 3, id |-> 2] ],
  [ type |-> 8,
    shardfrom |-> 1,
    from |-> 1,
    shardto |-> 1,
    to |-> 2,
    body |-> [b |-> 1, id |-> 2, tx |-> 2] ],
  [ type |-> 8,
    shardfrom |-> 1,
    from |-> 1,
    shardto |-> 1,
    to |-> 3,
    body |-> [b |-> 1, id |-> 1, tx |-> 1] ],
  [ type |-> 8,
    shardfrom |-> 1,
    from |-> 1,
    shardto |-> 1,
    to |-> 3,
    body |-> [b |-> 1, id |-> 2, tx |-> 2] ],
  [ type |-> 8,
    shardfrom |-> 1,
    from |-> 2,
    shardto |-> 1,
    to |-> 1,
    body |-> [b |-> 2, id |-> 2, tx |-> 2] ],
  [ type |-> 8,
    shardfrom |-> 1,
    from |-> 2,
    shardto |-> 1,
    to |-> 3,
    body |-> [b |-> 2, id |-> 1, tx |-> 0] ],
  [ type |-> 9,
    shardfrom |-> 1,
    from |-> 1,
    shardto |-> 1,
    to |-> 1,
    body |->
        [ b |-> 1,
          id |-> 1,
          tq |-> [id |-> <<1, 1>>, t |-> 3],
          abalq |-> 0,
          txq |-> 1,
          depq |-> {},
          phaseq |-> 2,
          rejectq |-> FALSE,
          Wq |-> {},
          WPq |-> {2} ] ],
  [ type |-> 9,
    shardfrom |-> 1,
    from |-> 1,
    shardto |-> 1,
    to |-> 1,
    body |->
        [ b |-> 1,
          id |-> 2,
          tq |-> [id |-> <<1, 1>>, t |-> 2],
          abalq |-> 0,
          txq |-> 2,
          depq |-> {},
          phaseq |-> 4,
          rejectq |-> FALSE,
          Wq |-> {<<1, 0>>},
          WPq |-> {} ] ],
  [ type |-> 9,
    shardfrom |-> 1,
    from |-> 1,
    shardto |-> 1,
    to |-> 2,
    body |->
        [ b |-> 2,
          id |-> 1,
          tq |-> [id |-> <<1, 1>>, t |-> 3],
          abalq |-> 0,
          txq |-> 1,
          depq |-> {},
          phaseq |-> 2,
          rejectq |-> FALSE,
          Wq |-> {},
          WPq |-> {2} ] ],
  [ type |-> 9,
    shardfrom |-> 1,
    from |-> 1,
    shardto |-> 1,
    to |-> 3,
    body |->
        [ b |-> 3,
          id |-> 1,
          tq |-> [id |-> <<1, 1>>, t |-> 3],
          abalq |-> 0,
          txq |-> 1,
          depq |-> {},
          phaseq |-> 2,
          rejectq |-> TRUE,
          Wq |-> {},
          WPq |-> {} ] ],
  [ type |-> 9,
    shardfrom |-> 1,
    from |-> 2,
    shardto |-> 1,
    to |-> 1,
    body |->
        [ b |-> 1,
          id |-> 1,
          tq |-> [id |-> <<0, 0>>, t |-> 0],
          abalq |-> 0,
          txq |-> 1,
          depq |-> {},
          phaseq |-> 1,
          rejectq |-> FALSE,
          Wq |-> {},
          WPq |-> {2} ] ],
  [ type |-> 9,
    shardfrom |-> 1,
    from |-> 2,
    shardto |-> 1,
    to |-> 2,
    body |->
        [ b |-> 2,
          id |-> 1,
          tq |-> [id |-> <<0, 0>>, t |-> 0],
          abalq |-> 0,
          txq |-> 0,
          depq |-> {},
          phaseq |-> 1,
          rejectq |-> FALSE,
          Wq |-> {},
          WPq |-> {2} ] ],
  [ type |-> 9,
    shardfrom |-> 1,
    from |-> 2,
    shardto |-> 1,
    to |-> 3,
    body |->
        [ b |-> 3,
          id |-> 2,
          tq |-> [id |-> <<1, 1>>, t |-> 2],
          abalq |-> 2,
          txq |-> 2,
          depq |-> {1},
          phaseq |-> 3,
          rejectq |-> FALSE,
          Wq |-> {},
          WPq |-> {} ] ],
  [ type |-> 13,
    shardfrom |-> 1,
    from |-> 1,
    shardto |-> 1,
    to |-> 1,
    body |-> [id |-> 2, D |-> {}] ] }
/\ consumedMsgs = { [ type |-> 1,
    shardfrom |-> 1,
    from |-> 1,
    shardto |-> 1,
    to |-> 2,
    body |-> [id |-> 2, tx |-> 2, D0 |-> {}] ],
  [ type |-> 1,
    shardfrom |-> 1,
    from |-> 1,
    shardto |-> 1,
    to |-> 3,
    body |-> [id |-> 1, tx |-> 1, D0 |-> {}] ],
  [ type |-> 2,
    shardfrom |-> 1,
    from |-> 1,
    shardto |-> 1,
    to |-> 1,
    body |-> [id |-> 2, tq |-> [id |-> <<1, 1>>, t |-> 2], Dq |-> {}] ],
  [ type |-> 2,
    shardfrom |-> 1,
    from |-> 2,
    shardto |-> 1,
    to |-> 1,
    body |-> [id |-> 2, tq |-> [id |-> <<1, 1>>, t |-> 2], Dq |-> {}] ],
  [ type |-> 3,
    shardfrom |-> 1,
    from |-> 3,
    shardto |-> 1,
    to |-> 1,
    body |->
        [ b |-> 3,
          id |-> 1,
          tx |-> 1,
          t |-> [id |-> <<1, 1>>, t |-> 1],
          D |-> {},
          pathSpeed |-> 1 ] ],
  [ type |-> 5,
    shardfrom |-> 1,
    from |-> 3,
    shardto |-> 1,
    to |-> 1,
    body |->
        [ b |-> 3,
          id |-> 2,
          tx |-> 2,
          t |-> [id |-> <<1, 1>>, t |-> 2],
          D |-> {},
          pathSpeed |-> 1 ] ],
  [ type |-> 5,
    shardfrom |-> 1,
    from |-> 3,
    shardto |-> 1,
    to |-> 2,
    body |->
        [ b |-> 3,
          id |-> 2,
          tx |-> 2,
          t |-> [id |-> <<1, 1>>, t |-> 2],
          D |-> {},
          pathSpeed |-> 1 ] ],
  [ type |-> 6,
    shardfrom |-> 1,
    from |-> 1,
    shardto |-> 1,
    to |-> 3,
    body |-> [b |-> 3, id |-> 2] ],
  [ type |-> 6,
    shardfrom |-> 1,
    from |-> 2,
    shardto |-> 1,
    to |-> 3,
    body |-> [b |-> 3, id |-> 2] ],
  [ type |-> 6,
    shardfrom |-> 1,
    from |-> 3,
    shardto |-> 1,
    to |-> 3,
    body |-> [b |-> 3, id |-> 2] ],
  [ type |-> 8,
    shardfrom |-> 1,
    from |-> 1,
    shardto |-> 1,
    to |-> 2,
    body |-> [b |-> 1, id |-> 1, tx |-> 1] ],
  [ type |-> 8,
    shardfrom |-> 1,
    from |-> 2,
    shardto |-> 1,
    to |-> 1,
    body |-> [b |-> 2, id |-> 1, tx |-> 0] ],
  [ type |-> 8,
    shardfrom |-> 1,
    from |-> 2,
    shardto |-> 1,
    to |-> 3,
    body |-> [b |-> 2, id |-> 2, tx |-> 2] ],
  [ type |-> 8,
    shardfrom |-> 1,
    from |-> 3,
    shardto |-> 1,
    to |-> 1,
    body |-> [b |-> 3, id |-> 1, tx |-> 1] ],
  [ type |-> 8,
    shardfrom |-> 1,
    from |-> 3,
    shardto |-> 1,
    to |-> 1,
    body |-> [b |-> 3, id |-> 2, tx |-> 0] ],
  [ type |-> 8,
    shardfrom |-> 1,
    from |-> 3,
    shardto |-> 1,
    to |-> 2,
    body |-> [b |-> 3, id |-> 1, tx |-> 1] ],
  [ type |-> 8,
    shardfrom |-> 1,
    from |-> 3,
    shardto |-> 1,
    to |-> 2,
    body |-> [b |-> 3, id |-> 2, tx |-> 0] ],
  [ type |-> 9,
    shardfrom |-> 1,
    from |-> 1,
    shardto |-> 1,
    to |-> 3,
    body |->
        [ b |-> 3,
          id |-> 2,
          tq |-> [id |-> <<1, 1>>, t |-> 2],
          abalq |-> 0,
          txq |-> 2,
          depq |-> {},
          phaseq |-> 4,
          rejectq |-> FALSE,
          Wq |-> {<<1, 0>>},
          WPq |-> {} ] ],
  [ type |-> 9,
    shardfrom |-> 1,
    from |-> 2,
    shardto |-> 1,
    to |-> 2,
    body |->
        [ b |-> 2,
          id |-> 2,
          tq |-> [id |-> <<1, 1>>, t |-> 2],
          abalq |-> 0,
          txq |-> 2,
          depq |-> {1},
          phaseq |-> 2,
          rejectq |-> FALSE,
          Wq |-> {},
          WPq |-> {} ] ],
  [ type |-> 9,
    shardfrom |-> 1,
    from |-> 2,
    shardto |-> 1,
    to |-> 3,
    body |->
        [ b |-> 3,
          id |-> 1,
          tq |-> [id |-> <<0, 0>>, t |-> 0],
          abalq |-> 0,
          txq |-> 1,
          depq |-> {},
          phaseq |-> 1,
          rejectq |-> FALSE,
          Wq |-> {},
          WPq |-> {} ] ],
  [ type |-> 9,
    shardfrom |-> 1,
    from |-> 3,
    shardto |-> 1,
    to |-> 2,
    body |->
        [ b |-> 2,
          id |-> 2,
          tq |-> [id |-> <<0, 0>>, t |-> 0],
          abalq |-> 0,
          txq |-> 2,
          depq |-> {},
          phaseq |-> 1,
          rejectq |-> FALSE,
          Wq |-> {},
          WPq |-> {} ] ],
  [ type |-> 9,
    shardfrom |-> 1,
    from |-> 3,
    shardto |-> 1,
    to |-> 3,
    body |->
        [ b |-> 3,
          id |-> 1,
          tq |-> [id |-> <<1, 1>>, t |-> 1],
          abalq |-> 0,
          txq |-> 1,
          depq |-> {},
          phaseq |-> 2,
          rejectq |-> FALSE,
          Wq |-> {},
          WPq |-> {} ] ],
  [ type |-> 9,
    shardfrom |-> 1,
    from |-> 3,
    shardto |-> 1,
    to |-> 3,
    body |->
        [ b |-> 3,
          id |-> 2,
          tq |-> [id |-> <<0, 0>>, t |-> 0],
          abalq |-> 0,
          txq |-> 0,
          depq |-> {},
          phaseq |-> 1,
          rejectq |-> FALSE,
          Wq |-> {},
          WPq |-> {} ] ] }
/\ Qvar = << << <<{}, {}>>,
      <<{}, {[shard |-> 1, proc |-> 2], [shard |-> 1, proc |-> 3]}>>,
      <<{[shard |-> 1, proc |-> 2], [shard |-> 1, proc |-> 3]}, {}>> >> >>
/\ ts = << << <<[id |-> <<1, 1>>, t |-> 1], [id |-> <<1, 1>>, t |-> 2]>>,
      <<[id |-> <<0, 0>>, t |-> 0], [id |-> <<1, 1>>, t |-> 2]>>,
      <<[id |-> <<1, 1>>, t |-> 1], [id |-> <<1, 1>>, t |-> 2]>> >> >>
/\ executeWaitingFlag = <<<<<<FALSE, FALSE>>, <<FALSE, FALSE>>, <<FALSE, FALSE>>>>>>
/\ TXvar = <<<<<<bottom, bottom>>, <<bottom, 2>>, <<1, bottom>>>>>>
/\ recovered = <<<<<<1, 1>>, <<1, 1>>, <<1, 1>>>>>>
/\ initCoord = <<{[shard |-> 1, proc |-> 1]}, {[shard |-> 1, proc |-> 1]}>>

State 31: <HandleAcceptOK line 529, col 5 to line 554, col 176 of module AccordSpec>
/\ phase = <<<<<<3, 5>>, <<1, 5>>, <<5, 6>>>>>>
/\ abal = <<<<<<3, 3>>, <<0, 3>>, <<3, 3>>>>>>
/\ initTimestamp = << [id |-> <<1, 1>>, t |-> 1],
   [id |-> <<1, 1>>, t |-> 2],
   [id |-> <<0, 0>>, t |-> 3] >>
/\ bal = <<<<<<3, 3>>, <<3, 3>>, <<3, 3>>>>>>
/\ txn = <<<<<<1, 2>>, <<1, 2>>, <<1, 2>>>>>>
/\ postWaitingFlag = <<<<<<FALSE, FALSE>>, <<FALSE, FALSE>>, <<FALSE, FALSE>>>>>>
/\ relation = <<<<0, 0>>, <<0, 0>>>>
/\ executed = <<<<{}, {}, {}>>>>
/\ Wvar = <<<<<<{}, {}>>, <<{}, {}>>, <<{}, {}>>>>>>
/\ dep = <<<<<<{}, {}>>, <<{}, {}>>, <<{}, {}>>>>>>
/\ recoveryAttemptBal = <<<<<<0, 0>>, <<0, 2>>, <<3, 0>>>>>>
/\ submitted = {1, 2}
/\ Dvar = <<<<<<{}, {}>>, <<{}, {1}>>, <<{}, {}>>>>>>
/\ msgs = { [ type |-> 1,
    shardfrom |-> 1,
    from |-> 1,
    shardto |-> 1,
    to |-> 2,
    body |-> [id |-> 1, tx |-> 1, D0 |-> {}] ],
  [ type |-> 1,
    shardfrom |-> 1,
    from |-> 1,
    shardto |-> 1,
    to |-> 3,
    body |-> [id |-> 2, tx |-> 2, D0 |-> {}] ],
  [ type |-> 2,
    shardfrom |-> 1,
    from |-> 1,
    shardto |-> 1,
    to |-> 1,
    body |-> [id |-> 1, tq |-> [id |-> <<1, 1>>, t |-> 3], Dq |-> {}] ],
  [ type |-> 2,
    shardfrom |-> 1,
    from |-> 3,
    shardto |-> 1,
    to |-> 1,
    body |-> [id |-> 1, tq |-> [id |-> <<1, 1>>, t |-> 1], Dq |-> {}] ],
  [ type |-> 3,
    shardfrom |-> 1,
    from |-> 2,
    shardto |-> 1,
    to |-> 1,
    body |->
        [ b |-> 2,
          id |-> 2,
          tx |-> 2,
          t |-> [id |-> <<1, 1>>, t |-> 2],
          D |-> {1},
          pathSpeed |-> 1 ] ],
  [ type |-> 3,
    shardfrom |-> 1,
    from |-> 2,
    shardto |-> 1,
    to |-> 3,
    body |->
        [ b |-> 2,
          id |-> 2,
          tx |-> 2,
          t |-> [id |-> <<1, 1>>, t |-> 2],
          D |-> {1},
          pathSpeed |-> 1 ] ],
  [ type |-> 3,
    shardfrom |-> 1,
    from |-> 3,
    shardto |-> 1,
    to |-> 2,
    body |->
        [ b |-> 3,
          id |-> 1,
          tx |-> 1,
          t |-> [id |-> <<1, 1>>, t |-> 1],
          D |-> {},
          pathSpeed |-> 1 ] ],
  [ type |-> 4,
    shardfrom |-> 1,
    from |-> 2,
    shardto |-> 1,
    to |-> 2,
    body |-> [b |-> 2, id |-> 2, Dq |-> {1}, pathSpeed |-> 1] ],
  [ type |-> 5,
    shardfrom |-> 1,
    from |-> 3,
    shardto |-> 1,
    to |-> 1,
    body |->
        [ b |-> 3,
          id |-> 1,
          tx |-> 1,
          t |-> [id |-> <<1, 1>>, t |-> 1],
          D |-> {},
          pathSpeed |-> 1 ] ],
  [ type |-> 5,
    shardfrom |-> 1,
    from |-> 3,
    shardto |-> 1,
    to |-> 2,
    body |->
        [ b |-> 3,
          id |-> 1,
          tx |-> 1,
          t |-> [id |-> <<1, 1>>, t |-> 1],
          D |-> {},
          pathSpeed |-> 1 ] ],
  [ type |-> 6,
    shardfrom |-> 1,
    from |-> 3,
    shardto |-> 1,
    to |-> 3,
    body |-> [b |-> 3, id |-> 1] ],
  [ type |-> 7,
    shardfrom |-> 1,
    from |-> 3,
    shardto |-> 1,
    to |-> 1,
    body |-> [b |-> 3, id |-> 2] ],
  [ type |-> 7,
    shardfrom |-> 1,
    from |-> 3,
    shardto |-> 1,
    to |-> 2,
    body |-> [b |-> 3, id |-> 2] ],
  [ type |-> 8,
    shardfrom |-> 1,
    from |-> 1,
    shardto |-> 1,
    to |-> 2,
    body |-> [b |-> 1, id |-> 2, tx |-> 2] ],
  [ type |-> 8,
    shardfrom |-> 1,
    from |-> 1,
    shardto |-> 1,
    to |-> 3,
    body |-> [b |-> 1, id |-> 1, tx |-> 1] ],
  [ type |-> 8,
    shardfrom |-> 1,
    from |-> 1,
    shardto |-> 1,
    to |-> 3,
    body |-> [b |-> 1, id |-> 2, tx |-> 2] ],
  [ type |-> 8,
    shardfrom |-> 1,
    from |-> 2,
    shardto |-> 1,
    to |-> 1,
    body |-> [b |-> 2, id |-> 2, tx |-> 2] ],
  [ type |-> 8,
    shardfrom |-> 1,
    from |-> 2,
    shardto |-> 1,
    to |-> 3,
    body |-> [b |-> 2, id |-> 1, tx |-> 0] ],
  [ type |-> 9,
    shardfrom |-> 1,
    from |-> 1,
    shardto |-> 1,
    to |-> 1,
    body |->
        [ b |-> 1,
          id |-> 1,
          tq |-> [id |-> <<1, 1>>, t |-> 3],
          abalq |-> 0,
          txq |-> 1,
          depq |-> {},
          phaseq |-> 2,
          rejectq |-> FALSE,
          Wq |-> {},
          WPq |-> {2} ] ],
  [ type |-> 9,
    shardfrom |-> 1,
    from |-> 1,
    shardto |-> 1,
    to |-> 1,
    body |->
        [ b |-> 1,
          id |-> 2,
          tq |-> [id |-> <<1, 1>>, t |-> 2],
          abalq |-> 0,
          txq |-> 2,
          depq |-> {},
          phaseq |-> 4,
          rejectq |-> FALSE,
          Wq |-> {<<1, 0>>},
          WPq |-> {} ] ],
  [ type |-> 9,
    shardfrom |-> 1,
    from |-> 1,
    shardto |-> 1,
    to |-> 2,
    body |->
        [ b |-> 2,
          id |-> 1,
          tq |-> [id |-> <<1, 1>>, t |-> 3],
          abalq |-> 0,
          txq |-> 1,
          depq |-> {},
          phaseq |-> 2,
          rejectq |-> FALSE,
          Wq |-> {},
          WPq |-> {2} ] ],
  [ type |-> 9,
    shardfrom |-> 1,
    from |-> 1,
    shardto |-> 1,
    to |-> 3,
    body |->
        [ b |-> 3,
          id |-> 1,
          tq |-> [id |-> <<1, 1>>, t |-> 3],
          abalq |-> 0,
          txq |-> 1,
          depq |-> {},
          phaseq |-> 2,
          rejectq |-> TRUE,
          Wq |-> {},
          WPq |-> {} ] ],
  [ type |-> 9,
    shardfrom |-> 1,
    from |-> 2,
    shardto |-> 1,
    to |-> 1,
    body |->
        [ b |-> 1,
          id |-> 1,
          tq |-> [id |-> <<0, 0>>, t |-> 0],
          abalq |-> 0,
          txq |-> 1,
          depq |-> {},
          phaseq |-> 1,
          rejectq |-> FALSE,
          Wq |-> {},
          WPq |-> {2} ] ],
  [ type |-> 9,
    shardfrom |-> 1,
    from |-> 2,
    shardto |-> 1,
    to |-> 2,
    body |->
        [ b |-> 2,
          id |-> 1,
          tq |-> [id |-> <<0, 0>>, t |-> 0],
          abalq |-> 0,
          txq |-> 0,
          depq |-> {},
          phaseq |-> 1,
          rejectq |-> FALSE,
          Wq |-> {},
          WPq |-> {2} ] ],
  [ type |-> 9,
    shardfrom |-> 1,
    from |-> 2,
    shardto |-> 1,
    to |-> 3,
    body |->
        [ b |-> 3,
          id |-> 2,
          tq |-> [id |-> <<1, 1>>, t |-> 2],
          abalq |-> 2,
          txq |-> 2,
          depq |-> {1},
          phaseq |-> 3,
          rejectq |-> FALSE,
          Wq |-> {},
          WPq |-> {} ] ],
  [ type |-> 13,
    shardfrom |-> 1,
    from |-> 1,
    shardto |-> 1,
    to |-> 1,
    body |-> [id |-> 2, D |-> {}] ] }
/\ consumedMsgs = { [ type |-> 1,
    shardfrom |-> 1,
    from |-> 1,
    shardto |-> 1,
    to |-> 2,
    body |-> [id |-> 2, tx |-> 2, D0 |-> {}] ],
  [ type |-> 1,
    shardfrom |-> 1,
    from |-> 1,
    shardto |-> 1,
    to |-> 3,
    body |-> [id |-> 1, tx |-> 1, D0 |-> {}] ],
  [ type |-> 2,
    shardfrom |-> 1,
    from |-> 1,
    shardto |-> 1,
    to |-> 1,
    body |-> [id |-> 2, tq |-> [id |-> <<1, 1>>, t |-> 2], Dq |-> {}] ],
  [ type |-> 2,
    shardfrom |-> 1,
    from |-> 2,
    shardto |-> 1,
    to |-> 1,
    body |-> [id |-> 2, tq |-> [id |-> <<1, 1>>, t |-> 2], Dq |-> {}] ],
  [ type |-> 3,
    shardfrom |-> 1,
    from |-> 3,
    shardto |-> 1,
    to |-> 1,
    body |->
        [ b |-> 3,
          id |-> 1,
          tx |-> 1,
          t |-> [id |-> <<1, 1>>, t |-> 1],
          D |-> {},
          pathSpeed |-> 1 ] ],
  [ type |-> 4,
    shardfrom |-> 1,
    from |-> 1,
    shardto |-> 1,
    to |-> 3,
    body |-> [b |-> 3, id |-> 1, Dq |-> {}, pathSpeed |-> 1] ],
  [ type |-> 4,
    shardfrom |-> 1,
    from |-> 3,
    shardto |-> 1,
    to |-> 3,
    body |-> [b |-> 3, id |-> 1, Dq |-> {}, pathSpeed |-> 1] ],
  [ type |-> 5,
    shardfrom |-> 1,
    from |-> 3,
    shardto |-> 1,
    to |-> 1,
    body |->
        [ b |-> 3,
          id |-> 2,
          tx |-> 2,
          t |-> [id |-> <<1, 1>>, t |-> 2],
          D |-> {},
          pathSpeed |-> 1 ] ],
  [ type |-> 5,
    shardfrom |-> 1,
    from |-> 3,
    shardto |-> 1,
    to |-> 2,
    body |->
        [ b |-> 3,
          id |-> 2,
          tx |-> 2,
          t |-> [id |-> <<1, 1>>, t |-> 2],
          D |-> {},
          pathSpeed |-> 1 ] ],
  [ type |-> 6,
    shardfrom |-> 1,
    from |-> 1,
    shardto |-> 1,
    to |-> 3,
    body |-> [b |-> 3, id |-> 2] ],
  [ type |-> 6,
    shardfrom |-> 1,
    from |-> 2,
    shardto |-> 1,
    to |-> 3,
    body |-> [b |-> 3, id |-> 2] ],
  [ type |-> 6,
    shardfrom |-> 1,
    from |-> 3,
    shardto |-> 1,
    to |-> 3,
    body |-> [b |-> 3, id |-> 2] ],
  [ type |-> 8,
    shardfrom |-> 1,
    from |-> 1,
    shardto |-> 1,
    to |-> 2,
    body |-> [b |-> 1, id |-> 1, tx |-> 1] ],
  [ type |-> 8,
    shardfrom |-> 1,
    from |-> 2,
    shardto |-> 1,
    to |-> 1,
    body |-> [b |-> 2, id |-> 1, tx |-> 0] ],
  [ type |-> 8,
    shardfrom |-> 1,
    from |-> 2,
    shardto |-> 1,
    to |-> 3,
    body |-> [b |-> 2, id |-> 2, tx |-> 2] ],
  [ type |-> 8,
    shardfrom |-> 1,
    from |-> 3,
    shardto |-> 1,
    to |-> 1,
    body |-> [b |-> 3, id |-> 1, tx |-> 1] ],
  [ type |-> 8,
    shardfrom |-> 1,
    from |-> 3,
    shardto |-> 1,
    to |-> 1,
    body |-> [b |-> 3, id |-> 2, tx |-> 0] ],
  [ type |-> 8,
    shardfrom |-> 1,
    from |-> 3,
    shardto |-> 1,
    to |-> 2,
    body |-> [b |-> 3, id |-> 1, tx |-> 1] ],
  [ type |-> 8,
    shardfrom |-> 1,
    from |-> 3,
    shardto |-> 1,
    to |-> 2,
    body |-> [b |-> 3, id |-> 2, tx |-> 0] ],
  [ type |-> 9,
    shardfrom |-> 1,
    from |-> 1,
    shardto |-> 1,
    to |-> 3,
    body |->
        [ b |-> 3,
          id |-> 2,
          tq |-> [id |-> <<1, 1>>, t |-> 2],
          abalq |-> 0,
          txq |-> 2,
          depq |-> {},
          phaseq |-> 4,
          rejectq |-> FALSE,
          Wq |-> {<<1, 0>>},
          WPq |-> {} ] ],
  [ type |-> 9,
    shardfrom |-> 1,
    from |-> 2,
    shardto |-> 1,
    to |-> 2,
    body |->
        [ b |-> 2,
          id |-> 2,
          tq |-> [id |-> <<1, 1>>, t |-> 2],
          abalq |-> 0,
          txq |-> 2,
          depq |-> {1},
          phaseq |-> 2,
          rejectq |-> FALSE,
          Wq |-> {},
          WPq |-> {} ] ],
  [ type |-> 9,
    shardfrom |-> 1,
    from |-> 2,
    shardto |-> 1,
    to |-> 3,
    body |->
        [ b |-> 3,
          id |-> 1,
          tq |-> [id |-> <<0, 0>>, t |-> 0],
          abalq |-> 0,
          txq |-> 1,
          depq |-> {},
          phaseq |-> 1,
          rejectq |-> FALSE,
          Wq |-> {},
          WPq |-> {} ] ],
  [ type |-> 9,
    shardfrom |-> 1,
    from |-> 3,
    shardto |-> 1,
    to |-> 2,
    body |->
        [ b |-> 2,
          id |-> 2,
          tq |-> [id |-> <<0, 0>>, t |-> 0],
          abalq |-> 0,
          txq |-> 2,
          depq |-> {},
          phaseq |-> 1,
          rejectq |-> FALSE,
          Wq |-> {},
          WPq |-> {} ] ],
  [ type |-> 9,
    shardfrom |-> 1,
    from |-> 3,
    shardto |-> 1,
    to |-> 3,
    body |->
        [ b |-> 3,
          id |-> 1,
          tq |-> [id |-> <<1, 1>>, t |-> 1],
          abalq |-> 0,
          txq |-> 1,
          depq |-> {},
          phaseq |-> 2,
          rejectq |-> FALSE,
          Wq |-> {},
          WPq |-> {} ] ],
  [ type |-> 9,
    shardfrom |-> 1,
    from |-> 3,
    shardto |-> 1,
    to |-> 3,
    body |->
        [ b |-> 3,
          id |-> 2,
          tq |-> [id |-> <<0, 0>>, t |-> 0],
          abalq |-> 0,
          txq |-> 0,
          depq |-> {},
          phaseq |-> 1,
          rejectq |-> FALSE,
          Wq |-> {},
          WPq |-> {} ] ] }
/\ Qvar = << << <<{}, {}>>,
      <<{}, {[shard |-> 1, proc |-> 2], [shard |-> 1, proc |-> 3]}>>,
      <<{[shard |-> 1, proc |-> 2], [shard |-> 1, proc |-> 3]}, {}>> >> >>
/\ ts = << << <<[id |-> <<1, 1>>, t |-> 1], [id |-> <<1, 1>>, t |-> 2]>>,
      <<[id |-> <<0, 0>>, t |-> 0], [id |-> <<1, 1>>, t |-> 2]>>,
      <<[id |-> <<1, 1>>, t |-> 1], [id |-> <<1, 1>>, t |-> 2]>> >> >>
/\ executeWaitingFlag = <<<<<<FALSE, FALSE>>, <<FALSE, FALSE>>, <<FALSE, FALSE>>>>>>
/\ TXvar = <<<<<<bottom, bottom>>, <<bottom, 2>>, <<1, bottom>>>>>>
/\ recovered = <<<<<<1, 1>>, <<1, 1>>, <<1, 1>>>>>>
/\ initCoord = <<{[shard |-> 1, proc |-> 1]}, {[shard |-> 1, proc |-> 1]}>>

The number of states generated: 473185006
Simulation using seed 2937974685418828794 and aril 0
Progress: 473189028 states checked.
Finished in 12min 54s at (2026-06-18 11:16:43)
