TLC2 Version 2.19 of 08 August 2024 (rev: 5a47802)
Warning: Please run the Java VM which executes TLC with a throughput optimized garbage collector by passing the "-XX:+UseParallelGC" property.
(Use the -nowarning option to disable this warning.)
Running Random Simulation with seed -3072215262548204614 with 30 workers on 72 cores with 30208MB heap and 64MB offheap memory [pid: 4133418] (Linux 6.12.69+deb13-cloud-amd64 amd64, Debian 21.0.10 x86_64).
Parsing file /home/alexandre.siret/AccordTLASpec/SpecAccord/RecoveryAndCommitSpec/AccordSpec.tla
Parsing file /tmp/TLC.tla
Parsing file /tmp/Naturals.tla
Parsing file /tmp/Sequences.tla
Parsing file /tmp/FiniteSets.tla
Parsing file /home/alexandre.siret/AccordTLASpec/SpecAccord/RecoveryAndCommitSpec/ExtraConfiguration.tla
Semantic processing of module Naturals
Semantic processing of module Sequences
Semantic processing of module FiniteSets
Semantic processing of module TLC
Semantic processing of module ExtraConfiguration
Semantic processing of module AccordSpec
Starting... (2026-04-15 16:58:09)
Computed 1 initial states...
Error: Invariant Agreement is violated.
Error: The behavior up to this point is:
State 1: <Initial predicate>
/\ phase = <<<<<<1, 1>>, <<1, 1>>, <<1, 1>>>>, <<<<1, 1>>, <<1, 1>>, <<1, 1>>>>>>
/\ abal = <<<<<<0, 0>>, <<0, 0>>, <<0, 0>>>>, <<<<0, 0>>, <<0, 0>>, <<0, 0>>>>>>
/\ initTimestamp = << [t |-> 3, id |-> <<0, 0>>],
   [t |-> 2, id |-> <<0, 0>>],
   [t |-> 1, id |-> <<0, 0>>] >>
/\ bal = <<<<<<0, 0>>, <<0, 0>>, <<0, 0>>>>, <<<<0, 0>>, <<0, 0>>, <<0, 0>>>>>>
/\ txn = << <<<<bottom, bottom>>, <<bottom, bottom>>, <<bottom, bottom>>>>,
   <<<<bottom, bottom>>, <<bottom, bottom>>, <<bottom, bottom>>>> >>
/\ postWaitingFlag = << <<<<FALSE, FALSE>>, <<FALSE, FALSE>>, <<FALSE, FALSE>>>>,
   <<<<FALSE, FALSE>>, <<FALSE, FALSE>>, <<FALSE, FALSE>>>> >>
/\ relation = <<<<0, 0>>, <<0, 0>>>>
/\ executed = <<<<{}, {}, {}>>, <<{}, {}, {}>>>>
/\ Wvar = << <<<<{}, {}>>, <<{}, {}>>, <<{}, {}>>>>,
   <<<<{}, {}>>, <<{}, {}>>, <<{}, {}>>>> >>
/\ dep = << <<<<{}, {}>>, <<{}, {}>>, <<{}, {}>>>>,
   <<<<{}, {}>>, <<{}, {}>>, <<{}, {}>>>> >>
/\ recoveryAttemptBal = <<<<<<0, 0>>, <<0, 0>>, <<0, 0>>>>, <<<<0, 0>>, <<0, 0>>, <<0, 0>>>>>>
/\ submitted = {}
/\ Dvar = << <<<<{}, {}>>, <<{}, {}>>, <<{}, {}>>>>,
   <<<<{}, {}>>, <<{}, {}>>, <<{}, {}>>>> >>
/\ msgs = {}
/\ Qvar = << <<<<{}, {}>>, <<{}, {}>>, <<{}, {}>>>>,
   <<<<{}, {}>>, <<{}, {}>>, <<{}, {}>>>> >>
/\ ts = << << <<[t |-> 0, id |-> <<0, 0>>], [t |-> 0, id |-> <<0, 0>>]>>,
      <<[t |-> 0, id |-> <<0, 0>>], [t |-> 0, id |-> <<0, 0>>]>>,
      <<[t |-> 0, id |-> <<0, 0>>], [t |-> 0, id |-> <<0, 0>>]>> >>,
   << <<[t |-> 0, id |-> <<0, 0>>], [t |-> 0, id |-> <<0, 0>>]>>,
      <<[t |-> 0, id |-> <<0, 0>>], [t |-> 0, id |-> <<0, 0>>]>>,
      <<[t |-> 0, id |-> <<0, 0>>], [t |-> 0, id |-> <<0, 0>>]>> >> >>
/\ executeWaitingFlag = << <<<<FALSE, FALSE>>, <<FALSE, FALSE>>, <<FALSE, FALSE>>>>,
   <<<<FALSE, FALSE>>, <<FALSE, FALSE>>, <<FALSE, FALSE>>>> >>
/\ TXvar = << <<<<bottom, bottom>>, <<bottom, bottom>>, <<bottom, bottom>>>>,
   <<<<bottom, bottom>>, <<bottom, bottom>>, <<bottom, bottom>>>> >>
/\ recovered = <<<<<<0, 0>>, <<0, 0>>, <<0, 0>>>>, <<<<0, 0>>, <<0, 0>>, <<0, 0>>>>>>
/\ initCoord = <<<<0, 0>>, <<0, 0>>>>

State 2: <Submit line 358, col 5 to line 378, col 146 of module AccordSpec>
/\ phase = <<<<<<1, 1>>, <<1, 1>>, <<1, 1>>>>, <<<<2, 1>>, <<1, 1>>, <<1, 1>>>>>>
/\ abal = <<<<<<0, 0>>, <<0, 0>>, <<0, 0>>>>, <<<<0, 0>>, <<0, 0>>, <<0, 0>>>>>>
/\ initTimestamp = << [t |-> 3, id |-> <<2, 1>>],
   [t |-> 2, id |-> <<0, 0>>],
   [t |-> 1, id |-> <<0, 0>>] >>
/\ bal = <<<<<<0, 0>>, <<0, 0>>, <<0, 0>>>>, <<<<0, 0>>, <<0, 0>>, <<0, 0>>>>>>
/\ txn = << <<<<bottom, bottom>>, <<bottom, bottom>>, <<bottom, bottom>>>>,
   <<<<1, bottom>>, <<bottom, bottom>>, <<bottom, bottom>>>> >>
/\ postWaitingFlag = << <<<<FALSE, FALSE>>, <<FALSE, FALSE>>, <<FALSE, FALSE>>>>,
   <<<<FALSE, FALSE>>, <<FALSE, FALSE>>, <<FALSE, FALSE>>>> >>
/\ relation = <<<<0, 0>>, <<0, 0>>>>
/\ executed = <<<<{}, {}, {}>>, <<{}, {}, {}>>>>
/\ Wvar = << <<<<{}, {}>>, <<{}, {}>>, <<{}, {}>>>>,
   <<<<{}, {}>>, <<{}, {}>>, <<{}, {}>>>> >>
/\ dep = << <<<<{}, {}>>, <<{}, {}>>, <<{}, {}>>>>,
   <<<<{}, {}>>, <<{}, {}>>, <<{}, {}>>>> >>
/\ recoveryAttemptBal = <<<<<<0, 0>>, <<0, 0>>, <<0, 0>>>>, <<<<0, 0>>, <<0, 0>>, <<0, 0>>>>>>
/\ submitted = {1}
/\ Dvar = << <<<<{}, {}>>, <<{}, {}>>, <<{}, {}>>>>,
   <<<<{}, {}>>, <<{}, {}>>, <<{}, {}>>>> >>
/\ msgs = { [ shardfrom |-> 2,
    type |-> 1,
    from |-> 1,
    shardto |-> 1,
    to |-> 1,
    body |-> [id |-> 1, tx |-> 1, D0 |-> {}] ],
  [ shardfrom |-> 2,
    type |-> 1,
    from |-> 1,
    shardto |-> 1,
    to |-> 2,
    body |-> [id |-> 1, tx |-> 1, D0 |-> {}] ],
  [ shardfrom |-> 2,
    type |-> 1,
    from |-> 1,
    shardto |-> 1,
    to |-> 3,
    body |-> [id |-> 1, tx |-> 1, D0 |-> {}] ],
  [ shardfrom |-> 2,
    type |-> 1,
    from |-> 1,
    shardto |-> 2,
    to |-> 2,
    body |-> [id |-> 1, tx |-> 1, D0 |-> {}] ],
  [ shardfrom |-> 2,
    type |-> 1,
    from |-> 1,
    shardto |-> 2,
    to |-> 3,
    body |-> [id |-> 1, tx |-> 1, D0 |-> {}] ],
  [ shardfrom |-> 2,
    type |-> 2,
    from |-> 1,
    shardto |-> 2,
    to |-> 1,
    body |-> [id |-> 1, tq |-> [t |-> 3, id |-> <<2, 1>>], Dq |-> {}] ] }
/\ Qvar = << <<<<{}, {}>>, <<{}, {}>>, <<{}, {}>>>>,
   <<<<{}, {}>>, <<{}, {}>>, <<{}, {}>>>> >>
/\ ts = << << <<[t |-> 0, id |-> <<0, 0>>], [t |-> 0, id |-> <<0, 0>>]>>,
      <<[t |-> 0, id |-> <<0, 0>>], [t |-> 0, id |-> <<0, 0>>]>>,
      <<[t |-> 0, id |-> <<0, 0>>], [t |-> 0, id |-> <<0, 0>>]>> >>,
   << <<[t |-> 3, id |-> <<2, 1>>], [t |-> 0, id |-> <<0, 0>>]>>,
      <<[t |-> 0, id |-> <<0, 0>>], [t |-> 0, id |-> <<0, 0>>]>>,
      <<[t |-> 0, id |-> <<0, 0>>], [t |-> 0, id |-> <<0, 0>>]>> >> >>
/\ executeWaitingFlag = << <<<<FALSE, FALSE>>, <<FALSE, FALSE>>, <<FALSE, FALSE>>>>,
   <<<<FALSE, FALSE>>, <<FALSE, FALSE>>, <<FALSE, FALSE>>>> >>
/\ TXvar = << <<<<bottom, bottom>>, <<bottom, bottom>>, <<bottom, bottom>>>>,
   <<<<bottom, bottom>>, <<bottom, bottom>>, <<bottom, bottom>>>> >>
/\ recovered = <<<<<<0, 0>>, <<0, 0>>, <<0, 0>>>>, <<<<0, 0>>, <<0, 0>>, <<0, 0>>>>>>
/\ initCoord = <<<<2, 1>>, <<0, 0>>>>

State 3: <StartRecover line 550, col 5 to line 575, col 160 of module AccordSpec>
/\ phase = <<<<<<1, 1>>, <<1, 1>>, <<1, 1>>>>, <<<<2, 1>>, <<1, 1>>, <<1, 1>>>>>>
/\ abal = <<<<<<0, 0>>, <<0, 0>>, <<0, 0>>>>, <<<<0, 0>>, <<0, 0>>, <<0, 0>>>>>>
/\ initTimestamp = << [t |-> 3, id |-> <<2, 1>>],
   [t |-> 2, id |-> <<0, 0>>],
   [t |-> 1, id |-> <<0, 0>>] >>
/\ bal = <<<<<<0, 0>>, <<0, 0>>, <<0, 0>>>>, <<<<10, 0>>, <<0, 0>>, <<0, 0>>>>>>
/\ txn = << <<<<bottom, bottom>>, <<bottom, bottom>>, <<bottom, bottom>>>>,
   <<<<1, bottom>>, <<bottom, bottom>>, <<bottom, bottom>>>> >>
/\ postWaitingFlag = << <<<<FALSE, FALSE>>, <<FALSE, FALSE>>, <<FALSE, FALSE>>>>,
   <<<<FALSE, FALSE>>, <<FALSE, FALSE>>, <<FALSE, FALSE>>>> >>
/\ relation = <<<<0, 0>>, <<0, 0>>>>
/\ executed = <<<<{}, {}, {}>>, <<{}, {}, {}>>>>
/\ Wvar = << <<<<{}, {}>>, <<{}, {}>>, <<{}, {}>>>>,
   <<<<{}, {}>>, <<{}, {}>>, <<{}, {}>>>> >>
/\ dep = << <<<<{}, {}>>, <<{}, {}>>, <<{}, {}>>>>,
   <<<<{}, {}>>, <<{}, {}>>, <<{}, {}>>>> >>
/\ recoveryAttemptBal = <<<<<<0, 0>>, <<0, 0>>, <<0, 0>>>>, <<<<0, 0>>, <<0, 0>>, <<0, 0>>>>>>
/\ submitted = {1}
/\ Dvar = << <<<<{}, {}>>, <<{}, {}>>, <<{}, {}>>>>,
   <<<<{}, {}>>, <<{}, {}>>, <<{}, {}>>>> >>
/\ msgs = { [ shardfrom |-> 2,
    type |-> 1,
    from |-> 1,
    shardto |-> 1,
    to |-> 1,
    body |-> [id |-> 1, tx |-> 1, D0 |-> {}] ],
  [ shardfrom |-> 2,
    type |-> 1,
    from |-> 1,
    shardto |-> 1,
    to |-> 2,
    body |-> [id |-> 1, tx |-> 1, D0 |-> {}] ],
  [ shardfrom |-> 2,
    type |-> 1,
    from |-> 1,
    shardto |-> 1,
    to |-> 3,
    body |-> [id |-> 1, tx |-> 1, D0 |-> {}] ],
  [ shardfrom |-> 2,
    type |-> 1,
    from |-> 1,
    shardto |-> 2,
    to |-> 2,
    body |-> [id |-> 1, tx |-> 1, D0 |-> {}] ],
  [ shardfrom |-> 2,
    type |-> 1,
    from |-> 1,
    shardto |-> 2,
    to |-> 3,
    body |-> [id |-> 1, tx |-> 1, D0 |-> {}] ],
  [ shardfrom |-> 2,
    type |-> 2,
    from |-> 1,
    shardto |-> 2,
    to |-> 1,
    body |-> [id |-> 1, tq |-> [t |-> 3, id |-> <<2, 1>>], Dq |-> {}] ],
  [ shardfrom |-> 2,
    type |-> 8,
    from |-> 1,
    shardto |-> 1,
    to |-> 1,
    body |-> [b |-> 10, id |-> 1, tx |-> 1] ],
  [ shardfrom |-> 2,
    type |-> 8,
    from |-> 1,
    shardto |-> 1,
    to |-> 2,
    body |-> [b |-> 10, id |-> 1, tx |-> 1] ],
  [ shardfrom |-> 2,
    type |-> 8,
    from |-> 1,
    shardto |-> 1,
    to |-> 3,
    body |-> [b |-> 10, id |-> 1, tx |-> 1] ],
  [ shardfrom |-> 2,
    type |-> 8,
    from |-> 1,
    shardto |-> 2,
    to |-> 2,
    body |-> [b |-> 10, id |-> 1, tx |-> 1] ],
  [ shardfrom |-> 2,
    type |-> 8,
    from |-> 1,
    shardto |-> 2,
    to |-> 3,
    body |-> [b |-> 10, id |-> 1, tx |-> 1] ],
  [ shardfrom |-> 2,
    type |-> 9,
    from |-> 1,
    shardto |-> 2,
    to |-> 1,
    body |->
        [ b |-> 10,
          id |-> 1,
          tq |-> [t |-> 3, id |-> <<2, 1>>],
          abalq |-> 0,
          txq |-> 1,
          depq |-> {},
          phaseq |-> 2,
          rejectq |-> FALSE,
          Wq |-> {},
          WPq |-> {} ] ] }
/\ Qvar = << <<<<{}, {}>>, <<{}, {}>>, <<{}, {}>>>>,
   <<<<{}, {}>>, <<{}, {}>>, <<{}, {}>>>> >>
/\ ts = << << <<[t |-> 0, id |-> <<0, 0>>], [t |-> 0, id |-> <<0, 0>>]>>,
      <<[t |-> 0, id |-> <<0, 0>>], [t |-> 0, id |-> <<0, 0>>]>>,
      <<[t |-> 0, id |-> <<0, 0>>], [t |-> 0, id |-> <<0, 0>>]>> >>,
   << <<[t |-> 3, id |-> <<2, 1>>], [t |-> 0, id |-> <<0, 0>>]>>,
      <<[t |-> 0, id |-> <<0, 0>>], [t |-> 0, id |-> <<0, 0>>]>>,
      <<[t |-> 0, id |-> <<0, 0>>], [t |-> 0, id |-> <<0, 0>>]>> >> >>
/\ executeWaitingFlag = << <<<<FALSE, FALSE>>, <<FALSE, FALSE>>, <<FALSE, FALSE>>>>,
   <<<<FALSE, FALSE>>, <<FALSE, FALSE>>, <<FALSE, FALSE>>>> >>
/\ TXvar = << <<<<bottom, bottom>>, <<bottom, bottom>>, <<bottom, bottom>>>>,
   <<<<bottom, bottom>>, <<bottom, bottom>>, <<bottom, bottom>>>> >>
/\ recovered = <<<<<<0, 0>>, <<0, 0>>, <<0, 0>>>>, <<<<1, 0>>, <<0, 0>>, <<0, 0>>>>>>
/\ initCoord = <<<<2, 1>>, <<0, 0>>>>

State 4: <Next line 902, col 8 to line 910, col 25 of module AccordSpec>
/\ phase = <<<<<<1, 1>>, <<1, 1>>, <<1, 1>>>>, <<<<2, 1>>, <<1, 1>>, <<1, 1>>>>>>
/\ abal = <<<<<<0, 0>>, <<0, 0>>, <<0, 0>>>>, <<<<0, 0>>, <<0, 0>>, <<0, 0>>>>>>
/\ initTimestamp = << [t |-> 3, id |-> <<2, 1>>],
   [t |-> 2, id |-> <<0, 0>>],
   [t |-> 1, id |-> <<0, 0>>] >>
/\ bal = <<<<<<0, 0>>, <<0, 0>>, <<0, 0>>>>, <<<<10, 0>>, <<10, 0>>, <<0, 0>>>>>>
/\ txn = << <<<<bottom, bottom>>, <<bottom, bottom>>, <<bottom, bottom>>>>,
   <<<<1, bottom>>, <<1, bottom>>, <<bottom, bottom>>>> >>
/\ postWaitingFlag = << <<<<FALSE, FALSE>>, <<FALSE, FALSE>>, <<FALSE, FALSE>>>>,
   <<<<FALSE, FALSE>>, <<FALSE, FALSE>>, <<FALSE, FALSE>>>> >>
/\ relation = <<<<0, 0>>, <<0, 0>>>>
/\ executed = <<<<{}, {}, {}>>, <<{}, {}, {}>>>>
/\ Wvar = << <<<<{}, {}>>, <<{}, {}>>, <<{}, {}>>>>,
   <<<<{}, {}>>, <<{}, {}>>, <<{}, {}>>>> >>
/\ dep = << <<<<{}, {}>>, <<{}, {}>>, <<{}, {}>>>>,
   <<<<{}, {}>>, <<{}, {}>>, <<{}, {}>>>> >>
/\ recoveryAttemptBal = <<<<<<0, 0>>, <<0, 0>>, <<0, 0>>>>, <<<<0, 0>>, <<0, 0>>, <<0, 0>>>>>>
/\ submitted = {1}
/\ Dvar = << <<<<{}, {}>>, <<{}, {}>>, <<{}, {}>>>>,
   <<<<{}, {}>>, <<{}, {}>>, <<{}, {}>>>> >>
/\ msgs = { [ shardfrom |-> 2,
    type |-> 1,
    from |-> 1,
    shardto |-> 1,
    to |-> 1,
    body |-> [id |-> 1, tx |-> 1, D0 |-> {}] ],
  [ shardfrom |-> 2,
    type |-> 1,
    from |-> 1,
    shardto |-> 1,
    to |-> 2,
    body |-> [id |-> 1, tx |-> 1, D0 |-> {}] ],
  [ shardfrom |-> 2,
    type |-> 1,
    from |-> 1,
    shardto |-> 1,
    to |-> 3,
    body |-> [id |-> 1, tx |-> 1, D0 |-> {}] ],
  [ shardfrom |-> 2,
    type |-> 1,
    from |-> 1,
    shardto |-> 2,
    to |-> 2,
    body |-> [id |-> 1, tx |-> 1, D0 |-> {}] ],
  [ shardfrom |-> 2,
    type |-> 1,
    from |-> 1,
    shardto |-> 2,
    to |-> 3,
    body |-> [id |-> 1, tx |-> 1, D0 |-> {}] ],
  [ shardfrom |-> 2,
    type |-> 2,
    from |-> 1,
    shardto |-> 2,
    to |-> 1,
    body |-> [id |-> 1, tq |-> [t |-> 3, id |-> <<2, 1>>], Dq |-> {}] ],
  [ shardfrom |-> 2,
    type |-> 8,
    from |-> 1,
    shardto |-> 1,
    to |-> 1,
    body |-> [b |-> 10, id |-> 1, tx |-> 1] ],
  [ shardfrom |-> 2,
    type |-> 8,
    from |-> 1,
    shardto |-> 1,
    to |-> 2,
    body |-> [b |-> 10, id |-> 1, tx |-> 1] ],
  [ shardfrom |-> 2,
    type |-> 8,
    from |-> 1,
    shardto |-> 1,
    to |-> 3,
    body |-> [b |-> 10, id |-> 1, tx |-> 1] ],
  [ shardfrom |-> 2,
    type |-> 8,
    from |-> 1,
    shardto |-> 2,
    to |-> 3,
    body |-> [b |-> 10, id |-> 1, tx |-> 1] ],
  [ shardfrom |-> 2,
    type |-> 9,
    from |-> 1,
    shardto |-> 2,
    to |-> 1,
    body |->
        [ b |-> 10,
          id |-> 1,
          tq |-> [t |-> 3, id |-> <<2, 1>>],
          abalq |-> 0,
          txq |-> 1,
          depq |-> {},
          phaseq |-> 2,
          rejectq |-> FALSE,
          Wq |-> {},
          WPq |-> {} ] ],
  [ shardfrom |-> 2,
    type |-> 9,
    from |-> 2,
    shardto |-> 2,
    to |-> 1,
    body |->
        [ b |-> 10,
          id |-> 1,
          tq |-> [t |-> 0, id |-> <<0, 0>>],
          abalq |-> 0,
          txq |-> 1,
          depq |-> {},
          phaseq |-> 1,
          rejectq |-> FALSE,
          Wq |-> {},
          WPq |-> {} ] ] }
/\ Qvar = << <<<<{}, {}>>, <<{}, {}>>, <<{}, {}>>>>,
   <<<<{}, {}>>, <<{}, {}>>, <<{}, {}>>>> >>
/\ ts = << << <<[t |-> 0, id |-> <<0, 0>>], [t |-> 0, id |-> <<0, 0>>]>>,
      <<[t |-> 0, id |-> <<0, 0>>], [t |-> 0, id |-> <<0, 0>>]>>,
      <<[t |-> 0, id |-> <<0, 0>>], [t |-> 0, id |-> <<0, 0>>]>> >>,
   << <<[t |-> 3, id |-> <<2, 1>>], [t |-> 0, id |-> <<0, 0>>]>>,
      <<[t |-> 0, id |-> <<0, 0>>], [t |-> 0, id |-> <<0, 0>>]>>,
      <<[t |-> 0, id |-> <<0, 0>>], [t |-> 0, id |-> <<0, 0>>]>> >> >>
/\ executeWaitingFlag = << <<<<FALSE, FALSE>>, <<FALSE, FALSE>>, <<FALSE, FALSE>>>>,
   <<<<FALSE, FALSE>>, <<FALSE, FALSE>>, <<FALSE, FALSE>>>> >>
/\ TXvar = << <<<<bottom, bottom>>, <<bottom, bottom>>, <<bottom, bottom>>>>,
   <<<<bottom, bottom>>, <<bottom, bottom>>, <<bottom, bottom>>>> >>
/\ recovered = <<<<<<0, 0>>, <<0, 0>>, <<0, 0>>>>, <<<<1, 0>>, <<0, 0>>, <<0, 0>>>>>>
/\ initCoord = <<<<2, 1>>, <<0, 0>>>>

State 5: <Submit line 358, col 5 to line 378, col 146 of module AccordSpec>
/\ phase = <<<<<<1, 1>>, <<1, 2>>, <<1, 1>>>>, <<<<2, 1>>, <<1, 1>>, <<1, 1>>>>>>
/\ abal = <<<<<<0, 0>>, <<0, 0>>, <<0, 0>>>>, <<<<0, 0>>, <<0, 0>>, <<0, 0>>>>>>
/\ initTimestamp = << [t |-> 3, id |-> <<2, 1>>],
   [t |-> 2, id |-> <<1, 2>>],
   [t |-> 1, id |-> <<0, 0>>] >>
/\ bal = <<<<<<0, 0>>, <<0, 0>>, <<0, 0>>>>, <<<<10, 0>>, <<10, 0>>, <<0, 0>>>>>>
/\ txn = << <<<<bottom, bottom>>, <<bottom, 2>>, <<bottom, bottom>>>>,
   <<<<1, bottom>>, <<1, bottom>>, <<bottom, bottom>>>> >>
/\ postWaitingFlag = << <<<<FALSE, FALSE>>, <<FALSE, FALSE>>, <<FALSE, FALSE>>>>,
   <<<<FALSE, FALSE>>, <<FALSE, FALSE>>, <<FALSE, FALSE>>>> >>
/\ relation = <<<<0, 0>>, <<0, 0>>>>
/\ executed = <<<<{}, {}, {}>>, <<{}, {}, {}>>>>
/\ Wvar = << <<<<{}, {}>>, <<{}, {}>>, <<{}, {}>>>>,
   <<<<{}, {}>>, <<{}, {}>>, <<{}, {}>>>> >>
/\ dep = << <<<<{}, {}>>, <<{}, {}>>, <<{}, {}>>>>,
   <<<<{}, {}>>, <<{}, {}>>, <<{}, {}>>>> >>
/\ recoveryAttemptBal = <<<<<<0, 0>>, <<0, 0>>, <<0, 0>>>>, <<<<0, 0>>, <<0, 0>>, <<0, 0>>>>>>
/\ submitted = {1, 2}
/\ Dvar = << <<<<{}, {}>>, <<{}, {}>>, <<{}, {}>>>>,
   <<<<{}, {}>>, <<{}, {}>>, <<{}, {}>>>> >>
/\ msgs = { [ shardfrom |-> 1,
    type |-> 1,
    from |-> 2,
    shardto |-> 1,
    to |-> 1,
    body |-> [id |-> 2, tx |-> 2, D0 |-> {}] ],
  [ shardfrom |-> 1,
    type |-> 1,
    from |-> 2,
    shardto |-> 1,
    to |-> 3,
    body |-> [id |-> 2, tx |-> 2, D0 |-> {}] ],
  [ shardfrom |-> 1,
    type |-> 2,
    from |-> 2,
    shardto |-> 1,
    to |-> 2,
    body |-> [id |-> 2, tq |-> [t |-> 2, id |-> <<1, 2>>], Dq |-> {}] ],
  [ shardfrom |-> 2,
    type |-> 1,
    from |-> 1,
    shardto |-> 1,
    to |-> 1,
    body |-> [id |-> 1, tx |-> 1, D0 |-> {}] ],
  [ shardfrom |-> 2,
    type |-> 1,
    from |-> 1,
    shardto |-> 1,
    to |-> 2,
    body |-> [id |-> 1, tx |-> 1, D0 |-> {}] ],
  [ shardfrom |-> 2,
    type |-> 1,
    from |-> 1,
    shardto |-> 1,
    to |-> 3,
    body |-> [id |-> 1, tx |-> 1, D0 |-> {}] ],
  [ shardfrom |-> 2,
    type |-> 1,
    from |-> 1,
    shardto |-> 2,
    to |-> 2,
    body |-> [id |-> 1, tx |-> 1, D0 |-> {}] ],
  [ shardfrom |-> 2,
    type |-> 1,
    from |-> 1,
    shardto |-> 2,
    to |-> 3,
    body |-> [id |-> 1, tx |-> 1, D0 |-> {}] ],
  [ shardfrom |-> 2,
    type |-> 2,
    from |-> 1,
    shardto |-> 2,
    to |-> 1,
    body |-> [id |-> 1, tq |-> [t |-> 3, id |-> <<2, 1>>], Dq |-> {}] ],
  [ shardfrom |-> 2,
    type |-> 8,
    from |-> 1,
    shardto |-> 1,
    to |-> 1,
    body |-> [b |-> 10, id |-> 1, tx |-> 1] ],
  [ shardfrom |-> 2,
    type |-> 8,
    from |-> 1,
    shardto |-> 1,
    to |-> 2,
    body |-> [b |-> 10, id |-> 1, tx |-> 1] ],
  [ shardfrom |-> 2,
    type |-> 8,
    from |-> 1,
    shardto |-> 1,
    to |-> 3,
    body |-> [b |-> 10, id |-> 1, tx |-> 1] ],
  [ shardfrom |-> 2,
    type |-> 8,
    from |-> 1,
    shardto |-> 2,
    to |-> 3,
    body |-> [b |-> 10, id |-> 1, tx |-> 1] ],
  [ shardfrom |-> 2,
    type |-> 9,
    from |-> 1,
    shardto |-> 2,
    to |-> 1,
    body |->
        [ b |-> 10,
          id |-> 1,
          tq |-> [t |-> 3, id |-> <<2, 1>>],
          abalq |-> 0,
          txq |-> 1,
          depq |-> {},
          phaseq |-> 2,
          rejectq |-> FALSE,
          Wq |-> {},
          WPq |-> {} ] ],
  [ shardfrom |-> 2,
    type |-> 9,
    from |-> 2,
    shardto |-> 2,
    to |-> 1,
    body |->
        [ b |-> 10,
          id |-> 1,
          tq |-> [t |-> 0, id |-> <<0, 0>>],
          abalq |-> 0,
          txq |-> 1,
          depq |-> {},
          phaseq |-> 1,
          rejectq |-> FALSE,
          Wq |-> {},
          WPq |-> {} ] ] }
/\ Qvar = << <<<<{}, {}>>, <<{}, {}>>, <<{}, {}>>>>,
   <<<<{}, {}>>, <<{}, {}>>, <<{}, {}>>>> >>
/\ ts = << << <<[t |-> 0, id |-> <<0, 0>>], [t |-> 0, id |-> <<0, 0>>]>>,
      <<[t |-> 0, id |-> <<0, 0>>], [t |-> 2, id |-> <<1, 2>>]>>,
      <<[t |-> 0, id |-> <<0, 0>>], [t |-> 0, id |-> <<0, 0>>]>> >>,
   << <<[t |-> 3, id |-> <<2, 1>>], [t |-> 0, id |-> <<0, 0>>]>>,
      <<[t |-> 0, id |-> <<0, 0>>], [t |-> 0, id |-> <<0, 0>>]>>,
      <<[t |-> 0, id |-> <<0, 0>>], [t |-> 0, id |-> <<0, 0>>]>> >> >>
/\ executeWaitingFlag = << <<<<FALSE, FALSE>>, <<FALSE, FALSE>>, <<FALSE, FALSE>>>>,
   <<<<FALSE, FALSE>>, <<FALSE, FALSE>>, <<FALSE, FALSE>>>> >>
/\ TXvar = << <<<<bottom, bottom>>, <<bottom, bottom>>, <<bottom, bottom>>>>,
   <<<<bottom, bottom>>, <<bottom, bottom>>, <<bottom, bottom>>>> >>
/\ recovered = <<<<<<0, 0>>, <<0, 0>>, <<0, 0>>>>, <<<<1, 0>>, <<0, 0>>, <<0, 0>>>>>>
/\ initCoord = <<<<2, 1>>, <<1, 2>>>>

State 6: <StartRecover line 550, col 5 to line 575, col 160 of module AccordSpec>
/\ phase = <<<<<<1, 1>>, <<1, 2>>, <<1, 1>>>>, <<<<2, 1>>, <<1, 1>>, <<1, 1>>>>>>
/\ abal = <<<<<<0, 0>>, <<0, 0>>, <<0, 0>>>>, <<<<0, 0>>, <<0, 0>>, <<0, 0>>>>>>
/\ initTimestamp = << [t |-> 3, id |-> <<2, 1>>],
   [t |-> 2, id |-> <<1, 2>>],
   [t |-> 1, id |-> <<0, 0>>] >>
/\ bal = <<<<<<0, 0>>, <<0, 0>>, <<0, 0>>>>, <<<<10, 0>>, <<11, 0>>, <<0, 0>>>>>>
/\ txn = << <<<<bottom, bottom>>, <<bottom, 2>>, <<bottom, bottom>>>>,
   <<<<1, bottom>>, <<1, bottom>>, <<bottom, bottom>>>> >>
/\ postWaitingFlag = << <<<<FALSE, FALSE>>, <<FALSE, FALSE>>, <<FALSE, FALSE>>>>,
   <<<<FALSE, FALSE>>, <<FALSE, FALSE>>, <<FALSE, FALSE>>>> >>
/\ relation = <<<<0, 0>>, <<0, 0>>>>
/\ executed = <<<<{}, {}, {}>>, <<{}, {}, {}>>>>
/\ Wvar = << <<<<{}, {}>>, <<{}, {}>>, <<{}, {}>>>>,
   <<<<{}, {}>>, <<{}, {}>>, <<{}, {}>>>> >>
/\ dep = << <<<<{}, {}>>, <<{}, {}>>, <<{}, {}>>>>,
   <<<<{}, {}>>, <<{}, {}>>, <<{}, {}>>>> >>
/\ recoveryAttemptBal = <<<<<<0, 0>>, <<0, 0>>, <<0, 0>>>>, <<<<0, 0>>, <<0, 0>>, <<0, 0>>>>>>
/\ submitted = {1, 2}
/\ Dvar = << <<<<{}, {}>>, <<{}, {}>>, <<{}, {}>>>>,
   <<<<{}, {}>>, <<{}, {}>>, <<{}, {}>>>> >>
/\ msgs = { [ shardfrom |-> 1,
    type |-> 1,
    from |-> 2,
    shardto |-> 1,
    to |-> 1,
    body |-> [id |-> 2, tx |-> 2, D0 |-> {}] ],
  [ shardfrom |-> 1,
    type |-> 1,
    from |-> 2,
    shardto |-> 1,
    to |-> 3,
    body |-> [id |-> 2, tx |-> 2, D0 |-> {}] ],
  [ shardfrom |-> 1,
    type |-> 2,
    from |-> 2,
    shardto |-> 1,
    to |-> 2,
    body |-> [id |-> 2, tq |-> [t |-> 2, id |-> <<1, 2>>], Dq |-> {}] ],
  [ shardfrom |-> 2,
    type |-> 1,
    from |-> 1,
    shardto |-> 1,
    to |-> 1,
    body |-> [id |-> 1, tx |-> 1, D0 |-> {}] ],
  [ shardfrom |-> 2,
    type |-> 1,
    from |-> 1,
    shardto |-> 1,
    to |-> 2,
    body |-> [id |-> 1, tx |-> 1, D0 |-> {}] ],
  [ shardfrom |-> 2,
    type |-> 1,
    from |-> 1,
    shardto |-> 1,
    to |-> 3,
    body |-> [id |-> 1, tx |-> 1, D0 |-> {}] ],
  [ shardfrom |-> 2,
    type |-> 1,
    from |-> 1,
    shardto |-> 2,
    to |-> 2,
    body |-> [id |-> 1, tx |-> 1, D0 |-> {}] ],
  [ shardfrom |-> 2,
    type |-> 1,
    from |-> 1,
    shardto |-> 2,
    to |-> 3,
    body |-> [id |-> 1, tx |-> 1, D0 |-> {}] ],
  [ shardfrom |-> 2,
    type |-> 2,
    from |-> 1,
    shardto |-> 2,
    to |-> 1,
    body |-> [id |-> 1, tq |-> [t |-> 3, id |-> <<2, 1>>], Dq |-> {}] ],
  [ shardfrom |-> 2,
    type |-> 8,
    from |-> 1,
    shardto |-> 1,
    to |-> 1,
    body |-> [b |-> 10, id |-> 1, tx |-> 1] ],
  [ shardfrom |-> 2,
    type |-> 8,
    from |-> 1,
    shardto |-> 1,
    to |-> 2,
    body |-> [b |-> 10, id |-> 1, tx |-> 1] ],
  [ shardfrom |-> 2,
    type |-> 8,
    from |-> 1,
    shardto |-> 1,
    to |-> 3,
    body |-> [b |-> 10, id |-> 1, tx |-> 1] ],
  [ shardfrom |-> 2,
    type |-> 8,
    from |-> 1,
    shardto |-> 2,
    to |-> 3,
    body |-> [b |-> 10, id |-> 1, tx |-> 1] ],
  [ shardfrom |-> 2,
    type |-> 8,
    from |-> 2,
    shardto |-> 1,
    to |-> 1,
    body |-> [b |-> 11, id |-> 1, tx |-> 0] ],
  [ shardfrom |-> 2,
    type |-> 8,
    from |-> 2,
    shardto |-> 1,
    to |-> 2,
    body |-> [b |-> 11, id |-> 1, tx |-> 0] ],
  [ shardfrom |-> 2,
    type |-> 8,
    from |-> 2,
    shardto |-> 1,
    to |-> 3,
    body |-> [b |-> 11, id |-> 1, tx |-> 0] ],
  [ shardfrom |-> 2,
    type |-> 8,
    from |-> 2,
    shardto |-> 2,
    to |-> 1,
    body |-> [b |-> 11, id |-> 1, tx |-> 0] ],
  [ shardfrom |-> 2,
    type |-> 8,
    from |-> 2,
    shardto |-> 2,
    to |-> 3,
    body |-> [b |-> 11, id |-> 1, tx |-> 0] ],
  [ shardfrom |-> 2,
    type |-> 9,
    from |-> 1,
    shardto |-> 2,
    to |-> 1,
    body |->
        [ b |-> 10,
          id |-> 1,
          tq |-> [t |-> 3, id |-> <<2, 1>>],
          abalq |-> 0,
          txq |-> 1,
          depq |-> {},
          phaseq |-> 2,
          rejectq |-> FALSE,
          Wq |-> {},
          WPq |-> {} ] ],
  [ shardfrom |-> 2,
    type |-> 9,
    from |-> 2,
    shardto |-> 2,
    to |-> 1,
    body |->
        [ b |-> 10,
          id |-> 1,
          tq |-> [t |-> 0, id |-> <<0, 0>>],
          abalq |-> 0,
          txq |-> 1,
          depq |-> {},
          phaseq |-> 1,
          rejectq |-> FALSE,
          Wq |-> {},
          WPq |-> {} ] ],
  [ shardfrom |-> 2,
    type |-> 9,
    from |-> 2,
    shardto |-> 2,
    to |-> 2,
    body |->
        [ b |-> 11,
          id |-> 1,
          tq |-> [t |-> 0, id |-> <<0, 0>>],
          abalq |-> 0,
          txq |-> 0,
          depq |-> {},
          phaseq |-> 1,
          rejectq |-> FALSE,
          Wq |-> {},
          WPq |-> {} ] ] }
/\ Qvar = << <<<<{}, {}>>, <<{}, {}>>, <<{}, {}>>>>,
   <<<<{}, {}>>, <<{}, {}>>, <<{}, {}>>>> >>
/\ ts = << << <<[t |-> 0, id |-> <<0, 0>>], [t |-> 0, id |-> <<0, 0>>]>>,
      <<[t |-> 0, id |-> <<0, 0>>], [t |-> 2, id |-> <<1, 2>>]>>,
      <<[t |-> 0, id |-> <<0, 0>>], [t |-> 0, id |-> <<0, 0>>]>> >>,
   << <<[t |-> 3, id |-> <<2, 1>>], [t |-> 0, id |-> <<0, 0>>]>>,
      <<[t |-> 0, id |-> <<0, 0>>], [t |-> 0, id |-> <<0, 0>>]>>,
      <<[t |-> 0, id |-> <<0, 0>>], [t |-> 0, id |-> <<0, 0>>]>> >> >>
/\ executeWaitingFlag = << <<<<FALSE, FALSE>>, <<FALSE, FALSE>>, <<FALSE, FALSE>>>>,
   <<<<FALSE, FALSE>>, <<FALSE, FALSE>>, <<FALSE, FALSE>>>> >>
/\ TXvar = << <<<<bottom, bottom>>, <<bottom, bottom>>, <<bottom, bottom>>>>,
   <<<<bottom, bottom>>, <<bottom, bottom>>, <<bottom, bottom>>>> >>
/\ recovered = <<<<<<0, 0>>, <<0, 0>>, <<0, 0>>>>, <<<<1, 0>>, <<1, 0>>, <<0, 0>>>>>>
/\ initCoord = <<<<2, 1>>, <<1, 2>>>>

State 7: <Next line 902, col 8 to line 910, col 25 of module AccordSpec>
/\ phase = <<<<<<1, 2>>, <<1, 2>>, <<1, 1>>>>, <<<<2, 1>>, <<1, 1>>, <<1, 1>>>>>>
/\ abal = <<<<<<0, 0>>, <<0, 0>>, <<0, 0>>>>, <<<<0, 0>>, <<0, 0>>, <<0, 0>>>>>>
/\ initTimestamp = << [t |-> 3, id |-> <<2, 1>>],
   [t |-> 2, id |-> <<1, 2>>],
   [t |-> 1, id |-> <<0, 0>>] >>
/\ bal = <<<<<<0, 0>>, <<0, 0>>, <<0, 0>>>>, <<<<10, 0>>, <<11, 0>>, <<0, 0>>>>>>
/\ txn = << <<<<bottom, 2>>, <<bottom, 2>>, <<bottom, bottom>>>>,
   <<<<1, bottom>>, <<1, bottom>>, <<bottom, bottom>>>> >>
/\ postWaitingFlag = << <<<<FALSE, FALSE>>, <<FALSE, FALSE>>, <<FALSE, FALSE>>>>,
   <<<<FALSE, FALSE>>, <<FALSE, FALSE>>, <<FALSE, FALSE>>>> >>
/\ relation = <<<<0, 0>>, <<0, 0>>>>
/\ executed = <<<<{}, {}, {}>>, <<{}, {}, {}>>>>
/\ Wvar = << <<<<{}, {}>>, <<{}, {}>>, <<{}, {}>>>>,
   <<<<{}, {}>>, <<{}, {}>>, <<{}, {}>>>> >>
/\ dep = << <<<<{}, {}>>, <<{}, {}>>, <<{}, {}>>>>,
   <<<<{}, {}>>, <<{}, {}>>, <<{}, {}>>>> >>
/\ recoveryAttemptBal = <<<<<<0, 0>>, <<0, 0>>, <<0, 0>>>>, <<<<0, 0>>, <<0, 0>>, <<0, 0>>>>>>
/\ submitted = {1, 2}
/\ Dvar = << <<<<{}, {}>>, <<{}, {}>>, <<{}, {}>>>>,
   <<<<{}, {}>>, <<{}, {}>>, <<{}, {}>>>> >>
/\ msgs = { [ shardfrom |-> 1,
    type |-> 1,
    from |-> 2,
    shardto |-> 1,
    to |-> 3,
    body |-> [id |-> 2, tx |-> 2, D0 |-> {}] ],
  [ shardfrom |-> 1,
    type |-> 2,
    from |-> 1,
    shardto |-> 1,
    to |-> 2,
    body |-> [id |-> 2, tq |-> [t |-> 2, id |-> <<1, 2>>], Dq |-> {}] ],
  [ shardfrom |-> 1,
    type |-> 2,
    from |-> 2,
    shardto |-> 1,
    to |-> 2,
    body |-> [id |-> 2, tq |-> [t |-> 2, id |-> <<1, 2>>], Dq |-> {}] ],
  [ shardfrom |-> 2,
    type |-> 1,
    from |-> 1,
    shardto |-> 1,
    to |-> 1,
    body |-> [id |-> 1, tx |-> 1, D0 |-> {}] ],
  [ shardfrom |-> 2,
    type |-> 1,
    from |-> 1,
    shardto |-> 1,
    to |-> 2,
    body |-> [id |-> 1, tx |-> 1, D0 |-> {}] ],
  [ shardfrom |-> 2,
    type |-> 1,
    from |-> 1,
    shardto |-> 1,
    to |-> 3,
    body |-> [id |-> 1, tx |-> 1, D0 |-> {}] ],
  [ shardfrom |-> 2,
    type |-> 1,
    from |-> 1,
    shardto |-> 2,
    to |-> 2,
    body |-> [id |-> 1, tx |-> 1, D0 |-> {}] ],
  [ shardfrom |-> 2,
    type |-> 1,
    from |-> 1,
    shardto |-> 2,
    to |-> 3,
    body |-> [id |-> 1, tx |-> 1, D0 |-> {}] ],
  [ shardfrom |-> 2,
    type |-> 2,
    from |-> 1,
    shardto |-> 2,
    to |-> 1,
    body |-> [id |-> 1, tq |-> [t |-> 3, id |-> <<2, 1>>], Dq |-> {}] ],
  [ shardfrom |-> 2,
    type |-> 8,
    from |-> 1,
    shardto |-> 1,
    to |-> 1,
    body |-> [b |-> 10, id |-> 1, tx |-> 1] ],
  [ shardfrom |-> 2,
    type |-> 8,
    from |-> 1,
    shardto |-> 1,
    to |-> 2,
    body |-> [b |-> 10, id |-> 1, tx |-> 1] ],
  [ shardfrom |-> 2,
    type |-> 8,
    from |-> 1,
    shardto |-> 1,
    to |-> 3,
    body |-> [b |-> 10, id |-> 1, tx |-> 1] ],
  [ shardfrom |-> 2,
    type |-> 8,
    from |-> 1,
    shardto |-> 2,
    to |-> 3,
    body |-> [b |-> 10, id |-> 1, tx |-> 1] ],
  [ shardfrom |-> 2,
    type |-> 8,
    from |-> 2,
    shardto |-> 1,
    to |-> 1,
    body |-> [b |-> 11, id |-> 1, tx |-> 0] ],
  [ shardfrom |-> 2,
    type |-> 8,
    from |-> 2,
    shardto |-> 1,
    to |-> 2,
    body |-> [b |-> 11, id |-> 1, tx |-> 0] ],
  [ shardfrom |-> 2,
    type |-> 8,
    from |-> 2,
    shardto |-> 1,
    to |-> 3,
    body |-> [b |-> 11, id |-> 1, tx |-> 0] ],
  [ shardfrom |-> 2,
    type |-> 8,
    from |-> 2,
    shardto |-> 2,
    to |-> 1,
    body |-> [b |-> 11, id |-> 1, tx |-> 0] ],
  [ shardfrom |-> 2,
    type |-> 8,
    from |-> 2,
    shardto |-> 2,
    to |-> 3,
    body |-> [b |-> 11, id |-> 1, tx |-> 0] ],
  [ shardfrom |-> 2,
    type |-> 9,
    from |-> 1,
    shardto |-> 2,
    to |-> 1,
    body |->
        [ b |-> 10,
          id |-> 1,
          tq |-> [t |-> 3, id |-> <<2, 1>>],
          abalq |-> 0,
          txq |-> 1,
          depq |-> {},
          phaseq |-> 2,
          rejectq |-> FALSE,
          Wq |-> {},
          WPq |-> {} ] ],
  [ shardfrom |-> 2,
    type |-> 9,
    from |-> 2,
    shardto |-> 2,
    to |-> 1,
    body |->
        [ b |-> 10,
          id |-> 1,
          tq |-> [t |-> 0, id |-> <<0, 0>>],
          abalq |-> 0,
          txq |-> 1,
          depq |-> {},
          phaseq |-> 1,
          rejectq |-> FALSE,
          Wq |-> {},
          WPq |-> {} ] ],
  [ shardfrom |-> 2,
    type |-> 9,
    from |-> 2,
    shardto |-> 2,
    to |-> 2,
    body |->
        [ b |-> 11,
          id |-> 1,
          tq |-> [t |-> 0, id |-> <<0, 0>>],
          abalq |-> 0,
          txq |-> 0,
          depq |-> {},
          phaseq |-> 1,
          rejectq |-> FALSE,
          Wq |-> {},
          WPq |-> {} ] ] }
/\ Qvar = << <<<<{}, {}>>, <<{}, {}>>, <<{}, {}>>>>,
   <<<<{}, {}>>, <<{}, {}>>, <<{}, {}>>>> >>
/\ ts = << << <<[t |-> 0, id |-> <<0, 0>>], [t |-> 2, id |-> <<1, 2>>]>>,
      <<[t |-> 0, id |-> <<0, 0>>], [t |-> 2, id |-> <<1, 2>>]>>,
      <<[t |-> 0, id |-> <<0, 0>>], [t |-> 0, id |-> <<0, 0>>]>> >>,
   << <<[t |-> 3, id |-> <<2, 1>>], [t |-> 0, id |-> <<0, 0>>]>>,
      <<[t |-> 0, id |-> <<0, 0>>], [t |-> 0, id |-> <<0, 0>>]>>,
      <<[t |-> 0, id |-> <<0, 0>>], [t |-> 0, id |-> <<0, 0>>]>> >> >>
/\ executeWaitingFlag = << <<<<FALSE, FALSE>>, <<FALSE, FALSE>>, <<FALSE, FALSE>>>>,
   <<<<FALSE, FALSE>>, <<FALSE, FALSE>>, <<FALSE, FALSE>>>> >>
/\ TXvar = << <<<<bottom, bottom>>, <<bottom, bottom>>, <<bottom, bottom>>>>,
   <<<<bottom, bottom>>, <<bottom, bottom>>, <<bottom, bottom>>>> >>
/\ recovered = <<<<<<0, 0>>, <<0, 0>>, <<0, 0>>>>, <<<<1, 0>>, <<1, 0>>, <<0, 0>>>>>>
/\ initCoord = <<<<2, 1>>, <<1, 2>>>>

State 8: <Next line 902, col 8 to line 910, col 25 of module AccordSpec>
/\ phase = <<<<<<1, 2>>, <<1, 2>>, <<1, 1>>>>, <<<<2, 1>>, <<1, 1>>, <<2, 1>>>>>>
/\ abal = <<<<<<0, 0>>, <<0, 0>>, <<0, 0>>>>, <<<<0, 0>>, <<0, 0>>, <<0, 0>>>>>>
/\ initTimestamp = << [t |-> 3, id |-> <<2, 1>>],
   [t |-> 2, id |-> <<1, 2>>],
   [t |-> 1, id |-> <<0, 0>>] >>
/\ bal = <<<<<<0, 0>>, <<0, 0>>, <<0, 0>>>>, <<<<10, 0>>, <<11, 0>>, <<0, 0>>>>>>
/\ txn = << <<<<bottom, 2>>, <<bottom, 2>>, <<bottom, bottom>>>>,
   <<<<1, bottom>>, <<1, bottom>>, <<1, bottom>>>> >>
/\ postWaitingFlag = << <<<<FALSE, FALSE>>, <<FALSE, FALSE>>, <<FALSE, FALSE>>>>,
   <<<<FALSE, FALSE>>, <<FALSE, FALSE>>, <<FALSE, FALSE>>>> >>
/\ relation = <<<<0, 0>>, <<0, 0>>>>
/\ executed = <<<<{}, {}, {}>>, <<{}, {}, {}>>>>
/\ Wvar = << <<<<{}, {}>>, <<{}, {}>>, <<{}, {}>>>>,
   <<<<{}, {}>>, <<{}, {}>>, <<{}, {}>>>> >>
/\ dep = << <<<<{}, {}>>, <<{}, {}>>, <<{}, {}>>>>,
   <<<<{}, {}>>, <<{}, {}>>, <<{}, {}>>>> >>
/\ recoveryAttemptBal = <<<<<<0, 0>>, <<0, 0>>, <<0, 0>>>>, <<<<0, 0>>, <<0, 0>>, <<0, 0>>>>>>
/\ submitted = {1, 2}
/\ Dvar = << <<<<{}, {}>>, <<{}, {}>>, <<{}, {}>>>>,
   <<<<{}, {}>>, <<{}, {}>>, <<{}, {}>>>> >>
/\ msgs = { [ shardfrom |-> 1,
    type |-> 1,
    from |-> 2,
    shardto |-> 1,
    to |-> 3,
    body |-> [id |-> 2, tx |-> 2, D0 |-> {}] ],
  [ shardfrom |-> 1,
    type |-> 2,
    from |-> 1,
    shardto |-> 1,
    to |-> 2,
    body |-> [id |-> 2, tq |-> [t |-> 2, id |-> <<1, 2>>], Dq |-> {}] ],
  [ shardfrom |-> 1,
    type |-> 2,
    from |-> 2,
    shardto |-> 1,
    to |-> 2,
    body |-> [id |-> 2, tq |-> [t |-> 2, id |-> <<1, 2>>], Dq |-> {}] ],
  [ shardfrom |-> 2,
    type |-> 1,
    from |-> 1,
    shardto |-> 1,
    to |-> 1,
    body |-> [id |-> 1, tx |-> 1, D0 |-> {}] ],
  [ shardfrom |-> 2,
    type |-> 1,
    from |-> 1,
    shardto |-> 1,
    to |-> 2,
    body |-> [id |-> 1, tx |-> 1, D0 |-> {}] ],
  [ shardfrom |-> 2,
    type |-> 1,
    from |-> 1,
    shardto |-> 1,
    to |-> 3,
    body |-> [id |-> 1, tx |-> 1, D0 |-> {}] ],
  [ shardfrom |-> 2,
    type |-> 1,
    from |-> 1,
    shardto |-> 2,
    to |-> 2,
    body |-> [id |-> 1, tx |-> 1, D0 |-> {}] ],
  [ shardfrom |-> 2,
    type |-> 2,
    from |-> 1,
    shardto |-> 2,
    to |-> 1,
    body |-> [id |-> 1, tq |-> [t |-> 3, id |-> <<2, 1>>], Dq |-> {}] ],
  [ shardfrom |-> 2,
    type |-> 2,
    from |-> 3,
    shardto |-> 2,
    to |-> 1,
    body |-> [id |-> 1, tq |-> [t |-> 3, id |-> <<2, 1>>], Dq |-> {}] ],
  [ shardfrom |-> 2,
    type |-> 8,
    from |-> 1,
    shardto |-> 1,
    to |-> 1,
    body |-> [b |-> 10, id |-> 1, tx |-> 1] ],
  [ shardfrom |-> 2,
    type |-> 8,
    from |-> 1,
    shardto |-> 1,
    to |-> 2,
    body |-> [b |-> 10, id |-> 1, tx |-> 1] ],
  [ shardfrom |-> 2,
    type |-> 8,
    from |-> 1,
    shardto |-> 1,
    to |-> 3,
    body |-> [b |-> 10, id |-> 1, tx |-> 1] ],
  [ shardfrom |-> 2,
    type |-> 8,
    from |-> 1,
    shardto |-> 2,
    to |-> 3,
    body |-> [b |-> 10, id |-> 1, tx |-> 1] ],
  [ shardfrom |-> 2,
    type |-> 8,
    from |-> 2,
    shardto |-> 1,
    to |-> 1,
    body |-> [b |-> 11, id |-> 1, tx |-> 0] ],
  [ shardfrom |-> 2,
    type |-> 8,
    from |-> 2,
    shardto |-> 1,
    to |-> 2,
    body |-> [b |-> 11, id |-> 1, tx |-> 0] ],
  [ shardfrom |-> 2,
    type |-> 8,
    from |-> 2,
    shardto |-> 1,
    to |-> 3,
    body |-> [b |-> 11, id |-> 1, tx |-> 0] ],
  [ shardfrom |-> 2,
    type |-> 8,
    from |-> 2,
    shardto |-> 2,
    to |-> 1,
    body |-> [b |-> 11, id |-> 1, tx |-> 0] ],
  [ shardfrom |-> 2,
    type |-> 8,
    from |-> 2,
    shardto |-> 2,
    to |-> 3,
    body |-> [b |-> 11, id |-> 1, tx |-> 0] ],
  [ shardfrom |-> 2,
    type |-> 9,
    from |-> 1,
    shardto |-> 2,
    to |-> 1,
    body |->
        [ b |-> 10,
          id |-> 1,
          tq |-> [t |-> 3, id |-> <<2, 1>>],
          abalq |-> 0,
          txq |-> 1,
          depq |-> {},
          phaseq |-> 2,
          rejectq |-> FALSE,
          Wq |-> {},
          WPq |-> {} ] ],
  [ shardfrom |-> 2,
    type |-> 9,
    from |-> 2,
    shardto |-> 2,
    to |-> 1,
    body |->
        [ b |-> 10,
          id |-> 1,
          tq |-> [t |-> 0, id |-> <<0, 0>>],
          abalq |-> 0,
          txq |-> 1,
          depq |-> {},
          phaseq |-> 1,
          rejectq |-> FALSE,
          Wq |-> {},
          WPq |-> {} ] ],
  [ shardfrom |-> 2,
    type |-> 9,
    from |-> 2,
    shardto |-> 2,
    to |-> 2,
    body |->
        [ b |-> 11,
          id |-> 1,
          tq |-> [t |-> 0, id |-> <<0, 0>>],
          abalq |-> 0,
          txq |-> 0,
          depq |-> {},
          phaseq |-> 1,
          rejectq |-> FALSE,
          Wq |-> {},
          WPq |-> {} ] ] }
/\ Qvar = << <<<<{}, {}>>, <<{}, {}>>, <<{}, {}>>>>,
   <<<<{}, {}>>, <<{}, {}>>, <<{}, {}>>>> >>
/\ ts = << << <<[t |-> 0, id |-> <<0, 0>>], [t |-> 2, id |-> <<1, 2>>]>>,
      <<[t |-> 0, id |-> <<0, 0>>], [t |-> 2, id |-> <<1, 2>>]>>,
      <<[t |-> 0, id |-> <<0, 0>>], [t |-> 0, id |-> <<0, 0>>]>> >>,
   << <<[t |-> 3, id |-> <<2, 1>>], [t |-> 0, id |-> <<0, 0>>]>>,
      <<[t |-> 0, id |-> <<0, 0>>], [t |-> 0, id |-> <<0, 0>>]>>,
      <<[t |-> 3, id |-> <<2, 1>>], [t |-> 0, id |-> <<0, 0>>]>> >> >>
/\ executeWaitingFlag = << <<<<FALSE, FALSE>>, <<FALSE, FALSE>>, <<FALSE, FALSE>>>>,
   <<<<FALSE, FALSE>>, <<FALSE, FALSE>>, <<FALSE, FALSE>>>> >>
/\ TXvar = << <<<<bottom, bottom>>, <<bottom, bottom>>, <<bottom, bottom>>>>,
   <<<<bottom, bottom>>, <<bottom, bottom>>, <<bottom, bottom>>>> >>
/\ recovered = <<<<<<0, 0>>, <<0, 0>>, <<0, 0>>>>, <<<<1, 0>>, <<1, 0>>, <<0, 0>>>>>>
/\ initCoord = <<<<2, 1>>, <<1, 2>>>>

State 9: <StartRecover line 550, col 5 to line 575, col 160 of module AccordSpec>
/\ phase = <<<<<<1, 2>>, <<1, 2>>, <<1, 1>>>>, <<<<2, 1>>, <<1, 1>>, <<2, 1>>>>>>
/\ abal = <<<<<<0, 0>>, <<0, 0>>, <<0, 0>>>>, <<<<0, 0>>, <<0, 0>>, <<0, 0>>>>>>
/\ initTimestamp = << [t |-> 3, id |-> <<2, 1>>],
   [t |-> 2, id |-> <<1, 2>>],
   [t |-> 1, id |-> <<0, 0>>] >>
/\ bal = <<<<<<0, 7>>, <<0, 0>>, <<0, 0>>>>, <<<<10, 0>>, <<11, 0>>, <<0, 0>>>>>>
/\ txn = << <<<<bottom, 2>>, <<bottom, 2>>, <<bottom, bottom>>>>,
   <<<<1, bottom>>, <<1, bottom>>, <<1, bottom>>>> >>
/\ postWaitingFlag = << <<<<FALSE, FALSE>>, <<FALSE, FALSE>>, <<FALSE, FALSE>>>>,
   <<<<FALSE, FALSE>>, <<FALSE, FALSE>>, <<FALSE, FALSE>>>> >>
/\ relation = <<<<0, 0>>, <<0, 0>>>>
/\ executed = <<<<{}, {}, {}>>, <<{}, {}, {}>>>>
/\ Wvar = << <<<<{}, {}>>, <<{}, {}>>, <<{}, {}>>>>,
   <<<<{}, {}>>, <<{}, {}>>, <<{}, {}>>>> >>
/\ dep = << <<<<{}, {}>>, <<{}, {}>>, <<{}, {}>>>>,
   <<<<{}, {}>>, <<{}, {}>>, <<{}, {}>>>> >>
/\ recoveryAttemptBal = <<<<<<0, 0>>, <<0, 0>>, <<0, 0>>>>, <<<<0, 0>>, <<0, 0>>, <<0, 0>>>>>>
/\ submitted = {1, 2}
/\ Dvar = << <<<<{}, {}>>, <<{}, {}>>, <<{}, {}>>>>,
   <<<<{}, {}>>, <<{}, {}>>, <<{}, {}>>>> >>
/\ msgs = { [ shardfrom |-> 1,
    type |-> 1,
    from |-> 2,
    shardto |-> 1,
    to |-> 3,
    body |-> [id |-> 2, tx |-> 2, D0 |-> {}] ],
  [ shardfrom |-> 1,
    type |-> 2,
    from |-> 1,
    shardto |-> 1,
    to |-> 2,
    body |-> [id |-> 2, tq |-> [t |-> 2, id |-> <<1, 2>>], Dq |-> {}] ],
  [ shardfrom |-> 1,
    type |-> 2,
    from |-> 2,
    shardto |-> 1,
    to |-> 2,
    body |-> [id |-> 2, tq |-> [t |-> 2, id |-> <<1, 2>>], Dq |-> {}] ],
  [ shardfrom |-> 1,
    type |-> 8,
    from |-> 1,
    shardto |-> 1,
    to |-> 2,
    body |-> [b |-> 7, id |-> 2, tx |-> 2] ],
  [ shardfrom |-> 1,
    type |-> 8,
    from |-> 1,
    shardto |-> 1,
    to |-> 3,
    body |-> [b |-> 7, id |-> 2, tx |-> 2] ],
  [ shardfrom |-> 1,
    type |-> 9,
    from |-> 1,
    shardto |-> 1,
    to |-> 1,
    body |->
        [ b |-> 7,
          id |-> 2,
          tq |-> [t |-> 2, id |-> <<1, 2>>],
          abalq |-> 0,
          txq |-> 2,
          depq |-> {},
          phaseq |-> 2,
          rejectq |-> FALSE,
          Wq |-> {},
          WPq |-> {} ] ],
  [ shardfrom |-> 2,
    type |-> 1,
    from |-> 1,
    shardto |-> 1,
    to |-> 1,
    body |-> [id |-> 1, tx |-> 1, D0 |-> {}] ],
  [ shardfrom |-> 2,
    type |-> 1,
    from |-> 1,
    shardto |-> 1,
    to |-> 2,
    body |-> [id |-> 1, tx |-> 1, D0 |-> {}] ],
  [ shardfrom |-> 2,
    type |-> 1,
    from |-> 1,
    shardto |-> 1,
    to |-> 3,
    body |-> [id |-> 1, tx |-> 1, D0 |-> {}] ],
  [ shardfrom |-> 2,
    type |-> 1,
    from |-> 1,
    shardto |-> 2,
    to |-> 2,
    body |-> [id |-> 1, tx |-> 1, D0 |-> {}] ],
  [ shardfrom |-> 2,
    type |-> 2,
    from |-> 1,
    shardto |-> 2,
    to |-> 1,
    body |-> [id |-> 1, tq |-> [t |-> 3, id |-> <<2, 1>>], Dq |-> {}] ],
  [ shardfrom |-> 2,
    type |-> 2,
    from |-> 3,
    shardto |-> 2,
    to |-> 1,
    body |-> [id |-> 1, tq |-> [t |-> 3, id |-> <<2, 1>>], Dq |-> {}] ],
  [ shardfrom |-> 2,
    type |-> 8,
    from |-> 1,
    shardto |-> 1,
    to |-> 1,
    body |-> [b |-> 10, id |-> 1, tx |-> 1] ],
  [ shardfrom |-> 2,
    type |-> 8,
    from |-> 1,
    shardto |-> 1,
    to |-> 2,
    body |-> [b |-> 10, id |-> 1, tx |-> 1] ],
  [ shardfrom |-> 2,
    type |-> 8,
    from |-> 1,
    shardto |-> 1,
    to |-> 3,
    body |-> [b |-> 10, id |-> 1, tx |-> 1] ],
  [ shardfrom |-> 2,
    type |-> 8,
    from |-> 1,
    shardto |-> 2,
    to |-> 3,
    body |-> [b |-> 10, id |-> 1, tx |-> 1] ],
  [ shardfrom |-> 2,
    type |-> 8,
    from |-> 2,
    shardto |-> 1,
    to |-> 1,
    body |-> [b |-> 11, id |-> 1, tx |-> 0] ],
  [ shardfrom |-> 2,
    type |-> 8,
    from |-> 2,
    shardto |-> 1,
    to |-> 2,
    body |-> [b |-> 11, id |-> 1, tx |-> 0] ],
  [ shardfrom |-> 2,
    type |-> 8,
    from |-> 2,
    shardto |-> 1,
    to |-> 3,
    body |-> [b |-> 11, id |-> 1, tx |-> 0] ],
  [ shardfrom |-> 2,
    type |-> 8,
    from |-> 2,
    shardto |-> 2,
    to |-> 1,
    body |-> [b |-> 11, id |-> 1, tx |-> 0] ],
  [ shardfrom |-> 2,
    type |-> 8,
    from |-> 2,
    shardto |-> 2,
    to |-> 3,
    body |-> [b |-> 11, id |-> 1, tx |-> 0] ],
  [ shardfrom |-> 2,
    type |-> 9,
    from |-> 1,
    shardto |-> 2,
    to |-> 1,
    body |->
        [ b |-> 10,
          id |-> 1,
          tq |-> [t |-> 3, id |-> <<2, 1>>],
          abalq |-> 0,
          txq |-> 1,
          depq |-> {},
          phaseq |-> 2,
          rejectq |-> FALSE,
          Wq |-> {},
          WPq |-> {} ] ],
  [ shardfrom |-> 2,
    type |-> 9,
    from |-> 2,
    shardto |-> 2,
    to |-> 1,
    body |->
        [ b |-> 10,
          id |-> 1,
          tq |-> [t |-> 0, id |-> <<0, 0>>],
          abalq |-> 0,
          txq |-> 1,
          depq |-> {},
          phaseq |-> 1,
          rejectq |-> FALSE,
          Wq |-> {},
          WPq |-> {} ] ],
  [ shardfrom |-> 2,
    type |-> 9,
    from |-> 2,
    shardto |-> 2,
    to |-> 2,
    body |->
        [ b |-> 11,
          id |-> 1,
          tq |-> [t |-> 0, id |-> <<0, 0>>],
          abalq |-> 0,
          txq |-> 0,
          depq |-> {},
          phaseq |-> 1,
          rejectq |-> FALSE,
          Wq |-> {},
          WPq |-> {} ] ] }
/\ Qvar = << <<<<{}, {}>>, <<{}, {}>>, <<{}, {}>>>>,
   <<<<{}, {}>>, <<{}, {}>>, <<{}, {}>>>> >>
/\ ts = << << <<[t |-> 0, id |-> <<0, 0>>], [t |-> 2, id |-> <<1, 2>>]>>,
      <<[t |-> 0, id |-> <<0, 0>>], [t |-> 2, id |-> <<1, 2>>]>>,
      <<[t |-> 0, id |-> <<0, 0>>], [t |-> 0, id |-> <<0, 0>>]>> >>,
   << <<[t |-> 3, id |-> <<2, 1>>], [t |-> 0, id |-> <<0, 0>>]>>,
      <<[t |-> 0, id |-> <<0, 0>>], [t |-> 0, id |-> <<0, 0>>]>>,
      <<[t |-> 3, id |-> <<2, 1>>], [t |-> 0, id |-> <<0, 0>>]>> >> >>
/\ executeWaitingFlag = << <<<<FALSE, FALSE>>, <<FALSE, FALSE>>, <<FALSE, FALSE>>>>,
   <<<<FALSE, FALSE>>, <<FALSE, FALSE>>, <<FALSE, FALSE>>>> >>
/\ TXvar = << <<<<bottom, bottom>>, <<bottom, bottom>>, <<bottom, bottom>>>>,
   <<<<bottom, bottom>>, <<bottom, bottom>>, <<bottom, bottom>>>> >>
/\ recovered = <<<<<<0, 1>>, <<0, 0>>, <<0, 0>>>>, <<<<1, 0>>, <<1, 0>>, <<0, 0>>>>>>
/\ initCoord = <<<<2, 1>>, <<1, 2>>>>

State 10: <HandlePreAcceptOK line 403, col 5 to line 441, col 172 of module AccordSpec>
/\ phase = <<<<<<1, 2>>, <<1, 5>>, <<1, 1>>>>, <<<<2, 1>>, <<1, 1>>, <<2, 1>>>>>>
/\ abal = <<<<<<0, 0>>, <<0, 0>>, <<0, 0>>>>, <<<<0, 0>>, <<0, 0>>, <<0, 0>>>>>>
/\ initTimestamp = << [t |-> 3, id |-> <<2, 1>>],
   [t |-> 2, id |-> <<1, 2>>],
   [t |-> 1, id |-> <<0, 0>>] >>
/\ bal = <<<<<<0, 7>>, <<0, 0>>, <<0, 0>>>>, <<<<10, 0>>, <<11, 0>>, <<0, 0>>>>>>
/\ txn = << <<<<bottom, 2>>, <<bottom, 2>>, <<bottom, bottom>>>>,
   <<<<1, bottom>>, <<1, bottom>>, <<1, bottom>>>> >>
/\ postWaitingFlag = << <<<<FALSE, FALSE>>, <<FALSE, FALSE>>, <<FALSE, FALSE>>>>,
   <<<<FALSE, FALSE>>, <<FALSE, FALSE>>, <<FALSE, FALSE>>>> >>
/\ relation = <<<<0, 0>>, <<0, 0>>>>
/\ executed = <<<<{}, {}, {}>>, <<{}, {}, {}>>>>
/\ Wvar = << <<<<{}, {}>>, <<{}, {}>>, <<{}, {}>>>>,
   <<<<{}, {}>>, <<{}, {}>>, <<{}, {}>>>> >>
/\ dep = << <<<<{}, {}>>, <<{}, {}>>, <<{}, {}>>>>,
   <<<<{}, {}>>, <<{}, {}>>, <<{}, {}>>>> >>
/\ recoveryAttemptBal = <<<<<<0, 0>>, <<0, 0>>, <<0, 0>>>>, <<<<0, 0>>, <<0, 0>>, <<0, 0>>>>>>
/\ submitted = {1, 2}
/\ Dvar = << <<<<{}, {}>>, <<{}, {}>>, <<{}, {}>>>>,
   <<<<{}, {}>>, <<{}, {}>>, <<{}, {}>>>> >>
/\ msgs = { [ shardfrom |-> 1,
    type |-> 1,
    from |-> 2,
    shardto |-> 1,
    to |-> 3,
    body |-> [id |-> 2, tx |-> 2, D0 |-> {}] ],
  [ shardfrom |-> 1,
    type |-> 5,
    from |-> 2,
    shardto |-> 1,
    to |-> 1,
    body |->
        [ b |-> 0,
          t |-> [t |-> 2, id |-> <<1, 2>>],
          id |-> 2,
          tx |-> 2,
          D |-> {},
          fastOrSlow |-> 0 ] ],
  [ shardfrom |-> 1,
    type |-> 5,
    from |-> 2,
    shardto |-> 1,
    to |-> 3,
    body |->
        [ b |-> 0,
          t |-> [t |-> 2, id |-> <<1, 2>>],
          id |-> 2,
          tx |-> 2,
          D |-> {},
          fastOrSlow |-> 0 ] ],
  [ shardfrom |-> 1,
    type |-> 7,
    from |-> 2,
    shardto |-> 1,
    to |-> 1,
    body |-> [b |-> 0, id |-> 2] ],
  [ shardfrom |-> 1,
    type |-> 7,
    from |-> 2,
    shardto |-> 1,
    to |-> 3,
    body |-> [b |-> 0, id |-> 2] ],
  [ shardfrom |-> 1,
    type |-> 8,
    from |-> 1,
    shardto |-> 1,
    to |-> 2,
    body |-> [b |-> 7, id |-> 2, tx |-> 2] ],
  [ shardfrom |-> 1,
    type |-> 8,
    from |-> 1,
    shardto |-> 1,
    to |-> 3,
    body |-> [b |-> 7, id |-> 2, tx |-> 2] ],
  [ shardfrom |-> 1,
    type |-> 9,
    from |-> 1,
    shardto |-> 1,
    to |-> 1,
    body |->
        [ b |-> 7,
          id |-> 2,
          tq |-> [t |-> 2, id |-> <<1, 2>>],
          abalq |-> 0,
          txq |-> 2,
          depq |-> {},
          phaseq |-> 2,
          rejectq |-> FALSE,
          Wq |-> {},
          WPq |-> {} ] ],
  [ shardfrom |-> 2,
    type |-> 1,
    from |-> 1,
    shardto |-> 1,
    to |-> 1,
    body |-> [id |-> 1, tx |-> 1, D0 |-> {}] ],
  [ shardfrom |-> 2,
    type |-> 1,
    from |-> 1,
    shardto |-> 1,
    to |-> 2,
    body |-> [id |-> 1, tx |-> 1, D0 |-> {}] ],
  [ shardfrom |-> 2,
    type |-> 1,
    from |-> 1,
    shardto |-> 1,
    to |-> 3,
    body |-> [id |-> 1, tx |-> 1, D0 |-> {}] ],
  [ shardfrom |-> 2,
    type |-> 1,
    from |-> 1,
    shardto |-> 2,
    to |-> 2,
    body |-> [id |-> 1, tx |-> 1, D0 |-> {}] ],
  [ shardfrom |-> 2,
    type |-> 2,
    from |-> 1,
    shardto |-> 2,
    to |-> 1,
    body |-> [id |-> 1, tq |-> [t |-> 3, id |-> <<2, 1>>], Dq |-> {}] ],
  [ shardfrom |-> 2,
    type |-> 2,
    from |-> 3,
    shardto |-> 2,
    to |-> 1,
    body |-> [id |-> 1, tq |-> [t |-> 3, id |-> <<2, 1>>], Dq |-> {}] ],
  [ shardfrom |-> 2,
    type |-> 8,
    from |-> 1,
    shardto |-> 1,
    to |-> 1,
    body |-> [b |-> 10, id |-> 1, tx |-> 1] ],
  [ shardfrom |-> 2,
    type |-> 8,
    from |-> 1,
    shardto |-> 1,
    to |-> 2,
    body |-> [b |-> 10, id |-> 1, tx |-> 1] ],
  [ shardfrom |-> 2,
    type |-> 8,
    from |-> 1,
    shardto |-> 1,
    to |-> 3,
    body |-> [b |-> 10, id |-> 1, tx |-> 1] ],
  [ shardfrom |-> 2,
    type |-> 8,
    from |-> 1,
    shardto |-> 2,
    to |-> 3,
    body |-> [b |-> 10, id |-> 1, tx |-> 1] ],
  [ shardfrom |-> 2,
    type |-> 8,
    from |-> 2,
    shardto |-> 1,
    to |-> 1,
    body |-> [b |-> 11, id |-> 1, tx |-> 0] ],
  [ shardfrom |-> 2,
    type |-> 8,
    from |-> 2,
    shardto |-> 1,
    to |-> 2,
    body |-> [b |-> 11, id |-> 1, tx |-> 0] ],
  [ shardfrom |-> 2,
    type |-> 8,
    from |-> 2,
    shardto |-> 1,
    to |-> 3,
    body |-> [b |-> 11, id |-> 1, tx |-> 0] ],
  [ shardfrom |-> 2,
    type |-> 8,
    from |-> 2,
    shardto |-> 2,
    to |-> 1,
    body |-> [b |-> 11, id |-> 1, tx |-> 0] ],
  [ shardfrom |-> 2,
    type |-> 8,
    from |-> 2,
    shardto |-> 2,
    to |-> 3,
    body |-> [b |-> 11, id |-> 1, tx |-> 0] ],
  [ shardfrom |-> 2,
    type |-> 9,
    from |-> 1,
    shardto |-> 2,
    to |-> 1,
    body |->
        [ b |-> 10,
          id |-> 1,
          tq |-> [t |-> 3, id |-> <<2, 1>>],
          abalq |-> 0,
          txq |-> 1,
          depq |-> {},
          phaseq |-> 2,
          rejectq |-> FALSE,
          Wq |-> {},
          WPq |-> {} ] ],
  [ shardfrom |-> 2,
    type |-> 9,
    from |-> 2,
    shardto |-> 2,
    to |-> 1,
    body |->
        [ b |-> 10,
          id |-> 1,
          tq |-> [t |-> 0, id |-> <<0, 0>>],
          abalq |-> 0,
          txq |-> 1,
          depq |-> {},
          phaseq |-> 1,
          rejectq |-> FALSE,
          Wq |-> {},
          WPq |-> {} ] ],
  [ shardfrom |-> 2,
    type |-> 9,
    from |-> 2,
    shardto |-> 2,
    to |-> 2,
    body |->
        [ b |-> 11,
          id |-> 1,
          tq |-> [t |-> 0, id |-> <<0, 0>>],
          abalq |-> 0,
          txq |-> 0,
          depq |-> {},
          phaseq |-> 1,
          rejectq |-> FALSE,
          Wq |-> {},
          WPq |-> {} ] ] }
/\ Qvar = << <<<<{}, {}>>, <<{}, {}>>, <<{}, {}>>>>,
   <<<<{}, {}>>, <<{}, {}>>, <<{}, {}>>>> >>
/\ ts = << << <<[t |-> 0, id |-> <<0, 0>>], [t |-> 2, id |-> <<1, 2>>]>>,
      <<[t |-> 0, id |-> <<0, 0>>], [t |-> 2, id |-> <<1, 2>>]>>,
      <<[t |-> 0, id |-> <<0, 0>>], [t |-> 0, id |-> <<0, 0>>]>> >>,
   << <<[t |-> 3, id |-> <<2, 1>>], [t |-> 0, id |-> <<0, 0>>]>>,
      <<[t |-> 0, id |-> <<0, 0>>], [t |-> 0, id |-> <<0, 0>>]>>,
      <<[t |-> 3, id |-> <<2, 1>>], [t |-> 0, id |-> <<0, 0>>]>> >> >>
/\ executeWaitingFlag = << <<<<FALSE, FALSE>>, <<FALSE, FALSE>>, <<FALSE, FALSE>>>>,
   <<<<FALSE, FALSE>>, <<FALSE, FALSE>>, <<FALSE, FALSE>>>> >>
/\ TXvar = << <<<<bottom, bottom>>, <<bottom, bottom>>, <<bottom, bottom>>>>,
   <<<<bottom, bottom>>, <<bottom, bottom>>, <<bottom, bottom>>>> >>
/\ recovered = <<<<<<0, 1>>, <<0, 0>>, <<0, 0>>>>, <<<<1, 0>>, <<1, 0>>, <<0, 0>>>>>>
/\ initCoord = <<<<2, 1>>, <<1, 2>>>>

State 11: <StartExecute line 811, col 5 to line 818, col 184 of module AccordSpec>
/\ phase = <<<<<<1, 2>>, <<1, 5>>, <<1, 1>>>>, <<<<2, 1>>, <<1, 1>>, <<2, 1>>>>>>
/\ abal = <<<<<<0, 0>>, <<0, 0>>, <<0, 0>>>>, <<<<0, 0>>, <<0, 0>>, <<0, 0>>>>>>
/\ initTimestamp = << [t |-> 3, id |-> <<2, 1>>],
   [t |-> 2, id |-> <<1, 2>>],
   [t |-> 1, id |-> <<0, 0>>] >>
/\ bal = <<<<<<0, 7>>, <<0, 0>>, <<0, 0>>>>, <<<<10, 0>>, <<11, 0>>, <<0, 0>>>>>>
/\ txn = << <<<<bottom, 2>>, <<bottom, 2>>, <<bottom, bottom>>>>,
   <<<<1, bottom>>, <<1, bottom>>, <<1, bottom>>>> >>
/\ postWaitingFlag = << <<<<FALSE, FALSE>>, <<FALSE, FALSE>>, <<FALSE, FALSE>>>>,
   <<<<FALSE, FALSE>>, <<FALSE, FALSE>>, <<FALSE, FALSE>>>> >>
/\ relation = <<<<0, 0>>, <<0, 0>>>>
/\ executed = <<<<{}, {}, {}>>, <<{}, {}, {}>>>>
/\ Wvar = << <<<<{}, {}>>, <<{}, {}>>, <<{}, {}>>>>,
   <<<<{}, {}>>, <<{}, {}>>, <<{}, {}>>>> >>
/\ dep = << <<<<{}, {}>>, <<{}, {}>>, <<{}, {}>>>>,
   <<<<{}, {}>>, <<{}, {}>>, <<{}, {}>>>> >>
/\ recoveryAttemptBal = <<<<<<0, 0>>, <<0, 0>>, <<0, 0>>>>, <<<<0, 0>>, <<0, 0>>, <<0, 0>>>>>>
/\ submitted = {1, 2}
/\ Dvar = << <<<<{}, {}>>, <<{}, {}>>, <<{}, {}>>>>,
   <<<<{}, {}>>, <<{}, {}>>, <<{}, {}>>>> >>
/\ msgs = { [ shardfrom |-> 1,
    type |-> 1,
    from |-> 2,
    shardto |-> 1,
    to |-> 3,
    body |-> [id |-> 2, tx |-> 2, D0 |-> {}] ],
  [ shardfrom |-> 1,
    type |-> 5,
    from |-> 2,
    shardto |-> 1,
    to |-> 1,
    body |->
        [ b |-> 0,
          t |-> [t |-> 2, id |-> <<1, 2>>],
          id |-> 2,
          tx |-> 2,
          D |-> {},
          fastOrSlow |-> 0 ] ],
  [ shardfrom |-> 1,
    type |-> 5,
    from |-> 2,
    shardto |-> 1,
    to |-> 3,
    body |->
        [ b |-> 0,
          t |-> [t |-> 2, id |-> <<1, 2>>],
          id |-> 2,
          tx |-> 2,
          D |-> {},
          fastOrSlow |-> 0 ] ],
  [ shardfrom |-> 1,
    type |-> 7,
    from |-> 2,
    shardto |-> 1,
    to |-> 1,
    body |-> [b |-> 0, id |-> 2] ],
  [ shardfrom |-> 1,
    type |-> 7,
    from |-> 2,
    shardto |-> 1,
    to |-> 3,
    body |-> [b |-> 0, id |-> 2] ],
  [ shardfrom |-> 1,
    type |-> 8,
    from |-> 1,
    shardto |-> 1,
    to |-> 2,
    body |-> [b |-> 7, id |-> 2, tx |-> 2] ],
  [ shardfrom |-> 1,
    type |-> 8,
    from |-> 1,
    shardto |-> 1,
    to |-> 3,
    body |-> [b |-> 7, id |-> 2, tx |-> 2] ],
  [ shardfrom |-> 1,
    type |-> 9,
    from |-> 1,
    shardto |-> 1,
    to |-> 1,
    body |->
        [ b |-> 7,
          id |-> 2,
          tq |-> [t |-> 2, id |-> <<1, 2>>],
          abalq |-> 0,
          txq |-> 2,
          depq |-> {},
          phaseq |-> 2,
          rejectq |-> FALSE,
          Wq |-> {},
          WPq |-> {} ] ],
  [ shardfrom |-> 1,
    type |-> 10,
    from |-> 2,
    shardto |-> 1,
    to |-> 2,
    body |-> [id |-> 2] ],
  [ shardfrom |-> 2,
    type |-> 1,
    from |-> 1,
    shardto |-> 1,
    to |-> 1,
    body |-> [id |-> 1, tx |-> 1, D0 |-> {}] ],
  [ shardfrom |-> 2,
    type |-> 1,
    from |-> 1,
    shardto |-> 1,
    to |-> 2,
    body |-> [id |-> 1, tx |-> 1, D0 |-> {}] ],
  [ shardfrom |-> 2,
    type |-> 1,
    from |-> 1,
    shardto |-> 1,
    to |-> 3,
    body |-> [id |-> 1, tx |-> 1, D0 |-> {}] ],
  [ shardfrom |-> 2,
    type |-> 1,
    from |-> 1,
    shardto |-> 2,
    to |-> 2,
    body |-> [id |-> 1, tx |-> 1, D0 |-> {}] ],
  [ shardfrom |-> 2,
    type |-> 2,
    from |-> 1,
    shardto |-> 2,
    to |-> 1,
    body |-> [id |-> 1, tq |-> [t |-> 3, id |-> <<2, 1>>], Dq |-> {}] ],
  [ shardfrom |-> 2,
    type |-> 2,
    from |-> 3,
    shardto |-> 2,
    to |-> 1,
    body |-> [id |-> 1, tq |-> [t |-> 3, id |-> <<2, 1>>], Dq |-> {}] ],
  [ shardfrom |-> 2,
    type |-> 8,
    from |-> 1,
    shardto |-> 1,
    to |-> 1,
    body |-> [b |-> 10, id |-> 1, tx |-> 1] ],
  [ shardfrom |-> 2,
    type |-> 8,
    from |-> 1,
    shardto |-> 1,
    to |-> 2,
    body |-> [b |-> 10, id |-> 1, tx |-> 1] ],
  [ shardfrom |-> 2,
    type |-> 8,
    from |-> 1,
    shardto |-> 1,
    to |-> 3,
    body |-> [b |-> 10, id |-> 1, tx |-> 1] ],
  [ shardfrom |-> 2,
    type |-> 8,
    from |-> 1,
    shardto |-> 2,
    to |-> 3,
    body |-> [b |-> 10, id |-> 1, tx |-> 1] ],
  [ shardfrom |-> 2,
    type |-> 8,
    from |-> 2,
    shardto |-> 1,
    to |-> 1,
    body |-> [b |-> 11, id |-> 1, tx |-> 0] ],
  [ shardfrom |-> 2,
    type |-> 8,
    from |-> 2,
    shardto |-> 1,
    to |-> 2,
    body |-> [b |-> 11, id |-> 1, tx |-> 0] ],
  [ shardfrom |-> 2,
    type |-> 8,
    from |-> 2,
    shardto |-> 1,
    to |-> 3,
    body |-> [b |-> 11, id |-> 1, tx |-> 0] ],
  [ shardfrom |-> 2,
    type |-> 8,
    from |-> 2,
    shardto |-> 2,
    to |-> 1,
    body |-> [b |-> 11, id |-> 1, tx |-> 0] ],
  [ shardfrom |-> 2,
    type |-> 8,
    from |-> 2,
    shardto |-> 2,
    to |-> 3,
    body |-> [b |-> 11, id |-> 1, tx |-> 0] ],
  [ shardfrom |-> 2,
    type |-> 9,
    from |-> 1,
    shardto |-> 2,
    to |-> 1,
    body |->
        [ b |-> 10,
          id |-> 1,
          tq |-> [t |-> 3, id |-> <<2, 1>>],
          abalq |-> 0,
          txq |-> 1,
          depq |-> {},
          phaseq |-> 2,
          rejectq |-> FALSE,
          Wq |-> {},
          WPq |-> {} ] ],
  [ shardfrom |-> 2,
    type |-> 9,
    from |-> 2,
    shardto |-> 2,
    to |-> 1,
    body |->
        [ b |-> 10,
          id |-> 1,
          tq |-> [t |-> 0, id |-> <<0, 0>>],
          abalq |-> 0,
          txq |-> 1,
          depq |-> {},
          phaseq |-> 1,
          rejectq |-> FALSE,
          Wq |-> {},
          WPq |-> {} ] ],
  [ shardfrom |-> 2,
    type |-> 9,
    from |-> 2,
    shardto |-> 2,
    to |-> 2,
    body |->
        [ b |-> 11,
          id |-> 1,
          tq |-> [t |-> 0, id |-> <<0, 0>>],
          abalq |-> 0,
          txq |-> 0,
          depq |-> {},
          phaseq |-> 1,
          rejectq |-> FALSE,
          Wq |-> {},
          WPq |-> {} ] ] }
/\ Qvar = << <<<<{}, {}>>, <<{}, {}>>, <<{}, {}>>>>,
   <<<<{}, {}>>, <<{}, {}>>, <<{}, {}>>>> >>
/\ ts = << << <<[t |-> 0, id |-> <<0, 0>>], [t |-> 2, id |-> <<1, 2>>]>>,
      <<[t |-> 0, id |-> <<0, 0>>], [t |-> 2, id |-> <<1, 2>>]>>,
      <<[t |-> 0, id |-> <<0, 0>>], [t |-> 0, id |-> <<0, 0>>]>> >>,
   << <<[t |-> 3, id |-> <<2, 1>>], [t |-> 0, id |-> <<0, 0>>]>>,
      <<[t |-> 0, id |-> <<0, 0>>], [t |-> 0, id |-> <<0, 0>>]>>,
      <<[t |-> 3, id |-> <<2, 1>>], [t |-> 0, id |-> <<0, 0>>]>> >> >>
/\ executeWaitingFlag = << <<<<FALSE, FALSE>>, <<FALSE, TRUE>>, <<FALSE, FALSE>>>>,
   <<<<FALSE, FALSE>>, <<FALSE, FALSE>>, <<FALSE, FALSE>>>> >>
/\ TXvar = << <<<<bottom, bottom>>, <<bottom, bottom>>, <<bottom, bottom>>>>,
   <<<<bottom, bottom>>, <<bottom, bottom>>, <<bottom, bottom>>>> >>
/\ recovered = <<<<<<0, 1>>, <<0, 0>>, <<0, 0>>>>, <<<<1, 0>>, <<1, 0>>, <<0, 0>>>>>>
/\ initCoord = <<<<2, 1>>, <<1, 2>>>>

State 12: <StartRecover line 550, col 5 to line 575, col 160 of module AccordSpec>
/\ phase = <<<<<<1, 2>>, <<1, 5>>, <<1, 1>>>>, <<<<2, 1>>, <<1, 1>>, <<2, 1>>>>>>
/\ abal = <<<<<<0, 0>>, <<0, 0>>, <<0, 0>>>>, <<<<0, 0>>, <<0, 0>>, <<0, 0>>>>>>
/\ initTimestamp = << [t |-> 3, id |-> <<2, 1>>],
   [t |-> 2, id |-> <<1, 2>>],
   [t |-> 1, id |-> <<0, 0>>] >>
/\ bal = <<<<<<0, 7>>, <<0, 0>>, <<0, 0>>>>, <<<<10, 0>>, <<11, 0>>, <<6, 0>>>>>>
/\ txn = << <<<<bottom, 2>>, <<bottom, 2>>, <<bottom, bottom>>>>,
   <<<<1, bottom>>, <<1, bottom>>, <<1, bottom>>>> >>
/\ postWaitingFlag = << <<<<FALSE, FALSE>>, <<FALSE, FALSE>>, <<FALSE, FALSE>>>>,
   <<<<FALSE, FALSE>>, <<FALSE, FALSE>>, <<FALSE, FALSE>>>> >>
/\ relation = <<<<0, 0>>, <<0, 0>>>>
/\ executed = <<<<{}, {}, {}>>, <<{}, {}, {}>>>>
/\ Wvar = << <<<<{}, {}>>, <<{}, {}>>, <<{}, {}>>>>,
   <<<<{}, {}>>, <<{}, {}>>, <<{}, {}>>>> >>
/\ dep = << <<<<{}, {}>>, <<{}, {}>>, <<{}, {}>>>>,
   <<<<{}, {}>>, <<{}, {}>>, <<{}, {}>>>> >>
/\ recoveryAttemptBal = <<<<<<0, 0>>, <<0, 0>>, <<0, 0>>>>, <<<<0, 0>>, <<0, 0>>, <<0, 0>>>>>>
/\ submitted = {1, 2}
/\ Dvar = << <<<<{}, {}>>, <<{}, {}>>, <<{}, {}>>>>,
   <<<<{}, {}>>, <<{}, {}>>, <<{}, {}>>>> >>
/\ msgs = { [ shardfrom |-> 1,
    type |-> 1,
    from |-> 2,
    shardto |-> 1,
    to |-> 3,
    body |-> [id |-> 2, tx |-> 2, D0 |-> {}] ],
  [ shardfrom |-> 1,
    type |-> 5,
    from |-> 2,
    shardto |-> 1,
    to |-> 1,
    body |->
        [ b |-> 0,
          t |-> [t |-> 2, id |-> <<1, 2>>],
          id |-> 2,
          tx |-> 2,
          D |-> {},
          fastOrSlow |-> 0 ] ],
  [ shardfrom |-> 1,
    type |-> 5,
    from |-> 2,
    shardto |-> 1,
    to |-> 3,
    body |->
        [ b |-> 0,
          t |-> [t |-> 2, id |-> <<1, 2>>],
          id |-> 2,
          tx |-> 2,
          D |-> {},
          fastOrSlow |-> 0 ] ],
  [ shardfrom |-> 1,
    type |-> 7,
    from |-> 2,
    shardto |-> 1,
    to |-> 1,
    body |-> [b |-> 0, id |-> 2] ],
  [ shardfrom |-> 1,
    type |-> 7,
    from |-> 2,
    shardto |-> 1,
    to |-> 3,
    body |-> [b |-> 0, id |-> 2] ],
  [ shardfrom |-> 1,
    type |-> 8,
    from |-> 1,
    shardto |-> 1,
    to |-> 2,
    body |-> [b |-> 7, id |-> 2, tx |-> 2] ],
  [ shardfrom |-> 1,
    type |-> 8,
    from |-> 1,
    shardto |-> 1,
    to |-> 3,
    body |-> [b |-> 7, id |-> 2, tx |-> 2] ],
  [ shardfrom |-> 1,
    type |-> 9,
    from |-> 1,
    shardto |-> 1,
    to |-> 1,
    body |->
        [ b |-> 7,
          id |-> 2,
          tq |-> [t |-> 2, id |-> <<1, 2>>],
          abalq |-> 0,
          txq |-> 2,
          depq |-> {},
          phaseq |-> 2,
          rejectq |-> FALSE,
          Wq |-> {},
          WPq |-> {} ] ],
  [ shardfrom |-> 1,
    type |-> 10,
    from |-> 2,
    shardto |-> 1,
    to |-> 2,
    body |-> [id |-> 2] ],
  [ shardfrom |-> 2,
    type |-> 1,
    from |-> 1,
    shardto |-> 1,
    to |-> 1,
    body |-> [id |-> 1, tx |-> 1, D0 |-> {}] ],
  [ shardfrom |-> 2,
    type |-> 1,
    from |-> 1,
    shardto |-> 1,
    to |-> 2,
    body |-> [id |-> 1, tx |-> 1, D0 |-> {}] ],
  [ shardfrom |-> 2,
    type |-> 1,
    from |-> 1,
    shardto |-> 1,
    to |-> 3,
    body |-> [id |-> 1, tx |-> 1, D0 |-> {}] ],
  [ shardfrom |-> 2,
    type |-> 1,
    from |-> 1,
    shardto |-> 2,
    to |-> 2,
    body |-> [id |-> 1, tx |-> 1, D0 |-> {}] ],
  [ shardfrom |-> 2,
    type |-> 2,
    from |-> 1,
    shardto |-> 2,
    to |-> 1,
    body |-> [id |-> 1, tq |-> [t |-> 3, id |-> <<2, 1>>], Dq |-> {}] ],
  [ shardfrom |-> 2,
    type |-> 2,
    from |-> 3,
    shardto |-> 2,
    to |-> 1,
    body |-> [id |-> 1, tq |-> [t |-> 3, id |-> <<2, 1>>], Dq |-> {}] ],
  [ shardfrom |-> 2,
    type |-> 8,
    from |-> 1,
    shardto |-> 1,
    to |-> 1,
    body |-> [b |-> 10, id |-> 1, tx |-> 1] ],
  [ shardfrom |-> 2,
    type |-> 8,
    from |-> 1,
    shardto |-> 1,
    to |-> 2,
    body |-> [b |-> 10, id |-> 1, tx |-> 1] ],
  [ shardfrom |-> 2,
    type |-> 8,
    from |-> 1,
    shardto |-> 1,
    to |-> 3,
    body |-> [b |-> 10, id |-> 1, tx |-> 1] ],
  [ shardfrom |-> 2,
    type |-> 8,
    from |-> 1,
    shardto |-> 2,
    to |-> 3,
    body |-> [b |-> 10, id |-> 1, tx |-> 1] ],
  [ shardfrom |-> 2,
    type |-> 8,
    from |-> 2,
    shardto |-> 1,
    to |-> 1,
    body |-> [b |-> 11, id |-> 1, tx |-> 0] ],
  [ shardfrom |-> 2,
    type |-> 8,
    from |-> 2,
    shardto |-> 1,
    to |-> 2,
    body |-> [b |-> 11, id |-> 1, tx |-> 0] ],
  [ shardfrom |-> 2,
    type |-> 8,
    from |-> 2,
    shardto |-> 1,
    to |-> 3,
    body |-> [b |-> 11, id |-> 1, tx |-> 0] ],
  [ shardfrom |-> 2,
    type |-> 8,
    from |-> 2,
    shardto |-> 2,
    to |-> 1,
    body |-> [b |-> 11, id |-> 1, tx |-> 0] ],
  [ shardfrom |-> 2,
    type |-> 8,
    from |-> 2,
    shardto |-> 2,
    to |-> 3,
    body |-> [b |-> 11, id |-> 1, tx |-> 0] ],
  [ shardfrom |-> 2,
    type |-> 8,
    from |-> 3,
    shardto |-> 1,
    to |-> 1,
    body |-> [b |-> 6, id |-> 1, tx |-> 1] ],
  [ shardfrom |-> 2,
    type |-> 8,
    from |-> 3,
    shardto |-> 1,
    to |-> 2,
    body |-> [b |-> 6, id |-> 1, tx |-> 1] ],
  [ shardfrom |-> 2,
    type |-> 8,
    from |-> 3,
    shardto |-> 1,
    to |-> 3,
    body |-> [b |-> 6, id |-> 1, tx |-> 1] ],
  [ shardfrom |-> 2,
    type |-> 8,
    from |-> 3,
    shardto |-> 2,
    to |-> 1,
    body |-> [b |-> 6, id |-> 1, tx |-> 1] ],
  [ shardfrom |-> 2,
    type |-> 8,
    from |-> 3,
    shardto |-> 2,
    to |-> 2,
    body |-> [b |-> 6, id |-> 1, tx |-> 1] ],
  [ shardfrom |-> 2,
    type |-> 9,
    from |-> 1,
    shardto |-> 2,
    to |-> 1,
    body |->
        [ b |-> 10,
          id |-> 1,
          tq |-> [t |-> 3, id |-> <<2, 1>>],
          abalq |-> 0,
          txq |-> 1,
          depq |-> {},
          phaseq |-> 2,
          rejectq |-> FALSE,
          Wq |-> {},
          WPq |-> {} ] ],
  [ shardfrom |-> 2,
    type |-> 9,
    from |-> 2,
    shardto |-> 2,
    to |-> 1,
    body |->
        [ b |-> 10,
          id |-> 1,
          tq |-> [t |-> 0, id |-> <<0, 0>>],
          abalq |-> 0,
          txq |-> 1,
          depq |-> {},
          phaseq |-> 1,
          rejectq |-> FALSE,
          Wq |-> {},
          WPq |-> {} ] ],
  [ shardfrom |-> 2,
    type |-> 9,
    from |-> 2,
    shardto |-> 2,
    to |-> 2,
    body |->
        [ b |-> 11,
          id |-> 1,
          tq |-> [t |-> 0, id |-> <<0, 0>>],
          abalq |-> 0,
          txq |-> 0,
          depq |-> {},
          phaseq |-> 1,
          rejectq |-> FALSE,
          Wq |-> {},
          WPq |-> {} ] ],
  [ shardfrom |-> 2,
    type |-> 9,
    from |-> 3,
    shardto |-> 2,
    to |-> 3,
    body |->
        [ b |-> 6,
          id |-> 1,
          tq |-> [t |-> 3, id |-> <<2, 1>>],
          abalq |-> 0,
          txq |-> 1,
          depq |-> {},
          phaseq |-> 2,
          rejectq |-> FALSE,
          Wq |-> {},
          WPq |-> {} ] ] }
/\ Qvar = << <<<<{}, {}>>, <<{}, {}>>, <<{}, {}>>>>,
   <<<<{}, {}>>, <<{}, {}>>, <<{}, {}>>>> >>
/\ ts = << << <<[t |-> 0, id |-> <<0, 0>>], [t |-> 2, id |-> <<1, 2>>]>>,
      <<[t |-> 0, id |-> <<0, 0>>], [t |-> 2, id |-> <<1, 2>>]>>,
      <<[t |-> 0, id |-> <<0, 0>>], [t |-> 0, id |-> <<0, 0>>]>> >>,
   << <<[t |-> 3, id |-> <<2, 1>>], [t |-> 0, id |-> <<0, 0>>]>>,
      <<[t |-> 0, id |-> <<0, 0>>], [t |-> 0, id |-> <<0, 0>>]>>,
      <<[t |-> 3, id |-> <<2, 1>>], [t |-> 0, id |-> <<0, 0>>]>> >> >>
/\ executeWaitingFlag = << <<<<FALSE, FALSE>>, <<FALSE, TRUE>>, <<FALSE, FALSE>>>>,
   <<<<FALSE, FALSE>>, <<FALSE, FALSE>>, <<FALSE, FALSE>>>> >>
/\ TXvar = << <<<<bottom, bottom>>, <<bottom, bottom>>, <<bottom, bottom>>>>,
   <<<<bottom, bottom>>, <<bottom, bottom>>, <<bottom, bottom>>>> >>
/\ recovered = <<<<<<0, 1>>, <<0, 0>>, <<0, 0>>>>, <<<<1, 0>>, <<1, 0>>, <<1, 0>>>>>>
/\ initCoord = <<<<2, 1>>, <<1, 2>>>>

State 13: <Next line 902, col 8 to line 910, col 25 of module AccordSpec>
/\ phase = <<<<<<2, 2>>, <<1, 5>>, <<1, 1>>>>, <<<<2, 1>>, <<1, 1>>, <<2, 1>>>>>>
/\ abal = <<<<<<0, 0>>, <<0, 0>>, <<0, 0>>>>, <<<<0, 0>>, <<0, 0>>, <<0, 0>>>>>>
/\ initTimestamp = << [t |-> 3, id |-> <<2, 1>>],
   [t |-> 2, id |-> <<1, 2>>],
   [t |-> 1, id |-> <<0, 0>>] >>
/\ bal = <<<<<<0, 7>>, <<0, 0>>, <<0, 0>>>>, <<<<10, 0>>, <<11, 0>>, <<6, 0>>>>>>
/\ txn = << <<<<1, 2>>, <<bottom, 2>>, <<bottom, bottom>>>>,
   <<<<1, bottom>>, <<1, bottom>>, <<1, bottom>>>> >>
/\ postWaitingFlag = << <<<<FALSE, FALSE>>, <<FALSE, FALSE>>, <<FALSE, FALSE>>>>,
   <<<<FALSE, FALSE>>, <<FALSE, FALSE>>, <<FALSE, FALSE>>>> >>
/\ relation = <<<<0, 0>>, <<0, 0>>>>
/\ executed = <<<<{}, {}, {}>>, <<{}, {}, {}>>>>
/\ Wvar = << <<<<{}, {}>>, <<{}, {}>>, <<{}, {}>>>>,
   <<<<{}, {}>>, <<{}, {}>>, <<{}, {}>>>> >>
/\ dep = << <<<<{}, {}>>, <<{}, {}>>, <<{}, {}>>>>,
   <<<<{}, {}>>, <<{}, {}>>, <<{}, {}>>>> >>
/\ recoveryAttemptBal = <<<<<<0, 0>>, <<0, 0>>, <<0, 0>>>>, <<<<0, 0>>, <<0, 0>>, <<0, 0>>>>>>
/\ submitted = {1, 2}
/\ Dvar = << <<<<{}, {}>>, <<{}, {}>>, <<{}, {}>>>>,
   <<<<{}, {}>>, <<{}, {}>>, <<{}, {}>>>> >>
/\ msgs = { [ shardfrom |-> 1,
    type |-> 1,
    from |-> 2,
    shardto |-> 1,
    to |-> 3,
    body |-> [id |-> 2, tx |-> 2, D0 |-> {}] ],
  [ shardfrom |-> 1,
    type |-> 2,
    from |-> 1,
    shardto |-> 2,
    to |-> 1,
    body |-> [id |-> 1, tq |-> [t |-> 3, id |-> <<2, 1>>], Dq |-> {2}] ],
  [ shardfrom |-> 1,
    type |-> 5,
    from |-> 2,
    shardto |-> 1,
    to |-> 1,
    body |->
        [ b |-> 0,
          t |-> [t |-> 2, id |-> <<1, 2>>],
          id |-> 2,
          tx |-> 2,
          D |-> {},
          fastOrSlow |-> 0 ] ],
  [ shardfrom |-> 1,
    type |-> 5,
    from |-> 2,
    shardto |-> 1,
    to |-> 3,
    body |->
        [ b |-> 0,
          t |-> [t |-> 2, id |-> <<1, 2>>],
          id |-> 2,
          tx |-> 2,
          D |-> {},
          fastOrSlow |-> 0 ] ],
  [ shardfrom |-> 1,
    type |-> 7,
    from |-> 2,
    shardto |-> 1,
    to |-> 1,
    body |-> [b |-> 0, id |-> 2] ],
  [ shardfrom |-> 1,
    type |-> 7,
    from |-> 2,
    shardto |-> 1,
    to |-> 3,
    body |-> [b |-> 0, id |-> 2] ],
  [ shardfrom |-> 1,
    type |-> 8,
    from |-> 1,
    shardto |-> 1,
    to |-> 2,
    body |-> [b |-> 7, id |-> 2, tx |-> 2] ],
  [ shardfrom |-> 1,
    type |-> 8,
    from |-> 1,
    shardto |-> 1,
    to |-> 3,
    body |-> [b |-> 7, id |-> 2, tx |-> 2] ],
  [ shardfrom |-> 1,
    type |-> 9,
    from |-> 1,
    shardto |-> 1,
    to |-> 1,
    body |->
        [ b |-> 7,
          id |-> 2,
          tq |-> [t |-> 2, id |-> <<1, 2>>],
          abalq |-> 0,
          txq |-> 2,
          depq |-> {},
          phaseq |-> 2,
          rejectq |-> FALSE,
          Wq |-> {},
          WPq |-> {} ] ],
  [ shardfrom |-> 1,
    type |-> 10,
    from |-> 2,
    shardto |-> 1,
    to |-> 2,
    body |-> [id |-> 2] ],
  [ shardfrom |-> 2,
    type |-> 1,
    from |-> 1,
    shardto |-> 1,
    to |-> 2,
    body |-> [id |-> 1, tx |-> 1, D0 |-> {}] ],
  [ shardfrom |-> 2,
    type |-> 1,
    from |-> 1,
    shardto |-> 1,
    to |-> 3,
    body |-> [id |-> 1, tx |-> 1, D0 |-> {}] ],
  [ shardfrom |-> 2,
    type |-> 1,
    from |-> 1,
    shardto |-> 2,
    to |-> 2,
    body |-> [id |-> 1, tx |-> 1, D0 |-> {}] ],
  [ shardfrom |-> 2,
    type |-> 2,
    from |-> 1,
    shardto |-> 2,
    to |-> 1,
    body |-> [id |-> 1, tq |-> [t |-> 3, id |-> <<2, 1>>], Dq |-> {}] ],
  [ shardfrom |-> 2,
    type |-> 2,
    from |-> 3,
    shardto |-> 2,
    to |-> 1,
    body |-> [id |-> 1, tq |-> [t |-> 3, id |-> <<2, 1>>], Dq |-> {}] ],
  [ shardfrom |-> 2,
    type |-> 8,
    from |-> 1,
    shardto |-> 1,
    to |-> 1,
    body |-> [b |-> 10, id |-> 1, tx |-> 1] ],
  [ shardfrom |-> 2,
    type |-> 8,
    from |-> 1,
    shardto |-> 1,
    to |-> 2,
    body |-> [b |-> 10, id |-> 1, tx |-> 1] ],
  [ shardfrom |-> 2,
    type |-> 8,
    from |-> 1,
    shardto |-> 1,
    to |-> 3,
    body |-> [b |-> 10, id |-> 1, tx |-> 1] ],
  [ shardfrom |-> 2,
    type |-> 8,
    from |-> 1,
    shardto |-> 2,
    to |-> 3,
    body |-> [b |-> 10, id |-> 1, tx |-> 1] ],
  [ shardfrom |-> 2,
    type |-> 8,
    from |-> 2,
    shardto |-> 1,
    to |-> 1,
    body |-> [b |-> 11, id |-> 1, tx |-> 0] ],
  [ shardfrom |-> 2,
    type |-> 8,
    from |-> 2,
    shardto |-> 1,
    to |-> 2,
    body |-> [b |-> 11, id |-> 1, tx |-> 0] ],
  [ shardfrom |-> 2,
    type |-> 8,
    from |-> 2,
    shardto |-> 1,
    to |-> 3,
    body |-> [b |-> 11, id |-> 1, tx |-> 0] ],
  [ shardfrom |-> 2,
    type |-> 8,
    from |-> 2,
    shardto |-> 2,
    to |-> 1,
    body |-> [b |-> 11, id |-> 1, tx |-> 0] ],
  [ shardfrom |-> 2,
    type |-> 8,
    from |-> 2,
    shardto |-> 2,
    to |-> 3,
    body |-> [b |-> 11, id |-> 1, tx |-> 0] ],
  [ shardfrom |-> 2,
    type |-> 8,
    from |-> 3,
    shardto |-> 1,
    to |-> 1,
    body |-> [b |-> 6, id |-> 1, tx |-> 1] ],
  [ shardfrom |-> 2,
    type |-> 8,
    from |-> 3,
    shardto |-> 1,
    to |-> 2,
    body |-> [b |-> 6, id |-> 1, tx |-> 1] ],
  [ shardfrom |-> 2,
    type |-> 8,
    from |-> 3,
    shardto |-> 1,
    to |-> 3,
    body |-> [b |-> 6, id |-> 1, tx |-> 1] ],
  [ shardfrom |-> 2,
    type |-> 8,
    from |-> 3,
    shardto |-> 2,
    to |-> 1,
    body |-> [b |-> 6, id |-> 1, tx |-> 1] ],
  [ shardfrom |-> 2,
    type |-> 8,
    from |-> 3,
    shardto |-> 2,
    to |-> 2,
    body |-> [b |-> 6, id |-> 1, tx |-> 1] ],
  [ shardfrom |-> 2,
    type |-> 9,
    from |-> 1,
    shardto |-> 2,
    to |-> 1,
    body |->
        [ b |-> 10,
          id |-> 1,
          tq |-> [t |-> 3, id |-> <<2, 1>>],
          abalq |-> 0,
          txq |-> 1,
          depq |-> {},
          phaseq |-> 2,
          rejectq |-> FALSE,
          Wq |-> {},
          WPq |-> {} ] ],
  [ shardfrom |-> 2,
    type |-> 9,
    from |-> 2,
    shardto |-> 2,
    to |-> 1,
    body |->
        [ b |-> 10,
          id |-> 1,
          tq |-> [t |-> 0, id |-> <<0, 0>>],
          abalq |-> 0,
          txq |-> 1,
          depq |-> {},
          phaseq |-> 1,
          rejectq |-> FALSE,
          Wq |-> {},
          WPq |-> {} ] ],
  [ shardfrom |-> 2,
    type |-> 9,
    from |-> 2,
    shardto |-> 2,
    to |-> 2,
    body |->
        [ b |-> 11,
          id |-> 1,
          tq |-> [t |-> 0, id |-> <<0, 0>>],
          abalq |-> 0,
          txq |-> 0,
          depq |-> {},
          phaseq |-> 1,
          rejectq |-> FALSE,
          Wq |-> {},
          WPq |-> {} ] ],
  [ shardfrom |-> 2,
    type |-> 9,
    from |-> 3,
    shardto |-> 2,
    to |-> 3,
    body |->
        [ b |-> 6,
          id |-> 1,
          tq |-> [t |-> 3, id |-> <<2, 1>>],
          abalq |-> 0,
          txq |-> 1,
          depq |-> {},
          phaseq |-> 2,
          rejectq |-> FALSE,
          Wq |-> {},
          WPq |-> {} ] ] }
/\ Qvar = << <<<<{}, {}>>, <<{}, {}>>, <<{}, {}>>>>,
   <<<<{}, {}>>, <<{}, {}>>, <<{}, {}>>>> >>
/\ ts = << << <<[t |-> 3, id |-> <<2, 1>>], [t |-> 2, id |-> <<1, 2>>]>>,
      <<[t |-> 0, id |-> <<0, 0>>], [t |-> 2, id |-> <<1, 2>>]>>,
      <<[t |-> 0, id |-> <<0, 0>>], [t |-> 0, id |-> <<0, 0>>]>> >>,
   << <<[t |-> 3, id |-> <<2, 1>>], [t |-> 0, id |-> <<0, 0>>]>>,
      <<[t |-> 0, id |-> <<0, 0>>], [t |-> 0, id |-> <<0, 0>>]>>,
      <<[t |-> 3, id |-> <<2, 1>>], [t |-> 0, id |-> <<0, 0>>]>> >> >>
/\ executeWaitingFlag = << <<<<FALSE, FALSE>>, <<FALSE, TRUE>>, <<FALSE, FALSE>>>>,
   <<<<FALSE, FALSE>>, <<FALSE, FALSE>>, <<FALSE, FALSE>>>> >>
/\ TXvar = << <<<<bottom, bottom>>, <<bottom, bottom>>, <<bottom, bottom>>>>,
   <<<<bottom, bottom>>, <<bottom, bottom>>, <<bottom, bottom>>>> >>
/\ recovered = <<<<<<0, 1>>, <<0, 0>>, <<0, 0>>>>, <<<<1, 0>>, <<1, 0>>, <<1, 0>>>>>>
/\ initCoord = <<<<2, 1>>, <<1, 2>>>>

State 14: <StartRecover line 550, col 5 to line 575, col 160 of module AccordSpec>
/\ phase = <<<<<<2, 2>>, <<1, 5>>, <<1, 1>>>>, <<<<2, 1>>, <<1, 1>>, <<2, 1>>>>>>
/\ abal = <<<<<<0, 0>>, <<0, 0>>, <<0, 0>>>>, <<<<0, 0>>, <<0, 0>>, <<0, 0>>>>>>
/\ initTimestamp = << [t |-> 3, id |-> <<2, 1>>],
   [t |-> 2, id |-> <<1, 2>>],
   [t |-> 1, id |-> <<0, 0>>] >>
/\ bal = <<<<<<7, 7>>, <<0, 0>>, <<0, 0>>>>, <<<<10, 0>>, <<11, 0>>, <<6, 0>>>>>>
/\ txn = << <<<<1, 2>>, <<bottom, 2>>, <<bottom, bottom>>>>,
   <<<<1, bottom>>, <<1, bottom>>, <<1, bottom>>>> >>
/\ postWaitingFlag = << <<<<FALSE, FALSE>>, <<FALSE, FALSE>>, <<FALSE, FALSE>>>>,
   <<<<FALSE, FALSE>>, <<FALSE, FALSE>>, <<FALSE, FALSE>>>> >>
/\ relation = <<<<0, 0>>, <<0, 0>>>>
/\ executed = <<<<{}, {}, {}>>, <<{}, {}, {}>>>>
/\ Wvar = << <<<<{}, {}>>, <<{}, {}>>, <<{}, {}>>>>,
   <<<<{}, {}>>, <<{}, {}>>, <<{}, {}>>>> >>
/\ dep = << <<<<{}, {}>>, <<{}, {}>>, <<{}, {}>>>>,
   <<<<{}, {}>>, <<{}, {}>>, <<{}, {}>>>> >>
/\ recoveryAttemptBal = <<<<<<0, 0>>, <<0, 0>>, <<0, 0>>>>, <<<<0, 0>>, <<0, 0>>, <<0, 0>>>>>>
/\ submitted = {1, 2}
/\ Dvar = << <<<<{}, {}>>, <<{}, {}>>, <<{}, {}>>>>,
   <<<<{}, {}>>, <<{}, {}>>, <<{}, {}>>>> >>
/\ msgs = { [ shardfrom |-> 1,
    type |-> 1,
    from |-> 2,
    shardto |-> 1,
    to |-> 3,
    body |-> [id |-> 2, tx |-> 2, D0 |-> {}] ],
  [ shardfrom |-> 1,
    type |-> 2,
    from |-> 1,
    shardto |-> 2,
    to |-> 1,
    body |-> [id |-> 1, tq |-> [t |-> 3, id |-> <<2, 1>>], Dq |-> {2}] ],
  [ shardfrom |-> 1,
    type |-> 5,
    from |-> 2,
    shardto |-> 1,
    to |-> 1,
    body |->
        [ b |-> 0,
          t |-> [t |-> 2, id |-> <<1, 2>>],
          id |-> 2,
          tx |-> 2,
          D |-> {},
          fastOrSlow |-> 0 ] ],
  [ shardfrom |-> 1,
    type |-> 5,
    from |-> 2,
    shardto |-> 1,
    to |-> 3,
    body |->
        [ b |-> 0,
          t |-> [t |-> 2, id |-> <<1, 2>>],
          id |-> 2,
          tx |-> 2,
          D |-> {},
          fastOrSlow |-> 0 ] ],
  [ shardfrom |-> 1,
    type |-> 7,
    from |-> 2,
    shardto |-> 1,
    to |-> 1,
    body |-> [b |-> 0, id |-> 2] ],
  [ shardfrom |-> 1,
    type |-> 7,
    from |-> 2,
    shardto |-> 1,
    to |-> 3,
    body |-> [b |-> 0, id |-> 2] ],
  [ shardfrom |-> 1,
    type |-> 8,
    from |-> 1,
    shardto |-> 1,
    to |-> 2,
    body |-> [b |-> 7, id |-> 1, tx |-> 1] ],
  [ shardfrom |-> 1,
    type |-> 8,
    from |-> 1,
    shardto |-> 1,
    to |-> 2,
    body |-> [b |-> 7, id |-> 2, tx |-> 2] ],
  [ shardfrom |-> 1,
    type |-> 8,
    from |-> 1,
    shardto |-> 1,
    to |-> 3,
    body |-> [b |-> 7, id |-> 1, tx |-> 1] ],
  [ shardfrom |-> 1,
    type |-> 8,
    from |-> 1,
    shardto |-> 1,
    to |-> 3,
    body |-> [b |-> 7, id |-> 2, tx |-> 2] ],
  [ shardfrom |-> 1,
    type |-> 8,
    from |-> 1,
    shardto |-> 2,
    to |-> 1,
    body |-> [b |-> 7, id |-> 1, tx |-> 1] ],
  [ shardfrom |-> 1,
    type |-> 8,
    from |-> 1,
    shardto |-> 2,
    to |-> 2,
    body |-> [b |-> 7, id |-> 1, tx |-> 1] ],
  [ shardfrom |-> 1,
    type |-> 8,
    from |-> 1,
    shardto |-> 2,
    to |-> 3,
    body |-> [b |-> 7, id |-> 1, tx |-> 1] ],
  [ shardfrom |-> 1,
    type |-> 9,
    from |-> 1,
    shardto |-> 1,
    to |-> 1,
    body |->
        [ b |-> 7,
          id |-> 1,
          tq |-> [t |-> 3, id |-> <<2, 1>>],
          abalq |-> 0,
          txq |-> 1,
          depq |-> {2},
          phaseq |-> 2,
          rejectq |-> FALSE,
          Wq |-> {<<2, 0>>},
          WPq |-> {} ] ],
  [ shardfrom |-> 1,
    type |-> 9,
    from |-> 1,
    shardto |-> 1,
    to |-> 1,
    body |->
        [ b |-> 7,
          id |-> 2,
          tq |-> [t |-> 2, id |-> <<1, 2>>],
          abalq |-> 0,
          txq |-> 2,
          depq |-> {},
          phaseq |-> 2,
          rejectq |-> FALSE,
          Wq |-> {},
          WPq |-> {} ] ],
  [ shardfrom |-> 1,
    type |-> 10,
    from |-> 2,
    shardto |-> 1,
    to |-> 2,
    body |-> [id |-> 2] ],
  [ shardfrom |-> 2,
    type |-> 1,
    from |-> 1,
    shardto |-> 1,
    to |-> 2,
    body |-> [id |-> 1, tx |-> 1, D0 |-> {}] ],
  [ shardfrom |-> 2,
    type |-> 1,
    from |-> 1,
    shardto |-> 1,
    to |-> 3,
    body |-> [id |-> 1, tx |-> 1, D0 |-> {}] ],
  [ shardfrom |-> 2,
    type |-> 1,
    from |-> 1,
    shardto |-> 2,
    to |-> 2,
    body |-> [id |-> 1, tx |-> 1, D0 |-> {}] ],
  [ shardfrom |-> 2,
    type |-> 2,
    from |-> 1,
    shardto |-> 2,
    to |-> 1,
    body |-> [id |-> 1, tq |-> [t |-> 3, id |-> <<2, 1>>], Dq |-> {}] ],
  [ shardfrom |-> 2,
    type |-> 2,
    from |-> 3,
    shardto |-> 2,
    to |-> 1,
    body |-> [id |-> 1, tq |-> [t |-> 3, id |-> <<2, 1>>], Dq |-> {}] ],
  [ shardfrom |-> 2,
    type |-> 8,
    from |-> 1,
    shardto |-> 1,
    to |-> 1,
    body |-> [b |-> 10, id |-> 1, tx |-> 1] ],
  [ shardfrom |-> 2,
    type |-> 8,
    from |-> 1,
    shardto |-> 1,
    to |-> 2,
    body |-> [b |-> 10, id |-> 1, tx |-> 1] ],
  [ shardfrom |-> 2,
    type |-> 8,
    from |-> 1,
    shardto |-> 1,
    to |-> 3,
    body |-> [b |-> 10, id |-> 1, tx |-> 1] ],
  [ shardfrom |-> 2,
    type |-> 8,
    from |-> 1,
    shardto |-> 2,
    to |-> 3,
    body |-> [b |-> 10, id |-> 1, tx |-> 1] ],
  [ shardfrom |-> 2,
    type |-> 8,
    from |-> 2,
    shardto |-> 1,
    to |-> 1,
    body |-> [b |-> 11, id |-> 1, tx |-> 0] ],
  [ shardfrom |-> 2,
    type |-> 8,
    from |-> 2,
    shardto |-> 1,
    to |-> 2,
    body |-> [b |-> 11, id |-> 1, tx |-> 0] ],
  [ shardfrom |-> 2,
    type |-> 8,
    from |-> 2,
    shardto |-> 1,
    to |-> 3,
    body |-> [b |-> 11, id |-> 1, tx |-> 0] ],
  [ shardfrom |-> 2,
    type |-> 8,
    from |-> 2,
    shardto |-> 2,
    to |-> 1,
    body |-> [b |-> 11, id |-> 1, tx |-> 0] ],
  [ shardfrom |-> 2,
    type |-> 8,
    from |-> 2,
    shardto |-> 2,
    to |-> 3,
    body |-> [b |-> 11, id |-> 1, tx |-> 0] ],
  [ shardfrom |-> 2,
    type |-> 8,
    from |-> 3,
    shardto |-> 1,
    to |-> 1,
    body |-> [b |-> 6, id |-> 1, tx |-> 1] ],
  [ shardfrom |-> 2,
    type |-> 8,
    from |-> 3,
    shardto |-> 1,
    to |-> 2,
    body |-> [b |-> 6, id |-> 1, tx |-> 1] ],
  [ shardfrom |-> 2,
    type |-> 8,
    from |-> 3,
    shardto |-> 1,
    to |-> 3,
    body |-> [b |-> 6, id |-> 1, tx |-> 1] ],
  [ shardfrom |-> 2,
    type |-> 8,
    from |-> 3,
    shardto |-> 2,
    to |-> 1,
    body |-> [b |-> 6, id |-> 1, tx |-> 1] ],
  [ shardfrom |-> 2,
    type |-> 8,
    from |-> 3,
    shardto |-> 2,
    to |-> 2,
    body |-> [b |-> 6, id |-> 1, tx |-> 1] ],
  [ shardfrom |-> 2,
    type |-> 9,
    from |-> 1,
    shardto |-> 2,
    to |-> 1,
    body |->
        [ b |-> 10,
          id |-> 1,
          tq |-> [t |-> 3, id |-> <<2, 1>>],
          abalq |-> 0,
          txq |-> 1,
          depq |-> {},
          phaseq |-> 2,
          rejectq |-> FALSE,
          Wq |-> {},
          WPq |-> {} ] ],
  [ shardfrom |-> 2,
    type |-> 9,
    from |-> 2,
    shardto |-> 2,
    to |-> 1,
    body |->
        [ b |-> 10,
          id |-> 1,
          tq |-> [t |-> 0, id |-> <<0, 0>>],
          abalq |-> 0,
          txq |-> 1,
          depq |-> {},
          phaseq |-> 1,
          rejectq |-> FALSE,
          Wq |-> {},
          WPq |-> {} ] ],
  [ shardfrom |-> 2,
    type |-> 9,
    from |-> 2,
    shardto |-> 2,
    to |-> 2,
    body |->
        [ b |-> 11,
          id |-> 1,
          tq |-> [t |-> 0, id |-> <<0, 0>>],
          abalq |-> 0,
          txq |-> 0,
          depq |-> {},
          phaseq |-> 1,
          rejectq |-> FALSE,
          Wq |-> {},
          WPq |-> {} ] ],
  [ shardfrom |-> 2,
    type |-> 9,
    from |-> 3,
    shardto |-> 2,
    to |-> 3,
    body |->
        [ b |-> 6,
          id |-> 1,
          tq |-> [t |-> 3, id |-> <<2, 1>>],
          abalq |-> 0,
          txq |-> 1,
          depq |-> {},
          phaseq |-> 2,
          rejectq |-> FALSE,
          Wq |-> {},
          WPq |-> {} ] ] }
/\ Qvar = << <<<<{}, {}>>, <<{}, {}>>, <<{}, {}>>>>,
   <<<<{}, {}>>, <<{}, {}>>, <<{}, {}>>>> >>
/\ ts = << << <<[t |-> 3, id |-> <<2, 1>>], [t |-> 2, id |-> <<1, 2>>]>>,
      <<[t |-> 0, id |-> <<0, 0>>], [t |-> 2, id |-> <<1, 2>>]>>,
      <<[t |-> 0, id |-> <<0, 0>>], [t |-> 0, id |-> <<0, 0>>]>> >>,
   << <<[t |-> 3, id |-> <<2, 1>>], [t |-> 0, id |-> <<0, 0>>]>>,
      <<[t |-> 0, id |-> <<0, 0>>], [t |-> 0, id |-> <<0, 0>>]>>,
      <<[t |-> 3, id |-> <<2, 1>>], [t |-> 0, id |-> <<0, 0>>]>> >> >>
/\ executeWaitingFlag = << <<<<FALSE, FALSE>>, <<FALSE, TRUE>>, <<FALSE, FALSE>>>>,
   <<<<FALSE, FALSE>>, <<FALSE, FALSE>>, <<FALSE, FALSE>>>> >>
/\ TXvar = << <<<<bottom, bottom>>, <<bottom, bottom>>, <<bottom, bottom>>>>,
   <<<<bottom, bottom>>, <<bottom, bottom>>, <<bottom, bottom>>>> >>
/\ recovered = <<<<<<1, 1>>, <<0, 0>>, <<0, 0>>>>, <<<<1, 0>>, <<1, 0>>, <<1, 0>>>>>>
/\ initCoord = <<<<2, 1>>, <<1, 2>>>>

State 15: <Next line 902, col 8 to line 910, col 25 of module AccordSpec>
/\ phase = <<<<<<2, 2>>, <<1, 5>>, <<1, 1>>>>, <<<<2, 1>>, <<1, 1>>, <<2, 1>>>>>>
/\ abal = <<<<<<0, 0>>, <<0, 0>>, <<0, 0>>>>, <<<<0, 0>>, <<0, 0>>, <<0, 0>>>>>>
/\ initTimestamp = << [t |-> 3, id |-> <<2, 1>>],
   [t |-> 2, id |-> <<1, 2>>],
   [t |-> 1, id |-> <<0, 0>>] >>
/\ bal = <<<<<<7, 7>>, <<10, 0>>, <<0, 0>>>>, <<<<10, 0>>, <<11, 0>>, <<6, 0>>>>>>
/\ txn = << <<<<1, 2>>, <<1, 2>>, <<bottom, bottom>>>>,
   <<<<1, bottom>>, <<1, bottom>>, <<1, bottom>>>> >>
/\ postWaitingFlag = << <<<<FALSE, FALSE>>, <<FALSE, FALSE>>, <<FALSE, FALSE>>>>,
   <<<<FALSE, FALSE>>, <<FALSE, FALSE>>, <<FALSE, FALSE>>>> >>
/\ relation = <<<<0, 0>>, <<0, 0>>>>
/\ executed = <<<<{}, {}, {}>>, <<{}, {}, {}>>>>
/\ Wvar = << <<<<{}, {}>>, <<{}, {}>>, <<{}, {}>>>>,
   <<<<{}, {}>>, <<{}, {}>>, <<{}, {}>>>> >>
/\ dep = << <<<<{}, {}>>, <<{}, {}>>, <<{}, {}>>>>,
   <<<<{}, {}>>, <<{}, {}>>, <<{}, {}>>>> >>
/\ recoveryAttemptBal = <<<<<<0, 0>>, <<0, 0>>, <<0, 0>>>>, <<<<0, 0>>, <<0, 0>>, <<0, 0>>>>>>
/\ submitted = {1, 2}
/\ Dvar = << <<<<{}, {}>>, <<{}, {}>>, <<{}, {}>>>>,
   <<<<{}, {}>>, <<{}, {}>>, <<{}, {}>>>> >>
/\ msgs = { [ shardfrom |-> 1,
    type |-> 1,
    from |-> 2,
    shardto |-> 1,
    to |-> 3,
    body |-> [id |-> 2, tx |-> 2, D0 |-> {}] ],
  [ shardfrom |-> 1,
    type |-> 2,
    from |-> 1,
    shardto |-> 2,
    to |-> 1,
    body |-> [id |-> 1, tq |-> [t |-> 3, id |-> <<2, 1>>], Dq |-> {2}] ],
  [ shardfrom |-> 1,
    type |-> 5,
    from |-> 2,
    shardto |-> 1,
    to |-> 1,
    body |->
        [ b |-> 0,
          t |-> [t |-> 2, id |-> <<1, 2>>],
          id |-> 2,
          tx |-> 2,
          D |-> {},
          fastOrSlow |-> 0 ] ],
  [ shardfrom |-> 1,
    type |-> 5,
    from |-> 2,
    shardto |-> 1,
    to |-> 3,
    body |->
        [ b |-> 0,
          t |-> [t |-> 2, id |-> <<1, 2>>],
          id |-> 2,
          tx |-> 2,
          D |-> {},
          fastOrSlow |-> 0 ] ],
  [ shardfrom |-> 1,
    type |-> 7,
    from |-> 2,
    shardto |-> 1,
    to |-> 1,
    body |-> [b |-> 0, id |-> 2] ],
  [ shardfrom |-> 1,
    type |-> 7,
    from |-> 2,
    shardto |-> 1,
    to |-> 3,
    body |-> [b |-> 0, id |-> 2] ],
  [ shardfrom |-> 1,
    type |-> 8,
    from |-> 1,
    shardto |-> 1,
    to |-> 2,
    body |-> [b |-> 7, id |-> 1, tx |-> 1] ],
  [ shardfrom |-> 1,
    type |-> 8,
    from |-> 1,
    shardto |-> 1,
    to |-> 2,
    body |-> [b |-> 7, id |-> 2, tx |-> 2] ],
  [ shardfrom |-> 1,
    type |-> 8,
    from |-> 1,
    shardto |-> 1,
    to |-> 3,
    body |-> [b |-> 7, id |-> 1, tx |-> 1] ],
  [ shardfrom |-> 1,
    type |-> 8,
    from |-> 1,
    shardto |-> 1,
    to |-> 3,
    body |-> [b |-> 7, id |-> 2, tx |-> 2] ],
  [ shardfrom |-> 1,
    type |-> 8,
    from |-> 1,
    shardto |-> 2,
    to |-> 1,
    body |-> [b |-> 7, id |-> 1, tx |-> 1] ],
  [ shardfrom |-> 1,
    type |-> 8,
    from |-> 1,
    shardto |-> 2,
    to |-> 2,
    body |-> [b |-> 7, id |-> 1, tx |-> 1] ],
  [ shardfrom |-> 1,
    type |-> 8,
    from |-> 1,
    shardto |-> 2,
    to |-> 3,
    body |-> [b |-> 7, id |-> 1, tx |-> 1] ],
  [ shardfrom |-> 1,
    type |-> 9,
    from |-> 1,
    shardto |-> 1,
    to |-> 1,
    body |->
        [ b |-> 7,
          id |-> 1,
          tq |-> [t |-> 3, id |-> <<2, 1>>],
          abalq |-> 0,
          txq |-> 1,
          depq |-> {2},
          phaseq |-> 2,
          rejectq |-> FALSE,
          Wq |-> {<<2, 0>>},
          WPq |-> {} ] ],
  [ shardfrom |-> 1,
    type |-> 9,
    from |-> 1,
    shardto |-> 1,
    to |-> 1,
    body |->
        [ b |-> 7,
          id |-> 2,
          tq |-> [t |-> 2, id |-> <<1, 2>>],
          abalq |-> 0,
          txq |-> 2,
          depq |-> {},
          phaseq |-> 2,
          rejectq |-> FALSE,
          Wq |-> {},
          WPq |-> {} ] ],
  [ shardfrom |-> 1,
    type |-> 9,
    from |-> 2,
    shardto |-> 2,
    to |-> 1,
    body |->
        [ b |-> 10,
          id |-> 1,
          tq |-> [t |-> 0, id |-> <<0, 0>>],
          abalq |-> 0,
          txq |-> 1,
          depq |-> {2},
          phaseq |-> 1,
          rejectq |-> FALSE,
          Wq |-> {},
          WPq |-> {} ] ],
  [ shardfrom |-> 1,
    type |-> 10,
    from |-> 2,
    shardto |-> 1,
    to |-> 2,
    body |-> [id |-> 2] ],
  [ shardfrom |-> 2,
    type |-> 1,
    from |-> 1,
    shardto |-> 1,
    to |-> 2,
    body |-> [id |-> 1, tx |-> 1, D0 |-> {}] ],
  [ shardfrom |-> 2,
    type |-> 1,
    from |-> 1,
    shardto |-> 1,
    to |-> 3,
    body |-> [id |-> 1, tx |-> 1, D0 |-> {}] ],
  [ shardfrom |-> 2,
    type |-> 1,
    from |-> 1,
    shardto |-> 2,
    to |-> 2,
    body |-> [id |-> 1, tx |-> 1, D0 |-> {}] ],
  [ shardfrom |-> 2,
    type |-> 2,
    from |-> 1,
    shardto |-> 2,
    to |-> 1,
    body |-> [id |-> 1, tq |-> [t |-> 3, id |-> <<2, 1>>], Dq |-> {}] ],
  [ shardfrom |-> 2,
    type |-> 2,
    from |-> 3,
    shardto |-> 2,
    to |-> 1,
    body |-> [id |-> 1, tq |-> [t |-> 3, id |-> <<2, 1>>], Dq |-> {}] ],
  [ shardfrom |-> 2,
    type |-> 8,
    from |-> 1,
    shardto |-> 1,
    to |-> 1,
    body |-> [b |-> 10, id |-> 1, tx |-> 1] ],
  [ shardfrom |-> 2,
    type |-> 8,
    from |-> 1,
    shardto |-> 1,
    to |-> 3,
    body |-> [b |-> 10, id |-> 1, tx |-> 1] ],
  [ shardfrom |-> 2,
    type |-> 8,
    from |-> 1,
    shardto |-> 2,
    to |-> 3,
    body |-> [b |-> 10, id |-> 1, tx |-> 1] ],
  [ shardfrom |-> 2,
    type |-> 8,
    from |-> 2,
    shardto |-> 1,
    to |-> 1,
    body |-> [b |-> 11, id |-> 1, tx |-> 0] ],
  [ shardfrom |-> 2,
    type |-> 8,
    from |-> 2,
    shardto |-> 1,
    to |-> 2,
    body |-> [b |-> 11, id |-> 1, tx |-> 0] ],
  [ shardfrom |-> 2,
    type |-> 8,
    from |-> 2,
    shardto |-> 1,
    to |-> 3,
    body |-> [b |-> 11, id |-> 1, tx |-> 0] ],
  [ shardfrom |-> 2,
    type |-> 8,
    from |-> 2,
    shardto |-> 2,
    to |-> 1,
    body |-> [b |-> 11, id |-> 1, tx |-> 0] ],
  [ shardfrom |-> 2,
    type |-> 8,
    from |-> 2,
    shardto |-> 2,
    to |-> 3,
    body |-> [b |-> 11, id |-> 1, tx |-> 0] ],
  [ shardfrom |-> 2,
    type |-> 8,
    from |-> 3,
    shardto |-> 1,
    to |-> 1,
    body |-> [b |-> 6, id |-> 1, tx |-> 1] ],
  [ shardfrom |-> 2,
    type |-> 8,
    from |-> 3,
    shardto |-> 1,
    to |-> 2,
    body |-> [b |-> 6, id |-> 1, tx |-> 1] ],
  [ shardfrom |-> 2,
    type |-> 8,
    from |-> 3,
    shardto |-> 1,
    to |-> 3,
    body |-> [b |-> 6, id |-> 1, tx |-> 1] ],
  [ shardfrom |-> 2,
    type |-> 8,
    from |-> 3,
    shardto |-> 2,
    to |-> 1,
    body |-> [b |-> 6, id |-> 1, tx |-> 1] ],
  [ shardfrom |-> 2,
    type |-> 8,
    from |-> 3,
    shardto |-> 2,
    to |-> 2,
    body |-> [b |-> 6, id |-> 1, tx |-> 1] ],
  [ shardfrom |-> 2,
    type |-> 9,
    from |-> 1,
    shardto |-> 2,
    to |-> 1,
    body |->
        [ b |-> 10,
          id |-> 1,
          tq |-> [t |-> 3, id |-> <<2, 1>>],
          abalq |-> 0,
          txq |-> 1,
          depq |-> {},
          phaseq |-> 2,
          rejectq |-> FALSE,
          Wq |-> {},
          WPq |-> {} ] ],
  [ shardfrom |-> 2,
    type |-> 9,
    from |-> 2,
    shardto |-> 2,
    to |-> 1,
    body |->
        [ b |-> 10,
          id |-> 1,
          tq |-> [t |-> 0, id |-> <<0, 0>>],
          abalq |-> 0,
          txq |-> 1,
          depq |-> {},
          phaseq |-> 1,
          rejectq |-> FALSE,
          Wq |-> {},
          WPq |-> {} ] ],
  [ shardfrom |-> 2,
    type |-> 9,
    from |-> 2,
    shardto |-> 2,
    to |-> 2,
    body |->
        [ b |-> 11,
          id |-> 1,
          tq |-> [t |-> 0, id |-> <<0, 0>>],
          abalq |-> 0,
          txq |-> 0,
          depq |-> {},
          phaseq |-> 1,
          rejectq |-> FALSE,
          Wq |-> {},
          WPq |-> {} ] ],
  [ shardfrom |-> 2,
    type |-> 9,
    from |-> 3,
    shardto |-> 2,
    to |-> 3,
    body |->
        [ b |-> 6,
          id |-> 1,
          tq |-> [t |-> 3, id |-> <<2, 1>>],
          abalq |-> 0,
          txq |-> 1,
          depq |-> {},
          phaseq |-> 2,
          rejectq |-> FALSE,
          Wq |-> {},
          WPq |-> {} ] ] }
/\ Qvar = << <<<<{}, {}>>, <<{}, {}>>, <<{}, {}>>>>,
   <<<<{}, {}>>, <<{}, {}>>, <<{}, {}>>>> >>
/\ ts = << << <<[t |-> 3, id |-> <<2, 1>>], [t |-> 2, id |-> <<1, 2>>]>>,
      <<[t |-> 0, id |-> <<0, 0>>], [t |-> 2, id |-> <<1, 2>>]>>,
      <<[t |-> 0, id |-> <<0, 0>>], [t |-> 0, id |-> <<0, 0>>]>> >>,
   << <<[t |-> 3, id |-> <<2, 1>>], [t |-> 0, id |-> <<0, 0>>]>>,
      <<[t |-> 0, id |-> <<0, 0>>], [t |-> 0, id |-> <<0, 0>>]>>,
      <<[t |-> 3, id |-> <<2, 1>>], [t |-> 0, id |-> <<0, 0>>]>> >> >>
/\ executeWaitingFlag = << <<<<FALSE, FALSE>>, <<FALSE, TRUE>>, <<FALSE, FALSE>>>>,
   <<<<FALSE, FALSE>>, <<FALSE, FALSE>>, <<FALSE, FALSE>>>> >>
/\ TXvar = << <<<<bottom, bottom>>, <<bottom, bottom>>, <<bottom, bottom>>>>,
   <<<<bottom, bottom>>, <<bottom, bottom>>, <<bottom, bottom>>>> >>
/\ recovered = <<<<<<1, 1>>, <<0, 0>>, <<0, 0>>>>, <<<<1, 0>>, <<1, 0>>, <<1, 0>>>>>>
/\ initCoord = <<<<2, 1>>, <<1, 2>>>>

State 16: <Next line 902, col 8 to line 910, col 25 of module AccordSpec>
/\ phase = <<<<<<2, 2>>, <<1, 5>>, <<1, 1>>>>, <<<<2, 1>>, <<1, 1>>, <<2, 1>>>>>>
/\ abal = <<<<<<0, 0>>, <<0, 0>>, <<0, 0>>>>, <<<<0, 0>>, <<0, 0>>, <<0, 0>>>>>>
/\ initTimestamp = << [t |-> 3, id |-> <<2, 1>>],
   [t |-> 2, id |-> <<1, 2>>],
   [t |-> 1, id |-> <<0, 0>>] >>
/\ bal = <<<<<<7, 7>>, <<10, 0>>, <<0, 0>>>>, <<<<10, 0>>, <<11, 0>>, <<6, 0>>>>>>
/\ txn = << <<<<1, 2>>, <<1, 2>>, <<bottom, bottom>>>>,
   <<<<1, bottom>>, <<1, bottom>>, <<1, bottom>>>> >>
/\ postWaitingFlag = << <<<<FALSE, FALSE>>, <<FALSE, FALSE>>, <<FALSE, FALSE>>>>,
   <<<<FALSE, FALSE>>, <<FALSE, FALSE>>, <<FALSE, FALSE>>>> >>
/\ relation = <<<<0, 0>>, <<0, 0>>>>
/\ executed = <<<<{}, {}, {}>>, <<{}, {}, {}>>>>
/\ Wvar = << <<<<{}, {}>>, <<{}, {}>>, <<{}, {}>>>>,
   <<<<{}, {}>>, <<{}, {}>>, <<{}, {}>>>> >>
/\ dep = << <<<<{}, {}>>, <<{}, {}>>, <<{}, {}>>>>,
   <<<<{}, {}>>, <<{}, {}>>, <<{}, {}>>>> >>
/\ recoveryAttemptBal = <<<<<<0, 0>>, <<0, 0>>, <<0, 0>>>>, <<<<0, 0>>, <<0, 0>>, <<0, 0>>>>>>
/\ submitted = {1, 2}
/\ Dvar = << <<<<{}, {}>>, <<{}, {}>>, <<{}, {}>>>>,
   <<<<{}, {}>>, <<{}, {}>>, <<{}, {}>>>> >>
/\ msgs = { [ shardfrom |-> 1,
    type |-> 1,
    from |-> 2,
    shardto |-> 1,
    to |-> 3,
    body |-> [id |-> 2, tx |-> 2, D0 |-> {}] ],
  [ shardfrom |-> 1,
    type |-> 2,
    from |-> 1,
    shardto |-> 2,
    to |-> 1,
    body |-> [id |-> 1, tq |-> [t |-> 3, id |-> <<2, 1>>], Dq |-> {2}] ],
  [ shardfrom |-> 1,
    type |-> 5,
    from |-> 2,
    shardto |-> 1,
    to |-> 1,
    body |->
        [ b |-> 0,
          t |-> [t |-> 2, id |-> <<1, 2>>],
          id |-> 2,
          tx |-> 2,
          D |-> {},
          fastOrSlow |-> 0 ] ],
  [ shardfrom |-> 1,
    type |-> 5,
    from |-> 2,
    shardto |-> 1,
    to |-> 3,
    body |->
        [ b |-> 0,
          t |-> [t |-> 2, id |-> <<1, 2>>],
          id |-> 2,
          tx |-> 2,
          D |-> {},
          fastOrSlow |-> 0 ] ],
  [ shardfrom |-> 1,
    type |-> 7,
    from |-> 2,
    shardto |-> 1,
    to |-> 1,
    body |-> [b |-> 0, id |-> 2] ],
  [ shardfrom |-> 1,
    type |-> 7,
    from |-> 2,
    shardto |-> 1,
    to |-> 3,
    body |-> [b |-> 0, id |-> 2] ],
  [ shardfrom |-> 1,
    type |-> 8,
    from |-> 1,
    shardto |-> 1,
    to |-> 2,
    body |-> [b |-> 7, id |-> 1, tx |-> 1] ],
  [ shardfrom |-> 1,
    type |-> 8,
    from |-> 1,
    shardto |-> 1,
    to |-> 3,
    body |-> [b |-> 7, id |-> 1, tx |-> 1] ],
  [ shardfrom |-> 1,
    type |-> 8,
    from |-> 1,
    shardto |-> 1,
    to |-> 3,
    body |-> [b |-> 7, id |-> 2, tx |-> 2] ],
  [ shardfrom |-> 1,
    type |-> 8,
    from |-> 1,
    shardto |-> 2,
    to |-> 1,
    body |-> [b |-> 7, id |-> 1, tx |-> 1] ],
  [ shardfrom |-> 1,
    type |-> 8,
    from |-> 1,
    shardto |-> 2,
    to |-> 2,
    body |-> [b |-> 7, id |-> 1, tx |-> 1] ],
  [ shardfrom |-> 1,
    type |-> 8,
    from |-> 1,
    shardto |-> 2,
    to |-> 3,
    body |-> [b |-> 7, id |-> 1, tx |-> 1] ],
  [ shardfrom |-> 1,
    type |-> 9,
    from |-> 1,
    shardto |-> 1,
    to |-> 1,
    body |->
        [ b |-> 7,
          id |-> 1,
          tq |-> [t |-> 3, id |-> <<2, 1>>],
          abalq |-> 0,
          txq |-> 1,
          depq |-> {2},
          phaseq |-> 2,
          rejectq |-> FALSE,
          Wq |-> {<<2, 0>>},
          WPq |-> {} ] ],
  [ shardfrom |-> 1,
    type |-> 9,
    from |-> 1,
    shardto |-> 1,
    to |-> 1,
    body |->
        [ b |-> 7,
          id |-> 2,
          tq |-> [t |-> 2, id |-> <<1, 2>>],
          abalq |-> 0,
          txq |-> 2,
          depq |-> {},
          phaseq |-> 2,
          rejectq |-> FALSE,
          Wq |-> {},
          WPq |-> {} ] ],
  [ shardfrom |-> 1,
    type |-> 9,
    from |-> 2,
    shardto |-> 2,
    to |-> 1,
    body |->
        [ b |-> 10,
          id |-> 1,
          tq |-> [t |-> 0, id |-> <<0, 0>>],
          abalq |-> 0,
          txq |-> 1,
          depq |-> {2},
          phaseq |-> 1,
          rejectq |-> FALSE,
          Wq |-> {},
          WPq |-> {} ] ],
  [ shardfrom |-> 1,
    type |-> 10,
    from |-> 2,
    shardto |-> 1,
    to |-> 2,
    body |-> [id |-> 2] ],
  [ shardfrom |-> 1,
    type |-> 11,
    from |-> 2,
    shardto |-> 1,
    to |-> 1,
    body |-> [id |-> 2] ],
  [ shardfrom |-> 2,
    type |-> 1,
    from |-> 1,
    shardto |-> 1,
    to |-> 2,
    body |-> [id |-> 1, tx |-> 1, D0 |-> {}] ],
  [ shardfrom |-> 2,
    type |-> 1,
    from |-> 1,
    shardto |-> 1,
    to |-> 3,
    body |-> [id |-> 1, tx |-> 1, D0 |-> {}] ],
  [ shardfrom |-> 2,
    type |-> 1,
    from |-> 1,
    shardto |-> 2,
    to |-> 2,
    body |-> [id |-> 1, tx |-> 1, D0 |-> {}] ],
  [ shardfrom |-> 2,
    type |-> 2,
    from |-> 1,
    shardto |-> 2,
    to |-> 1,
    body |-> [id |-> 1, tq |-> [t |-> 3, id |-> <<2, 1>>], Dq |-> {}] ],
  [ shardfrom |-> 2,
    type |-> 2,
    from |-> 3,
    shardto |-> 2,
    to |-> 1,
    body |-> [id |-> 1, tq |-> [t |-> 3, id |-> <<2, 1>>], Dq |-> {}] ],
  [ shardfrom |-> 2,
    type |-> 8,
    from |-> 1,
    shardto |-> 1,
    to |-> 1,
    body |-> [b |-> 10, id |-> 1, tx |-> 1] ],
  [ shardfrom |-> 2,
    type |-> 8,
    from |-> 1,
    shardto |-> 1,
    to |-> 3,
    body |-> [b |-> 10, id |-> 1, tx |-> 1] ],
  [ shardfrom |-> 2,
    type |-> 8,
    from |-> 1,
    shardto |-> 2,
    to |-> 3,
    body |-> [b |-> 10, id |-> 1, tx |-> 1] ],
  [ shardfrom |-> 2,
    type |-> 8,
    from |-> 2,
    shardto |-> 1,
    to |-> 1,
    body |-> [b |-> 11, id |-> 1, tx |-> 0] ],
  [ shardfrom |-> 2,
    type |-> 8,
    from |-> 2,
    shardto |-> 1,
    to |-> 2,
    body |-> [b |-> 11, id |-> 1, tx |-> 0] ],
  [ shardfrom |-> 2,
    type |-> 8,
    from |-> 2,
    shardto |-> 1,
    to |-> 3,
    body |-> [b |-> 11, id |-> 1, tx |-> 0] ],
  [ shardfrom |-> 2,
    type |-> 8,
    from |-> 2,
    shardto |-> 2,
    to |-> 1,
    body |-> [b |-> 11, id |-> 1, tx |-> 0] ],
  [ shardfrom |-> 2,
    type |-> 8,
    from |-> 2,
    shardto |-> 2,
    to |-> 3,
    body |-> [b |-> 11, id |-> 1, tx |-> 0] ],
  [ shardfrom |-> 2,
    type |-> 8,
    from |-> 3,
    shardto |-> 1,
    to |-> 1,
    body |-> [b |-> 6, id |-> 1, tx |-> 1] ],
  [ shardfrom |-> 2,
    type |-> 8,
    from |-> 3,
    shardto |-> 1,
    to |-> 2,
    body |-> [b |-> 6, id |-> 1, tx |-> 1] ],
  [ shardfrom |-> 2,
    type |-> 8,
    from |-> 3,
    shardto |-> 1,
    to |-> 3,
    body |-> [b |-> 6, id |-> 1, tx |-> 1] ],
  [ shardfrom |-> 2,
    type |-> 8,
    from |-> 3,
    shardto |-> 2,
    to |-> 1,
    body |-> [b |-> 6, id |-> 1, tx |-> 1] ],
  [ shardfrom |-> 2,
    type |-> 8,
    from |-> 3,
    shardto |-> 2,
    to |-> 2,
    body |-> [b |-> 6, id |-> 1, tx |-> 1] ],
  [ shardfrom |-> 2,
    type |-> 9,
    from |-> 1,
    shardto |-> 2,
    to |-> 1,
    body |->
        [ b |-> 10,
          id |-> 1,
          tq |-> [t |-> 3, id |-> <<2, 1>>],
          abalq |-> 0,
          txq |-> 1,
          depq |-> {},
          phaseq |-> 2,
          rejectq |-> FALSE,
          Wq |-> {},
          WPq |-> {} ] ],
  [ shardfrom |-> 2,
    type |-> 9,
    from |-> 2,
    shardto |-> 2,
    to |-> 1,
    body |->
        [ b |-> 10,
          id |-> 1,
          tq |-> [t |-> 0, id |-> <<0, 0>>],
          abalq |-> 0,
          txq |-> 1,
          depq |-> {},
          phaseq |-> 1,
          rejectq |-> FALSE,
          Wq |-> {},
          WPq |-> {} ] ],
  [ shardfrom |-> 2,
    type |-> 9,
    from |-> 2,
    shardto |-> 2,
    to |-> 2,
    body |->
        [ b |-> 11,
          id |-> 1,
          tq |-> [t |-> 0, id |-> <<0, 0>>],
          abalq |-> 0,
          txq |-> 0,
          depq |-> {},
          phaseq |-> 1,
          rejectq |-> FALSE,
          Wq |-> {},
          WPq |-> {} ] ],
  [ shardfrom |-> 2,
    type |-> 9,
    from |-> 3,
    shardto |-> 2,
    to |-> 3,
    body |->
        [ b |-> 6,
          id |-> 1,
          tq |-> [t |-> 3, id |-> <<2, 1>>],
          abalq |-> 0,
          txq |-> 1,
          depq |-> {},
          phaseq |-> 2,
          rejectq |-> FALSE,
          Wq |-> {},
          WPq |-> {} ] ] }
/\ Qvar = << <<<<{}, {}>>, <<{}, {}>>, <<{}, {}>>>>,
   <<<<{}, {}>>, <<{}, {}>>, <<{}, {}>>>> >>
/\ ts = << << <<[t |-> 3, id |-> <<2, 1>>], [t |-> 2, id |-> <<1, 2>>]>>,
      <<[t |-> 0, id |-> <<0, 0>>], [t |-> 2, id |-> <<1, 2>>]>>,
      <<[t |-> 0, id |-> <<0, 0>>], [t |-> 0, id |-> <<0, 0>>]>> >>,
   << <<[t |-> 3, id |-> <<2, 1>>], [t |-> 0, id |-> <<0, 0>>]>>,
      <<[t |-> 0, id |-> <<0, 0>>], [t |-> 0, id |-> <<0, 0>>]>>,
      <<[t |-> 3, id |-> <<2, 1>>], [t |-> 0, id |-> <<0, 0>>]>> >> >>
/\ executeWaitingFlag = << <<<<FALSE, FALSE>>, <<FALSE, TRUE>>, <<FALSE, FALSE>>>>,
   <<<<FALSE, FALSE>>, <<FALSE, FALSE>>, <<FALSE, FALSE>>>> >>
/\ TXvar = << <<<<bottom, bottom>>, <<bottom, bottom>>, <<bottom, bottom>>>>,
   <<<<bottom, bottom>>, <<bottom, bottom>>, <<bottom, bottom>>>> >>
/\ recovered = <<<<<<1, 1>>, <<0, 0>>, <<0, 0>>>>, <<<<1, 0>>, <<1, 0>>, <<1, 0>>>>>>
/\ initCoord = <<<<2, 1>>, <<1, 2>>>>

State 17: <StartRecover line 550, col 5 to line 575, col 160 of module AccordSpec>
/\ phase = <<<<<<2, 2>>, <<1, 5>>, <<1, 1>>>>, <<<<2, 1>>, <<1, 1>>, <<2, 1>>>>>>
/\ abal = <<<<<<0, 0>>, <<0, 0>>, <<0, 0>>>>, <<<<0, 0>>, <<0, 0>>, <<0, 0>>>>>>
/\ initTimestamp = << [t |-> 3, id |-> <<2, 1>>],
   [t |-> 2, id |-> <<1, 2>>],
   [t |-> 1, id |-> <<0, 0>>] >>
/\ bal = <<<<<<7, 7>>, <<10, 8>>, <<0, 0>>>>, <<<<10, 0>>, <<11, 0>>, <<6, 0>>>>>>
/\ txn = << <<<<1, 2>>, <<1, 2>>, <<bottom, bottom>>>>,
   <<<<1, bottom>>, <<1, bottom>>, <<1, bottom>>>> >>
/\ postWaitingFlag = << <<<<FALSE, FALSE>>, <<FALSE, FALSE>>, <<FALSE, FALSE>>>>,
   <<<<FALSE, FALSE>>, <<FALSE, FALSE>>, <<FALSE, FALSE>>>> >>
/\ relation = <<<<0, 0>>, <<0, 0>>>>
/\ executed = <<<<{}, {}, {}>>, <<{}, {}, {}>>>>
/\ Wvar = << <<<<{}, {}>>, <<{}, {}>>, <<{}, {}>>>>,
   <<<<{}, {}>>, <<{}, {}>>, <<{}, {}>>>> >>
/\ dep = << <<<<{}, {}>>, <<{}, {}>>, <<{}, {}>>>>,
   <<<<{}, {}>>, <<{}, {}>>, <<{}, {}>>>> >>
/\ recoveryAttemptBal = <<<<<<0, 0>>, <<0, 0>>, <<0, 0>>>>, <<<<0, 0>>, <<0, 0>>, <<0, 0>>>>>>
/\ submitted = {1, 2}
/\ Dvar = << <<<<{}, {}>>, <<{}, {}>>, <<{}, {}>>>>,
   <<<<{}, {}>>, <<{}, {}>>, <<{}, {}>>>> >>
/\ msgs = { [ shardfrom |-> 1,
    type |-> 1,
    from |-> 2,
    shardto |-> 1,
    to |-> 3,
    body |-> [id |-> 2, tx |-> 2, D0 |-> {}] ],
  [ shardfrom |-> 1,
    type |-> 2,
    from |-> 1,
    shardto |-> 2,
    to |-> 1,
    body |-> [id |-> 1, tq |-> [t |-> 3, id |-> <<2, 1>>], Dq |-> {2}] ],
  [ shardfrom |-> 1,
    type |-> 5,
    from |-> 2,
    shardto |-> 1,
    to |-> 1,
    body |->
        [ b |-> 0,
          t |-> [t |-> 2, id |-> <<1, 2>>],
          id |-> 2,
          tx |-> 2,
          D |-> {},
          fastOrSlow |-> 0 ] ],
  [ shardfrom |-> 1,
    type |-> 5,
    from |-> 2,
    shardto |-> 1,
    to |-> 3,
    body |->
        [ b |-> 0,
          t |-> [t |-> 2, id |-> <<1, 2>>],
          id |-> 2,
          tx |-> 2,
          D |-> {},
          fastOrSlow |-> 0 ] ],
  [ shardfrom |-> 1,
    type |-> 7,
    from |-> 2,
    shardto |-> 1,
    to |-> 1,
    body |-> [b |-> 0, id |-> 2] ],
  [ shardfrom |-> 1,
    type |-> 7,
    from |-> 2,
    shardto |-> 1,
    to |-> 3,
    body |-> [b |-> 0, id |-> 2] ],
  [ shardfrom |-> 1,
    type |-> 8,
    from |-> 1,
    shardto |-> 1,
    to |-> 2,
    body |-> [b |-> 7, id |-> 1, tx |-> 1] ],
  [ shardfrom |-> 1,
    type |-> 8,
    from |-> 1,
    shardto |-> 1,
    to |-> 3,
    body |-> [b |-> 7, id |-> 1, tx |-> 1] ],
  [ shardfrom |-> 1,
    type |-> 8,
    from |-> 1,
    shardto |-> 1,
    to |-> 3,
    body |-> [b |-> 7, id |-> 2, tx |-> 2] ],
  [ shardfrom |-> 1,
    type |-> 8,
    from |-> 1,
    shardto |-> 2,
    to |-> 1,
    body |-> [b |-> 7, id |-> 1, tx |-> 1] ],
  [ shardfrom |-> 1,
    type |-> 8,
    from |-> 1,
    shardto |-> 2,
    to |-> 2,
    body |-> [b |-> 7, id |-> 1, tx |-> 1] ],
  [ shardfrom |-> 1,
    type |-> 8,
    from |-> 1,
    shardto |-> 2,
    to |-> 3,
    body |-> [b |-> 7, id |-> 1, tx |-> 1] ],
  [ shardfrom |-> 1,
    type |-> 8,
    from |-> 2,
    shardto |-> 1,
    to |-> 1,
    body |-> [b |-> 8, id |-> 2, tx |-> 2] ],
  [ shardfrom |-> 1,
    type |-> 8,
    from |-> 2,
    shardto |-> 1,
    to |-> 3,
    body |-> [b |-> 8, id |-> 2, tx |-> 2] ],
  [ shardfrom |-> 1,
    type |-> 9,
    from |-> 1,
    shardto |-> 1,
    to |-> 1,
    body |->
        [ b |-> 7,
          id |-> 1,
          tq |-> [t |-> 3, id |-> <<2, 1>>],
          abalq |-> 0,
          txq |-> 1,
          depq |-> {2},
          phaseq |-> 2,
          rejectq |-> FALSE,
          Wq |-> {<<2, 0>>},
          WPq |-> {} ] ],
  [ shardfrom |-> 1,
    type |-> 9,
    from |-> 1,
    shardto |-> 1,
    to |-> 1,
    body |->
        [ b |-> 7,
          id |-> 2,
          tq |-> [t |-> 2, id |-> <<1, 2>>],
          abalq |-> 0,
          txq |-> 2,
          depq |-> {},
          phaseq |-> 2,
          rejectq |-> FALSE,
          Wq |-> {},
          WPq |-> {} ] ],
  [ shardfrom |-> 1,
    type |-> 9,
    from |-> 2,
    shardto |-> 1,
    to |-> 2,
    body |->
        [ b |-> 8,
          id |-> 2,
          tq |-> [t |-> 2, id |-> <<1, 2>>],
          abalq |-> 0,
          txq |-> 2,
          depq |-> {},
          phaseq |-> 5,
          rejectq |-> FALSE,
          Wq |-> {},
          WPq |-> {} ] ],
  [ shardfrom |-> 1,
    type |-> 9,
    from |-> 2,
    shardto |-> 2,
    to |-> 1,
    body |->
        [ b |-> 10,
          id |-> 1,
          tq |-> [t |-> 0, id |-> <<0, 0>>],
          abalq |-> 0,
          txq |-> 1,
          depq |-> {2},
          phaseq |-> 1,
          rejectq |-> FALSE,
          Wq |-> {},
          WPq |-> {} ] ],
  [ shardfrom |-> 1,
    type |-> 10,
    from |-> 2,
    shardto |-> 1,
    to |-> 2,
    body |-> [id |-> 2] ],
  [ shardfrom |-> 1,
    type |-> 11,
    from |-> 2,
    shardto |-> 1,
    to |-> 1,
    body |-> [id |-> 2] ],
  [ shardfrom |-> 2,
    type |-> 1,
    from |-> 1,
    shardto |-> 1,
    to |-> 2,
    body |-> [id |-> 1, tx |-> 1, D0 |-> {}] ],
  [ shardfrom |-> 2,
    type |-> 1,
    from |-> 1,
    shardto |-> 1,
    to |-> 3,
    body |-> [id |-> 1, tx |-> 1, D0 |-> {}] ],
  [ shardfrom |-> 2,
    type |-> 1,
    from |-> 1,
    shardto |-> 2,
    to |-> 2,
    body |-> [id |-> 1, tx |-> 1, D0 |-> {}] ],
  [ shardfrom |-> 2,
    type |-> 2,
    from |-> 1,
    shardto |-> 2,
    to |-> 1,
    body |-> [id |-> 1, tq |-> [t |-> 3, id |-> <<2, 1>>], Dq |-> {}] ],
  [ shardfrom |-> 2,
    type |-> 2,
    from |-> 3,
    shardto |-> 2,
    to |-> 1,
    body |-> [id |-> 1, tq |-> [t |-> 3, id |-> <<2, 1>>], Dq |-> {}] ],
  [ shardfrom |-> 2,
    type |-> 8,
    from |-> 1,
    shardto |-> 1,
    to |-> 1,
    body |-> [b |-> 10, id |-> 1, tx |-> 1] ],
  [ shardfrom |-> 2,
    type |-> 8,
    from |-> 1,
    shardto |-> 1,
    to |-> 3,
    body |-> [b |-> 10, id |-> 1, tx |-> 1] ],
  [ shardfrom |-> 2,
    type |-> 8,
    from |-> 1,
    shardto |-> 2,
    to |-> 3,
    body |-> [b |-> 10, id |-> 1, tx |-> 1] ],
  [ shardfrom |-> 2,
    type |-> 8,
    from |-> 2,
    shardto |-> 1,
    to |-> 1,
    body |-> [b |-> 11, id |-> 1, tx |-> 0] ],
  [ shardfrom |-> 2,
    type |-> 8,
    from |-> 2,
    shardto |-> 1,
    to |-> 2,
    body |-> [b |-> 11, id |-> 1, tx |-> 0] ],
  [ shardfrom |-> 2,
    type |-> 8,
    from |-> 2,
    shardto |-> 1,
    to |-> 3,
    body |-> [b |-> 11, id |-> 1, tx |-> 0] ],
  [ shardfrom |-> 2,
    type |-> 8,
    from |-> 2,
    shardto |-> 2,
    to |-> 1,
    body |-> [b |-> 11, id |-> 1, tx |-> 0] ],
  [ shardfrom |-> 2,
    type |-> 8,
    from |-> 2,
    shardto |-> 2,
    to |-> 3,
    body |-> [b |-> 11, id |-> 1, tx |-> 0] ],
  [ shardfrom |-> 2,
    type |-> 8,
    from |-> 3,
    shardto |-> 1,
    to |-> 1,
    body |-> [b |-> 6, id |-> 1, tx |-> 1] ],
  [ shardfrom |-> 2,
    type |-> 8,
    from |-> 3,
    shardto |-> 1,
    to |-> 2,
    body |-> [b |-> 6, id |-> 1, tx |-> 1] ],
  [ shardfrom |-> 2,
    type |-> 8,
    from |-> 3,
    shardto |-> 1,
    to |-> 3,
    body |-> [b |-> 6, id |-> 1, tx |-> 1] ],
  [ shardfrom |-> 2,
    type |-> 8,
    from |-> 3,
    shardto |-> 2,
    to |-> 1,
    body |-> [b |-> 6, id |-> 1, tx |-> 1] ],
  [ shardfrom |-> 2,
    type |-> 8,
    from |-> 3,
    shardto |-> 2,
    to |-> 2,
    body |-> [b |-> 6, id |-> 1, tx |-> 1] ],
  [ shardfrom |-> 2,
    type |-> 9,
    from |-> 1,
    shardto |-> 2,
    to |-> 1,
    body |->
        [ b |-> 10,
          id |-> 1,
          tq |-> [t |-> 3, id |-> <<2, 1>>],
          abalq |-> 0,
          txq |-> 1,
          depq |-> {},
          phaseq |-> 2,
          rejectq |-> FALSE,
          Wq |-> {},
          WPq |-> {} ] ],
  [ shardfrom |-> 2,
    type |-> 9,
    from |-> 2,
    shardto |-> 2,
    to |-> 1,
    body |->
        [ b |-> 10,
          id |-> 1,
          tq |-> [t |-> 0, id |-> <<0, 0>>],
          abalq |-> 0,
          txq |-> 1,
          depq |-> {},
          phaseq |-> 1,
          rejectq |-> FALSE,
          Wq |-> {},
          WPq |-> {} ] ],
  [ shardfrom |-> 2,
    type |-> 9,
    from |-> 2,
    shardto |-> 2,
    to |-> 2,
    body |->
        [ b |-> 11,
          id |-> 1,
          tq |-> [t |-> 0, id |-> <<0, 0>>],
          abalq |-> 0,
          txq |-> 0,
          depq |-> {},
          phaseq |-> 1,
          rejectq |-> FALSE,
          Wq |-> {},
          WPq |-> {} ] ],
  [ shardfrom |-> 2,
    type |-> 9,
    from |-> 3,
    shardto |-> 2,
    to |-> 3,
    body |->
        [ b |-> 6,
          id |-> 1,
          tq |-> [t |-> 3, id |-> <<2, 1>>],
          abalq |-> 0,
          txq |-> 1,
          depq |-> {},
          phaseq |-> 2,
          rejectq |-> FALSE,
          Wq |-> {},
          WPq |-> {} ] ] }
/\ Qvar = << <<<<{}, {}>>, <<{}, {}>>, <<{}, {}>>>>,
   <<<<{}, {}>>, <<{}, {}>>, <<{}, {}>>>> >>
/\ ts = << << <<[t |-> 3, id |-> <<2, 1>>], [t |-> 2, id |-> <<1, 2>>]>>,
      <<[t |-> 0, id |-> <<0, 0>>], [t |-> 2, id |-> <<1, 2>>]>>,
      <<[t |-> 0, id |-> <<0, 0>>], [t |-> 0, id |-> <<0, 0>>]>> >>,
   << <<[t |-> 3, id |-> <<2, 1>>], [t |-> 0, id |-> <<0, 0>>]>>,
      <<[t |-> 0, id |-> <<0, 0>>], [t |-> 0, id |-> <<0, 0>>]>>,
      <<[t |-> 3, id |-> <<2, 1>>], [t |-> 0, id |-> <<0, 0>>]>> >> >>
/\ executeWaitingFlag = << <<<<FALSE, FALSE>>, <<FALSE, TRUE>>, <<FALSE, FALSE>>>>,
   <<<<FALSE, FALSE>>, <<FALSE, FALSE>>, <<FALSE, FALSE>>>> >>
/\ TXvar = << <<<<bottom, bottom>>, <<bottom, bottom>>, <<bottom, bottom>>>>,
   <<<<bottom, bottom>>, <<bottom, bottom>>, <<bottom, bottom>>>> >>
/\ recovered = <<<<<<1, 1>>, <<0, 1>>, <<0, 0>>>>, <<<<1, 0>>, <<1, 0>>, <<1, 0>>>>>>
/\ initCoord = <<<<2, 1>>, <<1, 2>>>>

State 18: <Next line 902, col 8 to line 910, col 25 of module AccordSpec>
/\ phase = <<<<<<2, 2>>, <<1, 5>>, <<1, 1>>>>, <<<<2, 1>>, <<1, 1>>, <<2, 1>>>>>>
/\ abal = <<<<<<0, 0>>, <<0, 0>>, <<0, 0>>>>, <<<<0, 0>>, <<0, 0>>, <<0, 0>>>>>>
/\ initTimestamp = << [t |-> 3, id |-> <<2, 1>>],
   [t |-> 2, id |-> <<1, 2>>],
   [t |-> 1, id |-> <<0, 0>>] >>
/\ bal = <<<<<<7, 7>>, <<10, 8>>, <<0, 8>>>>, <<<<10, 0>>, <<11, 0>>, <<6, 0>>>>>>
/\ txn = << <<<<1, 2>>, <<1, 2>>, <<bottom, 2>>>>,
   <<<<1, bottom>>, <<1, bottom>>, <<1, bottom>>>> >>
/\ postWaitingFlag = << <<<<FALSE, FALSE>>, <<FALSE, FALSE>>, <<FALSE, FALSE>>>>,
   <<<<FALSE, FALSE>>, <<FALSE, FALSE>>, <<FALSE, FALSE>>>> >>
/\ relation = <<<<0, 0>>, <<0, 0>>>>
/\ executed = <<<<{}, {}, {}>>, <<{}, {}, {}>>>>
/\ Wvar = << <<<<{}, {}>>, <<{}, {}>>, <<{}, {}>>>>,
   <<<<{}, {}>>, <<{}, {}>>, <<{}, {}>>>> >>
/\ dep = << <<<<{}, {}>>, <<{}, {}>>, <<{}, {}>>>>,
   <<<<{}, {}>>, <<{}, {}>>, <<{}, {}>>>> >>
/\ recoveryAttemptBal = <<<<<<0, 0>>, <<0, 0>>, <<0, 0>>>>, <<<<0, 0>>, <<0, 0>>, <<0, 0>>>>>>
/\ submitted = {1, 2}
/\ Dvar = << <<<<{}, {}>>, <<{}, {}>>, <<{}, {}>>>>,
   <<<<{}, {}>>, <<{}, {}>>, <<{}, {}>>>> >>
/\ msgs = { [ shardfrom |-> 1,
    type |-> 1,
    from |-> 2,
    shardto |-> 1,
    to |-> 3,
    body |-> [id |-> 2, tx |-> 2, D0 |-> {}] ],
  [ shardfrom |-> 1,
    type |-> 2,
    from |-> 1,
    shardto |-> 2,
    to |-> 1,
    body |-> [id |-> 1, tq |-> [t |-> 3, id |-> <<2, 1>>], Dq |-> {2}] ],
  [ shardfrom |-> 1,
    type |-> 5,
    from |-> 2,
    shardto |-> 1,
    to |-> 1,
    body |->
        [ b |-> 0,
          t |-> [t |-> 2, id |-> <<1, 2>>],
          id |-> 2,
          tx |-> 2,
          D |-> {},
          fastOrSlow |-> 0 ] ],
  [ shardfrom |-> 1,
    type |-> 5,
    from |-> 2,
    shardto |-> 1,
    to |-> 3,
    body |->
        [ b |-> 0,
          t |-> [t |-> 2, id |-> <<1, 2>>],
          id |-> 2,
          tx |-> 2,
          D |-> {},
          fastOrSlow |-> 0 ] ],
  [ shardfrom |-> 1,
    type |-> 7,
    from |-> 2,
    shardto |-> 1,
    to |-> 1,
    body |-> [b |-> 0, id |-> 2] ],
  [ shardfrom |-> 1,
    type |-> 7,
    from |-> 2,
    shardto |-> 1,
    to |-> 3,
    body |-> [b |-> 0, id |-> 2] ],
  [ shardfrom |-> 1,
    type |-> 8,
    from |-> 1,
    shardto |-> 1,
    to |-> 2,
    body |-> [b |-> 7, id |-> 1, tx |-> 1] ],
  [ shardfrom |-> 1,
    type |-> 8,
    from |-> 1,
    shardto |-> 1,
    to |-> 3,
    body |-> [b |-> 7, id |-> 1, tx |-> 1] ],
  [ shardfrom |-> 1,
    type |-> 8,
    from |-> 1,
    shardto |-> 1,
    to |-> 3,
    body |-> [b |-> 7, id |-> 2, tx |-> 2] ],
  [ shardfrom |-> 1,
    type |-> 8,
    from |-> 1,
    shardto |-> 2,
    to |-> 1,
    body |-> [b |-> 7, id |-> 1, tx |-> 1] ],
  [ shardfrom |-> 1,
    type |-> 8,
    from |-> 1,
    shardto |-> 2,
    to |-> 2,
    body |-> [b |-> 7, id |-> 1, tx |-> 1] ],
  [ shardfrom |-> 1,
    type |-> 8,
    from |-> 1,
    shardto |-> 2,
    to |-> 3,
    body |-> [b |-> 7, id |-> 1, tx |-> 1] ],
  [ shardfrom |-> 1,
    type |-> 8,
    from |-> 2,
    shardto |-> 1,
    to |-> 1,
    body |-> [b |-> 8, id |-> 2, tx |-> 2] ],
  [ shardfrom |-> 1,
    type |-> 9,
    from |-> 1,
    shardto |-> 1,
    to |-> 1,
    body |->
        [ b |-> 7,
          id |-> 1,
          tq |-> [t |-> 3, id |-> <<2, 1>>],
          abalq |-> 0,
          txq |-> 1,
          depq |-> {2},
          phaseq |-> 2,
          rejectq |-> FALSE,
          Wq |-> {<<2, 0>>},
          WPq |-> {} ] ],
  [ shardfrom |-> 1,
    type |-> 9,
    from |-> 1,
    shardto |-> 1,
    to |-> 1,
    body |->
        [ b |-> 7,
          id |-> 2,
          tq |-> [t |-> 2, id |-> <<1, 2>>],
          abalq |-> 0,
          txq |-> 2,
          depq |-> {},
          phaseq |-> 2,
          rejectq |-> FALSE,
          Wq |-> {},
          WPq |-> {} ] ],
  [ shardfrom |-> 1,
    type |-> 9,
    from |-> 2,
    shardto |-> 1,
    to |-> 2,
    body |->
        [ b |-> 8,
          id |-> 2,
          tq |-> [t |-> 2, id |-> <<1, 2>>],
          abalq |-> 0,
          txq |-> 2,
          depq |-> {},
          phaseq |-> 5,
          rejectq |-> FALSE,
          Wq |-> {},
          WPq |-> {} ] ],
  [ shardfrom |-> 1,
    type |-> 9,
    from |-> 2,
    shardto |-> 2,
    to |-> 1,
    body |->
        [ b |-> 10,
          id |-> 1,
          tq |-> [t |-> 0, id |-> <<0, 0>>],
          abalq |-> 0,
          txq |-> 1,
          depq |-> {2},
          phaseq |-> 1,
          rejectq |-> FALSE,
          Wq |-> {},
          WPq |-> {} ] ],
  [ shardfrom |-> 1,
    type |-> 9,
    from |-> 3,
    shardto |-> 1,
    to |-> 2,
    body |->
        [ b |-> 8,
          id |-> 2,
          tq |-> [t |-> 0, id |-> <<0, 0>>],
          abalq |-> 0,
          txq |-> 2,
          depq |-> {},
          phaseq |-> 1,
          rejectq |-> FALSE,
          Wq |-> {},
          WPq |-> {} ] ],
  [ shardfrom |-> 1,
    type |-> 10,
    from |-> 2,
    shardto |-> 1,
    to |-> 2,
    body |-> [id |-> 2] ],
  [ shardfrom |-> 1,
    type |-> 11,
    from |-> 2,
    shardto |-> 1,
    to |-> 1,
    body |-> [id |-> 2] ],
  [ shardfrom |-> 2,
    type |-> 1,
    from |-> 1,
    shardto |-> 1,
    to |-> 2,
    body |-> [id |-> 1, tx |-> 1, D0 |-> {}] ],
  [ shardfrom |-> 2,
    type |-> 1,
    from |-> 1,
    shardto |-> 1,
    to |-> 3,
    body |-> [id |-> 1, tx |-> 1, D0 |-> {}] ],
  [ shardfrom |-> 2,
    type |-> 1,
    from |-> 1,
    shardto |-> 2,
    to |-> 2,
    body |-> [id |-> 1, tx |-> 1, D0 |-> {}] ],
  [ shardfrom |-> 2,
    type |-> 2,
    from |-> 1,
    shardto |-> 2,
    to |-> 1,
    body |-> [id |-> 1, tq |-> [t |-> 3, id |-> <<2, 1>>], Dq |-> {}] ],
  [ shardfrom |-> 2,
    type |-> 2,
    from |-> 3,
    shardto |-> 2,
    to |-> 1,
    body |-> [id |-> 1, tq |-> [t |-> 3, id |-> <<2, 1>>], Dq |-> {}] ],
  [ shardfrom |-> 2,
    type |-> 8,
    from |-> 1,
    shardto |-> 1,
    to |-> 1,
    body |-> [b |-> 10, id |-> 1, tx |-> 1] ],
  [ shardfrom |-> 2,
    type |-> 8,
    from |-> 1,
    shardto |-> 1,
    to |-> 3,
    body |-> [b |-> 10, id |-> 1, tx |-> 1] ],
  [ shardfrom |-> 2,
    type |-> 8,
    from |-> 1,
    shardto |-> 2,
    to |-> 3,
    body |-> [b |-> 10, id |-> 1, tx |-> 1] ],
  [ shardfrom |-> 2,
    type |-> 8,
    from |-> 2,
    shardto |-> 1,
    to |-> 1,
    body |-> [b |-> 11, id |-> 1, tx |-> 0] ],
  [ shardfrom |-> 2,
    type |-> 8,
    from |-> 2,
    shardto |-> 1,
    to |-> 2,
    body |-> [b |-> 11, id |-> 1, tx |-> 0] ],
  [ shardfrom |-> 2,
    type |-> 8,
    from |-> 2,
    shardto |-> 1,
    to |-> 3,
    body |-> [b |-> 11, id |-> 1, tx |-> 0] ],
  [ shardfrom |-> 2,
    type |-> 8,
    from |-> 2,
    shardto |-> 2,
    to |-> 1,
    body |-> [b |-> 11, id |-> 1, tx |-> 0] ],
  [ shardfrom |-> 2,
    type |-> 8,
    from |-> 2,
    shardto |-> 2,
    to |-> 3,
    body |-> [b |-> 11, id |-> 1, tx |-> 0] ],
  [ shardfrom |-> 2,
    type |-> 8,
    from |-> 3,
    shardto |-> 1,
    to |-> 1,
    body |-> [b |-> 6, id |-> 1, tx |-> 1] ],
  [ shardfrom |-> 2,
    type |-> 8,
    from |-> 3,
    shardto |-> 1,
    to |-> 2,
    body |-> [b |-> 6, id |-> 1, tx |-> 1] ],
  [ shardfrom |-> 2,
    type |-> 8,
    from |-> 3,
    shardto |-> 1,
    to |-> 3,
    body |-> [b |-> 6, id |-> 1, tx |-> 1] ],
  [ shardfrom |-> 2,
    type |-> 8,
    from |-> 3,
    shardto |-> 2,
    to |-> 1,
    body |-> [b |-> 6, id |-> 1, tx |-> 1] ],
  [ shardfrom |-> 2,
    type |-> 8,
    from |-> 3,
    shardto |-> 2,
    to |-> 2,
    body |-> [b |-> 6, id |-> 1, tx |-> 1] ],
  [ shardfrom |-> 2,
    type |-> 9,
    from |-> 1,
    shardto |-> 2,
    to |-> 1,
    body |->
        [ b |-> 10,
          id |-> 1,
          tq |-> [t |-> 3, id |-> <<2, 1>>],
          abalq |-> 0,
          txq |-> 1,
          depq |-> {},
          phaseq |-> 2,
          rejectq |-> FALSE,
          Wq |-> {},
          WPq |-> {} ] ],
  [ shardfrom |-> 2,
    type |-> 9,
    from |-> 2,
    shardto |-> 2,
    to |-> 1,
    body |->
        [ b |-> 10,
          id |-> 1,
          tq |-> [t |-> 0, id |-> <<0, 0>>],
          abalq |-> 0,
          txq |-> 1,
          depq |-> {},
          phaseq |-> 1,
          rejectq |-> FALSE,
          Wq |-> {},
          WPq |-> {} ] ],
  [ shardfrom |-> 2,
    type |-> 9,
    from |-> 2,
    shardto |-> 2,
    to |-> 2,
    body |->
        [ b |-> 11,
          id |-> 1,
          tq |-> [t |-> 0, id |-> <<0, 0>>],
          abalq |-> 0,
          txq |-> 0,
          depq |-> {},
          phaseq |-> 1,
          rejectq |-> FALSE,
          Wq |-> {},
          WPq |-> {} ] ],
  [ shardfrom |-> 2,
    type |-> 9,
    from |-> 3,
    shardto |-> 2,
    to |-> 3,
    body |->
        [ b |-> 6,
          id |-> 1,
          tq |-> [t |-> 3, id |-> <<2, 1>>],
          abalq |-> 0,
          txq |-> 1,
          depq |-> {},
          phaseq |-> 2,
          rejectq |-> FALSE,
          Wq |-> {},
          WPq |-> {} ] ] }
/\ Qvar = << <<<<{}, {}>>, <<{}, {}>>, <<{}, {}>>>>,
   <<<<{}, {}>>, <<{}, {}>>, <<{}, {}>>>> >>
/\ ts = << << <<[t |-> 3, id |-> <<2, 1>>], [t |-> 2, id |-> <<1, 2>>]>>,
      <<[t |-> 0, id |-> <<0, 0>>], [t |-> 2, id |-> <<1, 2>>]>>,
      <<[t |-> 0, id |-> <<0, 0>>], [t |-> 0, id |-> <<0, 0>>]>> >>,
   << <<[t |-> 3, id |-> <<2, 1>>], [t |-> 0, id |-> <<0, 0>>]>>,
      <<[t |-> 0, id |-> <<0, 0>>], [t |-> 0, id |-> <<0, 0>>]>>,
      <<[t |-> 3, id |-> <<2, 1>>], [t |-> 0, id |-> <<0, 0>>]>> >> >>
/\ executeWaitingFlag = << <<<<FALSE, FALSE>>, <<FALSE, TRUE>>, <<FALSE, FALSE>>>>,
   <<<<FALSE, FALSE>>, <<FALSE, FALSE>>, <<FALSE, FALSE>>>> >>
/\ TXvar = << <<<<bottom, bottom>>, <<bottom, bottom>>, <<bottom, bottom>>>>,
   <<<<bottom, bottom>>, <<bottom, bottom>>, <<bottom, bottom>>>> >>
/\ recovered = <<<<<<1, 1>>, <<0, 1>>, <<0, 0>>>>, <<<<1, 0>>, <<1, 0>>, <<1, 0>>>>>>
/\ initCoord = <<<<2, 1>>, <<1, 2>>>>

State 19: <Next line 902, col 8 to line 910, col 25 of module AccordSpec>
/\ phase = <<<<<<2, 2>>, <<1, 5>>, <<1, 1>>>>, <<<<2, 1>>, <<1, 1>>, <<2, 1>>>>>>
/\ abal = <<<<<<0, 0>>, <<0, 0>>, <<0, 0>>>>, <<<<0, 0>>, <<0, 0>>, <<0, 0>>>>>>
/\ initTimestamp = << [t |-> 3, id |-> <<2, 1>>],
   [t |-> 2, id |-> <<1, 2>>],
   [t |-> 1, id |-> <<0, 0>>] >>
/\ bal = <<<<<<7, 7>>, <<10, 8>>, <<0, 8>>>>, <<<<10, 0>>, <<11, 0>>, <<6, 0>>>>>>
/\ txn = << <<<<1, 2>>, <<1, 2>>, <<bottom, 2>>>>,
   <<<<1, bottom>>, <<1, bottom>>, <<1, bottom>>>> >>
/\ postWaitingFlag = << <<<<FALSE, FALSE>>, <<FALSE, FALSE>>, <<FALSE, FALSE>>>>,
   <<<<FALSE, FALSE>>, <<FALSE, FALSE>>, <<FALSE, FALSE>>>> >>
/\ relation = <<<<0, 2>>, <<1, 0>>>>
/\ executed = <<<<{}, {2}, {}>>, <<{}, {}, {}>>>>
/\ Wvar = << <<<<{}, {}>>, <<{}, {}>>, <<{}, {}>>>>,
   <<<<{}, {}>>, <<{}, {}>>, <<{}, {}>>>> >>
/\ dep = << <<<<{}, {}>>, <<{}, {}>>, <<{}, {}>>>>,
   <<<<{}, {}>>, <<{}, {}>>, <<{}, {}>>>> >>
/\ recoveryAttemptBal = <<<<<<0, 0>>, <<0, 0>>, <<0, 0>>>>, <<<<0, 0>>, <<0, 0>>, <<0, 0>>>>>>
/\ submitted = {1, 2}
/\ Dvar = << <<<<{}, {}>>, <<{}, {}>>, <<{}, {}>>>>,
   <<<<{}, {}>>, <<{}, {}>>, <<{}, {}>>>> >>
/\ msgs = { [ shardfrom |-> 1,
    type |-> 1,
    from |-> 2,
    shardto |-> 1,
    to |-> 3,
    body |-> [id |-> 2, tx |-> 2, D0 |-> {}] ],
  [ shardfrom |-> 1,
    type |-> 2,
    from |-> 1,
    shardto |-> 2,
    to |-> 1,
    body |-> [id |-> 1, tq |-> [t |-> 3, id |-> <<2, 1>>], Dq |-> {2}] ],
  [ shardfrom |-> 1,
    type |-> 5,
    from |-> 2,
    shardto |-> 1,
    to |-> 1,
    body |->
        [ b |-> 0,
          t |-> [t |-> 2, id |-> <<1, 2>>],
          id |-> 2,
          tx |-> 2,
          D |-> {},
          fastOrSlow |-> 0 ] ],
  [ shardfrom |-> 1,
    type |-> 5,
    from |-> 2,
    shardto |-> 1,
    to |-> 3,
    body |->
        [ b |-> 0,
          t |-> [t |-> 2, id |-> <<1, 2>>],
          id |-> 2,
          tx |-> 2,
          D |-> {},
          fastOrSlow |-> 0 ] ],
  [ shardfrom |-> 1,
    type |-> 7,
    from |-> 2,
    shardto |-> 1,
    to |-> 1,
    body |-> [b |-> 0, id |-> 2] ],
  [ shardfrom |-> 1,
    type |-> 7,
    from |-> 2,
    shardto |-> 1,
    to |-> 3,
    body |-> [b |-> 0, id |-> 2] ],
  [ shardfrom |-> 1,
    type |-> 8,
    from |-> 1,
    shardto |-> 1,
    to |-> 2,
    body |-> [b |-> 7, id |-> 1, tx |-> 1] ],
  [ shardfrom |-> 1,
    type |-> 8,
    from |-> 1,
    shardto |-> 1,
    to |-> 3,
    body |-> [b |-> 7, id |-> 1, tx |-> 1] ],
  [ shardfrom |-> 1,
    type |-> 8,
    from |-> 1,
    shardto |-> 1,
    to |-> 3,
    body |-> [b |-> 7, id |-> 2, tx |-> 2] ],
  [ shardfrom |-> 1,
    type |-> 8,
    from |-> 1,
    shardto |-> 2,
    to |-> 1,
    body |-> [b |-> 7, id |-> 1, tx |-> 1] ],
  [ shardfrom |-> 1,
    type |-> 8,
    from |-> 1,
    shardto |-> 2,
    to |-> 2,
    body |-> [b |-> 7, id |-> 1, tx |-> 1] ],
  [ shardfrom |-> 1,
    type |-> 8,
    from |-> 1,
    shardto |-> 2,
    to |-> 3,
    body |-> [b |-> 7, id |-> 1, tx |-> 1] ],
  [ shardfrom |-> 1,
    type |-> 8,
    from |-> 2,
    shardto |-> 1,
    to |-> 1,
    body |-> [b |-> 8, id |-> 2, tx |-> 2] ],
  [ shardfrom |-> 1,
    type |-> 9,
    from |-> 1,
    shardto |-> 1,
    to |-> 1,
    body |->
        [ b |-> 7,
          id |-> 1,
          tq |-> [t |-> 3, id |-> <<2, 1>>],
          abalq |-> 0,
          txq |-> 1,
          depq |-> {2},
          phaseq |-> 2,
          rejectq |-> FALSE,
          Wq |-> {<<2, 0>>},
          WPq |-> {} ] ],
  [ shardfrom |-> 1,
    type |-> 9,
    from |-> 1,
    shardto |-> 1,
    to |-> 1,
    body |->
        [ b |-> 7,
          id |-> 2,
          tq |-> [t |-> 2, id |-> <<1, 2>>],
          abalq |-> 0,
          txq |-> 2,
          depq |-> {},
          phaseq |-> 2,
          rejectq |-> FALSE,
          Wq |-> {},
          WPq |-> {} ] ],
  [ shardfrom |-> 1,
    type |-> 9,
    from |-> 2,
    shardto |-> 1,
    to |-> 2,
    body |->
        [ b |-> 8,
          id |-> 2,
          tq |-> [t |-> 2, id |-> <<1, 2>>],
          abalq |-> 0,
          txq |-> 2,
          depq |-> {},
          phaseq |-> 5,
          rejectq |-> FALSE,
          Wq |-> {},
          WPq |-> {} ] ],
  [ shardfrom |-> 1,
    type |-> 9,
    from |-> 2,
    shardto |-> 2,
    to |-> 1,
    body |->
        [ b |-> 10,
          id |-> 1,
          tq |-> [t |-> 0, id |-> <<0, 0>>],
          abalq |-> 0,
          txq |-> 1,
          depq |-> {2},
          phaseq |-> 1,
          rejectq |-> FALSE,
          Wq |-> {},
          WPq |-> {} ] ],
  [ shardfrom |-> 1,
    type |-> 10,
    from |-> 2,
    shardto |-> 1,
    to |-> 2,
    body |-> [id |-> 2] ],
  [ shardfrom |-> 1,
    type |-> 11,
    from |-> 2,
    shardto |-> 1,
    to |-> 1,
    body |-> [id |-> 2] ],
  [ shardfrom |-> 2,
    type |-> 1,
    from |-> 1,
    shardto |-> 1,
    to |-> 2,
    body |-> [id |-> 1, tx |-> 1, D0 |-> {}] ],
  [ shardfrom |-> 2,
    type |-> 1,
    from |-> 1,
    shardto |-> 1,
    to |-> 3,
    body |-> [id |-> 1, tx |-> 1, D0 |-> {}] ],
  [ shardfrom |-> 2,
    type |-> 1,
    from |-> 1,
    shardto |-> 2,
    to |-> 2,
    body |-> [id |-> 1, tx |-> 1, D0 |-> {}] ],
  [ shardfrom |-> 2,
    type |-> 2,
    from |-> 1,
    shardto |-> 2,
    to |-> 1,
    body |-> [id |-> 1, tq |-> [t |-> 3, id |-> <<2, 1>>], Dq |-> {}] ],
  [ shardfrom |-> 2,
    type |-> 2,
    from |-> 3,
    shardto |-> 2,
    to |-> 1,
    body |-> [id |-> 1, tq |-> [t |-> 3, id |-> <<2, 1>>], Dq |-> {}] ],
  [ shardfrom |-> 2,
    type |-> 8,
    from |-> 1,
    shardto |-> 1,
    to |-> 1,
    body |-> [b |-> 10, id |-> 1, tx |-> 1] ],
  [ shardfrom |-> 2,
    type |-> 8,
    from |-> 1,
    shardto |-> 1,
    to |-> 3,
    body |-> [b |-> 10, id |-> 1, tx |-> 1] ],
  [ shardfrom |-> 2,
    type |-> 8,
    from |-> 1,
    shardto |-> 2,
    to |-> 3,
    body |-> [b |-> 10, id |-> 1, tx |-> 1] ],
  [ shardfrom |-> 2,
    type |-> 8,
    from |-> 2,
    shardto |-> 1,
    to |-> 1,
    body |-> [b |-> 11, id |-> 1, tx |-> 0] ],
  [ shardfrom |-> 2,
    type |-> 8,
    from |-> 2,
    shardto |-> 1,
    to |-> 2,
    body |-> [b |-> 11, id |-> 1, tx |-> 0] ],
  [ shardfrom |-> 2,
    type |-> 8,
    from |-> 2,
    shardto |-> 1,
    to |-> 3,
    body |-> [b |-> 11, id |-> 1, tx |-> 0] ],
  [ shardfrom |-> 2,
    type |-> 8,
    from |-> 2,
    shardto |-> 2,
    to |-> 1,
    body |-> [b |-> 11, id |-> 1, tx |-> 0] ],
  [ shardfrom |-> 2,
    type |-> 8,
    from |-> 2,
    shardto |-> 2,
    to |-> 3,
    body |-> [b |-> 11, id |-> 1, tx |-> 0] ],
  [ shardfrom |-> 2,
    type |-> 8,
    from |-> 3,
    shardto |-> 1,
    to |-> 1,
    body |-> [b |-> 6, id |-> 1, tx |-> 1] ],
  [ shardfrom |-> 2,
    type |-> 8,
    from |-> 3,
    shardto |-> 1,
    to |-> 2,
    body |-> [b |-> 6, id |-> 1, tx |-> 1] ],
  [ shardfrom |-> 2,
    type |-> 8,
    from |-> 3,
    shardto |-> 1,
    to |-> 3,
    body |-> [b |-> 6, id |-> 1, tx |-> 1] ],
  [ shardfrom |-> 2,
    type |-> 8,
    from |-> 3,
    shardto |-> 2,
    to |-> 1,
    body |-> [b |-> 6, id |-> 1, tx |-> 1] ],
  [ shardfrom |-> 2,
    type |-> 8,
    from |-> 3,
    shardto |-> 2,
    to |-> 2,
    body |-> [b |-> 6, id |-> 1, tx |-> 1] ],
  [ shardfrom |-> 2,
    type |-> 9,
    from |-> 1,
    shardto |-> 2,
    to |-> 1,
    body |->
        [ b |-> 10,
          id |-> 1,
          tq |-> [t |-> 3, id |-> <<2, 1>>],
          abalq |-> 0,
          txq |-> 1,
          depq |-> {},
          phaseq |-> 2,
          rejectq |-> FALSE,
          Wq |-> {},
          WPq |-> {} ] ],
  [ shardfrom |-> 2,
    type |-> 9,
    from |-> 2,
    shardto |-> 2,
    to |-> 1,
    body |->
        [ b |-> 10,
          id |-> 1,
          tq |-> [t |-> 0, id |-> <<0, 0>>],
          abalq |-> 0,
          txq |-> 1,
          depq |-> {},
          phaseq |-> 1,
          rejectq |-> FALSE,
          Wq |-> {},
          WPq |-> {} ] ],
  [ shardfrom |-> 2,
    type |-> 9,
    from |-> 2,
    shardto |-> 2,
    to |-> 2,
    body |->
        [ b |-> 11,
          id |-> 1,
          tq |-> [t |-> 0, id |-> <<0, 0>>],
          abalq |-> 0,
          txq |-> 0,
          depq |-> {},
          phaseq |-> 1,
          rejectq |-> FALSE,
          Wq |-> {},
          WPq |-> {} ] ],
  [ shardfrom |-> 2,
    type |-> 9,
    from |-> 3,
    shardto |-> 2,
    to |-> 3,
    body |->
        [ b |-> 6,
          id |-> 1,
          tq |-> [t |-> 3, id |-> <<2, 1>>],
          abalq |-> 0,
          txq |-> 1,
          depq |-> {},
          phaseq |-> 2,
          rejectq |-> FALSE,
          Wq |-> {},
          WPq |-> {} ] ] }
/\ Qvar = << <<<<{}, {}>>, <<{}, {}>>, <<{}, {}>>>>,
   <<<<{}, {}>>, <<{}, {}>>, <<{}, {}>>>> >>
/\ ts = << << <<[t |-> 3, id |-> <<2, 1>>], [t |-> 2, id |-> <<1, 2>>]>>,
      <<[t |-> 0, id |-> <<0, 0>>], [t |-> 2, id |-> <<1, 2>>]>>,
      <<[t |-> 0, id |-> <<0, 0>>], [t |-> 0, id |-> <<0, 0>>]>> >>,
   << <<[t |-> 3, id |-> <<2, 1>>], [t |-> 0, id |-> <<0, 0>>]>>,
      <<[t |-> 0, id |-> <<0, 0>>], [t |-> 0, id |-> <<0, 0>>]>>,
      <<[t |-> 3, id |-> <<2, 1>>], [t |-> 0, id |-> <<0, 0>>]>> >> >>
/\ executeWaitingFlag = << <<<<FALSE, FALSE>>, <<FALSE, TRUE>>, <<FALSE, FALSE>>>>,
   <<<<FALSE, FALSE>>, <<FALSE, FALSE>>, <<FALSE, FALSE>>>> >>
/\ TXvar = << <<<<bottom, bottom>>, <<bottom, bottom>>, <<bottom, bottom>>>>,
   <<<<bottom, bottom>>, <<bottom, bottom>>, <<bottom, bottom>>>> >>
/\ recovered = <<<<<<1, 1>>, <<0, 1>>, <<0, 0>>>>, <<<<1, 0>>, <<1, 0>>, <<1, 0>>>>>>
/\ initCoord = <<<<2, 1>>, <<1, 2>>>>

State 20: <StartRecover line 550, col 5 to line 575, col 160 of module AccordSpec>
/\ phase = <<<<<<2, 2>>, <<1, 5>>, <<1, 1>>>>, <<<<2, 1>>, <<1, 1>>, <<2, 1>>>>>>
/\ abal = <<<<<<0, 0>>, <<0, 0>>, <<0, 0>>>>, <<<<0, 0>>, <<0, 0>>, <<0, 0>>>>>>
/\ initTimestamp = << [t |-> 3, id |-> <<2, 1>>],
   [t |-> 2, id |-> <<1, 2>>],
   [t |-> 1, id |-> <<0, 0>>] >>
/\ bal = <<<<<<7, 7>>, <<10, 8>>, <<0, 9>>>>, <<<<10, 0>>, <<11, 0>>, <<6, 0>>>>>>
/\ txn = << <<<<1, 2>>, <<1, 2>>, <<bottom, 2>>>>,
   <<<<1, bottom>>, <<1, bottom>>, <<1, bottom>>>> >>
/\ postWaitingFlag = << <<<<FALSE, FALSE>>, <<FALSE, FALSE>>, <<FALSE, FALSE>>>>,
   <<<<FALSE, FALSE>>, <<FALSE, FALSE>>, <<FALSE, FALSE>>>> >>
/\ relation = <<<<0, 2>>, <<1, 0>>>>
/\ executed = <<<<{}, {2}, {}>>, <<{}, {}, {}>>>>
/\ Wvar = << <<<<{}, {}>>, <<{}, {}>>, <<{}, {}>>>>,
   <<<<{}, {}>>, <<{}, {}>>, <<{}, {}>>>> >>
/\ dep = << <<<<{}, {}>>, <<{}, {}>>, <<{}, {}>>>>,
   <<<<{}, {}>>, <<{}, {}>>, <<{}, {}>>>> >>
/\ recoveryAttemptBal = <<<<<<0, 0>>, <<0, 0>>, <<0, 0>>>>, <<<<0, 0>>, <<0, 0>>, <<0, 0>>>>>>
/\ submitted = {1, 2}
/\ Dvar = << <<<<{}, {}>>, <<{}, {}>>, <<{}, {}>>>>,
   <<<<{}, {}>>, <<{}, {}>>, <<{}, {}>>>> >>
/\ msgs = { [ shardfrom |-> 1,
    type |-> 1,
    from |-> 2,
    shardto |-> 1,
    to |-> 3,
    body |-> [id |-> 2, tx |-> 2, D0 |-> {}] ],
  [ shardfrom |-> 1,
    type |-> 2,
    from |-> 1,
    shardto |-> 2,
    to |-> 1,
    body |-> [id |-> 1, tq |-> [t |-> 3, id |-> <<2, 1>>], Dq |-> {2}] ],
  [ shardfrom |-> 1,
    type |-> 5,
    from |-> 2,
    shardto |-> 1,
    to |-> 1,
    body |->
        [ b |-> 0,
          t |-> [t |-> 2, id |-> <<1, 2>>],
          id |-> 2,
          tx |-> 2,
          D |-> {},
          fastOrSlow |-> 0 ] ],
  [ shardfrom |-> 1,
    type |-> 5,
    from |-> 2,
    shardto |-> 1,
    to |-> 3,
    body |->
        [ b |-> 0,
          t |-> [t |-> 2, id |-> <<1, 2>>],
          id |-> 2,
          tx |-> 2,
          D |-> {},
          fastOrSlow |-> 0 ] ],
  [ shardfrom |-> 1,
    type |-> 7,
    from |-> 2,
    shardto |-> 1,
    to |-> 1,
    body |-> [b |-> 0, id |-> 2] ],
  [ shardfrom |-> 1,
    type |-> 7,
    from |-> 2,
    shardto |-> 1,
    to |-> 3,
    body |-> [b |-> 0, id |-> 2] ],
  [ shardfrom |-> 1,
    type |-> 8,
    from |-> 1,
    shardto |-> 1,
    to |-> 2,
    body |-> [b |-> 7, id |-> 1, tx |-> 1] ],
  [ shardfrom |-> 1,
    type |-> 8,
    from |-> 1,
    shardto |-> 1,
    to |-> 3,
    body |-> [b |-> 7, id |-> 1, tx |-> 1] ],
  [ shardfrom |-> 1,
    type |-> 8,
    from |-> 1,
    shardto |-> 1,
    to |-> 3,
    body |-> [b |-> 7, id |-> 2, tx |-> 2] ],
  [ shardfrom |-> 1,
    type |-> 8,
    from |-> 1,
    shardto |-> 2,
    to |-> 1,
    body |-> [b |-> 7, id |-> 1, tx |-> 1] ],
  [ shardfrom |-> 1,
    type |-> 8,
    from |-> 1,
    shardto |-> 2,
    to |-> 2,
    body |-> [b |-> 7, id |-> 1, tx |-> 1] ],
  [ shardfrom |-> 1,
    type |-> 8,
    from |-> 1,
    shardto |-> 2,
    to |-> 3,
    body |-> [b |-> 7, id |-> 1, tx |-> 1] ],
  [ shardfrom |-> 1,
    type |-> 8,
    from |-> 2,
    shardto |-> 1,
    to |-> 1,
    body |-> [b |-> 8, id |-> 2, tx |-> 2] ],
  [ shardfrom |-> 1,
    type |-> 8,
    from |-> 3,
    shardto |-> 1,
    to |-> 1,
    body |-> [b |-> 9, id |-> 2, tx |-> 0] ],
  [ shardfrom |-> 1,
    type |-> 8,
    from |-> 3,
    shardto |-> 1,
    to |-> 2,
    body |-> [b |-> 9, id |-> 2, tx |-> 0] ],
  [ shardfrom |-> 1,
    type |-> 9,
    from |-> 1,
    shardto |-> 1,
    to |-> 1,
    body |->
        [ b |-> 7,
          id |-> 1,
          tq |-> [t |-> 3, id |-> <<2, 1>>],
          abalq |-> 0,
          txq |-> 1,
          depq |-> {2},
          phaseq |-> 2,
          rejectq |-> FALSE,
          Wq |-> {<<2, 0>>},
          WPq |-> {} ] ],
  [ shardfrom |-> 1,
    type |-> 9,
    from |-> 1,
    shardto |-> 1,
    to |-> 1,
    body |->
        [ b |-> 7,
          id |-> 2,
          tq |-> [t |-> 2, id |-> <<1, 2>>],
          abalq |-> 0,
          txq |-> 2,
          depq |-> {},
          phaseq |-> 2,
          rejectq |-> FALSE,
          Wq |-> {},
          WPq |-> {} ] ],
  [ shardfrom |-> 1,
    type |-> 9,
    from |-> 2,
    shardto |-> 1,
    to |-> 2,
    body |->
        [ b |-> 8,
          id |-> 2,
          tq |-> [t |-> 2, id |-> <<1, 2>>],
          abalq |-> 0,
          txq |-> 2,
          depq |-> {},
          phaseq |-> 5,
          rejectq |-> FALSE,
          Wq |-> {},
          WPq |-> {} ] ],
  [ shardfrom |-> 1,
    type |-> 9,
    from |-> 2,
    shardto |-> 2,
    to |-> 1,
    body |->
        [ b |-> 10,
          id |-> 1,
          tq |-> [t |-> 0, id |-> <<0, 0>>],
          abalq |-> 0,
          txq |-> 1,
          depq |-> {2},
          phaseq |-> 1,
          rejectq |-> FALSE,
          Wq |-> {},
          WPq |-> {} ] ],
  [ shardfrom |-> 1,
    type |-> 9,
    from |-> 3,
    shardto |-> 1,
    to |-> 3,
    body |->
        [ b |-> 9,
          id |-> 2,
          tq |-> [t |-> 0, id |-> <<0, 0>>],
          abalq |-> 0,
          txq |-> 0,
          depq |-> {},
          phaseq |-> 1,
          rejectq |-> FALSE,
          Wq |-> {},
          WPq |-> {} ] ],
  [ shardfrom |-> 1,
    type |-> 10,
    from |-> 2,
    shardto |-> 1,
    to |-> 2,
    body |-> [id |-> 2] ],
  [ shardfrom |-> 1,
    type |-> 11,
    from |-> 2,
    shardto |-> 1,
    to |-> 1,
    body |-> [id |-> 2] ],
  [ shardfrom |-> 2,
    type |-> 1,
    from |-> 1,
    shardto |-> 1,
    to |-> 2,
    body |-> [id |-> 1, tx |-> 1, D0 |-> {}] ],
  [ shardfrom |-> 2,
    type |-> 1,
    from |-> 1,
    shardto |-> 1,
    to |-> 3,
    body |-> [id |-> 1, tx |-> 1, D0 |-> {}] ],
  [ shardfrom |-> 2,
    type |-> 1,
    from |-> 1,
    shardto |-> 2,
    to |-> 2,
    body |-> [id |-> 1, tx |-> 1, D0 |-> {}] ],
  [ shardfrom |-> 2,
    type |-> 2,
    from |-> 1,
    shardto |-> 2,
    to |-> 1,
    body |-> [id |-> 1, tq |-> [t |-> 3, id |-> <<2, 1>>], Dq |-> {}] ],
  [ shardfrom |-> 2,
    type |-> 2,
    from |-> 3,
    shardto |-> 2,
    to |-> 1,
    body |-> [id |-> 1, tq |-> [t |-> 3, id |-> <<2, 1>>], Dq |-> {}] ],
  [ shardfrom |-> 2,
    type |-> 8,
    from |-> 1,
    shardto |-> 1,
    to |-> 1,
    body |-> [b |-> 10, id |-> 1, tx |-> 1] ],
  [ shardfrom |-> 2,
    type |-> 8,
    from |-> 1,
    shardto |-> 1,
    to |-> 3,
    body |-> [b |-> 10, id |-> 1, tx |-> 1] ],
  [ shardfrom |-> 2,
    type |-> 8,
    from |-> 1,
    shardto |-> 2,
    to |-> 3,
    body |-> [b |-> 10, id |-> 1, tx |-> 1] ],
  [ shardfrom |-> 2,
    type |-> 8,
    from |-> 2,
    shardto |-> 1,
    to |-> 1,
    body |-> [b |-> 11, id |-> 1, tx |-> 0] ],
  [ shardfrom |-> 2,
    type |-> 8,
    from |-> 2,
    shardto |-> 1,
    to |-> 2,
    body |-> [b |-> 11, id |-> 1, tx |-> 0] ],
  [ shardfrom |-> 2,
    type |-> 8,
    from |-> 2,
    shardto |-> 1,
    to |-> 3,
    body |-> [b |-> 11, id |-> 1, tx |-> 0] ],
  [ shardfrom |-> 2,
    type |-> 8,
    from |-> 2,
    shardto |-> 2,
    to |-> 1,
    body |-> [b |-> 11, id |-> 1, tx |-> 0] ],
  [ shardfrom |-> 2,
    type |-> 8,
    from |-> 2,
    shardto |-> 2,
    to |-> 3,
    body |-> [b |-> 11, id |-> 1, tx |-> 0] ],
  [ shardfrom |-> 2,
    type |-> 8,
    from |-> 3,
    shardto |-> 1,
    to |-> 1,
    body |-> [b |-> 6, id |-> 1, tx |-> 1] ],
  [ shardfrom |-> 2,
    type |-> 8,
    from |-> 3,
    shardto |-> 1,
    to |-> 2,
    body |-> [b |-> 6, id |-> 1, tx |-> 1] ],
  [ shardfrom |-> 2,
    type |-> 8,
    from |-> 3,
    shardto |-> 1,
    to |-> 3,
    body |-> [b |-> 6, id |-> 1, tx |-> 1] ],
  [ shardfrom |-> 2,
    type |-> 8,
    from |-> 3,
    shardto |-> 2,
    to |-> 1,
    body |-> [b |-> 6, id |-> 1, tx |-> 1] ],
  [ shardfrom |-> 2,
    type |-> 8,
    from |-> 3,
    shardto |-> 2,
    to |-> 2,
    body |-> [b |-> 6, id |-> 1, tx |-> 1] ],
  [ shardfrom |-> 2,
    type |-> 9,
    from |-> 1,
    shardto |-> 2,
    to |-> 1,
    body |->
        [ b |-> 10,
          id |-> 1,
          tq |-> [t |-> 3, id |-> <<2, 1>>],
          abalq |-> 0,
          txq |-> 1,
          depq |-> {},
          phaseq |-> 2,
          rejectq |-> FALSE,
          Wq |-> {},
          WPq |-> {} ] ],
  [ shardfrom |-> 2,
    type |-> 9,
    from |-> 2,
    shardto |-> 2,
    to |-> 1,
    body |->
        [ b |-> 10,
          id |-> 1,
          tq |-> [t |-> 0, id |-> <<0, 0>>],
          abalq |-> 0,
          txq |-> 1,
          depq |-> {},
          phaseq |-> 1,
          rejectq |-> FALSE,
          Wq |-> {},
          WPq |-> {} ] ],
  [ shardfrom |-> 2,
    type |-> 9,
    from |-> 2,
    shardto |-> 2,
    to |-> 2,
    body |->
        [ b |-> 11,
          id |-> 1,
          tq |-> [t |-> 0, id |-> <<0, 0>>],
          abalq |-> 0,
          txq |-> 0,
          depq |-> {},
          phaseq |-> 1,
          rejectq |-> FALSE,
          Wq |-> {},
          WPq |-> {} ] ],
  [ shardfrom |-> 2,
    type |-> 9,
    from |-> 3,
    shardto |-> 2,
    to |-> 3,
    body |->
        [ b |-> 6,
          id |-> 1,
          tq |-> [t |-> 3, id |-> <<2, 1>>],
          abalq |-> 0,
          txq |-> 1,
          depq |-> {},
          phaseq |-> 2,
          rejectq |-> FALSE,
          Wq |-> {},
          WPq |-> {} ] ] }
/\ Qvar = << <<<<{}, {}>>, <<{}, {}>>, <<{}, {}>>>>,
   <<<<{}, {}>>, <<{}, {}>>, <<{}, {}>>>> >>
/\ ts = << << <<[t |-> 3, id |-> <<2, 1>>], [t |-> 2, id |-> <<1, 2>>]>>,
      <<[t |-> 0, id |-> <<0, 0>>], [t |-> 2, id |-> <<1, 2>>]>>,
      <<[t |-> 0, id |-> <<0, 0>>], [t |-> 0, id |-> <<0, 0>>]>> >>,
   << <<[t |-> 3, id |-> <<2, 1>>], [t |-> 0, id |-> <<0, 0>>]>>,
      <<[t |-> 0, id |-> <<0, 0>>], [t |-> 0, id |-> <<0, 0>>]>>,
      <<[t |-> 3, id |-> <<2, 1>>], [t |-> 0, id |-> <<0, 0>>]>> >> >>
/\ executeWaitingFlag = << <<<<FALSE, FALSE>>, <<FALSE, TRUE>>, <<FALSE, FALSE>>>>,
   <<<<FALSE, FALSE>>, <<FALSE, FALSE>>, <<FALSE, FALSE>>>> >>
/\ TXvar = << <<<<bottom, bottom>>, <<bottom, bottom>>, <<bottom, bottom>>>>,
   <<<<bottom, bottom>>, <<bottom, bottom>>, <<bottom, bottom>>>> >>
/\ recovered = <<<<<<1, 1>>, <<0, 1>>, <<0, 1>>>>, <<<<1, 0>>, <<1, 0>>, <<1, 0>>>>>>
/\ initCoord = <<<<2, 1>>, <<1, 2>>>>

State 21: <Next line 902, col 8 to line 910, col 25 of module AccordSpec>
/\ phase = <<<<<<2, 2>>, <<1, 5>>, <<1, 1>>>>, <<<<2, 1>>, <<1, 1>>, <<2, 1>>>>>>
/\ abal = <<<<<<0, 0>>, <<0, 0>>, <<0, 0>>>>, <<<<0, 0>>, <<0, 0>>, <<0, 0>>>>>>
/\ initTimestamp = << [t |-> 3, id |-> <<2, 1>>],
   [t |-> 2, id |-> <<1, 2>>],
   [t |-> 1, id |-> <<0, 0>>] >>
/\ bal = <<<<<<7, 7>>, <<10, 8>>, <<0, 9>>>>, <<<<10, 0>>, <<11, 0>>, <<6, 0>>>>>>
/\ txn = << <<<<1, 2>>, <<1, 2>>, <<bottom, 2>>>>,
   <<<<1, bottom>>, <<1, bottom>>, <<1, bottom>>>> >>
/\ postWaitingFlag = << <<<<FALSE, FALSE>>, <<FALSE, FALSE>>, <<FALSE, FALSE>>>>,
   <<<<FALSE, FALSE>>, <<FALSE, FALSE>>, <<FALSE, FALSE>>>> >>
/\ relation = <<<<0, 2>>, <<1, 0>>>>
/\ executed = <<<<{}, {2}, {}>>, <<{}, {}, {}>>>>
/\ Wvar = << <<<<{}, {}>>, <<{}, {}>>, <<{}, {}>>>>,
   <<<<{}, {}>>, <<{}, {}>>, <<{}, {}>>>> >>
/\ dep = << <<<<{}, {}>>, <<{}, {}>>, <<{}, {}>>>>,
   <<<<{}, {}>>, <<{}, {}>>, <<{}, {}>>>> >>
/\ recoveryAttemptBal = <<<<<<0, 0>>, <<0, 0>>, <<0, 0>>>>, <<<<0, 0>>, <<0, 0>>, <<0, 0>>>>>>
/\ submitted = {1, 2}
/\ Dvar = << <<<<{}, {}>>, <<{}, {}>>, <<{}, {}>>>>,
   <<<<{}, {}>>, <<{}, {}>>, <<{}, {}>>>> >>
/\ msgs = { [ shardfrom |-> 1,
    type |-> 1,
    from |-> 2,
    shardto |-> 1,
    to |-> 3,
    body |-> [id |-> 2, tx |-> 2, D0 |-> {}] ],
  [ shardfrom |-> 1,
    type |-> 2,
    from |-> 1,
    shardto |-> 2,
    to |-> 1,
    body |-> [id |-> 1, tq |-> [t |-> 3, id |-> <<2, 1>>], Dq |-> {2}] ],
  [ shardfrom |-> 1,
    type |-> 5,
    from |-> 2,
    shardto |-> 1,
    to |-> 1,
    body |->
        [ b |-> 0,
          t |-> [t |-> 2, id |-> <<1, 2>>],
          id |-> 2,
          tx |-> 2,
          D |-> {},
          fastOrSlow |-> 0 ] ],
  [ shardfrom |-> 1,
    type |-> 5,
    from |-> 2,
    shardto |-> 1,
    to |-> 3,
    body |->
        [ b |-> 0,
          t |-> [t |-> 2, id |-> <<1, 2>>],
          id |-> 2,
          tx |-> 2,
          D |-> {},
          fastOrSlow |-> 0 ] ],
  [ shardfrom |-> 1,
    type |-> 7,
    from |-> 2,
    shardto |-> 1,
    to |-> 1,
    body |-> [b |-> 0, id |-> 2] ],
  [ shardfrom |-> 1,
    type |-> 7,
    from |-> 2,
    shardto |-> 1,
    to |-> 3,
    body |-> [b |-> 0, id |-> 2] ],
  [ shardfrom |-> 1,
    type |-> 8,
    from |-> 1,
    shardto |-> 1,
    to |-> 2,
    body |-> [b |-> 7, id |-> 1, tx |-> 1] ],
  [ shardfrom |-> 1,
    type |-> 8,
    from |-> 1,
    shardto |-> 1,
    to |-> 3,
    body |-> [b |-> 7, id |-> 1, tx |-> 1] ],
  [ shardfrom |-> 1,
    type |-> 8,
    from |-> 1,
    shardto |-> 1,
    to |-> 3,
    body |-> [b |-> 7, id |-> 2, tx |-> 2] ],
  [ shardfrom |-> 1,
    type |-> 8,
    from |-> 1,
    shardto |-> 2,
    to |-> 1,
    body |-> [b |-> 7, id |-> 1, tx |-> 1] ],
  [ shardfrom |-> 1,
    type |-> 8,
    from |-> 1,
    shardto |-> 2,
    to |-> 2,
    body |-> [b |-> 7, id |-> 1, tx |-> 1] ],
  [ shardfrom |-> 1,
    type |-> 8,
    from |-> 1,
    shardto |-> 2,
    to |-> 3,
    body |-> [b |-> 7, id |-> 1, tx |-> 1] ],
  [ shardfrom |-> 1,
    type |-> 8,
    from |-> 2,
    shardto |-> 1,
    to |-> 1,
    body |-> [b |-> 8, id |-> 2, tx |-> 2] ],
  [ shardfrom |-> 1,
    type |-> 8,
    from |-> 3,
    shardto |-> 1,
    to |-> 1,
    body |-> [b |-> 9, id |-> 2, tx |-> 0] ],
  [ shardfrom |-> 1,
    type |-> 8,
    from |-> 3,
    shardto |-> 1,
    to |-> 2,
    body |-> [b |-> 9, id |-> 2, tx |-> 0] ],
  [ shardfrom |-> 1,
    type |-> 9,
    from |-> 1,
    shardto |-> 1,
    to |-> 1,
    body |->
        [ b |-> 7,
          id |-> 1,
          tq |-> [t |-> 3, id |-> <<2, 1>>],
          abalq |-> 0,
          txq |-> 1,
          depq |-> {2},
          phaseq |-> 2,
          rejectq |-> FALSE,
          Wq |-> {<<2, 0>>},
          WPq |-> {} ] ],
  [ shardfrom |-> 1,
    type |-> 9,
    from |-> 1,
    shardto |-> 1,
    to |-> 1,
    body |->
        [ b |-> 7,
          id |-> 2,
          tq |-> [t |-> 2, id |-> <<1, 2>>],
          abalq |-> 0,
          txq |-> 2,
          depq |-> {},
          phaseq |-> 2,
          rejectq |-> FALSE,
          Wq |-> {},
          WPq |-> {} ] ],
  [ shardfrom |-> 1,
    type |-> 9,
    from |-> 2,
    shardto |-> 2,
    to |-> 1,
    body |->
        [ b |-> 10,
          id |-> 1,
          tq |-> [t |-> 0, id |-> <<0, 0>>],
          abalq |-> 0,
          txq |-> 1,
          depq |-> {2},
          phaseq |-> 1,
          rejectq |-> FALSE,
          Wq |-> {},
          WPq |-> {} ] ],
  [ shardfrom |-> 1,
    type |-> 9,
    from |-> 3,
    shardto |-> 1,
    to |-> 3,
    body |->
        [ b |-> 9,
          id |-> 2,
          tq |-> [t |-> 0, id |-> <<0, 0>>],
          abalq |-> 0,
          txq |-> 0,
          depq |-> {},
          phaseq |-> 1,
          rejectq |-> FALSE,
          Wq |-> {},
          WPq |-> {} ] ],
  [ shardfrom |-> 1,
    type |-> 10,
    from |-> 2,
    shardto |-> 1,
    to |-> 2,
    body |-> [id |-> 2] ],
  [ shardfrom |-> 1,
    type |-> 11,
    from |-> 2,
    shardto |-> 1,
    to |-> 1,
    body |-> [id |-> 2] ],
  [ shardfrom |-> 1,
    type |-> 11,
    from |-> 2,
    shardto |-> 1,
    to |-> 2,
    body |-> [id |-> 2] ],
  [ shardfrom |-> 2,
    type |-> 1,
    from |-> 1,
    shardto |-> 1,
    to |-> 2,
    body |-> [id |-> 1, tx |-> 1, D0 |-> {}] ],
  [ shardfrom |-> 2,
    type |-> 1,
    from |-> 1,
    shardto |-> 1,
    to |-> 3,
    body |-> [id |-> 1, tx |-> 1, D0 |-> {}] ],
  [ shardfrom |-> 2,
    type |-> 1,
    from |-> 1,
    shardto |-> 2,
    to |-> 2,
    body |-> [id |-> 1, tx |-> 1, D0 |-> {}] ],
  [ shardfrom |-> 2,
    type |-> 2,
    from |-> 1,
    shardto |-> 2,
    to |-> 1,
    body |-> [id |-> 1, tq |-> [t |-> 3, id |-> <<2, 1>>], Dq |-> {}] ],
  [ shardfrom |-> 2,
    type |-> 2,
    from |-> 3,
    shardto |-> 2,
    to |-> 1,
    body |-> [id |-> 1, tq |-> [t |-> 3, id |-> <<2, 1>>], Dq |-> {}] ],
  [ shardfrom |-> 2,
    type |-> 8,
    from |-> 1,
    shardto |-> 1,
    to |-> 1,
    body |-> [b |-> 10, id |-> 1, tx |-> 1] ],
  [ shardfrom |-> 2,
    type |-> 8,
    from |-> 1,
    shardto |-> 1,
    to |-> 3,
    body |-> [b |-> 10, id |-> 1, tx |-> 1] ],
  [ shardfrom |-> 2,
    type |-> 8,
    from |-> 1,
    shardto |-> 2,
    to |-> 3,
    body |-> [b |-> 10, id |-> 1, tx |-> 1] ],
  [ shardfrom |-> 2,
    type |-> 8,
    from |-> 2,
    shardto |-> 1,
    to |-> 1,
    body |-> [b |-> 11, id |-> 1, tx |-> 0] ],
  [ shardfrom |-> 2,
    type |-> 8,
    from |-> 2,
    shardto |-> 1,
    to |-> 2,
    body |-> [b |-> 11, id |-> 1, tx |-> 0] ],
  [ shardfrom |-> 2,
    type |-> 8,
    from |-> 2,
    shardto |-> 1,
    to |-> 3,
    body |-> [b |-> 11, id |-> 1, tx |-> 0] ],
  [ shardfrom |-> 2,
    type |-> 8,
    from |-> 2,
    shardto |-> 2,
    to |-> 1,
    body |-> [b |-> 11, id |-> 1, tx |-> 0] ],
  [ shardfrom |-> 2,
    type |-> 8,
    from |-> 2,
    shardto |-> 2,
    to |-> 3,
    body |-> [b |-> 11, id |-> 1, tx |-> 0] ],
  [ shardfrom |-> 2,
    type |-> 8,
    from |-> 3,
    shardto |-> 1,
    to |-> 1,
    body |-> [b |-> 6, id |-> 1, tx |-> 1] ],
  [ shardfrom |-> 2,
    type |-> 8,
    from |-> 3,
    shardto |-> 1,
    to |-> 2,
    body |-> [b |-> 6, id |-> 1, tx |-> 1] ],
  [ shardfrom |-> 2,
    type |-> 8,
    from |-> 3,
    shardto |-> 1,
    to |-> 3,
    body |-> [b |-> 6, id |-> 1, tx |-> 1] ],
  [ shardfrom |-> 2,
    type |-> 8,
    from |-> 3,
    shardto |-> 2,
    to |-> 1,
    body |-> [b |-> 6, id |-> 1, tx |-> 1] ],
  [ shardfrom |-> 2,
    type |-> 8,
    from |-> 3,
    shardto |-> 2,
    to |-> 2,
    body |-> [b |-> 6, id |-> 1, tx |-> 1] ],
  [ shardfrom |-> 2,
    type |-> 9,
    from |-> 1,
    shardto |-> 2,
    to |-> 1,
    body |->
        [ b |-> 10,
          id |-> 1,
          tq |-> [t |-> 3, id |-> <<2, 1>>],
          abalq |-> 0,
          txq |-> 1,
          depq |-> {},
          phaseq |-> 2,
          rejectq |-> FALSE,
          Wq |-> {},
          WPq |-> {} ] ],
  [ shardfrom |-> 2,
    type |-> 9,
    from |-> 2,
    shardto |-> 2,
    to |-> 1,
    body |->
        [ b |-> 10,
          id |-> 1,
          tq |-> [t |-> 0, id |-> <<0, 0>>],
          abalq |-> 0,
          txq |-> 1,
          depq |-> {},
          phaseq |-> 1,
          rejectq |-> FALSE,
          Wq |-> {},
          WPq |-> {} ] ],
  [ shardfrom |-> 2,
    type |-> 9,
    from |-> 2,
    shardto |-> 2,
    to |-> 2,
    body |->
        [ b |-> 11,
          id |-> 1,
          tq |-> [t |-> 0, id |-> <<0, 0>>],
          abalq |-> 0,
          txq |-> 0,
          depq |-> {},
          phaseq |-> 1,
          rejectq |-> FALSE,
          Wq |-> {},
          WPq |-> {} ] ],
  [ shardfrom |-> 2,
    type |-> 9,
    from |-> 3,
    shardto |-> 2,
    to |-> 3,
    body |->
        [ b |-> 6,
          id |-> 1,
          tq |-> [t |-> 3, id |-> <<2, 1>>],
          abalq |-> 0,
          txq |-> 1,
          depq |-> {},
          phaseq |-> 2,
          rejectq |-> FALSE,
          Wq |-> {},
          WPq |-> {} ] ] }
/\ Qvar = << <<<<{}, {}>>, <<{}, {}>>, <<{}, {}>>>>,
   <<<<{}, {}>>, <<{}, {}>>, <<{}, {}>>>> >>
/\ ts = << << <<[t |-> 3, id |-> <<2, 1>>], [t |-> 2, id |-> <<1, 2>>]>>,
      <<[t |-> 0, id |-> <<0, 0>>], [t |-> 2, id |-> <<1, 2>>]>>,
      <<[t |-> 0, id |-> <<0, 0>>], [t |-> 0, id |-> <<0, 0>>]>> >>,
   << <<[t |-> 3, id |-> <<2, 1>>], [t |-> 0, id |-> <<0, 0>>]>>,
      <<[t |-> 0, id |-> <<0, 0>>], [t |-> 0, id |-> <<0, 0>>]>>,
      <<[t |-> 3, id |-> <<2, 1>>], [t |-> 0, id |-> <<0, 0>>]>> >> >>
/\ executeWaitingFlag = << <<<<FALSE, FALSE>>, <<FALSE, TRUE>>, <<FALSE, FALSE>>>>,
   <<<<FALSE, FALSE>>, <<FALSE, FALSE>>, <<FALSE, FALSE>>>> >>
/\ TXvar = << <<<<bottom, bottom>>, <<bottom, bottom>>, <<bottom, bottom>>>>,
   <<<<bottom, bottom>>, <<bottom, bottom>>, <<bottom, bottom>>>> >>
/\ recovered = <<<<<<1, 1>>, <<0, 1>>, <<0, 1>>>>, <<<<1, 0>>, <<1, 0>>, <<1, 0>>>>>>
/\ initCoord = <<<<2, 1>>, <<1, 2>>>>

State 22: <StartRecover line 550, col 5 to line 575, col 160 of module AccordSpec>
/\ phase = <<<<<<2, 2>>, <<1, 5>>, <<1, 1>>>>, <<<<2, 1>>, <<1, 1>>, <<2, 1>>>>>>
/\ abal = <<<<<<0, 0>>, <<0, 0>>, <<0, 0>>>>, <<<<0, 0>>, <<0, 0>>, <<0, 0>>>>>>
/\ initTimestamp = << [t |-> 3, id |-> <<2, 1>>],
   [t |-> 2, id |-> <<1, 2>>],
   [t |-> 1, id |-> <<0, 0>>] >>
/\ bal = <<<<<<7, 7>>, <<14, 8>>, <<0, 9>>>>, <<<<10, 0>>, <<11, 0>>, <<6, 0>>>>>>
/\ txn = << <<<<1, 2>>, <<1, 2>>, <<bottom, 2>>>>,
   <<<<1, bottom>>, <<1, bottom>>, <<1, bottom>>>> >>
/\ postWaitingFlag = << <<<<FALSE, FALSE>>, <<FALSE, FALSE>>, <<FALSE, FALSE>>>>,
   <<<<FALSE, FALSE>>, <<FALSE, FALSE>>, <<FALSE, FALSE>>>> >>
/\ relation = <<<<0, 2>>, <<1, 0>>>>
/\ executed = <<<<{}, {2}, {}>>, <<{}, {}, {}>>>>
/\ Wvar = << <<<<{}, {}>>, <<{}, {}>>, <<{}, {}>>>>,
   <<<<{}, {}>>, <<{}, {}>>, <<{}, {}>>>> >>
/\ dep = << <<<<{}, {}>>, <<{}, {}>>, <<{}, {}>>>>,
   <<<<{}, {}>>, <<{}, {}>>, <<{}, {}>>>> >>
/\ recoveryAttemptBal = <<<<<<0, 0>>, <<0, 0>>, <<0, 0>>>>, <<<<0, 0>>, <<0, 0>>, <<0, 0>>>>>>
/\ submitted = {1, 2}
/\ Dvar = << <<<<{}, {}>>, <<{}, {}>>, <<{}, {}>>>>,
   <<<<{}, {}>>, <<{}, {}>>, <<{}, {}>>>> >>
/\ msgs = { [ shardfrom |-> 1,
    type |-> 1,
    from |-> 2,
    shardto |-> 1,
    to |-> 3,
    body |-> [id |-> 2, tx |-> 2, D0 |-> {}] ],
  [ shardfrom |-> 1,
    type |-> 2,
    from |-> 1,
    shardto |-> 2,
    to |-> 1,
    body |-> [id |-> 1, tq |-> [t |-> 3, id |-> <<2, 1>>], Dq |-> {2}] ],
  [ shardfrom |-> 1,
    type |-> 5,
    from |-> 2,
    shardto |-> 1,
    to |-> 1,
    body |->
        [ b |-> 0,
          t |-> [t |-> 2, id |-> <<1, 2>>],
          id |-> 2,
          tx |-> 2,
          D |-> {},
          fastOrSlow |-> 0 ] ],
  [ shardfrom |-> 1,
    type |-> 5,
    from |-> 2,
    shardto |-> 1,
    to |-> 3,
    body |->
        [ b |-> 0,
          t |-> [t |-> 2, id |-> <<1, 2>>],
          id |-> 2,
          tx |-> 2,
          D |-> {},
          fastOrSlow |-> 0 ] ],
  [ shardfrom |-> 1,
    type |-> 7,
    from |-> 2,
    shardto |-> 1,
    to |-> 1,
    body |-> [b |-> 0, id |-> 2] ],
  [ shardfrom |-> 1,
    type |-> 7,
    from |-> 2,
    shardto |-> 1,
    to |-> 3,
    body |-> [b |-> 0, id |-> 2] ],
  [ shardfrom |-> 1,
    type |-> 8,
    from |-> 1,
    shardto |-> 1,
    to |-> 2,
    body |-> [b |-> 7, id |-> 1, tx |-> 1] ],
  [ shardfrom |-> 1,
    type |-> 8,
    from |-> 1,
    shardto |-> 1,
    to |-> 3,
    body |-> [b |-> 7, id |-> 1, tx |-> 1] ],
  [ shardfrom |-> 1,
    type |-> 8,
    from |-> 1,
    shardto |-> 1,
    to |-> 3,
    body |-> [b |-> 7, id |-> 2, tx |-> 2] ],
  [ shardfrom |-> 1,
    type |-> 8,
    from |-> 1,
    shardto |-> 2,
    to |-> 1,
    body |-> [b |-> 7, id |-> 1, tx |-> 1] ],
  [ shardfrom |-> 1,
    type |-> 8,
    from |-> 1,
    shardto |-> 2,
    to |-> 2,
    body |-> [b |-> 7, id |-> 1, tx |-> 1] ],
  [ shardfrom |-> 1,
    type |-> 8,
    from |-> 1,
    shardto |-> 2,
    to |-> 3,
    body |-> [b |-> 7, id |-> 1, tx |-> 1] ],
  [ shardfrom |-> 1,
    type |-> 8,
    from |-> 2,
    shardto |-> 1,
    to |-> 1,
    body |-> [b |-> 8, id |-> 2, tx |-> 2] ],
  [ shardfrom |-> 1,
    type |-> 8,
    from |-> 2,
    shardto |-> 1,
    to |-> 1,
    body |-> [b |-> 14, id |-> 1, tx |-> 0] ],
  [ shardfrom |-> 1,
    type |-> 8,
    from |-> 2,
    shardto |-> 1,
    to |-> 3,
    body |-> [b |-> 14, id |-> 1, tx |-> 0] ],
  [ shardfrom |-> 1,
    type |-> 8,
    from |-> 2,
    shardto |-> 2,
    to |-> 1,
    body |-> [b |-> 14, id |-> 1, tx |-> 0] ],
  [ shardfrom |-> 1,
    type |-> 8,
    from |-> 2,
    shardto |-> 2,
    to |-> 2,
    body |-> [b |-> 14, id |-> 1, tx |-> 0] ],
  [ shardfrom |-> 1,
    type |-> 8,
    from |-> 2,
    shardto |-> 2,
    to |-> 3,
    body |-> [b |-> 14, id |-> 1, tx |-> 0] ],
  [ shardfrom |-> 1,
    type |-> 8,
    from |-> 3,
    shardto |-> 1,
    to |-> 1,
    body |-> [b |-> 9, id |-> 2, tx |-> 0] ],
  [ shardfrom |-> 1,
    type |-> 8,
    from |-> 3,
    shardto |-> 1,
    to |-> 2,
    body |-> [b |-> 9, id |-> 2, tx |-> 0] ],
  [ shardfrom |-> 1,
    type |-> 9,
    from |-> 1,
    shardto |-> 1,
    to |-> 1,
    body |->
        [ b |-> 7,
          id |-> 1,
          tq |-> [t |-> 3, id |-> <<2, 1>>],
          abalq |-> 0,
          txq |-> 1,
          depq |-> {2},
          phaseq |-> 2,
          rejectq |-> FALSE,
          Wq |-> {<<2, 0>>},
          WPq |-> {} ] ],
  [ shardfrom |-> 1,
    type |-> 9,
    from |-> 1,
    shardto |-> 1,
    to |-> 1,
    body |->
        [ b |-> 7,
          id |-> 2,
          tq |-> [t |-> 2, id |-> <<1, 2>>],
          abalq |-> 0,
          txq |-> 2,
          depq |-> {},
          phaseq |-> 2,
          rejectq |-> FALSE,
          Wq |-> {},
          WPq |-> {} ] ],
  [ shardfrom |-> 1,
    type |-> 9,
    from |-> 2,
    shardto |-> 1,
    to |-> 2,
    body |->
        [ b |-> 14,
          id |-> 1,
          tq |-> [t |-> 0, id |-> <<0, 0>>],
          abalq |-> 0,
          txq |-> 0,
          depq |-> {2},
          phaseq |-> 1,
          rejectq |-> FALSE,
          Wq |-> {},
          WPq |-> {} ] ],
  [ shardfrom |-> 1,
    type |-> 9,
    from |-> 2,
    shardto |-> 2,
    to |-> 1,
    body |->
        [ b |-> 10,
          id |-> 1,
          tq |-> [t |-> 0, id |-> <<0, 0>>],
          abalq |-> 0,
          txq |-> 1,
          depq |-> {2},
          phaseq |-> 1,
          rejectq |-> FALSE,
          Wq |-> {},
          WPq |-> {} ] ],
  [ shardfrom |-> 1,
    type |-> 9,
    from |-> 3,
    shardto |-> 1,
    to |-> 3,
    body |->
        [ b |-> 9,
          id |-> 2,
          tq |-> [t |-> 0, id |-> <<0, 0>>],
          abalq |-> 0,
          txq |-> 0,
          depq |-> {},
          phaseq |-> 1,
          rejectq |-> FALSE,
          Wq |-> {},
          WPq |-> {} ] ],
  [ shardfrom |-> 1,
    type |-> 10,
    from |-> 2,
    shardto |-> 1,
    to |-> 2,
    body |-> [id |-> 2] ],
  [ shardfrom |-> 1,
    type |-> 11,
    from |-> 2,
    shardto |-> 1,
    to |-> 1,
    body |-> [id |-> 2] ],
  [ shardfrom |-> 1,
    type |-> 11,
    from |-> 2,
    shardto |-> 1,
    to |-> 2,
    body |-> [id |-> 2] ],
  [ shardfrom |-> 2,
    type |-> 1,
    from |-> 1,
    shardto |-> 1,
    to |-> 2,
    body |-> [id |-> 1, tx |-> 1, D0 |-> {}] ],
  [ shardfrom |-> 2,
    type |-> 1,
    from |-> 1,
    shardto |-> 1,
    to |-> 3,
    body |-> [id |-> 1, tx |-> 1, D0 |-> {}] ],
  [ shardfrom |-> 2,
    type |-> 1,
    from |-> 1,
    shardto |-> 2,
    to |-> 2,
    body |-> [id |-> 1, tx |-> 1, D0 |-> {}] ],
  [ shardfrom |-> 2,
    type |-> 2,
    from |-> 1,
    shardto |-> 2,
    to |-> 1,
    body |-> [id |-> 1, tq |-> [t |-> 3, id |-> <<2, 1>>], Dq |-> {}] ],
  [ shardfrom |-> 2,
    type |-> 2,
    from |-> 3,
    shardto |-> 2,
    to |-> 1,
    body |-> [id |-> 1, tq |-> [t |-> 3, id |-> <<2, 1>>], Dq |-> {}] ],
  [ shardfrom |-> 2,
    type |-> 8,
    from |-> 1,
    shardto |-> 1,
    to |-> 1,
    body |-> [b |-> 10, id |-> 1, tx |-> 1] ],
  [ shardfrom |-> 2,
    type |-> 8,
    from |-> 1,
    shardto |-> 1,
    to |-> 3,
    body |-> [b |-> 10, id |-> 1, tx |-> 1] ],
  [ shardfrom |-> 2,
    type |-> 8,
    from |-> 1,
    shardto |-> 2,
    to |-> 3,
    body |-> [b |-> 10, id |-> 1, tx |-> 1] ],
  [ shardfrom |-> 2,
    type |-> 8,
    from |-> 2,
    shardto |-> 1,
    to |-> 1,
    body |-> [b |-> 11, id |-> 1, tx |-> 0] ],
  [ shardfrom |-> 2,
    type |-> 8,
    from |-> 2,
    shardto |-> 1,
    to |-> 2,
    body |-> [b |-> 11, id |-> 1, tx |-> 0] ],
  [ shardfrom |-> 2,
    type |-> 8,
    from |-> 2,
    shardto |-> 1,
    to |-> 3,
    body |-> [b |-> 11, id |-> 1, tx |-> 0] ],
  [ shardfrom |-> 2,
    type |-> 8,
    from |-> 2,
    shardto |-> 2,
    to |-> 1,
    body |-> [b |-> 11, id |-> 1, tx |-> 0] ],
  [ shardfrom |-> 2,
    type |-> 8,
    from |-> 2,
    shardto |-> 2,
    to |-> 3,
    body |-> [b |-> 11, id |-> 1, tx |-> 0] ],
  [ shardfrom |-> 2,
    type |-> 8,
    from |-> 3,
    shardto |-> 1,
    to |-> 1,
    body |-> [b |-> 6, id |-> 1, tx |-> 1] ],
  [ shardfrom |-> 2,
    type |-> 8,
    from |-> 3,
    shardto |-> 1,
    to |-> 2,
    body |-> [b |-> 6, id |-> 1, tx |-> 1] ],
  [ shardfrom |-> 2,
    type |-> 8,
    from |-> 3,
    shardto |-> 1,
    to |-> 3,
    body |-> [b |-> 6, id |-> 1, tx |-> 1] ],
  [ shardfrom |-> 2,
    type |-> 8,
    from |-> 3,
    shardto |-> 2,
    to |-> 1,
    body |-> [b |-> 6, id |-> 1, tx |-> 1] ],
  [ shardfrom |-> 2,
    type |-> 8,
    from |-> 3,
    shardto |-> 2,
    to |-> 2,
    body |-> [b |-> 6, id |-> 1, tx |-> 1] ],
  [ shardfrom |-> 2,
    type |-> 9,
    from |-> 1,
    shardto |-> 2,
    to |-> 1,
    body |->
        [ b |-> 10,
          id |-> 1,
          tq |-> [t |-> 3, id |-> <<2, 1>>],
          abalq |-> 0,
          txq |-> 1,
          depq |-> {},
          phaseq |-> 2,
          rejectq |-> FALSE,
          Wq |-> {},
          WPq |-> {} ] ],
  [ shardfrom |-> 2,
    type |-> 9,
    from |-> 2,
    shardto |-> 2,
    to |-> 1,
    body |->
        [ b |-> 10,
          id |-> 1,
          tq |-> [t |-> 0, id |-> <<0, 0>>],
          abalq |-> 0,
          txq |-> 1,
          depq |-> {},
          phaseq |-> 1,
          rejectq |-> FALSE,
          Wq |-> {},
          WPq |-> {} ] ],
  [ shardfrom |-> 2,
    type |-> 9,
    from |-> 2,
    shardto |-> 2,
    to |-> 2,
    body |->
        [ b |-> 11,
          id |-> 1,
          tq |-> [t |-> 0, id |-> <<0, 0>>],
          abalq |-> 0,
          txq |-> 0,
          depq |-> {},
          phaseq |-> 1,
          rejectq |-> FALSE,
          Wq |-> {},
          WPq |-> {} ] ],
  [ shardfrom |-> 2,
    type |-> 9,
    from |-> 3,
    shardto |-> 2,
    to |-> 3,
    body |->
        [ b |-> 6,
          id |-> 1,
          tq |-> [t |-> 3, id |-> <<2, 1>>],
          abalq |-> 0,
          txq |-> 1,
          depq |-> {},
          phaseq |-> 2,
          rejectq |-> FALSE,
          Wq |-> {},
          WPq |-> {} ] ] }
/\ Qvar = << <<<<{}, {}>>, <<{}, {}>>, <<{}, {}>>>>,
   <<<<{}, {}>>, <<{}, {}>>, <<{}, {}>>>> >>
/\ ts = << << <<[t |-> 3, id |-> <<2, 1>>], [t |-> 2, id |-> <<1, 2>>]>>,
      <<[t |-> 0, id |-> <<0, 0>>], [t |-> 2, id |-> <<1, 2>>]>>,
      <<[t |-> 0, id |-> <<0, 0>>], [t |-> 0, id |-> <<0, 0>>]>> >>,
   << <<[t |-> 3, id |-> <<2, 1>>], [t |-> 0, id |-> <<0, 0>>]>>,
      <<[t |-> 0, id |-> <<0, 0>>], [t |-> 0, id |-> <<0, 0>>]>>,
      <<[t |-> 3, id |-> <<2, 1>>], [t |-> 0, id |-> <<0, 0>>]>> >> >>
/\ executeWaitingFlag = << <<<<FALSE, FALSE>>, <<FALSE, TRUE>>, <<FALSE, FALSE>>>>,
   <<<<FALSE, FALSE>>, <<FALSE, FALSE>>, <<FALSE, FALSE>>>> >>
/\ TXvar = << <<<<bottom, bottom>>, <<bottom, bottom>>, <<bottom, bottom>>>>,
   <<<<bottom, bottom>>, <<bottom, bottom>>, <<bottom, bottom>>>> >>
/\ recovered = <<<<<<1, 1>>, <<1, 1>>, <<0, 1>>>>, <<<<1, 0>>, <<1, 0>>, <<1, 0>>>>>>
/\ initCoord = <<<<2, 1>>, <<1, 2>>>>

State 23: <HandleReadOk line 833, col 5 to line 843, col 204 of module AccordSpec>
/\ phase = <<<<<<2, 2>>, <<1, 5>>, <<1, 1>>>>, <<<<2, 1>>, <<1, 1>>, <<2, 1>>>>>>
/\ abal = <<<<<<0, 0>>, <<0, 0>>, <<0, 0>>>>, <<<<0, 0>>, <<0, 0>>, <<0, 0>>>>>>
/\ initTimestamp = << [t |-> 3, id |-> <<2, 1>>],
   [t |-> 2, id |-> <<1, 2>>],
   [t |-> 1, id |-> <<0, 0>>] >>
/\ bal = <<<<<<7, 7>>, <<14, 8>>, <<0, 9>>>>, <<<<10, 0>>, <<11, 0>>, <<6, 0>>>>>>
/\ txn = << <<<<1, 2>>, <<1, 2>>, <<bottom, 2>>>>,
   <<<<1, bottom>>, <<1, bottom>>, <<1, bottom>>>> >>
/\ postWaitingFlag = << <<<<FALSE, FALSE>>, <<FALSE, FALSE>>, <<FALSE, FALSE>>>>,
   <<<<FALSE, FALSE>>, <<FALSE, FALSE>>, <<FALSE, FALSE>>>> >>
/\ relation = <<<<0, 2>>, <<1, 0>>>>
/\ executed = <<<<{}, {2}, {}>>, <<{}, {}, {}>>>>
/\ Wvar = << <<<<{}, {}>>, <<{}, {}>>, <<{}, {}>>>>,
   <<<<{}, {}>>, <<{}, {}>>, <<{}, {}>>>> >>
/\ dep = << <<<<{}, {}>>, <<{}, {}>>, <<{}, {}>>>>,
   <<<<{}, {}>>, <<{}, {}>>, <<{}, {}>>>> >>
/\ recoveryAttemptBal = <<<<<<0, 0>>, <<0, 0>>, <<0, 0>>>>, <<<<0, 0>>, <<0, 0>>, <<0, 0>>>>>>
/\ submitted = {1, 2}
/\ Dvar = << <<<<{}, {}>>, <<{}, {}>>, <<{}, {}>>>>,
   <<<<{}, {}>>, <<{}, {}>>, <<{}, {}>>>> >>
/\ msgs = { [ shardfrom |-> 1,
    type |-> 1,
    from |-> 2,
    shardto |-> 1,
    to |-> 3,
    body |-> [id |-> 2, tx |-> 2, D0 |-> {}] ],
  [ shardfrom |-> 1,
    type |-> 2,
    from |-> 1,
    shardto |-> 2,
    to |-> 1,
    body |-> [id |-> 1, tq |-> [t |-> 3, id |-> <<2, 1>>], Dq |-> {2}] ],
  [ shardfrom |-> 1,
    type |-> 5,
    from |-> 2,
    shardto |-> 1,
    to |-> 1,
    body |->
        [ b |-> 0,
          t |-> [t |-> 2, id |-> <<1, 2>>],
          id |-> 2,
          tx |-> 2,
          D |-> {},
          fastOrSlow |-> 0 ] ],
  [ shardfrom |-> 1,
    type |-> 5,
    from |-> 2,
    shardto |-> 1,
    to |-> 3,
    body |->
        [ b |-> 0,
          t |-> [t |-> 2, id |-> <<1, 2>>],
          id |-> 2,
          tx |-> 2,
          D |-> {},
          fastOrSlow |-> 0 ] ],
  [ shardfrom |-> 1,
    type |-> 7,
    from |-> 2,
    shardto |-> 1,
    to |-> 1,
    body |-> [b |-> 0, id |-> 2] ],
  [ shardfrom |-> 1,
    type |-> 7,
    from |-> 2,
    shardto |-> 1,
    to |-> 3,
    body |-> [b |-> 0, id |-> 2] ],
  [ shardfrom |-> 1,
    type |-> 8,
    from |-> 1,
    shardto |-> 1,
    to |-> 2,
    body |-> [b |-> 7, id |-> 1, tx |-> 1] ],
  [ shardfrom |-> 1,
    type |-> 8,
    from |-> 1,
    shardto |-> 1,
    to |-> 3,
    body |-> [b |-> 7, id |-> 1, tx |-> 1] ],
  [ shardfrom |-> 1,
    type |-> 8,
    from |-> 1,
    shardto |-> 1,
    to |-> 3,
    body |-> [b |-> 7, id |-> 2, tx |-> 2] ],
  [ shardfrom |-> 1,
    type |-> 8,
    from |-> 1,
    shardto |-> 2,
    to |-> 1,
    body |-> [b |-> 7, id |-> 1, tx |-> 1] ],
  [ shardfrom |-> 1,
    type |-> 8,
    from |-> 1,
    shardto |-> 2,
    to |-> 2,
    body |-> [b |-> 7, id |-> 1, tx |-> 1] ],
  [ shardfrom |-> 1,
    type |-> 8,
    from |-> 1,
    shardto |-> 2,
    to |-> 3,
    body |-> [b |-> 7, id |-> 1, tx |-> 1] ],
  [ shardfrom |-> 1,
    type |-> 8,
    from |-> 2,
    shardto |-> 1,
    to |-> 1,
    body |-> [b |-> 8, id |-> 2, tx |-> 2] ],
  [ shardfrom |-> 1,
    type |-> 8,
    from |-> 2,
    shardto |-> 1,
    to |-> 1,
    body |-> [b |-> 14, id |-> 1, tx |-> 0] ],
  [ shardfrom |-> 1,
    type |-> 8,
    from |-> 2,
    shardto |-> 1,
    to |-> 3,
    body |-> [b |-> 14, id |-> 1, tx |-> 0] ],
  [ shardfrom |-> 1,
    type |-> 8,
    from |-> 2,
    shardto |-> 2,
    to |-> 1,
    body |-> [b |-> 14, id |-> 1, tx |-> 0] ],
  [ shardfrom |-> 1,
    type |-> 8,
    from |-> 2,
    shardto |-> 2,
    to |-> 2,
    body |-> [b |-> 14, id |-> 1, tx |-> 0] ],
  [ shardfrom |-> 1,
    type |-> 8,
    from |-> 2,
    shardto |-> 2,
    to |-> 3,
    body |-> [b |-> 14, id |-> 1, tx |-> 0] ],
  [ shardfrom |-> 1,
    type |-> 8,
    from |-> 3,
    shardto |-> 1,
    to |-> 1,
    body |-> [b |-> 9, id |-> 2, tx |-> 0] ],
  [ shardfrom |-> 1,
    type |-> 8,
    from |-> 3,
    shardto |-> 1,
    to |-> 2,
    body |-> [b |-> 9, id |-> 2, tx |-> 0] ],
  [ shardfrom |-> 1,
    type |-> 9,
    from |-> 1,
    shardto |-> 1,
    to |-> 1,
    body |->
        [ b |-> 7,
          id |-> 1,
          tq |-> [t |-> 3, id |-> <<2, 1>>],
          abalq |-> 0,
          txq |-> 1,
          depq |-> {2},
          phaseq |-> 2,
          rejectq |-> FALSE,
          Wq |-> {<<2, 0>>},
          WPq |-> {} ] ],
  [ shardfrom |-> 1,
    type |-> 9,
    from |-> 1,
    shardto |-> 1,
    to |-> 1,
    body |->
        [ b |-> 7,
          id |-> 2,
          tq |-> [t |-> 2, id |-> <<1, 2>>],
          abalq |-> 0,
          txq |-> 2,
          depq |-> {},
          phaseq |-> 2,
          rejectq |-> FALSE,
          Wq |-> {},
          WPq |-> {} ] ],
  [ shardfrom |-> 1,
    type |-> 9,
    from |-> 2,
    shardto |-> 1,
    to |-> 2,
    body |->
        [ b |-> 14,
          id |-> 1,
          tq |-> [t |-> 0, id |-> <<0, 0>>],
          abalq |-> 0,
          txq |-> 0,
          depq |-> {2},
          phaseq |-> 1,
          rejectq |-> FALSE,
          Wq |-> {},
          WPq |-> {} ] ],
  [ shardfrom |-> 1,
    type |-> 9,
    from |-> 2,
    shardto |-> 2,
    to |-> 1,
    body |->
        [ b |-> 10,
          id |-> 1,
          tq |-> [t |-> 0, id |-> <<0, 0>>],
          abalq |-> 0,
          txq |-> 1,
          depq |-> {2},
          phaseq |-> 1,
          rejectq |-> FALSE,
          Wq |-> {},
          WPq |-> {} ] ],
  [ shardfrom |-> 1,
    type |-> 9,
    from |-> 3,
    shardto |-> 1,
    to |-> 3,
    body |->
        [ b |-> 9,
          id |-> 2,
          tq |-> [t |-> 0, id |-> <<0, 0>>],
          abalq |-> 0,
          txq |-> 0,
          depq |-> {},
          phaseq |-> 1,
          rejectq |-> FALSE,
          Wq |-> {},
          WPq |-> {} ] ],
  [ shardfrom |-> 1,
    type |-> 10,
    from |-> 2,
    shardto |-> 1,
    to |-> 2,
    body |-> [id |-> 2] ],
  [ shardfrom |-> 1,
    type |-> 11,
    from |-> 2,
    shardto |-> 1,
    to |-> 1,
    body |-> [id |-> 2] ],
  [ shardfrom |-> 1,
    type |-> 11,
    from |-> 2,
    shardto |-> 1,
    to |-> 2,
    body |-> [id |-> 2] ],
  [ shardfrom |-> 1,
    type |-> 11,
    from |-> 2,
    shardto |-> 1,
    to |-> 3,
    body |-> [id |-> 2] ],
  [ shardfrom |-> 2,
    type |-> 1,
    from |-> 1,
    shardto |-> 1,
    to |-> 2,
    body |-> [id |-> 1, tx |-> 1, D0 |-> {}] ],
  [ shardfrom |-> 2,
    type |-> 1,
    from |-> 1,
    shardto |-> 1,
    to |-> 3,
    body |-> [id |-> 1, tx |-> 1, D0 |-> {}] ],
  [ shardfrom |-> 2,
    type |-> 1,
    from |-> 1,
    shardto |-> 2,
    to |-> 2,
    body |-> [id |-> 1, tx |-> 1, D0 |-> {}] ],
  [ shardfrom |-> 2,
    type |-> 2,
    from |-> 1,
    shardto |-> 2,
    to |-> 1,
    body |-> [id |-> 1, tq |-> [t |-> 3, id |-> <<2, 1>>], Dq |-> {}] ],
  [ shardfrom |-> 2,
    type |-> 2,
    from |-> 3,
    shardto |-> 2,
    to |-> 1,
    body |-> [id |-> 1, tq |-> [t |-> 3, id |-> <<2, 1>>], Dq |-> {}] ],
  [ shardfrom |-> 2,
    type |-> 8,
    from |-> 1,
    shardto |-> 1,
    to |-> 1,
    body |-> [b |-> 10, id |-> 1, tx |-> 1] ],
  [ shardfrom |-> 2,
    type |-> 8,
    from |-> 1,
    shardto |-> 1,
    to |-> 3,
    body |-> [b |-> 10, id |-> 1, tx |-> 1] ],
  [ shardfrom |-> 2,
    type |-> 8,
    from |-> 1,
    shardto |-> 2,
    to |-> 3,
    body |-> [b |-> 10, id |-> 1, tx |-> 1] ],
  [ shardfrom |-> 2,
    type |-> 8,
    from |-> 2,
    shardto |-> 1,
    to |-> 1,
    body |-> [b |-> 11, id |-> 1, tx |-> 0] ],
  [ shardfrom |-> 2,
    type |-> 8,
    from |-> 2,
    shardto |-> 1,
    to |-> 2,
    body |-> [b |-> 11, id |-> 1, tx |-> 0] ],
  [ shardfrom |-> 2,
    type |-> 8,
    from |-> 2,
    shardto |-> 1,
    to |-> 3,
    body |-> [b |-> 11, id |-> 1, tx |-> 0] ],
  [ shardfrom |-> 2,
    type |-> 8,
    from |-> 2,
    shardto |-> 2,
    to |-> 1,
    body |-> [b |-> 11, id |-> 1, tx |-> 0] ],
  [ shardfrom |-> 2,
    type |-> 8,
    from |-> 2,
    shardto |-> 2,
    to |-> 3,
    body |-> [b |-> 11, id |-> 1, tx |-> 0] ],
  [ shardfrom |-> 2,
    type |-> 8,
    from |-> 3,
    shardto |-> 1,
    to |-> 1,
    body |-> [b |-> 6, id |-> 1, tx |-> 1] ],
  [ shardfrom |-> 2,
    type |-> 8,
    from |-> 3,
    shardto |-> 1,
    to |-> 2,
    body |-> [b |-> 6, id |-> 1, tx |-> 1] ],
  [ shardfrom |-> 2,
    type |-> 8,
    from |-> 3,
    shardto |-> 1,
    to |-> 3,
    body |-> [b |-> 6, id |-> 1, tx |-> 1] ],
  [ shardfrom |-> 2,
    type |-> 8,
    from |-> 3,
    shardto |-> 2,
    to |-> 1,
    body |-> [b |-> 6, id |-> 1, tx |-> 1] ],
  [ shardfrom |-> 2,
    type |-> 8,
    from |-> 3,
    shardto |-> 2,
    to |-> 2,
    body |-> [b |-> 6, id |-> 1, tx |-> 1] ],
  [ shardfrom |-> 2,
    type |-> 9,
    from |-> 1,
    shardto |-> 2,
    to |-> 1,
    body |->
        [ b |-> 10,
          id |-> 1,
          tq |-> [t |-> 3, id |-> <<2, 1>>],
          abalq |-> 0,
          txq |-> 1,
          depq |-> {},
          phaseq |-> 2,
          rejectq |-> FALSE,
          Wq |-> {},
          WPq |-> {} ] ],
  [ shardfrom |-> 2,
    type |-> 9,
    from |-> 2,
    shardto |-> 2,
    to |-> 1,
    body |->
        [ b |-> 10,
          id |-> 1,
          tq |-> [t |-> 0, id |-> <<0, 0>>],
          abalq |-> 0,
          txq |-> 1,
          depq |-> {},
          phaseq |-> 1,
          rejectq |-> FALSE,
          Wq |-> {},
          WPq |-> {} ] ],
  [ shardfrom |-> 2,
    type |-> 9,
    from |-> 2,
    shardto |-> 2,
    to |-> 2,
    body |->
        [ b |-> 11,
          id |-> 1,
          tq |-> [t |-> 0, id |-> <<0, 0>>],
          abalq |-> 0,
          txq |-> 0,
          depq |-> {},
          phaseq |-> 1,
          rejectq |-> FALSE,
          Wq |-> {},
          WPq |-> {} ] ],
  [ shardfrom |-> 2,
    type |-> 9,
    from |-> 3,
    shardto |-> 2,
    to |-> 3,
    body |->
        [ b |-> 6,
          id |-> 1,
          tq |-> [t |-> 3, id |-> <<2, 1>>],
          abalq |-> 0,
          txq |-> 1,
          depq |-> {},
          phaseq |-> 2,
          rejectq |-> FALSE,
          Wq |-> {},
          WPq |-> {} ] ] }
/\ Qvar = << <<<<{}, {}>>, <<{}, {}>>, <<{}, {}>>>>,
   <<<<{}, {}>>, <<{}, {}>>, <<{}, {}>>>> >>
/\ ts = << << <<[t |-> 3, id |-> <<2, 1>>], [t |-> 2, id |-> <<1, 2>>]>>,
      <<[t |-> 0, id |-> <<0, 0>>], [t |-> 2, id |-> <<1, 2>>]>>,
      <<[t |-> 0, id |-> <<0, 0>>], [t |-> 0, id |-> <<0, 0>>]>> >>,
   << <<[t |-> 3, id |-> <<2, 1>>], [t |-> 0, id |-> <<0, 0>>]>>,
      <<[t |-> 0, id |-> <<0, 0>>], [t |-> 0, id |-> <<0, 0>>]>>,
      <<[t |-> 3, id |-> <<2, 1>>], [t |-> 0, id |-> <<0, 0>>]>> >> >>
/\ executeWaitingFlag = << <<<<FALSE, FALSE>>, <<FALSE, TRUE>>, <<FALSE, FALSE>>>>,
   <<<<FALSE, FALSE>>, <<FALSE, FALSE>>, <<FALSE, FALSE>>>> >>
/\ TXvar = << <<<<bottom, bottom>>, <<bottom, bottom>>, <<bottom, bottom>>>>,
   <<<<bottom, bottom>>, <<bottom, bottom>>, <<bottom, bottom>>>> >>
/\ recovered = <<<<<<1, 1>>, <<1, 1>>, <<0, 1>>>>, <<<<1, 0>>, <<1, 0>>, <<1, 0>>>>>>
/\ initCoord = <<<<2, 1>>, <<1, 2>>>>

State 24: <Next line 902, col 8 to line 910, col 25 of module AccordSpec>
/\ phase = <<<<<<2, 2>>, <<1, 5>>, <<1, 1>>>>, <<<<2, 1>>, <<1, 1>>, <<2, 1>>>>>>
/\ abal = <<<<<<0, 0>>, <<0, 0>>, <<0, 0>>>>, <<<<0, 0>>, <<0, 0>>, <<0, 0>>>>>>
/\ initTimestamp = << [t |-> 3, id |-> <<2, 1>>],
   [t |-> 2, id |-> <<1, 2>>],
   [t |-> 1, id |-> <<0, 0>>] >>
/\ bal = <<<<<<7, 7>>, <<14, 8>>, <<11, 9>>>>, <<<<10, 0>>, <<11, 0>>, <<6, 0>>>>>>
/\ txn = << <<<<1, 2>>, <<1, 2>>, <<0, 2>>>>,
   <<<<1, bottom>>, <<1, bottom>>, <<1, bottom>>>> >>
/\ postWaitingFlag = << <<<<FALSE, FALSE>>, <<FALSE, FALSE>>, <<FALSE, FALSE>>>>,
   <<<<FALSE, FALSE>>, <<FALSE, FALSE>>, <<FALSE, FALSE>>>> >>
/\ relation = <<<<0, 2>>, <<1, 0>>>>
/\ executed = <<<<{}, {2}, {}>>, <<{}, {}, {}>>>>
/\ Wvar = << <<<<{}, {}>>, <<{}, {}>>, <<{}, {}>>>>,
   <<<<{}, {}>>, <<{}, {}>>, <<{}, {}>>>> >>
/\ dep = << <<<<{}, {}>>, <<{}, {}>>, <<{}, {}>>>>,
   <<<<{}, {}>>, <<{}, {}>>, <<{}, {}>>>> >>
/\ recoveryAttemptBal = <<<<<<0, 0>>, <<0, 0>>, <<0, 0>>>>, <<<<0, 0>>, <<0, 0>>, <<0, 0>>>>>>
/\ submitted = {1, 2}
/\ Dvar = << <<<<{}, {}>>, <<{}, {}>>, <<{}, {}>>>>,
   <<<<{}, {}>>, <<{}, {}>>, <<{}, {}>>>> >>
/\ msgs = { [ shardfrom |-> 1,
    type |-> 1,
    from |-> 2,
    shardto |-> 1,
    to |-> 3,
    body |-> [id |-> 2, tx |-> 2, D0 |-> {}] ],
  [ shardfrom |-> 1,
    type |-> 2,
    from |-> 1,
    shardto |-> 2,
    to |-> 1,
    body |-> [id |-> 1, tq |-> [t |-> 3, id |-> <<2, 1>>], Dq |-> {2}] ],
  [ shardfrom |-> 1,
    type |-> 5,
    from |-> 2,
    shardto |-> 1,
    to |-> 1,
    body |->
        [ b |-> 0,
          t |-> [t |-> 2, id |-> <<1, 2>>],
          id |-> 2,
          tx |-> 2,
          D |-> {},
          fastOrSlow |-> 0 ] ],
  [ shardfrom |-> 1,
    type |-> 5,
    from |-> 2,
    shardto |-> 1,
    to |-> 3,
    body |->
        [ b |-> 0,
          t |-> [t |-> 2, id |-> <<1, 2>>],
          id |-> 2,
          tx |-> 2,
          D |-> {},
          fastOrSlow |-> 0 ] ],
  [ shardfrom |-> 1,
    type |-> 7,
    from |-> 2,
    shardto |-> 1,
    to |-> 1,
    body |-> [b |-> 0, id |-> 2] ],
  [ shardfrom |-> 1,
    type |-> 7,
    from |-> 2,
    shardto |-> 1,
    to |-> 3,
    body |-> [b |-> 0, id |-> 2] ],
  [ shardfrom |-> 1,
    type |-> 8,
    from |-> 1,
    shardto |-> 1,
    to |-> 2,
    body |-> [b |-> 7, id |-> 1, tx |-> 1] ],
  [ shardfrom |-> 1,
    type |-> 8,
    from |-> 1,
    shardto |-> 1,
    to |-> 3,
    body |-> [b |-> 7, id |-> 1, tx |-> 1] ],
  [ shardfrom |-> 1,
    type |-> 8,
    from |-> 1,
    shardto |-> 1,
    to |-> 3,
    body |-> [b |-> 7, id |-> 2, tx |-> 2] ],
  [ shardfrom |-> 1,
    type |-> 8,
    from |-> 1,
    shardto |-> 2,
    to |-> 1,
    body |-> [b |-> 7, id |-> 1, tx |-> 1] ],
  [ shardfrom |-> 1,
    type |-> 8,
    from |-> 1,
    shardto |-> 2,
    to |-> 2,
    body |-> [b |-> 7, id |-> 1, tx |-> 1] ],
  [ shardfrom |-> 1,
    type |-> 8,
    from |-> 1,
    shardto |-> 2,
    to |-> 3,
    body |-> [b |-> 7, id |-> 1, tx |-> 1] ],
  [ shardfrom |-> 1,
    type |-> 8,
    from |-> 2,
    shardto |-> 1,
    to |-> 1,
    body |-> [b |-> 8, id |-> 2, tx |-> 2] ],
  [ shardfrom |-> 1,
    type |-> 8,
    from |-> 2,
    shardto |-> 1,
    to |-> 1,
    body |-> [b |-> 14, id |-> 1, tx |-> 0] ],
  [ shardfrom |-> 1,
    type |-> 8,
    from |-> 2,
    shardto |-> 1,
    to |-> 3,
    body |-> [b |-> 14, id |-> 1, tx |-> 0] ],
  [ shardfrom |-> 1,
    type |-> 8,
    from |-> 2,
    shardto |-> 2,
    to |-> 1,
    body |-> [b |-> 14, id |-> 1, tx |-> 0] ],
  [ shardfrom |-> 1,
    type |-> 8,
    from |-> 2,
    shardto |-> 2,
    to |-> 2,
    body |-> [b |-> 14, id |-> 1, tx |-> 0] ],
  [ shardfrom |-> 1,
    type |-> 8,
    from |-> 2,
    shardto |-> 2,
    to |-> 3,
    body |-> [b |-> 14, id |-> 1, tx |-> 0] ],
  [ shardfrom |-> 1,
    type |-> 8,
    from |-> 3,
    shardto |-> 1,
    to |-> 1,
    body |-> [b |-> 9, id |-> 2, tx |-> 0] ],
  [ shardfrom |-> 1,
    type |-> 8,
    from |-> 3,
    shardto |-> 1,
    to |-> 2,
    body |-> [b |-> 9, id |-> 2, tx |-> 0] ],
  [ shardfrom |-> 1,
    type |-> 9,
    from |-> 1,
    shardto |-> 1,
    to |-> 1,
    body |->
        [ b |-> 7,
          id |-> 1,
          tq |-> [t |-> 3, id |-> <<2, 1>>],
          abalq |-> 0,
          txq |-> 1,
          depq |-> {2},
          phaseq |-> 2,
          rejectq |-> FALSE,
          Wq |-> {<<2, 0>>},
          WPq |-> {} ] ],
  [ shardfrom |-> 1,
    type |-> 9,
    from |-> 1,
    shardto |-> 1,
    to |-> 1,
    body |->
        [ b |-> 7,
          id |-> 2,
          tq |-> [t |-> 2, id |-> <<1, 2>>],
          abalq |-> 0,
          txq |-> 2,
          depq |-> {},
          phaseq |-> 2,
          rejectq |-> FALSE,
          Wq |-> {},
          WPq |-> {} ] ],
  [ shardfrom |-> 1,
    type |-> 9,
    from |-> 2,
    shardto |-> 1,
    to |-> 2,
    body |->
        [ b |-> 14,
          id |-> 1,
          tq |-> [t |-> 0, id |-> <<0, 0>>],
          abalq |-> 0,
          txq |-> 0,
          depq |-> {2},
          phaseq |-> 1,
          rejectq |-> FALSE,
          Wq |-> {},
          WPq |-> {} ] ],
  [ shardfrom |-> 1,
    type |-> 9,
    from |-> 2,
    shardto |-> 2,
    to |-> 1,
    body |->
        [ b |-> 10,
          id |-> 1,
          tq |-> [t |-> 0, id |-> <<0, 0>>],
          abalq |-> 0,
          txq |-> 1,
          depq |-> {2},
          phaseq |-> 1,
          rejectq |-> FALSE,
          Wq |-> {},
          WPq |-> {} ] ],
  [ shardfrom |-> 1,
    type |-> 9,
    from |-> 3,
    shardto |-> 1,
    to |-> 3,
    body |->
        [ b |-> 9,
          id |-> 2,
          tq |-> [t |-> 0, id |-> <<0, 0>>],
          abalq |-> 0,
          txq |-> 0,
          depq |-> {},
          phaseq |-> 1,
          rejectq |-> FALSE,
          Wq |-> {},
          WPq |-> {} ] ],
  [ shardfrom |-> 1,
    type |-> 9,
    from |-> 3,
    shardto |-> 2,
    to |-> 2,
    body |->
        [ b |-> 11,
          id |-> 1,
          tq |-> [t |-> 0, id |-> <<0, 0>>],
          abalq |-> 0,
          txq |-> 0,
          depq |-> {2},
          phaseq |-> 1,
          rejectq |-> FALSE,
          Wq |-> {},
          WPq |-> {} ] ],
  [ shardfrom |-> 1,
    type |-> 10,
    from |-> 2,
    shardto |-> 1,
    to |-> 2,
    body |-> [id |-> 2] ],
  [ shardfrom |-> 1,
    type |-> 11,
    from |-> 2,
    shardto |-> 1,
    to |-> 1,
    body |-> [id |-> 2] ],
  [ shardfrom |-> 1,
    type |-> 11,
    from |-> 2,
    shardto |-> 1,
    to |-> 2,
    body |-> [id |-> 2] ],
  [ shardfrom |-> 1,
    type |-> 11,
    from |-> 2,
    shardto |-> 1,
    to |-> 3,
    body |-> [id |-> 2] ],
  [ shardfrom |-> 2,
    type |-> 1,
    from |-> 1,
    shardto |-> 1,
    to |-> 2,
    body |-> [id |-> 1, tx |-> 1, D0 |-> {}] ],
  [ shardfrom |-> 2,
    type |-> 1,
    from |-> 1,
    shardto |-> 1,
    to |-> 3,
    body |-> [id |-> 1, tx |-> 1, D0 |-> {}] ],
  [ shardfrom |-> 2,
    type |-> 1,
    from |-> 1,
    shardto |-> 2,
    to |-> 2,
    body |-> [id |-> 1, tx |-> 1, D0 |-> {}] ],
  [ shardfrom |-> 2,
    type |-> 2,
    from |-> 1,
    shardto |-> 2,
    to |-> 1,
    body |-> [id |-> 1, tq |-> [t |-> 3, id |-> <<2, 1>>], Dq |-> {}] ],
  [ shardfrom |-> 2,
    type |-> 2,
    from |-> 3,
    shardto |-> 2,
    to |-> 1,
    body |-> [id |-> 1, tq |-> [t |-> 3, id |-> <<2, 1>>], Dq |-> {}] ],
  [ shardfrom |-> 2,
    type |-> 8,
    from |-> 1,
    shardto |-> 1,
    to |-> 1,
    body |-> [b |-> 10, id |-> 1, tx |-> 1] ],
  [ shardfrom |-> 2,
    type |-> 8,
    from |-> 1,
    shardto |-> 1,
    to |-> 3,
    body |-> [b |-> 10, id |-> 1, tx |-> 1] ],
  [ shardfrom |-> 2,
    type |-> 8,
    from |-> 1,
    shardto |-> 2,
    to |-> 3,
    body |-> [b |-> 10, id |-> 1, tx |-> 1] ],
  [ shardfrom |-> 2,
    type |-> 8,
    from |-> 2,
    shardto |-> 1,
    to |-> 1,
    body |-> [b |-> 11, id |-> 1, tx |-> 0] ],
  [ shardfrom |-> 2,
    type |-> 8,
    from |-> 2,
    shardto |-> 1,
    to |-> 2,
    body |-> [b |-> 11, id |-> 1, tx |-> 0] ],
  [ shardfrom |-> 2,
    type |-> 8,
    from |-> 2,
    shardto |-> 2,
    to |-> 1,
    body |-> [b |-> 11, id |-> 1, tx |-> 0] ],
  [ shardfrom |-> 2,
    type |-> 8,
    from |-> 2,
    shardto |-> 2,
    to |-> 3,
    body |-> [b |-> 11, id |-> 1, tx |-> 0] ],
  [ shardfrom |-> 2,
    type |-> 8,
    from |-> 3,
    shardto |-> 1,
    to |-> 1,
    body |-> [b |-> 6, id |-> 1, tx |-> 1] ],
  [ shardfrom |-> 2,
    type |-> 8,
    from |-> 3,
    shardto |-> 1,
    to |-> 2,
    body |-> [b |-> 6, id |-> 1, tx |-> 1] ],
  [ shardfrom |-> 2,
    type |-> 8,
    from |-> 3,
    shardto |-> 1,
    to |-> 3,
    body |-> [b |-> 6, id |-> 1, tx |-> 1] ],
  [ shardfrom |-> 2,
    type |-> 8,
    from |-> 3,
    shardto |-> 2,
    to |-> 1,
    body |-> [b |-> 6, id |-> 1, tx |-> 1] ],
  [ shardfrom |-> 2,
    type |-> 8,
    from |-> 3,
    shardto |-> 2,
    to |-> 2,
    body |-> [b |-> 6, id |-> 1, tx |-> 1] ],
  [ shardfrom |-> 2,
    type |-> 9,
    from |-> 1,
    shardto |-> 2,
    to |-> 1,
    body |->
        [ b |-> 10,
          id |-> 1,
          tq |-> [t |-> 3, id |-> <<2, 1>>],
          abalq |-> 0,
          txq |-> 1,
          depq |-> {},
          phaseq |-> 2,
          rejectq |-> FALSE,
          Wq |-> {},
          WPq |-> {} ] ],
  [ shardfrom |-> 2,
    type |-> 9,
    from |-> 2,
    shardto |-> 2,
    to |-> 1,
    body |->
        [ b |-> 10,
          id |-> 1,
          tq |-> [t |-> 0, id |-> <<0, 0>>],
          abalq |-> 0,
          txq |-> 1,
          depq |-> {},
          phaseq |-> 1,
          rejectq |-> FALSE,
          Wq |-> {},
          WPq |-> {} ] ],
  [ shardfrom |-> 2,
    type |-> 9,
    from |-> 2,
    shardto |-> 2,
    to |-> 2,
    body |->
        [ b |-> 11,
          id |-> 1,
          tq |-> [t |-> 0, id |-> <<0, 0>>],
          abalq |-> 0,
          txq |-> 0,
          depq |-> {},
          phaseq |-> 1,
          rejectq |-> FALSE,
          Wq |-> {},
          WPq |-> {} ] ],
  [ shardfrom |-> 2,
    type |-> 9,
    from |-> 3,
    shardto |-> 2,
    to |-> 3,
    body |->
        [ b |-> 6,
          id |-> 1,
          tq |-> [t |-> 3, id |-> <<2, 1>>],
          abalq |-> 0,
          txq |-> 1,
          depq |-> {},
          phaseq |-> 2,
          rejectq |-> FALSE,
          Wq |-> {},
          WPq |-> {} ] ] }
/\ Qvar = << <<<<{}, {}>>, <<{}, {}>>, <<{}, {}>>>>,
   <<<<{}, {}>>, <<{}, {}>>, <<{}, {}>>>> >>
/\ ts = << << <<[t |-> 3, id |-> <<2, 1>>], [t |-> 2, id |-> <<1, 2>>]>>,
      <<[t |-> 0, id |-> <<0, 0>>], [t |-> 2, id |-> <<1, 2>>]>>,
      <<[t |-> 0, id |-> <<0, 0>>], [t |-> 0, id |-> <<0, 0>>]>> >>,
   << <<[t |-> 3, id |-> <<2, 1>>], [t |-> 0, id |-> <<0, 0>>]>>,
      <<[t |-> 0, id |-> <<0, 0>>], [t |-> 0, id |-> <<0, 0>>]>>,
      <<[t |-> 3, id |-> <<2, 1>>], [t |-> 0, id |-> <<0, 0>>]>> >> >>
/\ executeWaitingFlag = << <<<<FALSE, FALSE>>, <<FALSE, TRUE>>, <<FALSE, FALSE>>>>,
   <<<<FALSE, FALSE>>, <<FALSE, FALSE>>, <<FALSE, FALSE>>>> >>
/\ TXvar = << <<<<bottom, bottom>>, <<bottom, bottom>>, <<bottom, bottom>>>>,
   <<<<bottom, bottom>>, <<bottom, bottom>>, <<bottom, bottom>>>> >>
/\ recovered = <<<<<<1, 1>>, <<1, 1>>, <<0, 1>>>>, <<<<1, 0>>, <<1, 0>>, <<1, 0>>>>>>
/\ initCoord = <<<<2, 1>>, <<1, 2>>>>

State 25: <StartRecover line 550, col 5 to line 575, col 160 of module AccordSpec>
/\ phase = <<<<<<2, 2>>, <<1, 5>>, <<1, 1>>>>, <<<<2, 1>>, <<1, 1>>, <<2, 1>>>>>>
/\ abal = <<<<<<0, 0>>, <<0, 0>>, <<0, 0>>>>, <<<<0, 0>>, <<0, 0>>, <<0, 0>>>>>>
/\ initTimestamp = << [t |-> 3, id |-> <<2, 1>>],
   [t |-> 2, id |-> <<1, 2>>],
   [t |-> 1, id |-> <<0, 0>>] >>
/\ bal = <<<<<<7, 7>>, <<14, 8>>, <<15, 9>>>>, <<<<10, 0>>, <<11, 0>>, <<6, 0>>>>>>
/\ txn = << <<<<1, 2>>, <<1, 2>>, <<0, 2>>>>,
   <<<<1, bottom>>, <<1, bottom>>, <<1, bottom>>>> >>
/\ postWaitingFlag = << <<<<FALSE, FALSE>>, <<FALSE, FALSE>>, <<FALSE, FALSE>>>>,
   <<<<FALSE, FALSE>>, <<FALSE, FALSE>>, <<FALSE, FALSE>>>> >>
/\ relation = <<<<0, 2>>, <<1, 0>>>>
/\ executed = <<<<{}, {2}, {}>>, <<{}, {}, {}>>>>
/\ Wvar = << <<<<{}, {}>>, <<{}, {}>>, <<{}, {}>>>>,
   <<<<{}, {}>>, <<{}, {}>>, <<{}, {}>>>> >>
/\ dep = << <<<<{}, {}>>, <<{}, {}>>, <<{}, {}>>>>,
   <<<<{}, {}>>, <<{}, {}>>, <<{}, {}>>>> >>
/\ recoveryAttemptBal = <<<<<<0, 0>>, <<0, 0>>, <<0, 0>>>>, <<<<0, 0>>, <<0, 0>>, <<0, 0>>>>>>
/\ submitted = {1, 2}
/\ Dvar = << <<<<{}, {}>>, <<{}, {}>>, <<{}, {}>>>>,
   <<<<{}, {}>>, <<{}, {}>>, <<{}, {}>>>> >>
/\ msgs = { [ shardfrom |-> 1,
    type |-> 1,
    from |-> 2,
    shardto |-> 1,
    to |-> 3,
    body |-> [id |-> 2, tx |-> 2, D0 |-> {}] ],
  [ shardfrom |-> 1,
    type |-> 2,
    from |-> 1,
    shardto |-> 2,
    to |-> 1,
    body |-> [id |-> 1, tq |-> [t |-> 3, id |-> <<2, 1>>], Dq |-> {2}] ],
  [ shardfrom |-> 1,
    type |-> 5,
    from |-> 2,
    shardto |-> 1,
    to |-> 1,
    body |->
        [ b |-> 0,
          t |-> [t |-> 2, id |-> <<1, 2>>],
          id |-> 2,
          tx |-> 2,
          D |-> {},
          fastOrSlow |-> 0 ] ],
  [ shardfrom |-> 1,
    type |-> 5,
    from |-> 2,
    shardto |-> 1,
    to |-> 3,
    body |->
        [ b |-> 0,
          t |-> [t |-> 2, id |-> <<1, 2>>],
          id |-> 2,
          tx |-> 2,
          D |-> {},
          fastOrSlow |-> 0 ] ],
  [ shardfrom |-> 1,
    type |-> 7,
    from |-> 2,
    shardto |-> 1,
    to |-> 1,
    body |-> [b |-> 0, id |-> 2] ],
  [ shardfrom |-> 1,
    type |-> 7,
    from |-> 2,
    shardto |-> 1,
    to |-> 3,
    body |-> [b |-> 0, id |-> 2] ],
  [ shardfrom |-> 1,
    type |-> 8,
    from |-> 1,
    shardto |-> 1,
    to |-> 2,
    body |-> [b |-> 7, id |-> 1, tx |-> 1] ],
  [ shardfrom |-> 1,
    type |-> 8,
    from |-> 1,
    shardto |-> 1,
    to |-> 3,
    body |-> [b |-> 7, id |-> 1, tx |-> 1] ],
  [ shardfrom |-> 1,
    type |-> 8,
    from |-> 1,
    shardto |-> 1,
    to |-> 3,
    body |-> [b |-> 7, id |-> 2, tx |-> 2] ],
  [ shardfrom |-> 1,
    type |-> 8,
    from |-> 1,
    shardto |-> 2,
    to |-> 1,
    body |-> [b |-> 7, id |-> 1, tx |-> 1] ],
  [ shardfrom |-> 1,
    type |-> 8,
    from |-> 1,
    shardto |-> 2,
    to |-> 2,
    body |-> [b |-> 7, id |-> 1, tx |-> 1] ],
  [ shardfrom |-> 1,
    type |-> 8,
    from |-> 1,
    shardto |-> 2,
    to |-> 3,
    body |-> [b |-> 7, id |-> 1, tx |-> 1] ],
  [ shardfrom |-> 1,
    type |-> 8,
    from |-> 2,
    shardto |-> 1,
    to |-> 1,
    body |-> [b |-> 8, id |-> 2, tx |-> 2] ],
  [ shardfrom |-> 1,
    type |-> 8,
    from |-> 2,
    shardto |-> 1,
    to |-> 1,
    body |-> [b |-> 14, id |-> 1, tx |-> 0] ],
  [ shardfrom |-> 1,
    type |-> 8,
    from |-> 2,
    shardto |-> 1,
    to |-> 3,
    body |-> [b |-> 14, id |-> 1, tx |-> 0] ],
  [ shardfrom |-> 1,
    type |-> 8,
    from |-> 2,
    shardto |-> 2,
    to |-> 1,
    body |-> [b |-> 14, id |-> 1, tx |-> 0] ],
  [ shardfrom |-> 1,
    type |-> 8,
    from |-> 2,
    shardto |-> 2,
    to |-> 2,
    body |-> [b |-> 14, id |-> 1, tx |-> 0] ],
  [ shardfrom |-> 1,
    type |-> 8,
    from |-> 2,
    shardto |-> 2,
    to |-> 3,
    body |-> [b |-> 14, id |-> 1, tx |-> 0] ],
  [ shardfrom |-> 1,
    type |-> 8,
    from |-> 3,
    shardto |-> 1,
    to |-> 1,
    body |-> [b |-> 9, id |-> 2, tx |-> 0] ],
  [ shardfrom |-> 1,
    type |-> 8,
    from |-> 3,
    shardto |-> 1,
    to |-> 1,
    body |-> [b |-> 15, id |-> 1, tx |-> 0] ],
  [ shardfrom |-> 1,
    type |-> 8,
    from |-> 3,
    shardto |-> 1,
    to |-> 2,
    body |-> [b |-> 9, id |-> 2, tx |-> 0] ],
  [ shardfrom |-> 1,
    type |-> 8,
    from |-> 3,
    shardto |-> 1,
    to |-> 2,
    body |-> [b |-> 15, id |-> 1, tx |-> 0] ],
  [ shardfrom |-> 1,
    type |-> 8,
    from |-> 3,
    shardto |-> 2,
    to |-> 1,
    body |-> [b |-> 15, id |-> 1, tx |-> 0] ],
  [ shardfrom |-> 1,
    type |-> 8,
    from |-> 3,
    shardto |-> 2,
    to |-> 2,
    body |-> [b |-> 15, id |-> 1, tx |-> 0] ],
  [ shardfrom |-> 1,
    type |-> 8,
    from |-> 3,
    shardto |-> 2,
    to |-> 3,
    body |-> [b |-> 15, id |-> 1, tx |-> 0] ],
  [ shardfrom |-> 1,
    type |-> 9,
    from |-> 1,
    shardto |-> 1,
    to |-> 1,
    body |->
        [ b |-> 7,
          id |-> 1,
          tq |-> [t |-> 3, id |-> <<2, 1>>],
          abalq |-> 0,
          txq |-> 1,
          depq |-> {2},
          phaseq |-> 2,
          rejectq |-> FALSE,
          Wq |-> {<<2, 0>>},
          WPq |-> {} ] ],
  [ shardfrom |-> 1,
    type |-> 9,
    from |-> 1,
    shardto |-> 1,
    to |-> 1,
    body |->
        [ b |-> 7,
          id |-> 2,
          tq |-> [t |-> 2, id |-> <<1, 2>>],
          abalq |-> 0,
          txq |-> 2,
          depq |-> {},
          phaseq |-> 2,
          rejectq |-> FALSE,
          Wq |-> {},
          WPq |-> {} ] ],
  [ shardfrom |-> 1,
    type |-> 9,
    from |-> 2,
    shardto |-> 1,
    to |-> 2,
    body |->
        [ b |-> 14,
          id |-> 1,
          tq |-> [t |-> 0, id |-> <<0, 0>>],
          abalq |-> 0,
          txq |-> 0,
          depq |-> {2},
          phaseq |-> 1,
          rejectq |-> FALSE,
          Wq |-> {},
          WPq |-> {} ] ],
  [ shardfrom |-> 1,
    type |-> 9,
    from |-> 2,
    shardto |-> 2,
    to |-> 1,
    body |->
        [ b |-> 10,
          id |-> 1,
          tq |-> [t |-> 0, id |-> <<0, 0>>],
          abalq |-> 0,
          txq |-> 1,
          depq |-> {2},
          phaseq |-> 1,
          rejectq |-> FALSE,
          Wq |-> {},
          WPq |-> {} ] ],
  [ shardfrom |-> 1,
    type |-> 9,
    from |-> 3,
    shardto |-> 1,
    to |-> 3,
    body |->
        [ b |-> 9,
          id |-> 2,
          tq |-> [t |-> 0, id |-> <<0, 0>>],
          abalq |-> 0,
          txq |-> 0,
          depq |-> {},
          phaseq |-> 1,
          rejectq |-> FALSE,
          Wq |-> {},
          WPq |-> {} ] ],
  [ shardfrom |-> 1,
    type |-> 9,
    from |-> 3,
    shardto |-> 1,
    to |-> 3,
    body |->
        [ b |-> 15,
          id |-> 1,
          tq |-> [t |-> 0, id |-> <<0, 0>>],
          abalq |-> 0,
          txq |-> 0,
          depq |-> {2},
          phaseq |-> 1,
          rejectq |-> FALSE,
          Wq |-> {},
          WPq |-> {} ] ],
  [ shardfrom |-> 1,
    type |-> 9,
    from |-> 3,
    shardto |-> 2,
    to |-> 2,
    body |->
        [ b |-> 11,
          id |-> 1,
          tq |-> [t |-> 0, id |-> <<0, 0>>],
          abalq |-> 0,
          txq |-> 0,
          depq |-> {2},
          phaseq |-> 1,
          rejectq |-> FALSE,
          Wq |-> {},
          WPq |-> {} ] ],
  [ shardfrom |-> 1,
    type |-> 10,
    from |-> 2,
    shardto |-> 1,
    to |-> 2,
    body |-> [id |-> 2] ],
  [ shardfrom |-> 1,
    type |-> 11,
    from |-> 2,
    shardto |-> 1,
    to |-> 1,
    body |-> [id |-> 2] ],
  [ shardfrom |-> 1,
    type |-> 11,
    from |-> 2,
    shardto |-> 1,
    to |-> 2,
    body |-> [id |-> 2] ],
  [ shardfrom |-> 1,
    type |-> 11,
    from |-> 2,
    shardto |-> 1,
    to |-> 3,
    body |-> [id |-> 2] ],
  [ shardfrom |-> 2,
    type |-> 1,
    from |-> 1,
    shardto |-> 1,
    to |-> 2,
    body |-> [id |-> 1, tx |-> 1, D0 |-> {}] ],
  [ shardfrom |-> 2,
    type |-> 1,
    from |-> 1,
    shardto |-> 1,
    to |-> 3,
    body |-> [id |-> 1, tx |-> 1, D0 |-> {}] ],
  [ shardfrom |-> 2,
    type |-> 1,
    from |-> 1,
    shardto |-> 2,
    to |-> 2,
    body |-> [id |-> 1, tx |-> 1, D0 |-> {}] ],
  [ shardfrom |-> 2,
    type |-> 2,
    from |-> 1,
    shardto |-> 2,
    to |-> 1,
    body |-> [id |-> 1, tq |-> [t |-> 3, id |-> <<2, 1>>], Dq |-> {}] ],
  [ shardfrom |-> 2,
    type |-> 2,
    from |-> 3,
    shardto |-> 2,
    to |-> 1,
    body |-> [id |-> 1, tq |-> [t |-> 3, id |-> <<2, 1>>], Dq |-> {}] ],
  [ shardfrom |-> 2,
    type |-> 8,
    from |-> 1,
    shardto |-> 1,
    to |-> 1,
    body |-> [b |-> 10, id |-> 1, tx |-> 1] ],
  [ shardfrom |-> 2,
    type |-> 8,
    from |-> 1,
    shardto |-> 1,
    to |-> 3,
    body |-> [b |-> 10, id |-> 1, tx |-> 1] ],
  [ shardfrom |-> 2,
    type |-> 8,
    from |-> 1,
    shardto |-> 2,
    to |-> 3,
    body |-> [b |-> 10, id |-> 1, tx |-> 1] ],
  [ shardfrom |-> 2,
    type |-> 8,
    from |-> 2,
    shardto |-> 1,
    to |-> 1,
    body |-> [b |-> 11, id |-> 1, tx |-> 0] ],
  [ shardfrom |-> 2,
    type |-> 8,
    from |-> 2,
    shardto |-> 1,
    to |-> 2,
    body |-> [b |-> 11, id |-> 1, tx |-> 0] ],
  [ shardfrom |-> 2,
    type |-> 8,
    from |-> 2,
    shardto |-> 2,
    to |-> 1,
    body |-> [b |-> 11, id |-> 1, tx |-> 0] ],
  [ shardfrom |-> 2,
    type |-> 8,
    from |-> 2,
    shardto |-> 2,
    to |-> 3,
    body |-> [b |-> 11, id |-> 1, tx |-> 0] ],
  [ shardfrom |-> 2,
    type |-> 8,
    from |-> 3,
    shardto |-> 1,
    to |-> 1,
    body |-> [b |-> 6, id |-> 1, tx |-> 1] ],
  [ shardfrom |-> 2,
    type |-> 8,
    from |-> 3,
    shardto |-> 1,
    to |-> 2,
    body |-> [b |-> 6, id |-> 1, tx |-> 1] ],
  [ shardfrom |-> 2,
    type |-> 8,
    from |-> 3,
    shardto |-> 1,
    to |-> 3,
    body |-> [b |-> 6, id |-> 1, tx |-> 1] ],
  [ shardfrom |-> 2,
    type |-> 8,
    from |-> 3,
    shardto |-> 2,
    to |-> 1,
    body |-> [b |-> 6, id |-> 1, tx |-> 1] ],
  [ shardfrom |-> 2,
    type |-> 8,
    from |-> 3,
    shardto |-> 2,
    to |-> 2,
    body |-> [b |-> 6, id |-> 1, tx |-> 1] ],
  [ shardfrom |-> 2,
    type |-> 9,
    from |-> 1,
    shardto |-> 2,
    to |-> 1,
    body |->
        [ b |-> 10,
          id |-> 1,
          tq |-> [t |-> 3, id |-> <<2, 1>>],
          abalq |-> 0,
          txq |-> 1,
          depq |-> {},
          phaseq |-> 2,
          rejectq |-> FALSE,
          Wq |-> {},
          WPq |-> {} ] ],
  [ shardfrom |-> 2,
    type |-> 9,
    from |-> 2,
    shardto |-> 2,
    to |-> 1,
    body |->
        [ b |-> 10,
          id |-> 1,
          tq |-> [t |-> 0, id |-> <<0, 0>>],
          abalq |-> 0,
          txq |-> 1,
          depq |-> {},
          phaseq |-> 1,
          rejectq |-> FALSE,
          Wq |-> {},
          WPq |-> {} ] ],
  [ shardfrom |-> 2,
    type |-> 9,
    from |-> 2,
    shardto |-> 2,
    to |-> 2,
    body |->
        [ b |-> 11,
          id |-> 1,
          tq |-> [t |-> 0, id |-> <<0, 0>>],
          abalq |-> 0,
          txq |-> 0,
          depq |-> {},
          phaseq |-> 1,
          rejectq |-> FALSE,
          Wq |-> {},
          WPq |-> {} ] ],
  [ shardfrom |-> 2,
    type |-> 9,
    from |-> 3,
    shardto |-> 2,
    to |-> 3,
    body |->
        [ b |-> 6,
          id |-> 1,
          tq |-> [t |-> 3, id |-> <<2, 1>>],
          abalq |-> 0,
          txq |-> 1,
          depq |-> {},
          phaseq |-> 2,
          rejectq |-> FALSE,
          Wq |-> {},
          WPq |-> {} ] ] }
/\ Qvar = << <<<<{}, {}>>, <<{}, {}>>, <<{}, {}>>>>,
   <<<<{}, {}>>, <<{}, {}>>, <<{}, {}>>>> >>
/\ ts = << << <<[t |-> 3, id |-> <<2, 1>>], [t |-> 2, id |-> <<1, 2>>]>>,
      <<[t |-> 0, id |-> <<0, 0>>], [t |-> 2, id |-> <<1, 2>>]>>,
      <<[t |-> 0, id |-> <<0, 0>>], [t |-> 0, id |-> <<0, 0>>]>> >>,
   << <<[t |-> 3, id |-> <<2, 1>>], [t |-> 0, id |-> <<0, 0>>]>>,
      <<[t |-> 0, id |-> <<0, 0>>], [t |-> 0, id |-> <<0, 0>>]>>,
      <<[t |-> 3, id |-> <<2, 1>>], [t |-> 0, id |-> <<0, 0>>]>> >> >>
/\ executeWaitingFlag = << <<<<FALSE, FALSE>>, <<FALSE, TRUE>>, <<FALSE, FALSE>>>>,
   <<<<FALSE, FALSE>>, <<FALSE, FALSE>>, <<FALSE, FALSE>>>> >>
/\ TXvar = << <<<<bottom, bottom>>, <<bottom, bottom>>, <<bottom, bottom>>>>,
   <<<<bottom, bottom>>, <<bottom, bottom>>, <<bottom, bottom>>>> >>
/\ recovered = <<<<<<1, 1>>, <<1, 1>>, <<1, 1>>>>, <<<<1, 0>>, <<1, 0>>, <<1, 0>>>>>>
/\ initCoord = <<<<2, 1>>, <<1, 2>>>>

State 26: <Next line 902, col 8 to line 910, col 25 of module AccordSpec>
/\ phase = <<<<<<2, 2>>, <<1, 5>>, <<1, 1>>>>, <<<<2, 1>>, <<1, 1>>, <<2, 1>>>>>>
/\ abal = <<<<<<0, 0>>, <<0, 0>>, <<0, 0>>>>, <<<<0, 0>>, <<0, 0>>, <<0, 0>>>>>>
/\ initTimestamp = << [t |-> 3, id |-> <<2, 1>>],
   [t |-> 2, id |-> <<1, 2>>],
   [t |-> 1, id |-> <<0, 0>>] >>
/\ bal = <<<<<<14, 7>>, <<14, 8>>, <<15, 9>>>>, <<<<10, 0>>, <<11, 0>>, <<6, 0>>>>>>
/\ txn = << <<<<1, 2>>, <<1, 2>>, <<0, 2>>>>,
   <<<<1, bottom>>, <<1, bottom>>, <<1, bottom>>>> >>
/\ postWaitingFlag = << <<<<FALSE, FALSE>>, <<FALSE, FALSE>>, <<FALSE, FALSE>>>>,
   <<<<FALSE, FALSE>>, <<FALSE, FALSE>>, <<FALSE, FALSE>>>> >>
/\ relation = <<<<0, 2>>, <<1, 0>>>>
/\ executed = <<<<{}, {2}, {}>>, <<{}, {}, {}>>>>
/\ Wvar = << <<<<{}, {}>>, <<{}, {}>>, <<{}, {}>>>>,
   <<<<{}, {}>>, <<{}, {}>>, <<{}, {}>>>> >>
/\ dep = << <<<<{}, {}>>, <<{}, {}>>, <<{}, {}>>>>,
   <<<<{}, {}>>, <<{}, {}>>, <<{}, {}>>>> >>
/\ recoveryAttemptBal = <<<<<<0, 0>>, <<0, 0>>, <<0, 0>>>>, <<<<0, 0>>, <<0, 0>>, <<0, 0>>>>>>
/\ submitted = {1, 2}
/\ Dvar = << <<<<{}, {}>>, <<{}, {}>>, <<{}, {}>>>>,
   <<<<{}, {}>>, <<{}, {}>>, <<{}, {}>>>> >>
/\ msgs = { [ shardfrom |-> 1,
    type |-> 1,
    from |-> 2,
    shardto |-> 1,
    to |-> 3,
    body |-> [id |-> 2, tx |-> 2, D0 |-> {}] ],
  [ shardfrom |-> 1,
    type |-> 2,
    from |-> 1,
    shardto |-> 2,
    to |-> 1,
    body |-> [id |-> 1, tq |-> [t |-> 3, id |-> <<2, 1>>], Dq |-> {2}] ],
  [ shardfrom |-> 1,
    type |-> 5,
    from |-> 2,
    shardto |-> 1,
    to |-> 1,
    body |->
        [ b |-> 0,
          t |-> [t |-> 2, id |-> <<1, 2>>],
          id |-> 2,
          tx |-> 2,
          D |-> {},
          fastOrSlow |-> 0 ] ],
  [ shardfrom |-> 1,
    type |-> 5,
    from |-> 2,
    shardto |-> 1,
    to |-> 3,
    body |->
        [ b |-> 0,
          t |-> [t |-> 2, id |-> <<1, 2>>],
          id |-> 2,
          tx |-> 2,
          D |-> {},
          fastOrSlow |-> 0 ] ],
  [ shardfrom |-> 1,
    type |-> 7,
    from |-> 2,
    shardto |-> 1,
    to |-> 1,
    body |-> [b |-> 0, id |-> 2] ],
  [ shardfrom |-> 1,
    type |-> 7,
    from |-> 2,
    shardto |-> 1,
    to |-> 3,
    body |-> [b |-> 0, id |-> 2] ],
  [ shardfrom |-> 1,
    type |-> 8,
    from |-> 1,
    shardto |-> 1,
    to |-> 2,
    body |-> [b |-> 7, id |-> 1, tx |-> 1] ],
  [ shardfrom |-> 1,
    type |-> 8,
    from |-> 1,
    shardto |-> 1,
    to |-> 3,
    body |-> [b |-> 7, id |-> 1, tx |-> 1] ],
  [ shardfrom |-> 1,
    type |-> 8,
    from |-> 1,
    shardto |-> 1,
    to |-> 3,
    body |-> [b |-> 7, id |-> 2, tx |-> 2] ],
  [ shardfrom |-> 1,
    type |-> 8,
    from |-> 1,
    shardto |-> 2,
    to |-> 1,
    body |-> [b |-> 7, id |-> 1, tx |-> 1] ],
  [ shardfrom |-> 1,
    type |-> 8,
    from |-> 1,
    shardto |-> 2,
    to |-> 2,
    body |-> [b |-> 7, id |-> 1, tx |-> 1] ],
  [ shardfrom |-> 1,
    type |-> 8,
    from |-> 1,
    shardto |-> 2,
    to |-> 3,
    body |-> [b |-> 7, id |-> 1, tx |-> 1] ],
  [ shardfrom |-> 1,
    type |-> 8,
    from |-> 2,
    shardto |-> 1,
    to |-> 1,
    body |-> [b |-> 8, id |-> 2, tx |-> 2] ],
  [ shardfrom |-> 1,
    type |-> 8,
    from |-> 2,
    shardto |-> 1,
    to |-> 3,
    body |-> [b |-> 14, id |-> 1, tx |-> 0] ],
  [ shardfrom |-> 1,
    type |-> 8,
    from |-> 2,
    shardto |-> 2,
    to |-> 1,
    body |-> [b |-> 14, id |-> 1, tx |-> 0] ],
  [ shardfrom |-> 1,
    type |-> 8,
    from |-> 2,
    shardto |-> 2,
    to |-> 2,
    body |-> [b |-> 14, id |-> 1, tx |-> 0] ],
  [ shardfrom |-> 1,
    type |-> 8,
    from |-> 2,
    shardto |-> 2,
    to |-> 3,
    body |-> [b |-> 14, id |-> 1, tx |-> 0] ],
  [ shardfrom |-> 1,
    type |-> 8,
    from |-> 3,
    shardto |-> 1,
    to |-> 1,
    body |-> [b |-> 9, id |-> 2, tx |-> 0] ],
  [ shardfrom |-> 1,
    type |-> 8,
    from |-> 3,
    shardto |-> 1,
    to |-> 1,
    body |-> [b |-> 15, id |-> 1, tx |-> 0] ],
  [ shardfrom |-> 1,
    type |-> 8,
    from |-> 3,
    shardto |-> 1,
    to |-> 2,
    body |-> [b |-> 9, id |-> 2, tx |-> 0] ],
  [ shardfrom |-> 1,
    type |-> 8,
    from |-> 3,
    shardto |-> 1,
    to |-> 2,
    body |-> [b |-> 15, id |-> 1, tx |-> 0] ],
  [ shardfrom |-> 1,
    type |-> 8,
    from |-> 3,
    shardto |-> 2,
    to |-> 1,
    body |-> [b |-> 15, id |-> 1, tx |-> 0] ],
  [ shardfrom |-> 1,
    type |-> 8,
    from |-> 3,
    shardto |-> 2,
    to |-> 2,
    body |-> [b |-> 15, id |-> 1, tx |-> 0] ],
  [ shardfrom |-> 1,
    type |-> 8,
    from |-> 3,
    shardto |-> 2,
    to |-> 3,
    body |-> [b |-> 15, id |-> 1, tx |-> 0] ],
  [ shardfrom |-> 1,
    type |-> 9,
    from |-> 1,
    shardto |-> 1,
    to |-> 1,
    body |->
        [ b |-> 7,
          id |-> 1,
          tq |-> [t |-> 3, id |-> <<2, 1>>],
          abalq |-> 0,
          txq |-> 1,
          depq |-> {2},
          phaseq |-> 2,
          rejectq |-> FALSE,
          Wq |-> {<<2, 0>>},
          WPq |-> {} ] ],
  [ shardfrom |-> 1,
    type |-> 9,
    from |-> 1,
    shardto |-> 1,
    to |-> 1,
    body |->
        [ b |-> 7,
          id |-> 2,
          tq |-> [t |-> 2, id |-> <<1, 2>>],
          abalq |-> 0,
          txq |-> 2,
          depq |-> {},
          phaseq |-> 2,
          rejectq |-> FALSE,
          Wq |-> {},
          WPq |-> {} ] ],
  [ shardfrom |-> 1,
    type |-> 9,
    from |-> 1,
    shardto |-> 1,
    to |-> 2,
    body |->
        [ b |-> 14,
          id |-> 1,
          tq |-> [t |-> 3, id |-> <<2, 1>>],
          abalq |-> 0,
          txq |-> 1,
          depq |-> {2},
          phaseq |-> 2,
          rejectq |-> FALSE,
          Wq |-> {<<2, 0>>},
          WPq |-> {} ] ],
  [ shardfrom |-> 1,
    type |-> 9,
    from |-> 2,
    shardto |-> 1,
    to |-> 2,
    body |->
        [ b |-> 14,
          id |-> 1,
          tq |-> [t |-> 0, id |-> <<0, 0>>],
          abalq |-> 0,
          txq |-> 0,
          depq |-> {2},
          phaseq |-> 1,
          rejectq |-> FALSE,
          Wq |-> {},
          WPq |-> {} ] ],
  [ shardfrom |-> 1,
    type |-> 9,
    from |-> 2,
    shardto |-> 2,
    to |-> 1,
    body |->
        [ b |-> 10,
          id |-> 1,
          tq |-> [t |-> 0, id |-> <<0, 0>>],
          abalq |-> 0,
          txq |-> 1,
          depq |-> {2},
          phaseq |-> 1,
          rejectq |-> FALSE,
          Wq |-> {},
          WPq |-> {} ] ],
  [ shardfrom |-> 1,
    type |-> 9,
    from |-> 3,
    shardto |-> 1,
    to |-> 3,
    body |->
        [ b |-> 9,
          id |-> 2,
          tq |-> [t |-> 0, id |-> <<0, 0>>],
          abalq |-> 0,
          txq |-> 0,
          depq |-> {},
          phaseq |-> 1,
          rejectq |-> FALSE,
          Wq |-> {},
          WPq |-> {} ] ],
  [ shardfrom |-> 1,
    type |-> 9,
    from |-> 3,
    shardto |-> 1,
    to |-> 3,
    body |->
        [ b |-> 15,
          id |-> 1,
          tq |-> [t |-> 0, id |-> <<0, 0>>],
          abalq |-> 0,
          txq |-> 0,
          depq |-> {2},
          phaseq |-> 1,
          rejectq |-> FALSE,
          Wq |-> {},
          WPq |-> {} ] ],
  [ shardfrom |-> 1,
    type |-> 9,
    from |-> 3,
    shardto |-> 2,
    to |-> 2,
    body |->
        [ b |-> 11,
          id |-> 1,
          tq |-> [t |-> 0, id |-> <<0, 0>>],
          abalq |-> 0,
          txq |-> 0,
          depq |-> {2},
          phaseq |-> 1,
          rejectq |-> FALSE,
          Wq |-> {},
          WPq |-> {} ] ],
  [ shardfrom |-> 1,
    type |-> 10,
    from |-> 2,
    shardto |-> 1,
    to |-> 2,
    body |-> [id |-> 2] ],
  [ shardfrom |-> 1,
    type |-> 11,
    from |-> 2,
    shardto |-> 1,
    to |-> 1,
    body |-> [id |-> 2] ],
  [ shardfrom |-> 1,
    type |-> 11,
    from |-> 2,
    shardto |-> 1,
    to |-> 2,
    body |-> [id |-> 2] ],
  [ shardfrom |-> 1,
    type |-> 11,
    from |-> 2,
    shardto |-> 1,
    to |-> 3,
    body |-> [id |-> 2] ],
  [ shardfrom |-> 2,
    type |-> 1,
    from |-> 1,
    shardto |-> 1,
    to |-> 2,
    body |-> [id |-> 1, tx |-> 1, D0 |-> {}] ],
  [ shardfrom |-> 2,
    type |-> 1,
    from |-> 1,
    shardto |-> 1,
    to |-> 3,
    body |-> [id |-> 1, tx |-> 1, D0 |-> {}] ],
  [ shardfrom |-> 2,
    type |-> 1,
    from |-> 1,
    shardto |-> 2,
    to |-> 2,
    body |-> [id |-> 1, tx |-> 1, D0 |-> {}] ],
  [ shardfrom |-> 2,
    type |-> 2,
    from |-> 1,
    shardto |-> 2,
    to |-> 1,
    body |-> [id |-> 1, tq |-> [t |-> 3, id |-> <<2, 1>>], Dq |-> {}] ],
  [ shardfrom |-> 2,
    type |-> 2,
    from |-> 3,
    shardto |-> 2,
    to |-> 1,
    body |-> [id |-> 1, tq |-> [t |-> 3, id |-> <<2, 1>>], Dq |-> {}] ],
  [ shardfrom |-> 2,
    type |-> 8,
    from |-> 1,
    shardto |-> 1,
    to |-> 1,
    body |-> [b |-> 10, id |-> 1, tx |-> 1] ],
  [ shardfrom |-> 2,
    type |-> 8,
    from |-> 1,
    shardto |-> 1,
    to |-> 3,
    body |-> [b |-> 10, id |-> 1, tx |-> 1] ],
  [ shardfrom |-> 2,
    type |-> 8,
    from |-> 1,
    shardto |-> 2,
    to |-> 3,
    body |-> [b |-> 10, id |-> 1, tx |-> 1] ],
  [ shardfrom |-> 2,
    type |-> 8,
    from |-> 2,
    shardto |-> 1,
    to |-> 1,
    body |-> [b |-> 11, id |-> 1, tx |-> 0] ],
  [ shardfrom |-> 2,
    type |-> 8,
    from |-> 2,
    shardto |-> 1,
    to |-> 2,
    body |-> [b |-> 11, id |-> 1, tx |-> 0] ],
  [ shardfrom |-> 2,
    type |-> 8,
    from |-> 2,
    shardto |-> 2,
    to |-> 1,
    body |-> [b |-> 11, id |-> 1, tx |-> 0] ],
  [ shardfrom |-> 2,
    type |-> 8,
    from |-> 2,
    shardto |-> 2,
    to |-> 3,
    body |-> [b |-> 11, id |-> 1, tx |-> 0] ],
  [ shardfrom |-> 2,
    type |-> 8,
    from |-> 3,
    shardto |-> 1,
    to |-> 1,
    body |-> [b |-> 6, id |-> 1, tx |-> 1] ],
  [ shardfrom |-> 2,
    type |-> 8,
    from |-> 3,
    shardto |-> 1,
    to |-> 2,
    body |-> [b |-> 6, id |-> 1, tx |-> 1] ],
  [ shardfrom |-> 2,
    type |-> 8,
    from |-> 3,
    shardto |-> 1,
    to |-> 3,
    body |-> [b |-> 6, id |-> 1, tx |-> 1] ],
  [ shardfrom |-> 2,
    type |-> 8,
    from |-> 3,
    shardto |-> 2,
    to |-> 1,
    body |-> [b |-> 6, id |-> 1, tx |-> 1] ],
  [ shardfrom |-> 2,
    type |-> 8,
    from |-> 3,
    shardto |-> 2,
    to |-> 2,
    body |-> [b |-> 6, id |-> 1, tx |-> 1] ],
  [ shardfrom |-> 2,
    type |-> 9,
    from |-> 1,
    shardto |-> 2,
    to |-> 1,
    body |->
        [ b |-> 10,
          id |-> 1,
          tq |-> [t |-> 3, id |-> <<2, 1>>],
          abalq |-> 0,
          txq |-> 1,
          depq |-> {},
          phaseq |-> 2,
          rejectq |-> FALSE,
          Wq |-> {},
          WPq |-> {} ] ],
  [ shardfrom |-> 2,
    type |-> 9,
    from |-> 2,
    shardto |-> 2,
    to |-> 1,
    body |->
        [ b |-> 10,
          id |-> 1,
          tq |-> [t |-> 0, id |-> <<0, 0>>],
          abalq |-> 0,
          txq |-> 1,
          depq |-> {},
          phaseq |-> 1,
          rejectq |-> FALSE,
          Wq |-> {},
          WPq |-> {} ] ],
  [ shardfrom |-> 2,
    type |-> 9,
    from |-> 2,
    shardto |-> 2,
    to |-> 2,
    body |->
        [ b |-> 11,
          id |-> 1,
          tq |-> [t |-> 0, id |-> <<0, 0>>],
          abalq |-> 0,
          txq |-> 0,
          depq |-> {},
          phaseq |-> 1,
          rejectq |-> FALSE,
          Wq |-> {},
          WPq |-> {} ] ],
  [ shardfrom |-> 2,
    type |-> 9,
    from |-> 3,
    shardto |-> 2,
    to |-> 3,
    body |->
        [ b |-> 6,
          id |-> 1,
          tq |-> [t |-> 3, id |-> <<2, 1>>],
          abalq |-> 0,
          txq |-> 1,
          depq |-> {},
          phaseq |-> 2,
          rejectq |-> FALSE,
          Wq |-> {},
          WPq |-> {} ] ] }
/\ Qvar = << <<<<{}, {}>>, <<{}, {}>>, <<{}, {}>>>>,
   <<<<{}, {}>>, <<{}, {}>>, <<{}, {}>>>> >>
/\ ts = << << <<[t |-> 3, id |-> <<2, 1>>], [t |-> 2, id |-> <<1, 2>>]>>,
      <<[t |-> 0, id |-> <<0, 0>>], [t |-> 2, id |-> <<1, 2>>]>>,
      <<[t |-> 0, id |-> <<0, 0>>], [t |-> 0, id |-> <<0, 0>>]>> >>,
   << <<[t |-> 3, id |-> <<2, 1>>], [t |-> 0, id |-> <<0, 0>>]>>,
      <<[t |-> 0, id |-> <<0, 0>>], [t |-> 0, id |-> <<0, 0>>]>>,
      <<[t |-> 3, id |-> <<2, 1>>], [t |-> 0, id |-> <<0, 0>>]>> >> >>
/\ executeWaitingFlag = << <<<<FALSE, FALSE>>, <<FALSE, TRUE>>, <<FALSE, FALSE>>>>,
   <<<<FALSE, FALSE>>, <<FALSE, FALSE>>, <<FALSE, FALSE>>>> >>
/\ TXvar = << <<<<bottom, bottom>>, <<bottom, bottom>>, <<bottom, bottom>>>>,
   <<<<bottom, bottom>>, <<bottom, bottom>>, <<bottom, bottom>>>> >>
/\ recovered = <<<<<<1, 1>>, <<1, 1>>, <<1, 1>>>>, <<<<1, 0>>, <<1, 0>>, <<1, 0>>>>>>
/\ initCoord = <<<<2, 1>>, <<1, 2>>>>

State 27: <Next line 902, col 8 to line 910, col 25 of module AccordSpec>
/\ phase = <<<<<<2, 2>>, <<1, 5>>, <<1, 1>>>>, <<<<2, 1>>, <<1, 1>>, <<2, 1>>>>>>
/\ abal = <<<<<<0, 0>>, <<0, 0>>, <<0, 0>>>>, <<<<0, 0>>, <<0, 0>>, <<0, 0>>>>>>
/\ initTimestamp = << [t |-> 3, id |-> <<2, 1>>],
   [t |-> 2, id |-> <<1, 2>>],
   [t |-> 1, id |-> <<0, 0>>] >>
/\ bal = <<<<<<14, 9>>, <<14, 8>>, <<15, 9>>>>, <<<<10, 0>>, <<11, 0>>, <<6, 0>>>>>>
/\ txn = << <<<<1, 2>>, <<1, 2>>, <<0, 2>>>>,
   <<<<1, bottom>>, <<1, bottom>>, <<1, bottom>>>> >>
/\ postWaitingFlag = << <<<<FALSE, FALSE>>, <<FALSE, FALSE>>, <<FALSE, FALSE>>>>,
   <<<<FALSE, FALSE>>, <<FALSE, FALSE>>, <<FALSE, FALSE>>>> >>
/\ relation = <<<<0, 2>>, <<1, 0>>>>
/\ executed = <<<<{}, {2}, {}>>, <<{}, {}, {}>>>>
/\ Wvar = << <<<<{}, {}>>, <<{}, {}>>, <<{}, {}>>>>,
   <<<<{}, {}>>, <<{}, {}>>, <<{}, {}>>>> >>
/\ dep = << <<<<{}, {}>>, <<{}, {}>>, <<{}, {}>>>>,
   <<<<{}, {}>>, <<{}, {}>>, <<{}, {}>>>> >>
/\ recoveryAttemptBal = <<<<<<0, 0>>, <<0, 0>>, <<0, 0>>>>, <<<<0, 0>>, <<0, 0>>, <<0, 0>>>>>>
/\ submitted = {1, 2}
/\ Dvar = << <<<<{}, {}>>, <<{}, {}>>, <<{}, {}>>>>,
   <<<<{}, {}>>, <<{}, {}>>, <<{}, {}>>>> >>
/\ msgs = { [ shardfrom |-> 1,
    type |-> 1,
    from |-> 2,
    shardto |-> 1,
    to |-> 3,
    body |-> [id |-> 2, tx |-> 2, D0 |-> {}] ],
  [ shardfrom |-> 1,
    type |-> 2,
    from |-> 1,
    shardto |-> 2,
    to |-> 1,
    body |-> [id |-> 1, tq |-> [t |-> 3, id |-> <<2, 1>>], Dq |-> {2}] ],
  [ shardfrom |-> 1,
    type |-> 5,
    from |-> 2,
    shardto |-> 1,
    to |-> 1,
    body |->
        [ b |-> 0,
          t |-> [t |-> 2, id |-> <<1, 2>>],
          id |-> 2,
          tx |-> 2,
          D |-> {},
          fastOrSlow |-> 0 ] ],
  [ shardfrom |-> 1,
    type |-> 5,
    from |-> 2,
    shardto |-> 1,
    to |-> 3,
    body |->
        [ b |-> 0,
          t |-> [t |-> 2, id |-> <<1, 2>>],
          id |-> 2,
          tx |-> 2,
          D |-> {},
          fastOrSlow |-> 0 ] ],
  [ shardfrom |-> 1,
    type |-> 7,
    from |-> 2,
    shardto |-> 1,
    to |-> 1,
    body |-> [b |-> 0, id |-> 2] ],
  [ shardfrom |-> 1,
    type |-> 7,
    from |-> 2,
    shardto |-> 1,
    to |-> 3,
    body |-> [b |-> 0, id |-> 2] ],
  [ shardfrom |-> 1,
    type |-> 8,
    from |-> 1,
    shardto |-> 1,
    to |-> 2,
    body |-> [b |-> 7, id |-> 1, tx |-> 1] ],
  [ shardfrom |-> 1,
    type |-> 8,
    from |-> 1,
    shardto |-> 1,
    to |-> 3,
    body |-> [b |-> 7, id |-> 1, tx |-> 1] ],
  [ shardfrom |-> 1,
    type |-> 8,
    from |-> 1,
    shardto |-> 1,
    to |-> 3,
    body |-> [b |-> 7, id |-> 2, tx |-> 2] ],
  [ shardfrom |-> 1,
    type |-> 8,
    from |-> 1,
    shardto |-> 2,
    to |-> 1,
    body |-> [b |-> 7, id |-> 1, tx |-> 1] ],
  [ shardfrom |-> 1,
    type |-> 8,
    from |-> 1,
    shardto |-> 2,
    to |-> 2,
    body |-> [b |-> 7, id |-> 1, tx |-> 1] ],
  [ shardfrom |-> 1,
    type |-> 8,
    from |-> 1,
    shardto |-> 2,
    to |-> 3,
    body |-> [b |-> 7, id |-> 1, tx |-> 1] ],
  [ shardfrom |-> 1,
    type |-> 8,
    from |-> 2,
    shardto |-> 1,
    to |-> 1,
    body |-> [b |-> 8, id |-> 2, tx |-> 2] ],
  [ shardfrom |-> 1,
    type |-> 8,
    from |-> 2,
    shardto |-> 1,
    to |-> 3,
    body |-> [b |-> 14, id |-> 1, tx |-> 0] ],
  [ shardfrom |-> 1,
    type |-> 8,
    from |-> 2,
    shardto |-> 2,
    to |-> 1,
    body |-> [b |-> 14, id |-> 1, tx |-> 0] ],
  [ shardfrom |-> 1,
    type |-> 8,
    from |-> 2,
    shardto |-> 2,
    to |-> 2,
    body |-> [b |-> 14, id |-> 1, tx |-> 0] ],
  [ shardfrom |-> 1,
    type |-> 8,
    from |-> 2,
    shardto |-> 2,
    to |-> 3,
    body |-> [b |-> 14, id |-> 1, tx |-> 0] ],
  [ shardfrom |-> 1,
    type |-> 8,
    from |-> 3,
    shardto |-> 1,
    to |-> 1,
    body |-> [b |-> 15, id |-> 1, tx |-> 0] ],
  [ shardfrom |-> 1,
    type |-> 8,
    from |-> 3,
    shardto |-> 1,
    to |-> 2,
    body |-> [b |-> 9, id |-> 2, tx |-> 0] ],
  [ shardfrom |-> 1,
    type |-> 8,
    from |-> 3,
    shardto |-> 1,
    to |-> 2,
    body |-> [b |-> 15, id |-> 1, tx |-> 0] ],
  [ shardfrom |-> 1,
    type |-> 8,
    from |-> 3,
    shardto |-> 2,
    to |-> 1,
    body |-> [b |-> 15, id |-> 1, tx |-> 0] ],
  [ shardfrom |-> 1,
    type |-> 8,
    from |-> 3,
    shardto |-> 2,
    to |-> 2,
    body |-> [b |-> 15, id |-> 1, tx |-> 0] ],
  [ shardfrom |-> 1,
    type |-> 8,
    from |-> 3,
    shardto |-> 2,
    to |-> 3,
    body |-> [b |-> 15, id |-> 1, tx |-> 0] ],
  [ shardfrom |-> 1,
    type |-> 9,
    from |-> 1,
    shardto |-> 1,
    to |-> 1,
    body |->
        [ b |-> 7,
          id |-> 1,
          tq |-> [t |-> 3, id |-> <<2, 1>>],
          abalq |-> 0,
          txq |-> 1,
          depq |-> {2},
          phaseq |-> 2,
          rejectq |-> FALSE,
          Wq |-> {<<2, 0>>},
          WPq |-> {} ] ],
  [ shardfrom |-> 1,
    type |-> 9,
    from |-> 1,
    shardto |-> 1,
    to |-> 1,
    body |->
        [ b |-> 7,
          id |-> 2,
          tq |-> [t |-> 2, id |-> <<1, 2>>],
          abalq |-> 0,
          txq |-> 2,
          depq |-> {},
          phaseq |-> 2,
          rejectq |-> FALSE,
          Wq |-> {},
          WPq |-> {} ] ],
  [ shardfrom |-> 1,
    type |-> 9,
    from |-> 1,
    shardto |-> 1,
    to |-> 2,
    body |->
        [ b |-> 14,
          id |-> 1,
          tq |-> [t |-> 3, id |-> <<2, 1>>],
          abalq |-> 0,
          txq |-> 1,
          depq |-> {2},
          phaseq |-> 2,
          rejectq |-> FALSE,
          Wq |-> {<<2, 0>>},
          WPq |-> {} ] ],
  [ shardfrom |-> 1,
    type |-> 9,
    from |-> 1,
    shardto |-> 1,
    to |-> 3,
    body |->
        [ b |-> 9,
          id |-> 2,
          tq |-> [t |-> 2, id |-> <<1, 2>>],
          abalq |-> 0,
          txq |-> 2,
          depq |-> {},
          phaseq |-> 2,
          rejectq |-> FALSE,
          Wq |-> {},
          WPq |-> {1} ] ],
  [ shardfrom |-> 1,
    type |-> 9,
    from |-> 2,
    shardto |-> 1,
    to |-> 2,
    body |->
        [ b |-> 14,
          id |-> 1,
          tq |-> [t |-> 0, id |-> <<0, 0>>],
          abalq |-> 0,
          txq |-> 0,
          depq |-> {2},
          phaseq |-> 1,
          rejectq |-> FALSE,
          Wq |-> {},
          WPq |-> {} ] ],
  [ shardfrom |-> 1,
    type |-> 9,
    from |-> 2,
    shardto |-> 2,
    to |-> 1,
    body |->
        [ b |-> 10,
          id |-> 1,
          tq |-> [t |-> 0, id |-> <<0, 0>>],
          abalq |-> 0,
          txq |-> 1,
          depq |-> {2},
          phaseq |-> 1,
          rejectq |-> FALSE,
          Wq |-> {},
          WPq |-> {} ] ],
  [ shardfrom |-> 1,
    type |-> 9,
    from |-> 3,
    shardto |-> 1,
    to |-> 3,
    body |->
        [ b |-> 9,
          id |-> 2,
          tq |-> [t |-> 0, id |-> <<0, 0>>],
          abalq |-> 0,
          txq |-> 0,
          depq |-> {},
          phaseq |-> 1,
          rejectq |-> FALSE,
          Wq |-> {},
          WPq |-> {} ] ],
  [ shardfrom |-> 1,
    type |-> 9,
    from |-> 3,
    shardto |-> 1,
    to |-> 3,
    body |->
        [ b |-> 15,
          id |-> 1,
          tq |-> [t |-> 0, id |-> <<0, 0>>],
          abalq |-> 0,
          txq |-> 0,
          depq |-> {2},
          phaseq |-> 1,
          rejectq |-> FALSE,
          Wq |-> {},
          WPq |-> {} ] ],
  [ shardfrom |-> 1,
    type |-> 9,
    from |-> 3,
    shardto |-> 2,
    to |-> 2,
    body |->
        [ b |-> 11,
          id |-> 1,
          tq |-> [t |-> 0, id |-> <<0, 0>>],
          abalq |-> 0,
          txq |-> 0,
          depq |-> {2},
          phaseq |-> 1,
          rejectq |-> FALSE,
          Wq |-> {},
          WPq |-> {} ] ],
  [ shardfrom |-> 1,
    type |-> 10,
    from |-> 2,
    shardto |-> 1,
    to |-> 2,
    body |-> [id |-> 2] ],
  [ shardfrom |-> 1,
    type |-> 11,
    from |-> 2,
    shardto |-> 1,
    to |-> 1,
    body |-> [id |-> 2] ],
  [ shardfrom |-> 1,
    type |-> 11,
    from |-> 2,
    shardto |-> 1,
    to |-> 2,
    body |-> [id |-> 2] ],
  [ shardfrom |-> 1,
    type |-> 11,
    from |-> 2,
    shardto |-> 1,
    to |-> 3,
    body |-> [id |-> 2] ],
  [ shardfrom |-> 2,
    type |-> 1,
    from |-> 1,
    shardto |-> 1,
    to |-> 2,
    body |-> [id |-> 1, tx |-> 1, D0 |-> {}] ],
  [ shardfrom |-> 2,
    type |-> 1,
    from |-> 1,
    shardto |-> 1,
    to |-> 3,
    body |-> [id |-> 1, tx |-> 1, D0 |-> {}] ],
  [ shardfrom |-> 2,
    type |-> 1,
    from |-> 1,
    shardto |-> 2,
    to |-> 2,
    body |-> [id |-> 1, tx |-> 1, D0 |-> {}] ],
  [ shardfrom |-> 2,
    type |-> 2,
    from |-> 1,
    shardto |-> 2,
    to |-> 1,
    body |-> [id |-> 1, tq |-> [t |-> 3, id |-> <<2, 1>>], Dq |-> {}] ],
  [ shardfrom |-> 2,
    type |-> 2,
    from |-> 3,
    shardto |-> 2,
    to |-> 1,
    body |-> [id |-> 1, tq |-> [t |-> 3, id |-> <<2, 1>>], Dq |-> {}] ],
  [ shardfrom |-> 2,
    type |-> 8,
    from |-> 1,
    shardto |-> 1,
    to |-> 1,
    body |-> [b |-> 10, id |-> 1, tx |-> 1] ],
  [ shardfrom |-> 2,
    type |-> 8,
    from |-> 1,
    shardto |-> 1,
    to |-> 3,
    body |-> [b |-> 10, id |-> 1, tx |-> 1] ],
  [ shardfrom |-> 2,
    type |-> 8,
    from |-> 1,
    shardto |-> 2,
    to |-> 3,
    body |-> [b |-> 10, id |-> 1, tx |-> 1] ],
  [ shardfrom |-> 2,
    type |-> 8,
    from |-> 2,
    shardto |-> 1,
    to |-> 1,
    body |-> [b |-> 11, id |-> 1, tx |-> 0] ],
  [ shardfrom |-> 2,
    type |-> 8,
    from |-> 2,
    shardto |-> 1,
    to |-> 2,
    body |-> [b |-> 11, id |-> 1, tx |-> 0] ],
  [ shardfrom |-> 2,
    type |-> 8,
    from |-> 2,
    shardto |-> 2,
    to |-> 1,
    body |-> [b |-> 11, id |-> 1, tx |-> 0] ],
  [ shardfrom |-> 2,
    type |-> 8,
    from |-> 2,
    shardto |-> 2,
    to |-> 3,
    body |-> [b |-> 11, id |-> 1, tx |-> 0] ],
  [ shardfrom |-> 2,
    type |-> 8,
    from |-> 3,
    shardto |-> 1,
    to |-> 1,
    body |-> [b |-> 6, id |-> 1, tx |-> 1] ],
  [ shardfrom |-> 2,
    type |-> 8,
    from |-> 3,
    shardto |-> 1,
    to |-> 2,
    body |-> [b |-> 6, id |-> 1, tx |-> 1] ],
  [ shardfrom |-> 2,
    type |-> 8,
    from |-> 3,
    shardto |-> 1,
    to |-> 3,
    body |-> [b |-> 6, id |-> 1, tx |-> 1] ],
  [ shardfrom |-> 2,
    type |-> 8,
    from |-> 3,
    shardto |-> 2,
    to |-> 1,
    body |-> [b |-> 6, id |-> 1, tx |-> 1] ],
  [ shardfrom |-> 2,
    type |-> 8,
    from |-> 3,
    shardto |-> 2,
    to |-> 2,
    body |-> [b |-> 6, id |-> 1, tx |-> 1] ],
  [ shardfrom |-> 2,
    type |-> 9,
    from |-> 1,
    shardto |-> 2,
    to |-> 1,
    body |->
        [ b |-> 10,
          id |-> 1,
          tq |-> [t |-> 3, id |-> <<2, 1>>],
          abalq |-> 0,
          txq |-> 1,
          depq |-> {},
          phaseq |-> 2,
          rejectq |-> FALSE,
          Wq |-> {},
          WPq |-> {} ] ],
  [ shardfrom |-> 2,
    type |-> 9,
    from |-> 2,
    shardto |-> 2,
    to |-> 1,
    body |->
        [ b |-> 10,
          id |-> 1,
          tq |-> [t |-> 0, id |-> <<0, 0>>],
          abalq |-> 0,
          txq |-> 1,
          depq |-> {},
          phaseq |-> 1,
          rejectq |-> FALSE,
          Wq |-> {},
          WPq |-> {} ] ],
  [ shardfrom |-> 2,
    type |-> 9,
    from |-> 2,
    shardto |-> 2,
    to |-> 2,
    body |->
        [ b |-> 11,
          id |-> 1,
          tq |-> [t |-> 0, id |-> <<0, 0>>],
          abalq |-> 0,
          txq |-> 0,
          depq |-> {},
          phaseq |-> 1,
          rejectq |-> FALSE,
          Wq |-> {},
          WPq |-> {} ] ],
  [ shardfrom |-> 2,
    type |-> 9,
    from |-> 3,
    shardto |-> 2,
    to |-> 3,
    body |->
        [ b |-> 6,
          id |-> 1,
          tq |-> [t |-> 3, id |-> <<2, 1>>],
          abalq |-> 0,
          txq |-> 1,
          depq |-> {},
          phaseq |-> 2,
          rejectq |-> FALSE,
          Wq |-> {},
          WPq |-> {} ] ] }
/\ Qvar = << <<<<{}, {}>>, <<{}, {}>>, <<{}, {}>>>>,
   <<<<{}, {}>>, <<{}, {}>>, <<{}, {}>>>> >>
/\ ts = << << <<[t |-> 3, id |-> <<2, 1>>], [t |-> 2, id |-> <<1, 2>>]>>,
      <<[t |-> 0, id |-> <<0, 0>>], [t |-> 2, id |-> <<1, 2>>]>>,
      <<[t |-> 0, id |-> <<0, 0>>], [t |-> 0, id |-> <<0, 0>>]>> >>,
   << <<[t |-> 3, id |-> <<2, 1>>], [t |-> 0, id |-> <<0, 0>>]>>,
      <<[t |-> 0, id |-> <<0, 0>>], [t |-> 0, id |-> <<0, 0>>]>>,
      <<[t |-> 3, id |-> <<2, 1>>], [t |-> 0, id |-> <<0, 0>>]>> >> >>
/\ executeWaitingFlag = << <<<<FALSE, FALSE>>, <<FALSE, TRUE>>, <<FALSE, FALSE>>>>,
   <<<<FALSE, FALSE>>, <<FALSE, FALSE>>, <<FALSE, FALSE>>>> >>
/\ TXvar = << <<<<bottom, bottom>>, <<bottom, bottom>>, <<bottom, bottom>>>>,
   <<<<bottom, bottom>>, <<bottom, bottom>>, <<bottom, bottom>>>> >>
/\ recovered = <<<<<<1, 1>>, <<1, 1>>, <<1, 1>>>>, <<<<1, 0>>, <<1, 0>>, <<1, 0>>>>>>
/\ initCoord = <<<<2, 1>>, <<1, 2>>>>

State 28: <HandleRecoverOK line 607, col 5 to line 708, col 109 of module AccordSpec>
/\ phase = <<<<<<2, 2>>, <<1, 5>>, <<1, 3>>>>, <<<<2, 1>>, <<1, 1>>, <<2, 1>>>>>>
/\ abal = <<<<<<0, 0>>, <<0, 0>>, <<0, 9>>>>, <<<<0, 0>>, <<0, 0>>, <<0, 0>>>>>>
/\ initTimestamp = << [t |-> 3, id |-> <<2, 1>>],
   [t |-> 2, id |-> <<1, 2>>],
   [t |-> 1, id |-> <<0, 0>>] >>
/\ bal = <<<<<<14, 9>>, <<14, 8>>, <<15, 9>>>>, <<<<10, 0>>, <<11, 0>>, <<6, 0>>>>>>
/\ txn = << <<<<1, 2>>, <<1, 2>>, <<0, 0>>>>,
   <<<<1, bottom>>, <<1, bottom>>, <<1, bottom>>>> >>
/\ postWaitingFlag = << <<<<FALSE, FALSE>>, <<FALSE, FALSE>>, <<FALSE, FALSE>>>>,
   <<<<FALSE, FALSE>>, <<FALSE, FALSE>>, <<FALSE, FALSE>>>> >>
/\ relation = <<<<0, 2>>, <<1, 0>>>>
/\ executed = <<<<{}, {2}, {}>>, <<{}, {}, {}>>>>
/\ Wvar = << <<<<{}, {}>>, <<{}, {}>>, <<{}, {}>>>>,
   <<<<{}, {}>>, <<{}, {}>>, <<{}, {}>>>> >>
/\ dep = << <<<<{}, {}>>, <<{}, {}>>, <<{}, {}>>>>,
   <<<<{}, {}>>, <<{}, {}>>, <<{}, {}>>>> >>
/\ recoveryAttemptBal = <<<<<<0, 0>>, <<0, 0>>, <<0, 0>>>>, <<<<0, 0>>, <<0, 0>>, <<0, 0>>>>>>
/\ submitted = {1, 2}
/\ Dvar = << <<<<{}, {}>>, <<{}, {}>>, <<{}, {}>>>>,
   <<<<{}, {}>>, <<{}, {}>>, <<{}, {}>>>> >>
/\ msgs = { [ shardfrom |-> 1,
    type |-> 1,
    from |-> 2,
    shardto |-> 1,
    to |-> 3,
    body |-> [id |-> 2, tx |-> 2, D0 |-> {}] ],
  [ shardfrom |-> 1,
    type |-> 2,
    from |-> 1,
    shardto |-> 2,
    to |-> 1,
    body |-> [id |-> 1, tq |-> [t |-> 3, id |-> <<2, 1>>], Dq |-> {2}] ],
  [ shardfrom |-> 1,
    type |-> 3,
    from |-> 3,
    shardto |-> 1,
    to |-> 1,
    body |->
        [ b |-> 9,
          t |-> [t |-> 0, id |-> <<0, 0>>],
          id |-> 2,
          tx |-> 0,
          D |-> {},
          pathSpeed |-> 1 ] ],
  [ shardfrom |-> 1,
    type |-> 3,
    from |-> 3,
    shardto |-> 1,
    to |-> 2,
    body |->
        [ b |-> 9,
          t |-> [t |-> 0, id |-> <<0, 0>>],
          id |-> 2,
          tx |-> 0,
          D |-> {},
          pathSpeed |-> 1 ] ],
  [ shardfrom |-> 1,
    type |-> 4,
    from |-> 3,
    shardto |-> 1,
    to |-> 3,
    body |-> [b |-> 9, id |-> 2, Dq |-> {}, pathSpeed |-> 1] ],
  [ shardfrom |-> 1,
    type |-> 5,
    from |-> 2,
    shardto |-> 1,
    to |-> 1,
    body |->
        [ b |-> 0,
          t |-> [t |-> 2, id |-> <<1, 2>>],
          id |-> 2,
          tx |-> 2,
          D |-> {},
          fastOrSlow |-> 0 ] ],
  [ shardfrom |-> 1,
    type |-> 5,
    from |-> 2,
    shardto |-> 1,
    to |-> 3,
    body |->
        [ b |-> 0,
          t |-> [t |-> 2, id |-> <<1, 2>>],
          id |-> 2,
          tx |-> 2,
          D |-> {},
          fastOrSlow |-> 0 ] ],
  [ shardfrom |-> 1,
    type |-> 7,
    from |-> 2,
    shardto |-> 1,
    to |-> 1,
    body |-> [b |-> 0, id |-> 2] ],
  [ shardfrom |-> 1,
    type |-> 7,
    from |-> 2,
    shardto |-> 1,
    to |-> 3,
    body |-> [b |-> 0, id |-> 2] ],
  [ shardfrom |-> 1,
    type |-> 8,
    from |-> 1,
    shardto |-> 1,
    to |-> 2,
    body |-> [b |-> 7, id |-> 1, tx |-> 1] ],
  [ shardfrom |-> 1,
    type |-> 8,
    from |-> 1,
    shardto |-> 1,
    to |-> 3,
    body |-> [b |-> 7, id |-> 1, tx |-> 1] ],
  [ shardfrom |-> 1,
    type |-> 8,
    from |-> 1,
    shardto |-> 1,
    to |-> 3,
    body |-> [b |-> 7, id |-> 2, tx |-> 2] ],
  [ shardfrom |-> 1,
    type |-> 8,
    from |-> 1,
    shardto |-> 2,
    to |-> 1,
    body |-> [b |-> 7, id |-> 1, tx |-> 1] ],
  [ shardfrom |-> 1,
    type |-> 8,
    from |-> 1,
    shardto |-> 2,
    to |-> 2,
    body |-> [b |-> 7, id |-> 1, tx |-> 1] ],
  [ shardfrom |-> 1,
    type |-> 8,
    from |-> 1,
    shardto |-> 2,
    to |-> 3,
    body |-> [b |-> 7, id |-> 1, tx |-> 1] ],
  [ shardfrom |-> 1,
    type |-> 8,
    from |-> 2,
    shardto |-> 1,
    to |-> 1,
    body |-> [b |-> 8, id |-> 2, tx |-> 2] ],
  [ shardfrom |-> 1,
    type |-> 8,
    from |-> 2,
    shardto |-> 1,
    to |-> 3,
    body |-> [b |-> 14, id |-> 1, tx |-> 0] ],
  [ shardfrom |-> 1,
    type |-> 8,
    from |-> 2,
    shardto |-> 2,
    to |-> 1,
    body |-> [b |-> 14, id |-> 1, tx |-> 0] ],
  [ shardfrom |-> 1,
    type |-> 8,
    from |-> 2,
    shardto |-> 2,
    to |-> 2,
    body |-> [b |-> 14, id |-> 1, tx |-> 0] ],
  [ shardfrom |-> 1,
    type |-> 8,
    from |-> 2,
    shardto |-> 2,
    to |-> 3,
    body |-> [b |-> 14, id |-> 1, tx |-> 0] ],
  [ shardfrom |-> 1,
    type |-> 8,
    from |-> 3,
    shardto |-> 1,
    to |-> 1,
    body |-> [b |-> 15, id |-> 1, tx |-> 0] ],
  [ shardfrom |-> 1,
    type |-> 8,
    from |-> 3,
    shardto |-> 1,
    to |-> 2,
    body |-> [b |-> 9, id |-> 2, tx |-> 0] ],
  [ shardfrom |-> 1,
    type |-> 8,
    from |-> 3,
    shardto |-> 1,
    to |-> 2,
    body |-> [b |-> 15, id |-> 1, tx |-> 0] ],
  [ shardfrom |-> 1,
    type |-> 8,
    from |-> 3,
    shardto |-> 2,
    to |-> 1,
    body |-> [b |-> 15, id |-> 1, tx |-> 0] ],
  [ shardfrom |-> 1,
    type |-> 8,
    from |-> 3,
    shardto |-> 2,
    to |-> 2,
    body |-> [b |-> 15, id |-> 1, tx |-> 0] ],
  [ shardfrom |-> 1,
    type |-> 8,
    from |-> 3,
    shardto |-> 2,
    to |-> 3,
    body |-> [b |-> 15, id |-> 1, tx |-> 0] ],
  [ shardfrom |-> 1,
    type |-> 9,
    from |-> 1,
    shardto |-> 1,
    to |-> 1,
    body |->
        [ b |-> 7,
          id |-> 1,
          tq |-> [t |-> 3, id |-> <<2, 1>>],
          abalq |-> 0,
          txq |-> 1,
          depq |-> {2},
          phaseq |-> 2,
          rejectq |-> FALSE,
          Wq |-> {<<2, 0>>},
          WPq |-> {} ] ],
  [ shardfrom |-> 1,
    type |-> 9,
    from |-> 1,
    shardto |-> 1,
    to |-> 1,
    body |->
        [ b |-> 7,
          id |-> 2,
          tq |-> [t |-> 2, id |-> <<1, 2>>],
          abalq |-> 0,
          txq |-> 2,
          depq |-> {},
          phaseq |-> 2,
          rejectq |-> FALSE,
          Wq |-> {},
          WPq |-> {} ] ],
  [ shardfrom |-> 1,
    type |-> 9,
    from |-> 1,
    shardto |-> 1,
    to |-> 2,
    body |->
        [ b |-> 14,
          id |-> 1,
          tq |-> [t |-> 3, id |-> <<2, 1>>],
          abalq |-> 0,
          txq |-> 1,
          depq |-> {2},
          phaseq |-> 2,
          rejectq |-> FALSE,
          Wq |-> {<<2, 0>>},
          WPq |-> {} ] ],
  [ shardfrom |-> 1,
    type |-> 9,
    from |-> 2,
    shardto |-> 1,
    to |-> 2,
    body |->
        [ b |-> 14,
          id |-> 1,
          tq |-> [t |-> 0, id |-> <<0, 0>>],
          abalq |-> 0,
          txq |-> 0,
          depq |-> {2},
          phaseq |-> 1,
          rejectq |-> FALSE,
          Wq |-> {},
          WPq |-> {} ] ],
  [ shardfrom |-> 1,
    type |-> 9,
    from |-> 2,
    shardto |-> 2,
    to |-> 1,
    body |->
        [ b |-> 10,
          id |-> 1,
          tq |-> [t |-> 0, id |-> <<0, 0>>],
          abalq |-> 0,
          txq |-> 1,
          depq |-> {2},
          phaseq |-> 1,
          rejectq |-> FALSE,
          Wq |-> {},
          WPq |-> {} ] ],
  [ shardfrom |-> 1,
    type |-> 9,
    from |-> 3,
    shardto |-> 1,
    to |-> 3,
    body |->
        [ b |-> 15,
          id |-> 1,
          tq |-> [t |-> 0, id |-> <<0, 0>>],
          abalq |-> 0,
          txq |-> 0,
          depq |-> {2},
          phaseq |-> 1,
          rejectq |-> FALSE,
          Wq |-> {},
          WPq |-> {} ] ],
  [ shardfrom |-> 1,
    type |-> 9,
    from |-> 3,
    shardto |-> 2,
    to |-> 2,
    body |->
        [ b |-> 11,
          id |-> 1,
          tq |-> [t |-> 0, id |-> <<0, 0>>],
          abalq |-> 0,
          txq |-> 0,
          depq |-> {2},
          phaseq |-> 1,
          rejectq |-> FALSE,
          Wq |-> {},
          WPq |-> {} ] ],
  [ shardfrom |-> 1,
    type |-> 10,
    from |-> 2,
    shardto |-> 1,
    to |-> 2,
    body |-> [id |-> 2] ],
  [ shardfrom |-> 1,
    type |-> 11,
    from |-> 2,
    shardto |-> 1,
    to |-> 1,
    body |-> [id |-> 2] ],
  [ shardfrom |-> 1,
    type |-> 11,
    from |-> 2,
    shardto |-> 1,
    to |-> 2,
    body |-> [id |-> 2] ],
  [ shardfrom |-> 1,
    type |-> 11,
    from |-> 2,
    shardto |-> 1,
    to |-> 3,
    body |-> [id |-> 2] ],
  [ shardfrom |-> 2,
    type |-> 1,
    from |-> 1,
    shardto |-> 1,
    to |-> 2,
    body |-> [id |-> 1, tx |-> 1, D0 |-> {}] ],
  [ shardfrom |-> 2,
    type |-> 1,
    from |-> 1,
    shardto |-> 1,
    to |-> 3,
    body |-> [id |-> 1, tx |-> 1, D0 |-> {}] ],
  [ shardfrom |-> 2,
    type |-> 1,
    from |-> 1,
    shardto |-> 2,
    to |-> 2,
    body |-> [id |-> 1, tx |-> 1, D0 |-> {}] ],
  [ shardfrom |-> 2,
    type |-> 2,
    from |-> 1,
    shardto |-> 2,
    to |-> 1,
    body |-> [id |-> 1, tq |-> [t |-> 3, id |-> <<2, 1>>], Dq |-> {}] ],
  [ shardfrom |-> 2,
    type |-> 2,
    from |-> 3,
    shardto |-> 2,
    to |-> 1,
    body |-> [id |-> 1, tq |-> [t |-> 3, id |-> <<2, 1>>], Dq |-> {}] ],
  [ shardfrom |-> 2,
    type |-> 8,
    from |-> 1,
    shardto |-> 1,
    to |-> 1,
    body |-> [b |-> 10, id |-> 1, tx |-> 1] ],
  [ shardfrom |-> 2,
    type |-> 8,
    from |-> 1,
    shardto |-> 1,
    to |-> 3,
    body |-> [b |-> 10, id |-> 1, tx |-> 1] ],
  [ shardfrom |-> 2,
    type |-> 8,
    from |-> 1,
    shardto |-> 2,
    to |-> 3,
    body |-> [b |-> 10, id |-> 1, tx |-> 1] ],
  [ shardfrom |-> 2,
    type |-> 8,
    from |-> 2,
    shardto |-> 1,
    to |-> 1,
    body |-> [b |-> 11, id |-> 1, tx |-> 0] ],
  [ shardfrom |-> 2,
    type |-> 8,
    from |-> 2,
    shardto |-> 1,
    to |-> 2,
    body |-> [b |-> 11, id |-> 1, tx |-> 0] ],
  [ shardfrom |-> 2,
    type |-> 8,
    from |-> 2,
    shardto |-> 2,
    to |-> 1,
    body |-> [b |-> 11, id |-> 1, tx |-> 0] ],
  [ shardfrom |-> 2,
    type |-> 8,
    from |-> 2,
    shardto |-> 2,
    to |-> 3,
    body |-> [b |-> 11, id |-> 1, tx |-> 0] ],
  [ shardfrom |-> 2,
    type |-> 8,
    from |-> 3,
    shardto |-> 1,
    to |-> 1,
    body |-> [b |-> 6, id |-> 1, tx |-> 1] ],
  [ shardfrom |-> 2,
    type |-> 8,
    from |-> 3,
    shardto |-> 1,
    to |-> 2,
    body |-> [b |-> 6, id |-> 1, tx |-> 1] ],
  [ shardfrom |-> 2,
    type |-> 8,
    from |-> 3,
    shardto |-> 1,
    to |-> 3,
    body |-> [b |-> 6, id |-> 1, tx |-> 1] ],
  [ shardfrom |-> 2,
    type |-> 8,
    from |-> 3,
    shardto |-> 2,
    to |-> 1,
    body |-> [b |-> 6, id |-> 1, tx |-> 1] ],
  [ shardfrom |-> 2,
    type |-> 8,
    from |-> 3,
    shardto |-> 2,
    to |-> 2,
    body |-> [b |-> 6, id |-> 1, tx |-> 1] ],
  [ shardfrom |-> 2,
    type |-> 9,
    from |-> 1,
    shardto |-> 2,
    to |-> 1,
    body |->
        [ b |-> 10,
          id |-> 1,
          tq |-> [t |-> 3, id |-> <<2, 1>>],
          abalq |-> 0,
          txq |-> 1,
          depq |-> {},
          phaseq |-> 2,
          rejectq |-> FALSE,
          Wq |-> {},
          WPq |-> {} ] ],
  [ shardfrom |-> 2,
    type |-> 9,
    from |-> 2,
    shardto |-> 2,
    to |-> 1,
    body |->
        [ b |-> 10,
          id |-> 1,
          tq |-> [t |-> 0, id |-> <<0, 0>>],
          abalq |-> 0,
          txq |-> 1,
          depq |-> {},
          phaseq |-> 1,
          rejectq |-> FALSE,
          Wq |-> {},
          WPq |-> {} ] ],
  [ shardfrom |-> 2,
    type |-> 9,
    from |-> 2,
    shardto |-> 2,
    to |-> 2,
    body |->
        [ b |-> 11,
          id |-> 1,
          tq |-> [t |-> 0, id |-> <<0, 0>>],
          abalq |-> 0,
          txq |-> 0,
          depq |-> {},
          phaseq |-> 1,
          rejectq |-> FALSE,
          Wq |-> {},
          WPq |-> {} ] ],
  [ shardfrom |-> 2,
    type |-> 9,
    from |-> 3,
    shardto |-> 2,
    to |-> 3,
    body |->
        [ b |-> 6,
          id |-> 1,
          tq |-> [t |-> 3, id |-> <<2, 1>>],
          abalq |-> 0,
          txq |-> 1,
          depq |-> {},
          phaseq |-> 2,
          rejectq |-> FALSE,
          Wq |-> {},
          WPq |-> {} ] ] }
/\ Qvar = << <<<<{}, {}>>, <<{}, {}>>, <<{}, {}>>>>,
   <<<<{}, {}>>, <<{}, {}>>, <<{}, {}>>>> >>
/\ ts = << << <<[t |-> 3, id |-> <<2, 1>>], [t |-> 2, id |-> <<1, 2>>]>>,
      <<[t |-> 0, id |-> <<0, 0>>], [t |-> 2, id |-> <<1, 2>>]>>,
      <<[t |-> 0, id |-> <<0, 0>>], [t |-> 0, id |-> <<0, 0>>]>> >>,
   << <<[t |-> 3, id |-> <<2, 1>>], [t |-> 0, id |-> <<0, 0>>]>>,
      <<[t |-> 0, id |-> <<0, 0>>], [t |-> 0, id |-> <<0, 0>>]>>,
      <<[t |-> 3, id |-> <<2, 1>>], [t |-> 0, id |-> <<0, 0>>]>> >> >>
/\ executeWaitingFlag = << <<<<FALSE, FALSE>>, <<FALSE, TRUE>>, <<FALSE, FALSE>>>>,
   <<<<FALSE, FALSE>>, <<FALSE, FALSE>>, <<FALSE, FALSE>>>> >>
/\ TXvar = << <<<<bottom, bottom>>, <<bottom, bottom>>, <<bottom, bottom>>>>,
   <<<<bottom, bottom>>, <<bottom, bottom>>, <<bottom, bottom>>>> >>
/\ recovered = <<<<<<1, 1>>, <<1, 1>>, <<1, 1>>>>, <<<<1, 0>>, <<1, 0>>, <<1, 0>>>>>>
/\ initCoord = <<<<2, 1>>, <<1, 2>>>>

State 29: <Next line 902, col 8 to line 910, col 25 of module AccordSpec>
/\ phase = <<<<<<2, 2>>, <<1, 5>>, <<1, 3>>>>, <<<<2, 1>>, <<1, 1>>, <<2, 1>>>>>>
/\ abal = <<<<<<0, 0>>, <<0, 0>>, <<0, 9>>>>, <<<<0, 0>>, <<0, 0>>, <<0, 0>>>>>>
/\ initTimestamp = << [t |-> 3, id |-> <<2, 1>>],
   [t |-> 2, id |-> <<1, 2>>],
   [t |-> 1, id |-> <<0, 0>>] >>
/\ bal = <<<<<<14, 9>>, <<14, 8>>, <<15, 9>>>>, <<<<10, 0>>, <<11, 0>>, <<6, 0>>>>>>
/\ txn = << <<<<1, 2>>, <<1, 2>>, <<0, 0>>>>,
   <<<<1, bottom>>, <<1, bottom>>, <<1, bottom>>>> >>
/\ postWaitingFlag = << <<<<FALSE, FALSE>>, <<FALSE, FALSE>>, <<FALSE, FALSE>>>>,
   <<<<FALSE, FALSE>>, <<FALSE, FALSE>>, <<FALSE, FALSE>>>> >>
/\ relation = <<<<0, 2>>, <<1, 0>>>>
/\ executed = <<<<{}, {2}, {}>>, <<{}, {}, {}>>>>
/\ Wvar = << <<<<{}, {}>>, <<{}, {}>>, <<{}, {}>>>>,
   <<<<{}, {}>>, <<{}, {}>>, <<{}, {}>>>> >>
/\ dep = << <<<<{}, {}>>, <<{}, {}>>, <<{}, {}>>>>,
   <<<<{}, {}>>, <<{}, {}>>, <<{}, {}>>>> >>
/\ recoveryAttemptBal = <<<<<<0, 0>>, <<0, 0>>, <<0, 0>>>>, <<<<0, 0>>, <<0, 0>>, <<0, 0>>>>>>
/\ submitted = {1, 2}
/\ Dvar = << <<<<{}, {}>>, <<{}, {}>>, <<{}, {}>>>>,
   <<<<{}, {}>>, <<{}, {}>>, <<{}, {}>>>> >>
/\ msgs = { [ shardfrom |-> 1,
    type |-> 1,
    from |-> 2,
    shardto |-> 1,
    to |-> 3,
    body |-> [id |-> 2, tx |-> 2, D0 |-> {}] ],
  [ shardfrom |-> 1,
    type |-> 2,
    from |-> 1,
    shardto |-> 2,
    to |-> 1,
    body |-> [id |-> 1, tq |-> [t |-> 3, id |-> <<2, 1>>], Dq |-> {2}] ],
  [ shardfrom |-> 1,
    type |-> 3,
    from |-> 3,
    shardto |-> 1,
    to |-> 1,
    body |->
        [ b |-> 9,
          t |-> [t |-> 0, id |-> <<0, 0>>],
          id |-> 2,
          tx |-> 0,
          D |-> {},
          pathSpeed |-> 1 ] ],
  [ shardfrom |-> 1,
    type |-> 4,
    from |-> 3,
    shardto |-> 1,
    to |-> 3,
    body |-> [b |-> 9, id |-> 2, Dq |-> {}, pathSpeed |-> 1] ],
  [ shardfrom |-> 1,
    type |-> 5,
    from |-> 2,
    shardto |-> 1,
    to |-> 1,
    body |->
        [ b |-> 0,
          t |-> [t |-> 2, id |-> <<1, 2>>],
          id |-> 2,
          tx |-> 2,
          D |-> {},
          fastOrSlow |-> 0 ] ],
  [ shardfrom |-> 1,
    type |-> 5,
    from |-> 2,
    shardto |-> 1,
    to |-> 3,
    body |->
        [ b |-> 0,
          t |-> [t |-> 2, id |-> <<1, 2>>],
          id |-> 2,
          tx |-> 2,
          D |-> {},
          fastOrSlow |-> 0 ] ],
  [ shardfrom |-> 1,
    type |-> 7,
    from |-> 2,
    shardto |-> 1,
    to |-> 1,
    body |-> [b |-> 0, id |-> 2] ],
  [ shardfrom |-> 1,
    type |-> 7,
    from |-> 2,
    shardto |-> 1,
    to |-> 3,
    body |-> [b |-> 0, id |-> 2] ],
  [ shardfrom |-> 1,
    type |-> 8,
    from |-> 1,
    shardto |-> 1,
    to |-> 2,
    body |-> [b |-> 7, id |-> 1, tx |-> 1] ],
  [ shardfrom |-> 1,
    type |-> 8,
    from |-> 1,
    shardto |-> 1,
    to |-> 3,
    body |-> [b |-> 7, id |-> 1, tx |-> 1] ],
  [ shardfrom |-> 1,
    type |-> 8,
    from |-> 1,
    shardto |-> 1,
    to |-> 3,
    body |-> [b |-> 7, id |-> 2, tx |-> 2] ],
  [ shardfrom |-> 1,
    type |-> 8,
    from |-> 1,
    shardto |-> 2,
    to |-> 1,
    body |-> [b |-> 7, id |-> 1, tx |-> 1] ],
  [ shardfrom |-> 1,
    type |-> 8,
    from |-> 1,
    shardto |-> 2,
    to |-> 2,
    body |-> [b |-> 7, id |-> 1, tx |-> 1] ],
  [ shardfrom |-> 1,
    type |-> 8,
    from |-> 1,
    shardto |-> 2,
    to |-> 3,
    body |-> [b |-> 7, id |-> 1, tx |-> 1] ],
  [ shardfrom |-> 1,
    type |-> 8,
    from |-> 2,
    shardto |-> 1,
    to |-> 1,
    body |-> [b |-> 8, id |-> 2, tx |-> 2] ],
  [ shardfrom |-> 1,
    type |-> 8,
    from |-> 2,
    shardto |-> 1,
    to |-> 3,
    body |-> [b |-> 14, id |-> 1, tx |-> 0] ],
  [ shardfrom |-> 1,
    type |-> 8,
    from |-> 2,
    shardto |-> 2,
    to |-> 1,
    body |-> [b |-> 14, id |-> 1, tx |-> 0] ],
  [ shardfrom |-> 1,
    type |-> 8,
    from |-> 2,
    shardto |-> 2,
    to |-> 2,
    body |-> [b |-> 14, id |-> 1, tx |-> 0] ],
  [ shardfrom |-> 1,
    type |-> 8,
    from |-> 2,
    shardto |-> 2,
    to |-> 3,
    body |-> [b |-> 14, id |-> 1, tx |-> 0] ],
  [ shardfrom |-> 1,
    type |-> 8,
    from |-> 3,
    shardto |-> 1,
    to |-> 1,
    body |-> [b |-> 15, id |-> 1, tx |-> 0] ],
  [ shardfrom |-> 1,
    type |-> 8,
    from |-> 3,
    shardto |-> 1,
    to |-> 2,
    body |-> [b |-> 9, id |-> 2, tx |-> 0] ],
  [ shardfrom |-> 1,
    type |-> 8,
    from |-> 3,
    shardto |-> 1,
    to |-> 2,
    body |-> [b |-> 15, id |-> 1, tx |-> 0] ],
  [ shardfrom |-> 1,
    type |-> 8,
    from |-> 3,
    shardto |-> 2,
    to |-> 1,
    body |-> [b |-> 15, id |-> 1, tx |-> 0] ],
  [ shardfrom |-> 1,
    type |-> 8,
    from |-> 3,
    shardto |-> 2,
    to |-> 2,
    body |-> [b |-> 15, id |-> 1, tx |-> 0] ],
  [ shardfrom |-> 1,
    type |-> 8,
    from |-> 3,
    shardto |-> 2,
    to |-> 3,
    body |-> [b |-> 15, id |-> 1, tx |-> 0] ],
  [ shardfrom |-> 1,
    type |-> 9,
    from |-> 1,
    shardto |-> 1,
    to |-> 1,
    body |->
        [ b |-> 7,
          id |-> 1,
          tq |-> [t |-> 3, id |-> <<2, 1>>],
          abalq |-> 0,
          txq |-> 1,
          depq |-> {2},
          phaseq |-> 2,
          rejectq |-> FALSE,
          Wq |-> {<<2, 0>>},
          WPq |-> {} ] ],
  [ shardfrom |-> 1,
    type |-> 9,
    from |-> 1,
    shardto |-> 1,
    to |-> 1,
    body |->
        [ b |-> 7,
          id |-> 2,
          tq |-> [t |-> 2, id |-> <<1, 2>>],
          abalq |-> 0,
          txq |-> 2,
          depq |-> {},
          phaseq |-> 2,
          rejectq |-> FALSE,
          Wq |-> {},
          WPq |-> {} ] ],
  [ shardfrom |-> 1,
    type |-> 9,
    from |-> 1,
    shardto |-> 1,
    to |-> 2,
    body |->
        [ b |-> 14,
          id |-> 1,
          tq |-> [t |-> 3, id |-> <<2, 1>>],
          abalq |-> 0,
          txq |-> 1,
          depq |-> {2},
          phaseq |-> 2,
          rejectq |-> FALSE,
          Wq |-> {<<2, 0>>},
          WPq |-> {} ] ],
  [ shardfrom |-> 1,
    type |-> 9,
    from |-> 2,
    shardto |-> 1,
    to |-> 2,
    body |->
        [ b |-> 14,
          id |-> 1,
          tq |-> [t |-> 0, id |-> <<0, 0>>],
          abalq |-> 0,
          txq |-> 0,
          depq |-> {2},
          phaseq |-> 1,
          rejectq |-> FALSE,
          Wq |-> {},
          WPq |-> {} ] ],
  [ shardfrom |-> 1,
    type |-> 9,
    from |-> 2,
    shardto |-> 2,
    to |-> 1,
    body |->
        [ b |-> 10,
          id |-> 1,
          tq |-> [t |-> 0, id |-> <<0, 0>>],
          abalq |-> 0,
          txq |-> 1,
          depq |-> {2},
          phaseq |-> 1,
          rejectq |-> FALSE,
          Wq |-> {},
          WPq |-> {} ] ],
  [ shardfrom |-> 1,
    type |-> 9,
    from |-> 3,
    shardto |-> 1,
    to |-> 3,
    body |->
        [ b |-> 15,
          id |-> 1,
          tq |-> [t |-> 0, id |-> <<0, 0>>],
          abalq |-> 0,
          txq |-> 0,
          depq |-> {2},
          phaseq |-> 1,
          rejectq |-> FALSE,
          Wq |-> {},
          WPq |-> {} ] ],
  [ shardfrom |-> 1,
    type |-> 9,
    from |-> 3,
    shardto |-> 2,
    to |-> 2,
    body |->
        [ b |-> 11,
          id |-> 1,
          tq |-> [t |-> 0, id |-> <<0, 0>>],
          abalq |-> 0,
          txq |-> 0,
          depq |-> {2},
          phaseq |-> 1,
          rejectq |-> FALSE,
          Wq |-> {},
          WPq |-> {} ] ],
  [ shardfrom |-> 1,
    type |-> 10,
    from |-> 2,
    shardto |-> 1,
    to |-> 2,
    body |-> [id |-> 2] ],
  [ shardfrom |-> 1,
    type |-> 11,
    from |-> 2,
    shardto |-> 1,
    to |-> 1,
    body |-> [id |-> 2] ],
  [ shardfrom |-> 1,
    type |-> 11,
    from |-> 2,
    shardto |-> 1,
    to |-> 2,
    body |-> [id |-> 2] ],
  [ shardfrom |-> 1,
    type |-> 11,
    from |-> 2,
    shardto |-> 1,
    to |-> 3,
    body |-> [id |-> 2] ],
  [ shardfrom |-> 2,
    type |-> 1,
    from |-> 1,
    shardto |-> 1,
    to |-> 2,
    body |-> [id |-> 1, tx |-> 1, D0 |-> {}] ],
  [ shardfrom |-> 2,
    type |-> 1,
    from |-> 1,
    shardto |-> 1,
    to |-> 3,
    body |-> [id |-> 1, tx |-> 1, D0 |-> {}] ],
  [ shardfrom |-> 2,
    type |-> 1,
    from |-> 1,
    shardto |-> 2,
    to |-> 2,
    body |-> [id |-> 1, tx |-> 1, D0 |-> {}] ],
  [ shardfrom |-> 2,
    type |-> 2,
    from |-> 1,
    shardto |-> 2,
    to |-> 1,
    body |-> [id |-> 1, tq |-> [t |-> 3, id |-> <<2, 1>>], Dq |-> {}] ],
  [ shardfrom |-> 2,
    type |-> 2,
    from |-> 3,
    shardto |-> 2,
    to |-> 1,
    body |-> [id |-> 1, tq |-> [t |-> 3, id |-> <<2, 1>>], Dq |-> {}] ],
  [ shardfrom |-> 2,
    type |-> 8,
    from |-> 1,
    shardto |-> 1,
    to |-> 1,
    body |-> [b |-> 10, id |-> 1, tx |-> 1] ],
  [ shardfrom |-> 2,
    type |-> 8,
    from |-> 1,
    shardto |-> 1,
    to |-> 3,
    body |-> [b |-> 10, id |-> 1, tx |-> 1] ],
  [ shardfrom |-> 2,
    type |-> 8,
    from |-> 1,
    shardto |-> 2,
    to |-> 3,
    body |-> [b |-> 10, id |-> 1, tx |-> 1] ],
  [ shardfrom |-> 2,
    type |-> 8,
    from |-> 2,
    shardto |-> 1,
    to |-> 1,
    body |-> [b |-> 11, id |-> 1, tx |-> 0] ],
  [ shardfrom |-> 2,
    type |-> 8,
    from |-> 2,
    shardto |-> 1,
    to |-> 2,
    body |-> [b |-> 11, id |-> 1, tx |-> 0] ],
  [ shardfrom |-> 2,
    type |-> 8,
    from |-> 2,
    shardto |-> 2,
    to |-> 1,
    body |-> [b |-> 11, id |-> 1, tx |-> 0] ],
  [ shardfrom |-> 2,
    type |-> 8,
    from |-> 2,
    shardto |-> 2,
    to |-> 3,
    body |-> [b |-> 11, id |-> 1, tx |-> 0] ],
  [ shardfrom |-> 2,
    type |-> 8,
    from |-> 3,
    shardto |-> 1,
    to |-> 1,
    body |-> [b |-> 6, id |-> 1, tx |-> 1] ],
  [ shardfrom |-> 2,
    type |-> 8,
    from |-> 3,
    shardto |-> 1,
    to |-> 2,
    body |-> [b |-> 6, id |-> 1, tx |-> 1] ],
  [ shardfrom |-> 2,
    type |-> 8,
    from |-> 3,
    shardto |-> 1,
    to |-> 3,
    body |-> [b |-> 6, id |-> 1, tx |-> 1] ],
  [ shardfrom |-> 2,
    type |-> 8,
    from |-> 3,
    shardto |-> 2,
    to |-> 1,
    body |-> [b |-> 6, id |-> 1, tx |-> 1] ],
  [ shardfrom |-> 2,
    type |-> 8,
    from |-> 3,
    shardto |-> 2,
    to |-> 2,
    body |-> [b |-> 6, id |-> 1, tx |-> 1] ],
  [ shardfrom |-> 2,
    type |-> 9,
    from |-> 1,
    shardto |-> 2,
    to |-> 1,
    body |->
        [ b |-> 10,
          id |-> 1,
          tq |-> [t |-> 3, id |-> <<2, 1>>],
          abalq |-> 0,
          txq |-> 1,
          depq |-> {},
          phaseq |-> 2,
          rejectq |-> FALSE,
          Wq |-> {},
          WPq |-> {} ] ],
  [ shardfrom |-> 2,
    type |-> 9,
    from |-> 2,
    shardto |-> 2,
    to |-> 1,
    body |->
        [ b |-> 10,
          id |-> 1,
          tq |-> [t |-> 0, id |-> <<0, 0>>],
          abalq |-> 0,
          txq |-> 1,
          depq |-> {},
          phaseq |-> 1,
          rejectq |-> FALSE,
          Wq |-> {},
          WPq |-> {} ] ],
  [ shardfrom |-> 2,
    type |-> 9,
    from |-> 2,
    shardto |-> 2,
    to |-> 2,
    body |->
        [ b |-> 11,
          id |-> 1,
          tq |-> [t |-> 0, id |-> <<0, 0>>],
          abalq |-> 0,
          txq |-> 0,
          depq |-> {},
          phaseq |-> 1,
          rejectq |-> FALSE,
          Wq |-> {},
          WPq |-> {} ] ],
  [ shardfrom |-> 2,
    type |-> 9,
    from |-> 3,
    shardto |-> 2,
    to |-> 3,
    body |->
        [ b |-> 6,
          id |-> 1,
          tq |-> [t |-> 3, id |-> <<2, 1>>],
          abalq |-> 0,
          txq |-> 1,
          depq |-> {},
          phaseq |-> 2,
          rejectq |-> FALSE,
          Wq |-> {},
          WPq |-> {} ] ] }
/\ Qvar = << <<<<{}, {}>>, <<{}, {}>>, <<{}, {}>>>>,
   <<<<{}, {}>>, <<{}, {}>>, <<{}, {}>>>> >>
/\ ts = << << <<[t |-> 3, id |-> <<2, 1>>], [t |-> 2, id |-> <<1, 2>>]>>,
      <<[t |-> 0, id |-> <<0, 0>>], [t |-> 2, id |-> <<1, 2>>]>>,
      <<[t |-> 0, id |-> <<0, 0>>], [t |-> 0, id |-> <<0, 0>>]>> >>,
   << <<[t |-> 3, id |-> <<2, 1>>], [t |-> 0, id |-> <<0, 0>>]>>,
      <<[t |-> 0, id |-> <<0, 0>>], [t |-> 0, id |-> <<0, 0>>]>>,
      <<[t |-> 3, id |-> <<2, 1>>], [t |-> 0, id |-> <<0, 0>>]>> >> >>
/\ executeWaitingFlag = << <<<<FALSE, FALSE>>, <<FALSE, TRUE>>, <<FALSE, FALSE>>>>,
   <<<<FALSE, FALSE>>, <<FALSE, FALSE>>, <<FALSE, FALSE>>>> >>
/\ TXvar = << <<<<bottom, bottom>>, <<bottom, bottom>>, <<bottom, bottom>>>>,
   <<<<bottom, bottom>>, <<bottom, bottom>>, <<bottom, bottom>>>> >>
/\ recovered = <<<<<<1, 1>>, <<1, 1>>, <<1, 1>>>>, <<<<1, 0>>, <<1, 0>>, <<1, 0>>>>>>
/\ initCoord = <<<<2, 1>>, <<1, 2>>>>

State 30: <Next line 902, col 8 to line 910, col 25 of module AccordSpec>
/\ phase = <<<<<<2, 2>>, <<1, 5>>, <<1, 3>>>>, <<<<2, 1>>, <<1, 1>>, <<2, 1>>>>>>
/\ abal = <<<<<<0, 0>>, <<0, 0>>, <<0, 9>>>>, <<<<0, 0>>, <<0, 0>>, <<0, 0>>>>>>
/\ initTimestamp = << [t |-> 3, id |-> <<2, 1>>],
   [t |-> 2, id |-> <<1, 2>>],
   [t |-> 1, id |-> <<0, 0>>] >>
/\ bal = <<<<<<15, 9>>, <<14, 8>>, <<15, 9>>>>, <<<<10, 0>>, <<11, 0>>, <<6, 0>>>>>>
/\ txn = << <<<<1, 2>>, <<1, 2>>, <<0, 0>>>>,
   <<<<1, bottom>>, <<1, bottom>>, <<1, bottom>>>> >>
/\ postWaitingFlag = << <<<<FALSE, FALSE>>, <<FALSE, FALSE>>, <<FALSE, FALSE>>>>,
   <<<<FALSE, FALSE>>, <<FALSE, FALSE>>, <<FALSE, FALSE>>>> >>
/\ relation = <<<<0, 2>>, <<1, 0>>>>
/\ executed = <<<<{}, {2}, {}>>, <<{}, {}, {}>>>>
/\ Wvar = << <<<<{}, {}>>, <<{}, {}>>, <<{}, {}>>>>,
   <<<<{}, {}>>, <<{}, {}>>, <<{}, {}>>>> >>
/\ dep = << <<<<{}, {}>>, <<{}, {}>>, <<{}, {}>>>>,
   <<<<{}, {}>>, <<{}, {}>>, <<{}, {}>>>> >>
/\ recoveryAttemptBal = <<<<<<0, 0>>, <<0, 0>>, <<0, 0>>>>, <<<<0, 0>>, <<0, 0>>, <<0, 0>>>>>>
/\ submitted = {1, 2}
/\ Dvar = << <<<<{}, {}>>, <<{}, {}>>, <<{}, {}>>>>,
   <<<<{}, {}>>, <<{}, {}>>, <<{}, {}>>>> >>
/\ msgs = { [ shardfrom |-> 1,
    type |-> 1,
    from |-> 2,
    shardto |-> 1,
    to |-> 3,
    body |-> [id |-> 2, tx |-> 2, D0 |-> {}] ],
  [ shardfrom |-> 1,
    type |-> 2,
    from |-> 1,
    shardto |-> 2,
    to |-> 1,
    body |-> [id |-> 1, tq |-> [t |-> 3, id |-> <<2, 1>>], Dq |-> {2}] ],
  [ shardfrom |-> 1,
    type |-> 3,
    from |-> 3,
    shardto |-> 1,
    to |-> 1,
    body |->
        [ b |-> 9,
          t |-> [t |-> 0, id |-> <<0, 0>>],
          id |-> 2,
          tx |-> 0,
          D |-> {},
          pathSpeed |-> 1 ] ],
  [ shardfrom |-> 1,
    type |-> 4,
    from |-> 3,
    shardto |-> 1,
    to |-> 3,
    body |-> [b |-> 9, id |-> 2, Dq |-> {}, pathSpeed |-> 1] ],
  [ shardfrom |-> 1,
    type |-> 5,
    from |-> 2,
    shardto |-> 1,
    to |-> 1,
    body |->
        [ b |-> 0,
          t |-> [t |-> 2, id |-> <<1, 2>>],
          id |-> 2,
          tx |-> 2,
          D |-> {},
          fastOrSlow |-> 0 ] ],
  [ shardfrom |-> 1,
    type |-> 5,
    from |-> 2,
    shardto |-> 1,
    to |-> 3,
    body |->
        [ b |-> 0,
          t |-> [t |-> 2, id |-> <<1, 2>>],
          id |-> 2,
          tx |-> 2,
          D |-> {},
          fastOrSlow |-> 0 ] ],
  [ shardfrom |-> 1,
    type |-> 7,
    from |-> 2,
    shardto |-> 1,
    to |-> 1,
    body |-> [b |-> 0, id |-> 2] ],
  [ shardfrom |-> 1,
    type |-> 7,
    from |-> 2,
    shardto |-> 1,
    to |-> 3,
    body |-> [b |-> 0, id |-> 2] ],
  [ shardfrom |-> 1,
    type |-> 8,
    from |-> 1,
    shardto |-> 1,
    to |-> 2,
    body |-> [b |-> 7, id |-> 1, tx |-> 1] ],
  [ shardfrom |-> 1,
    type |-> 8,
    from |-> 1,
    shardto |-> 1,
    to |-> 3,
    body |-> [b |-> 7, id |-> 1, tx |-> 1] ],
  [ shardfrom |-> 1,
    type |-> 8,
    from |-> 1,
    shardto |-> 1,
    to |-> 3,
    body |-> [b |-> 7, id |-> 2, tx |-> 2] ],
  [ shardfrom |-> 1,
    type |-> 8,
    from |-> 1,
    shardto |-> 2,
    to |-> 1,
    body |-> [b |-> 7, id |-> 1, tx |-> 1] ],
  [ shardfrom |-> 1,
    type |-> 8,
    from |-> 1,
    shardto |-> 2,
    to |-> 2,
    body |-> [b |-> 7, id |-> 1, tx |-> 1] ],
  [ shardfrom |-> 1,
    type |-> 8,
    from |-> 1,
    shardto |-> 2,
    to |-> 3,
    body |-> [b |-> 7, id |-> 1, tx |-> 1] ],
  [ shardfrom |-> 1,
    type |-> 8,
    from |-> 2,
    shardto |-> 1,
    to |-> 1,
    body |-> [b |-> 8, id |-> 2, tx |-> 2] ],
  [ shardfrom |-> 1,
    type |-> 8,
    from |-> 2,
    shardto |-> 1,
    to |-> 3,
    body |-> [b |-> 14, id |-> 1, tx |-> 0] ],
  [ shardfrom |-> 1,
    type |-> 8,
    from |-> 2,
    shardto |-> 2,
    to |-> 1,
    body |-> [b |-> 14, id |-> 1, tx |-> 0] ],
  [ shardfrom |-> 1,
    type |-> 8,
    from |-> 2,
    shardto |-> 2,
    to |-> 2,
    body |-> [b |-> 14, id |-> 1, tx |-> 0] ],
  [ shardfrom |-> 1,
    type |-> 8,
    from |-> 2,
    shardto |-> 2,
    to |-> 3,
    body |-> [b |-> 14, id |-> 1, tx |-> 0] ],
  [ shardfrom |-> 1,
    type |-> 8,
    from |-> 3,
    shardto |-> 1,
    to |-> 2,
    body |-> [b |-> 9, id |-> 2, tx |-> 0] ],
  [ shardfrom |-> 1,
    type |-> 8,
    from |-> 3,
    shardto |-> 1,
    to |-> 2,
    body |-> [b |-> 15, id |-> 1, tx |-> 0] ],
  [ shardfrom |-> 1,
    type |-> 8,
    from |-> 3,
    shardto |-> 2,
    to |-> 1,
    body |-> [b |-> 15, id |-> 1, tx |-> 0] ],
  [ shardfrom |-> 1,
    type |-> 8,
    from |-> 3,
    shardto |-> 2,
    to |-> 2,
    body |-> [b |-> 15, id |-> 1, tx |-> 0] ],
  [ shardfrom |-> 1,
    type |-> 8,
    from |-> 3,
    shardto |-> 2,
    to |-> 3,
    body |-> [b |-> 15, id |-> 1, tx |-> 0] ],
  [ shardfrom |-> 1,
    type |-> 9,
    from |-> 1,
    shardto |-> 1,
    to |-> 1,
    body |->
        [ b |-> 7,
          id |-> 1,
          tq |-> [t |-> 3, id |-> <<2, 1>>],
          abalq |-> 0,
          txq |-> 1,
          depq |-> {2},
          phaseq |-> 2,
          rejectq |-> FALSE,
          Wq |-> {<<2, 0>>},
          WPq |-> {} ] ],
  [ shardfrom |-> 1,
    type |-> 9,
    from |-> 1,
    shardto |-> 1,
    to |-> 1,
    body |->
        [ b |-> 7,
          id |-> 2,
          tq |-> [t |-> 2, id |-> <<1, 2>>],
          abalq |-> 0,
          txq |-> 2,
          depq |-> {},
          phaseq |-> 2,
          rejectq |-> FALSE,
          Wq |-> {},
          WPq |-> {} ] ],
  [ shardfrom |-> 1,
    type |-> 9,
    from |-> 1,
    shardto |-> 1,
    to |-> 2,
    body |->
        [ b |-> 14,
          id |-> 1,
          tq |-> [t |-> 3, id |-> <<2, 1>>],
          abalq |-> 0,
          txq |-> 1,
          depq |-> {2},
          phaseq |-> 2,
          rejectq |-> FALSE,
          Wq |-> {<<2, 0>>},
          WPq |-> {} ] ],
  [ shardfrom |-> 1,
    type |-> 9,
    from |-> 1,
    shardto |-> 1,
    to |-> 3,
    body |->
        [ b |-> 15,
          id |-> 1,
          tq |-> [t |-> 3, id |-> <<2, 1>>],
          abalq |-> 0,
          txq |-> 1,
          depq |-> {2},
          phaseq |-> 2,
          rejectq |-> FALSE,
          Wq |-> {<<2, 0>>},
          WPq |-> {} ] ],
  [ shardfrom |-> 1,
    type |-> 9,
    from |-> 2,
    shardto |-> 1,
    to |-> 2,
    body |->
        [ b |-> 14,
          id |-> 1,
          tq |-> [t |-> 0, id |-> <<0, 0>>],
          abalq |-> 0,
          txq |-> 0,
          depq |-> {2},
          phaseq |-> 1,
          rejectq |-> FALSE,
          Wq |-> {},
          WPq |-> {} ] ],
  [ shardfrom |-> 1,
    type |-> 9,
    from |-> 2,
    shardto |-> 2,
    to |-> 1,
    body |->
        [ b |-> 10,
          id |-> 1,
          tq |-> [t |-> 0, id |-> <<0, 0>>],
          abalq |-> 0,
          txq |-> 1,
          depq |-> {2},
          phaseq |-> 1,
          rejectq |-> FALSE,
          Wq |-> {},
          WPq |-> {} ] ],
  [ shardfrom |-> 1,
    type |-> 9,
    from |-> 3,
    shardto |-> 1,
    to |-> 3,
    body |->
        [ b |-> 15,
          id |-> 1,
          tq |-> [t |-> 0, id |-> <<0, 0>>],
          abalq |-> 0,
          txq |-> 0,
          depq |-> {2},
          phaseq |-> 1,
          rejectq |-> FALSE,
          Wq |-> {},
          WPq |-> {} ] ],
  [ shardfrom |-> 1,
    type |-> 9,
    from |-> 3,
    shardto |-> 2,
    to |-> 2,
    body |->
        [ b |-> 11,
          id |-> 1,
          tq |-> [t |-> 0, id |-> <<0, 0>>],
          abalq |-> 0,
          txq |-> 0,
          depq |-> {2},
          phaseq |-> 1,
          rejectq |-> FALSE,
          Wq |-> {},
          WPq |-> {} ] ],
  [ shardfrom |-> 1,
    type |-> 10,
    from |-> 2,
    shardto |-> 1,
    to |-> 2,
    body |-> [id |-> 2] ],
  [ shardfrom |-> 1,
    type |-> 11,
    from |-> 2,
    shardto |-> 1,
    to |-> 1,
    body |-> [id |-> 2] ],
  [ shardfrom |-> 1,
    type |-> 11,
    from |-> 2,
    shardto |-> 1,
    to |-> 2,
    body |-> [id |-> 2] ],
  [ shardfrom |-> 1,
    type |-> 11,
    from |-> 2,
    shardto |-> 1,
    to |-> 3,
    body |-> [id |-> 2] ],
  [ shardfrom |-> 2,
    type |-> 1,
    from |-> 1,
    shardto |-> 1,
    to |-> 2,
    body |-> [id |-> 1, tx |-> 1, D0 |-> {}] ],
  [ shardfrom |-> 2,
    type |-> 1,
    from |-> 1,
    shardto |-> 1,
    to |-> 3,
    body |-> [id |-> 1, tx |-> 1, D0 |-> {}] ],
  [ shardfrom |-> 2,
    type |-> 1,
    from |-> 1,
    shardto |-> 2,
    to |-> 2,
    body |-> [id |-> 1, tx |-> 1, D0 |-> {}] ],
  [ shardfrom |-> 2,
    type |-> 2,
    from |-> 1,
    shardto |-> 2,
    to |-> 1,
    body |-> [id |-> 1, tq |-> [t |-> 3, id |-> <<2, 1>>], Dq |-> {}] ],
  [ shardfrom |-> 2,
    type |-> 2,
    from |-> 3,
    shardto |-> 2,
    to |-> 1,
    body |-> [id |-> 1, tq |-> [t |-> 3, id |-> <<2, 1>>], Dq |-> {}] ],
  [ shardfrom |-> 2,
    type |-> 8,
    from |-> 1,
    shardto |-> 1,
    to |-> 1,
    body |-> [b |-> 10, id |-> 1, tx |-> 1] ],
  [ shardfrom |-> 2,
    type |-> 8,
    from |-> 1,
    shardto |-> 1,
    to |-> 3,
    body |-> [b |-> 10, id |-> 1, tx |-> 1] ],
  [ shardfrom |-> 2,
    type |-> 8,
    from |-> 1,
    shardto |-> 2,
    to |-> 3,
    body |-> [b |-> 10, id |-> 1, tx |-> 1] ],
  [ shardfrom |-> 2,
    type |-> 8,
    from |-> 2,
    shardto |-> 1,
    to |-> 1,
    body |-> [b |-> 11, id |-> 1, tx |-> 0] ],
  [ shardfrom |-> 2,
    type |-> 8,
    from |-> 2,
    shardto |-> 1,
    to |-> 2,
    body |-> [b |-> 11, id |-> 1, tx |-> 0] ],
  [ shardfrom |-> 2,
    type |-> 8,
    from |-> 2,
    shardto |-> 2,
    to |-> 1,
    body |-> [b |-> 11, id |-> 1, tx |-> 0] ],
  [ shardfrom |-> 2,
    type |-> 8,
    from |-> 2,
    shardto |-> 2,
    to |-> 3,
    body |-> [b |-> 11, id |-> 1, tx |-> 0] ],
  [ shardfrom |-> 2,
    type |-> 8,
    from |-> 3,
    shardto |-> 1,
    to |-> 1,
    body |-> [b |-> 6, id |-> 1, tx |-> 1] ],
  [ shardfrom |-> 2,
    type |-> 8,
    from |-> 3,
    shardto |-> 1,
    to |-> 2,
    body |-> [b |-> 6, id |-> 1, tx |-> 1] ],
  [ shardfrom |-> 2,
    type |-> 8,
    from |-> 3,
    shardto |-> 1,
    to |-> 3,
    body |-> [b |-> 6, id |-> 1, tx |-> 1] ],
  [ shardfrom |-> 2,
    type |-> 8,
    from |-> 3,
    shardto |-> 2,
    to |-> 1,
    body |-> [b |-> 6, id |-> 1, tx |-> 1] ],
  [ shardfrom |-> 2,
    type |-> 8,
    from |-> 3,
    shardto |-> 2,
    to |-> 2,
    body |-> [b |-> 6, id |-> 1, tx |-> 1] ],
  [ shardfrom |-> 2,
    type |-> 9,
    from |-> 1,
    shardto |-> 2,
    to |-> 1,
    body |->
        [ b |-> 10,
          id |-> 1,
          tq |-> [t |-> 3, id |-> <<2, 1>>],
          abalq |-> 0,
          txq |-> 1,
          depq |-> {},
          phaseq |-> 2,
          rejectq |-> FALSE,
          Wq |-> {},
          WPq |-> {} ] ],
  [ shardfrom |-> 2,
    type |-> 9,
    from |-> 2,
    shardto |-> 2,
    to |-> 1,
    body |->
        [ b |-> 10,
          id |-> 1,
          tq |-> [t |-> 0, id |-> <<0, 0>>],
          abalq |-> 0,
          txq |-> 1,
          depq |-> {},
          phaseq |-> 1,
          rejectq |-> FALSE,
          Wq |-> {},
          WPq |-> {} ] ],
  [ shardfrom |-> 2,
    type |-> 9,
    from |-> 2,
    shardto |-> 2,
    to |-> 2,
    body |->
        [ b |-> 11,
          id |-> 1,
          tq |-> [t |-> 0, id |-> <<0, 0>>],
          abalq |-> 0,
          txq |-> 0,
          depq |-> {},
          phaseq |-> 1,
          rejectq |-> FALSE,
          Wq |-> {},
          WPq |-> {} ] ],
  [ shardfrom |-> 2,
    type |-> 9,
    from |-> 3,
    shardto |-> 2,
    to |-> 3,
    body |->
        [ b |-> 6,
          id |-> 1,
          tq |-> [t |-> 3, id |-> <<2, 1>>],
          abalq |-> 0,
          txq |-> 1,
          depq |-> {},
          phaseq |-> 2,
          rejectq |-> FALSE,
          Wq |-> {},
          WPq |-> {} ] ] }
/\ Qvar = << <<<<{}, {}>>, <<{}, {}>>, <<{}, {}>>>>,
   <<<<{}, {}>>, <<{}, {}>>, <<{}, {}>>>> >>
/\ ts = << << <<[t |-> 3, id |-> <<2, 1>>], [t |-> 2, id |-> <<1, 2>>]>>,
      <<[t |-> 0, id |-> <<0, 0>>], [t |-> 2, id |-> <<1, 2>>]>>,
      <<[t |-> 0, id |-> <<0, 0>>], [t |-> 0, id |-> <<0, 0>>]>> >>,
   << <<[t |-> 3, id |-> <<2, 1>>], [t |-> 0, id |-> <<0, 0>>]>>,
      <<[t |-> 0, id |-> <<0, 0>>], [t |-> 0, id |-> <<0, 0>>]>>,
      <<[t |-> 3, id |-> <<2, 1>>], [t |-> 0, id |-> <<0, 0>>]>> >> >>
/\ executeWaitingFlag = << <<<<FALSE, FALSE>>, <<FALSE, TRUE>>, <<FALSE, FALSE>>>>,
   <<<<FALSE, FALSE>>, <<FALSE, FALSE>>, <<FALSE, FALSE>>>> >>
/\ TXvar = << <<<<bottom, bottom>>, <<bottom, bottom>>, <<bottom, bottom>>>>,
   <<<<bottom, bottom>>, <<bottom, bottom>>, <<bottom, bottom>>>> >>
/\ recovered = <<<<<<1, 1>>, <<1, 1>>, <<1, 1>>>>, <<<<1, 0>>, <<1, 0>>, <<1, 0>>>>>>
/\ initCoord = <<<<2, 1>>, <<1, 2>>>>

State 31: <Next line 902, col 8 to line 910, col 25 of module AccordSpec>
/\ phase = <<<<<<2, 3>>, <<1, 5>>, <<1, 3>>>>, <<<<2, 1>>, <<1, 1>>, <<2, 1>>>>>>
/\ abal = <<<<<<0, 9>>, <<0, 0>>, <<0, 9>>>>, <<<<0, 0>>, <<0, 0>>, <<0, 0>>>>>>
/\ initTimestamp = << [t |-> 3, id |-> <<2, 1>>],
   [t |-> 2, id |-> <<1, 2>>],
   [t |-> 1, id |-> <<0, 0>>] >>
/\ bal = <<<<<<15, 9>>, <<14, 8>>, <<15, 9>>>>, <<<<10, 0>>, <<11, 0>>, <<6, 0>>>>>>
/\ txn = << <<<<1, 0>>, <<1, 2>>, <<0, 0>>>>,
   <<<<1, bottom>>, <<1, bottom>>, <<1, bottom>>>> >>
/\ postWaitingFlag = << <<<<FALSE, FALSE>>, <<FALSE, FALSE>>, <<FALSE, FALSE>>>>,
   <<<<FALSE, FALSE>>, <<FALSE, FALSE>>, <<FALSE, FALSE>>>> >>
/\ relation = <<<<0, 2>>, <<1, 0>>>>
/\ executed = <<<<{}, {2}, {}>>, <<{}, {}, {}>>>>
/\ Wvar = << <<<<{}, {}>>, <<{}, {}>>, <<{}, {}>>>>,
   <<<<{}, {}>>, <<{}, {}>>, <<{}, {}>>>> >>
/\ dep = << <<<<{}, {}>>, <<{}, {}>>, <<{}, {}>>>>,
   <<<<{}, {}>>, <<{}, {}>>, <<{}, {}>>>> >>
/\ recoveryAttemptBal = <<<<<<0, 0>>, <<0, 0>>, <<0, 0>>>>, <<<<0, 0>>, <<0, 0>>, <<0, 0>>>>>>
/\ submitted = {1, 2}
/\ Dvar = << <<<<{}, {}>>, <<{}, {}>>, <<{}, {}>>>>,
   <<<<{}, {}>>, <<{}, {}>>, <<{}, {}>>>> >>
/\ msgs = { [ shardfrom |-> 1,
    type |-> 1,
    from |-> 2,
    shardto |-> 1,
    to |-> 3,
    body |-> [id |-> 2, tx |-> 2, D0 |-> {}] ],
  [ shardfrom |-> 1,
    type |-> 2,
    from |-> 1,
    shardto |-> 2,
    to |-> 1,
    body |-> [id |-> 1, tq |-> [t |-> 3, id |-> <<2, 1>>], Dq |-> {2}] ],
  [ shardfrom |-> 1,
    type |-> 4,
    from |-> 1,
    shardto |-> 1,
    to |-> 3,
    body |-> [b |-> 9, id |-> 2, Dq |-> {}, pathSpeed |-> 1] ],
  [ shardfrom |-> 1,
    type |-> 4,
    from |-> 3,
    shardto |-> 1,
    to |-> 3,
    body |-> [b |-> 9, id |-> 2, Dq |-> {}, pathSpeed |-> 1] ],
  [ shardfrom |-> 1,
    type |-> 5,
    from |-> 2,
    shardto |-> 1,
    to |-> 1,
    body |->
        [ b |-> 0,
          t |-> [t |-> 2, id |-> <<1, 2>>],
          id |-> 2,
          tx |-> 2,
          D |-> {},
          fastOrSlow |-> 0 ] ],
  [ shardfrom |-> 1,
    type |-> 5,
    from |-> 2,
    shardto |-> 1,
    to |-> 3,
    body |->
        [ b |-> 0,
          t |-> [t |-> 2, id |-> <<1, 2>>],
          id |-> 2,
          tx |-> 2,
          D |-> {},
          fastOrSlow |-> 0 ] ],
  [ shardfrom |-> 1,
    type |-> 7,
    from |-> 2,
    shardto |-> 1,
    to |-> 1,
    body |-> [b |-> 0, id |-> 2] ],
  [ shardfrom |-> 1,
    type |-> 7,
    from |-> 2,
    shardto |-> 1,
    to |-> 3,
    body |-> [b |-> 0, id |-> 2] ],
  [ shardfrom |-> 1,
    type |-> 8,
    from |-> 1,
    shardto |-> 1,
    to |-> 2,
    body |-> [b |-> 7, id |-> 1, tx |-> 1] ],
  [ shardfrom |-> 1,
    type |-> 8,
    from |-> 1,
    shardto |-> 1,
    to |-> 3,
    body |-> [b |-> 7, id |-> 1, tx |-> 1] ],
  [ shardfrom |-> 1,
    type |-> 8,
    from |-> 1,
    shardto |-> 1,
    to |-> 3,
    body |-> [b |-> 7, id |-> 2, tx |-> 2] ],
  [ shardfrom |-> 1,
    type |-> 8,
    from |-> 1,
    shardto |-> 2,
    to |-> 1,
    body |-> [b |-> 7, id |-> 1, tx |-> 1] ],
  [ shardfrom |-> 1,
    type |-> 8,
    from |-> 1,
    shardto |-> 2,
    to |-> 2,
    body |-> [b |-> 7, id |-> 1, tx |-> 1] ],
  [ shardfrom |-> 1,
    type |-> 8,
    from |-> 1,
    shardto |-> 2,
    to |-> 3,
    body |-> [b |-> 7, id |-> 1, tx |-> 1] ],
  [ shardfrom |-> 1,
    type |-> 8,
    from |-> 2,
    shardto |-> 1,
    to |-> 1,
    body |-> [b |-> 8, id |-> 2, tx |-> 2] ],
  [ shardfrom |-> 1,
    type |-> 8,
    from |-> 2,
    shardto |-> 1,
    to |-> 3,
    body |-> [b |-> 14, id |-> 1, tx |-> 0] ],
  [ shardfrom |-> 1,
    type |-> 8,
    from |-> 2,
    shardto |-> 2,
    to |-> 1,
    body |-> [b |-> 14, id |-> 1, tx |-> 0] ],
  [ shardfrom |-> 1,
    type |-> 8,
    from |-> 2,
    shardto |-> 2,
    to |-> 2,
    body |-> [b |-> 14, id |-> 1, tx |-> 0] ],
  [ shardfrom |-> 1,
    type |-> 8,
    from |-> 2,
    shardto |-> 2,
    to |-> 3,
    body |-> [b |-> 14, id |-> 1, tx |-> 0] ],
  [ shardfrom |-> 1,
    type |-> 8,
    from |-> 3,
    shardto |-> 1,
    to |-> 2,
    body |-> [b |-> 9, id |-> 2, tx |-> 0] ],
  [ shardfrom |-> 1,
    type |-> 8,
    from |-> 3,
    shardto |-> 1,
    to |-> 2,
    body |-> [b |-> 15, id |-> 1, tx |-> 0] ],
  [ shardfrom |-> 1,
    type |-> 8,
    from |-> 3,
    shardto |-> 2,
    to |-> 1,
    body |-> [b |-> 15, id |-> 1, tx |-> 0] ],
  [ shardfrom |-> 1,
    type |-> 8,
    from |-> 3,
    shardto |-> 2,
    to |-> 2,
    body |-> [b |-> 15, id |-> 1, tx |-> 0] ],
  [ shardfrom |-> 1,
    type |-> 8,
    from |-> 3,
    shardto |-> 2,
    to |-> 3,
    body |-> [b |-> 15, id |-> 1, tx |-> 0] ],
  [ shardfrom |-> 1,
    type |-> 9,
    from |-> 1,
    shardto |-> 1,
    to |-> 1,
    body |->
        [ b |-> 7,
          id |-> 1,
          tq |-> [t |-> 3, id |-> <<2, 1>>],
          abalq |-> 0,
          txq |-> 1,
          depq |-> {2},
          phaseq |-> 2,
          rejectq |-> FALSE,
          Wq |-> {<<2, 0>>},
          WPq |-> {} ] ],
  [ shardfrom |-> 1,
    type |-> 9,
    from |-> 1,
    shardto |-> 1,
    to |-> 1,
    body |->
        [ b |-> 7,
          id |-> 2,
          tq |-> [t |-> 2, id |-> <<1, 2>>],
          abalq |-> 0,
          txq |-> 2,
          depq |-> {},
          phaseq |-> 2,
          rejectq |-> FALSE,
          Wq |-> {},
          WPq |-> {} ] ],
  [ shardfrom |-> 1,
    type |-> 9,
    from |-> 1,
    shardto |-> 1,
    to |-> 2,
    body |->
        [ b |-> 14,
          id |-> 1,
          tq |-> [t |-> 3, id |-> <<2, 1>>],
          abalq |-> 0,
          txq |-> 1,
          depq |-> {2},
          phaseq |-> 2,
          rejectq |-> FALSE,
          Wq |-> {<<2, 0>>},
          WPq |-> {} ] ],
  [ shardfrom |-> 1,
    type |-> 9,
    from |-> 1,
    shardto |-> 1,
    to |-> 3,
    body |->
        [ b |-> 15,
          id |-> 1,
          tq |-> [t |-> 3, id |-> <<2, 1>>],
          abalq |-> 0,
          txq |-> 1,
          depq |-> {2},
          phaseq |-> 2,
          rejectq |-> FALSE,
          Wq |-> {<<2, 0>>},
          WPq |-> {} ] ],
  [ shardfrom |-> 1,
    type |-> 9,
    from |-> 2,
    shardto |-> 1,
    to |-> 2,
    body |->
        [ b |-> 14,
          id |-> 1,
          tq |-> [t |-> 0, id |-> <<0, 0>>],
          abalq |-> 0,
          txq |-> 0,
          depq |-> {2},
          phaseq |-> 1,
          rejectq |-> FALSE,
          Wq |-> {},
          WPq |-> {} ] ],
  [ shardfrom |-> 1,
    type |-> 9,
    from |-> 2,
    shardto |-> 2,
    to |-> 1,
    body |->
        [ b |-> 10,
          id |-> 1,
          tq |-> [t |-> 0, id |-> <<0, 0>>],
          abalq |-> 0,
          txq |-> 1,
          depq |-> {2},
          phaseq |-> 1,
          rejectq |-> FALSE,
          Wq |-> {},
          WPq |-> {} ] ],
  [ shardfrom |-> 1,
    type |-> 9,
    from |-> 3,
    shardto |-> 1,
    to |-> 3,
    body |->
        [ b |-> 15,
          id |-> 1,
          tq |-> [t |-> 0, id |-> <<0, 0>>],
          abalq |-> 0,
          txq |-> 0,
          depq |-> {2},
          phaseq |-> 1,
          rejectq |-> FALSE,
          Wq |-> {},
          WPq |-> {} ] ],
  [ shardfrom |-> 1,
    type |-> 9,
    from |-> 3,
    shardto |-> 2,
    to |-> 2,
    body |->
        [ b |-> 11,
          id |-> 1,
          tq |-> [t |-> 0, id |-> <<0, 0>>],
          abalq |-> 0,
          txq |-> 0,
          depq |-> {2},
          phaseq |-> 1,
          rejectq |-> FALSE,
          Wq |-> {},
          WPq |-> {} ] ],
  [ shardfrom |-> 1,
    type |-> 10,
    from |-> 2,
    shardto |-> 1,
    to |-> 2,
    body |-> [id |-> 2] ],
  [ shardfrom |-> 1,
    type |-> 11,
    from |-> 2,
    shardto |-> 1,
    to |-> 1,
    body |-> [id |-> 2] ],
  [ shardfrom |-> 1,
    type |-> 11,
    from |-> 2,
    shardto |-> 1,
    to |-> 2,
    body |-> [id |-> 2] ],
  [ shardfrom |-> 1,
    type |-> 11,
    from |-> 2,
    shardto |-> 1,
    to |-> 3,
    body |-> [id |-> 2] ],
  [ shardfrom |-> 2,
    type |-> 1,
    from |-> 1,
    shardto |-> 1,
    to |-> 2,
    body |-> [id |-> 1, tx |-> 1, D0 |-> {}] ],
  [ shardfrom |-> 2,
    type |-> 1,
    from |-> 1,
    shardto |-> 1,
    to |-> 3,
    body |-> [id |-> 1, tx |-> 1, D0 |-> {}] ],
  [ shardfrom |-> 2,
    type |-> 1,
    from |-> 1,
    shardto |-> 2,
    to |-> 2,
    body |-> [id |-> 1, tx |-> 1, D0 |-> {}] ],
  [ shardfrom |-> 2,
    type |-> 2,
    from |-> 1,
    shardto |-> 2,
    to |-> 1,
    body |-> [id |-> 1, tq |-> [t |-> 3, id |-> <<2, 1>>], Dq |-> {}] ],
  [ shardfrom |-> 2,
    type |-> 2,
    from |-> 3,
    shardto |-> 2,
    to |-> 1,
    body |-> [id |-> 1, tq |-> [t |-> 3, id |-> <<2, 1>>], Dq |-> {}] ],
  [ shardfrom |-> 2,
    type |-> 8,
    from |-> 1,
    shardto |-> 1,
    to |-> 1,
    body |-> [b |-> 10, id |-> 1, tx |-> 1] ],
  [ shardfrom |-> 2,
    type |-> 8,
    from |-> 1,
    shardto |-> 1,
    to |-> 3,
    body |-> [b |-> 10, id |-> 1, tx |-> 1] ],
  [ shardfrom |-> 2,
    type |-> 8,
    from |-> 1,
    shardto |-> 2,
    to |-> 3,
    body |-> [b |-> 10, id |-> 1, tx |-> 1] ],
  [ shardfrom |-> 2,
    type |-> 8,
    from |-> 2,
    shardto |-> 1,
    to |-> 1,
    body |-> [b |-> 11, id |-> 1, tx |-> 0] ],
  [ shardfrom |-> 2,
    type |-> 8,
    from |-> 2,
    shardto |-> 1,
    to |-> 2,
    body |-> [b |-> 11, id |-> 1, tx |-> 0] ],
  [ shardfrom |-> 2,
    type |-> 8,
    from |-> 2,
    shardto |-> 2,
    to |-> 1,
    body |-> [b |-> 11, id |-> 1, tx |-> 0] ],
  [ shardfrom |-> 2,
    type |-> 8,
    from |-> 2,
    shardto |-> 2,
    to |-> 3,
    body |-> [b |-> 11, id |-> 1, tx |-> 0] ],
  [ shardfrom |-> 2,
    type |-> 8,
    from |-> 3,
    shardto |-> 1,
    to |-> 1,
    body |-> [b |-> 6, id |-> 1, tx |-> 1] ],
  [ shardfrom |-> 2,
    type |-> 8,
    from |-> 3,
    shardto |-> 1,
    to |-> 2,
    body |-> [b |-> 6, id |-> 1, tx |-> 1] ],
  [ shardfrom |-> 2,
    type |-> 8,
    from |-> 3,
    shardto |-> 1,
    to |-> 3,
    body |-> [b |-> 6, id |-> 1, tx |-> 1] ],
  [ shardfrom |-> 2,
    type |-> 8,
    from |-> 3,
    shardto |-> 2,
    to |-> 1,
    body |-> [b |-> 6, id |-> 1, tx |-> 1] ],
  [ shardfrom |-> 2,
    type |-> 8,
    from |-> 3,
    shardto |-> 2,
    to |-> 2,
    body |-> [b |-> 6, id |-> 1, tx |-> 1] ],
  [ shardfrom |-> 2,
    type |-> 9,
    from |-> 1,
    shardto |-> 2,
    to |-> 1,
    body |->
        [ b |-> 10,
          id |-> 1,
          tq |-> [t |-> 3, id |-> <<2, 1>>],
          abalq |-> 0,
          txq |-> 1,
          depq |-> {},
          phaseq |-> 2,
          rejectq |-> FALSE,
          Wq |-> {},
          WPq |-> {} ] ],
  [ shardfrom |-> 2,
    type |-> 9,
    from |-> 2,
    shardto |-> 2,
    to |-> 1,
    body |->
        [ b |-> 10,
          id |-> 1,
          tq |-> [t |-> 0, id |-> <<0, 0>>],
          abalq |-> 0,
          txq |-> 1,
          depq |-> {},
          phaseq |-> 1,
          rejectq |-> FALSE,
          Wq |-> {},
          WPq |-> {} ] ],
  [ shardfrom |-> 2,
    type |-> 9,
    from |-> 2,
    shardto |-> 2,
    to |-> 2,
    body |->
        [ b |-> 11,
          id |-> 1,
          tq |-> [t |-> 0, id |-> <<0, 0>>],
          abalq |-> 0,
          txq |-> 0,
          depq |-> {},
          phaseq |-> 1,
          rejectq |-> FALSE,
          Wq |-> {},
          WPq |-> {} ] ],
  [ shardfrom |-> 2,
    type |-> 9,
    from |-> 3,
    shardto |-> 2,
    to |-> 3,
    body |->
        [ b |-> 6,
          id |-> 1,
          tq |-> [t |-> 3, id |-> <<2, 1>>],
          abalq |-> 0,
          txq |-> 1,
          depq |-> {},
          phaseq |-> 2,
          rejectq |-> FALSE,
          Wq |-> {},
          WPq |-> {} ] ] }
/\ Qvar = << <<<<{}, {}>>, <<{}, {}>>, <<{}, {}>>>>,
   <<<<{}, {}>>, <<{}, {}>>, <<{}, {}>>>> >>
/\ ts = << << <<[t |-> 3, id |-> <<2, 1>>], [t |-> 0, id |-> <<0, 0>>]>>,
      <<[t |-> 0, id |-> <<0, 0>>], [t |-> 2, id |-> <<1, 2>>]>>,
      <<[t |-> 0, id |-> <<0, 0>>], [t |-> 0, id |-> <<0, 0>>]>> >>,
   << <<[t |-> 3, id |-> <<2, 1>>], [t |-> 0, id |-> <<0, 0>>]>>,
      <<[t |-> 0, id |-> <<0, 0>>], [t |-> 0, id |-> <<0, 0>>]>>,
      <<[t |-> 3, id |-> <<2, 1>>], [t |-> 0, id |-> <<0, 0>>]>> >> >>
/\ executeWaitingFlag = << <<<<FALSE, FALSE>>, <<FALSE, TRUE>>, <<FALSE, FALSE>>>>,
   <<<<FALSE, FALSE>>, <<FALSE, FALSE>>, <<FALSE, FALSE>>>> >>
/\ TXvar = << <<<<bottom, bottom>>, <<bottom, bottom>>, <<bottom, bottom>>>>,
   <<<<bottom, bottom>>, <<bottom, bottom>>, <<bottom, bottom>>>> >>
/\ recovered = <<<<<<1, 1>>, <<1, 1>>, <<1, 1>>>>, <<<<1, 0>>, <<1, 0>>, <<1, 0>>>>>>
/\ initCoord = <<<<2, 1>>, <<1, 2>>>>

State 32: <Next line 902, col 8 to line 910, col 25 of module AccordSpec>
/\ phase = <<<<<<2, 3>>, <<1, 5>>, <<1, 3>>>>, <<<<2, 1>>, <<1, 1>>, <<2, 1>>>>>>
/\ abal = <<<<<<0, 9>>, <<0, 0>>, <<0, 9>>>>, <<<<0, 0>>, <<0, 0>>, <<0, 0>>>>>>
/\ initTimestamp = << [t |-> 3, id |-> <<2, 1>>],
   [t |-> 2, id |-> <<1, 2>>],
   [t |-> 1, id |-> <<0, 0>>] >>
/\ bal = <<<<<<15, 9>>, <<14, 8>>, <<15, 9>>>>, <<<<10, 0>>, <<11, 0>>, <<10, 0>>>>>>
/\ txn = << <<<<1, 0>>, <<1, 2>>, <<0, 0>>>>,
   <<<<1, bottom>>, <<1, bottom>>, <<1, bottom>>>> >>
/\ postWaitingFlag = << <<<<FALSE, FALSE>>, <<FALSE, FALSE>>, <<FALSE, FALSE>>>>,
   <<<<FALSE, FALSE>>, <<FALSE, FALSE>>, <<FALSE, FALSE>>>> >>
/\ relation = <<<<0, 2>>, <<1, 0>>>>
/\ executed = <<<<{}, {2}, {}>>, <<{}, {}, {}>>>>
/\ Wvar = << <<<<{}, {}>>, <<{}, {}>>, <<{}, {}>>>>,
   <<<<{}, {}>>, <<{}, {}>>, <<{}, {}>>>> >>
/\ dep = << <<<<{}, {}>>, <<{}, {}>>, <<{}, {}>>>>,
   <<<<{}, {}>>, <<{}, {}>>, <<{}, {}>>>> >>
/\ recoveryAttemptBal = <<<<<<0, 0>>, <<0, 0>>, <<0, 0>>>>, <<<<0, 0>>, <<0, 0>>, <<0, 0>>>>>>
/\ submitted = {1, 2}
/\ Dvar = << <<<<{}, {}>>, <<{}, {}>>, <<{}, {}>>>>,
   <<<<{}, {}>>, <<{}, {}>>, <<{}, {}>>>> >>
/\ msgs = { [ shardfrom |-> 1,
    type |-> 1,
    from |-> 2,
    shardto |-> 1,
    to |-> 3,
    body |-> [id |-> 2, tx |-> 2, D0 |-> {}] ],
  [ shardfrom |-> 1,
    type |-> 2,
    from |-> 1,
    shardto |-> 2,
    to |-> 1,
    body |-> [id |-> 1, tq |-> [t |-> 3, id |-> <<2, 1>>], Dq |-> {2}] ],
  [ shardfrom |-> 1,
    type |-> 4,
    from |-> 1,
    shardto |-> 1,
    to |-> 3,
    body |-> [b |-> 9, id |-> 2, Dq |-> {}, pathSpeed |-> 1] ],
  [ shardfrom |-> 1,
    type |-> 4,
    from |-> 3,
    shardto |-> 1,
    to |-> 3,
    body |-> [b |-> 9, id |-> 2, Dq |-> {}, pathSpeed |-> 1] ],
  [ shardfrom |-> 1,
    type |-> 5,
    from |-> 2,
    shardto |-> 1,
    to |-> 1,
    body |->
        [ b |-> 0,
          t |-> [t |-> 2, id |-> <<1, 2>>],
          id |-> 2,
          tx |-> 2,
          D |-> {},
          fastOrSlow |-> 0 ] ],
  [ shardfrom |-> 1,
    type |-> 5,
    from |-> 2,
    shardto |-> 1,
    to |-> 3,
    body |->
        [ b |-> 0,
          t |-> [t |-> 2, id |-> <<1, 2>>],
          id |-> 2,
          tx |-> 2,
          D |-> {},
          fastOrSlow |-> 0 ] ],
  [ shardfrom |-> 1,
    type |-> 7,
    from |-> 2,
    shardto |-> 1,
    to |-> 1,
    body |-> [b |-> 0, id |-> 2] ],
  [ shardfrom |-> 1,
    type |-> 7,
    from |-> 2,
    shardto |-> 1,
    to |-> 3,
    body |-> [b |-> 0, id |-> 2] ],
  [ shardfrom |-> 1,
    type |-> 8,
    from |-> 1,
    shardto |-> 1,
    to |-> 2,
    body |-> [b |-> 7, id |-> 1, tx |-> 1] ],
  [ shardfrom |-> 1,
    type |-> 8,
    from |-> 1,
    shardto |-> 1,
    to |-> 3,
    body |-> [b |-> 7, id |-> 1, tx |-> 1] ],
  [ shardfrom |-> 1,
    type |-> 8,
    from |-> 1,
    shardto |-> 1,
    to |-> 3,
    body |-> [b |-> 7, id |-> 2, tx |-> 2] ],
  [ shardfrom |-> 1,
    type |-> 8,
    from |-> 1,
    shardto |-> 2,
    to |-> 1,
    body |-> [b |-> 7, id |-> 1, tx |-> 1] ],
  [ shardfrom |-> 1,
    type |-> 8,
    from |-> 1,
    shardto |-> 2,
    to |-> 2,
    body |-> [b |-> 7, id |-> 1, tx |-> 1] ],
  [ shardfrom |-> 1,
    type |-> 8,
    from |-> 1,
    shardto |-> 2,
    to |-> 3,
    body |-> [b |-> 7, id |-> 1, tx |-> 1] ],
  [ shardfrom |-> 1,
    type |-> 8,
    from |-> 2,
    shardto |-> 1,
    to |-> 1,
    body |-> [b |-> 8, id |-> 2, tx |-> 2] ],
  [ shardfrom |-> 1,
    type |-> 8,
    from |-> 2,
    shardto |-> 1,
    to |-> 3,
    body |-> [b |-> 14, id |-> 1, tx |-> 0] ],
  [ shardfrom |-> 1,
    type |-> 8,
    from |-> 2,
    shardto |-> 2,
    to |-> 1,
    body |-> [b |-> 14, id |-> 1, tx |-> 0] ],
  [ shardfrom |-> 1,
    type |-> 8,
    from |-> 2,
    shardto |-> 2,
    to |-> 2,
    body |-> [b |-> 14, id |-> 1, tx |-> 0] ],
  [ shardfrom |-> 1,
    type |-> 8,
    from |-> 2,
    shardto |-> 2,
    to |-> 3,
    body |-> [b |-> 14, id |-> 1, tx |-> 0] ],
  [ shardfrom |-> 1,
    type |-> 8,
    from |-> 3,
    shardto |-> 1,
    to |-> 2,
    body |-> [b |-> 9, id |-> 2, tx |-> 0] ],
  [ shardfrom |-> 1,
    type |-> 8,
    from |-> 3,
    shardto |-> 1,
    to |-> 2,
    body |-> [b |-> 15, id |-> 1, tx |-> 0] ],
  [ shardfrom |-> 1,
    type |-> 8,
    from |-> 3,
    shardto |-> 2,
    to |-> 1,
    body |-> [b |-> 15, id |-> 1, tx |-> 0] ],
  [ shardfrom |-> 1,
    type |-> 8,
    from |-> 3,
    shardto |-> 2,
    to |-> 2,
    body |-> [b |-> 15, id |-> 1, tx |-> 0] ],
  [ shardfrom |-> 1,
    type |-> 8,
    from |-> 3,
    shardto |-> 2,
    to |-> 3,
    body |-> [b |-> 15, id |-> 1, tx |-> 0] ],
  [ shardfrom |-> 1,
    type |-> 9,
    from |-> 1,
    shardto |-> 1,
    to |-> 1,
    body |->
        [ b |-> 7,
          id |-> 1,
          tq |-> [t |-> 3, id |-> <<2, 1>>],
          abalq |-> 0,
          txq |-> 1,
          depq |-> {2},
          phaseq |-> 2,
          rejectq |-> FALSE,
          Wq |-> {<<2, 0>>},
          WPq |-> {} ] ],
  [ shardfrom |-> 1,
    type |-> 9,
    from |-> 1,
    shardto |-> 1,
    to |-> 1,
    body |->
        [ b |-> 7,
          id |-> 2,
          tq |-> [t |-> 2, id |-> <<1, 2>>],
          abalq |-> 0,
          txq |-> 2,
          depq |-> {},
          phaseq |-> 2,
          rejectq |-> FALSE,
          Wq |-> {},
          WPq |-> {} ] ],
  [ shardfrom |-> 1,
    type |-> 9,
    from |-> 1,
    shardto |-> 1,
    to |-> 2,
    body |->
        [ b |-> 14,
          id |-> 1,
          tq |-> [t |-> 3, id |-> <<2, 1>>],
          abalq |-> 0,
          txq |-> 1,
          depq |-> {2},
          phaseq |-> 2,
          rejectq |-> FALSE,
          Wq |-> {<<2, 0>>},
          WPq |-> {} ] ],
  [ shardfrom |-> 1,
    type |-> 9,
    from |-> 1,
    shardto |-> 1,
    to |-> 3,
    body |->
        [ b |-> 15,
          id |-> 1,
          tq |-> [t |-> 3, id |-> <<2, 1>>],
          abalq |-> 0,
          txq |-> 1,
          depq |-> {2},
          phaseq |-> 2,
          rejectq |-> FALSE,
          Wq |-> {<<2, 0>>},
          WPq |-> {} ] ],
  [ shardfrom |-> 1,
    type |-> 9,
    from |-> 2,
    shardto |-> 1,
    to |-> 2,
    body |->
        [ b |-> 14,
          id |-> 1,
          tq |-> [t |-> 0, id |-> <<0, 0>>],
          abalq |-> 0,
          txq |-> 0,
          depq |-> {2},
          phaseq |-> 1,
          rejectq |-> FALSE,
          Wq |-> {},
          WPq |-> {} ] ],
  [ shardfrom |-> 1,
    type |-> 9,
    from |-> 2,
    shardto |-> 2,
    to |-> 1,
    body |->
        [ b |-> 10,
          id |-> 1,
          tq |-> [t |-> 0, id |-> <<0, 0>>],
          abalq |-> 0,
          txq |-> 1,
          depq |-> {2},
          phaseq |-> 1,
          rejectq |-> FALSE,
          Wq |-> {},
          WPq |-> {} ] ],
  [ shardfrom |-> 1,
    type |-> 9,
    from |-> 3,
    shardto |-> 1,
    to |-> 3,
    body |->
        [ b |-> 15,
          id |-> 1,
          tq |-> [t |-> 0, id |-> <<0, 0>>],
          abalq |-> 0,
          txq |-> 0,
          depq |-> {2},
          phaseq |-> 1,
          rejectq |-> FALSE,
          Wq |-> {},
          WPq |-> {} ] ],
  [ shardfrom |-> 1,
    type |-> 9,
    from |-> 3,
    shardto |-> 2,
    to |-> 2,
    body |->
        [ b |-> 11,
          id |-> 1,
          tq |-> [t |-> 0, id |-> <<0, 0>>],
          abalq |-> 0,
          txq |-> 0,
          depq |-> {2},
          phaseq |-> 1,
          rejectq |-> FALSE,
          Wq |-> {},
          WPq |-> {} ] ],
  [ shardfrom |-> 1,
    type |-> 10,
    from |-> 2,
    shardto |-> 1,
    to |-> 2,
    body |-> [id |-> 2] ],
  [ shardfrom |-> 1,
    type |-> 11,
    from |-> 2,
    shardto |-> 1,
    to |-> 1,
    body |-> [id |-> 2] ],
  [ shardfrom |-> 1,
    type |-> 11,
    from |-> 2,
    shardto |-> 1,
    to |-> 2,
    body |-> [id |-> 2] ],
  [ shardfrom |-> 1,
    type |-> 11,
    from |-> 2,
    shardto |-> 1,
    to |-> 3,
    body |-> [id |-> 2] ],
  [ shardfrom |-> 2,
    type |-> 1,
    from |-> 1,
    shardto |-> 1,
    to |-> 2,
    body |-> [id |-> 1, tx |-> 1, D0 |-> {}] ],
  [ shardfrom |-> 2,
    type |-> 1,
    from |-> 1,
    shardto |-> 1,
    to |-> 3,
    body |-> [id |-> 1, tx |-> 1, D0 |-> {}] ],
  [ shardfrom |-> 2,
    type |-> 1,
    from |-> 1,
    shardto |-> 2,
    to |-> 2,
    body |-> [id |-> 1, tx |-> 1, D0 |-> {}] ],
  [ shardfrom |-> 2,
    type |-> 2,
    from |-> 1,
    shardto |-> 2,
    to |-> 1,
    body |-> [id |-> 1, tq |-> [t |-> 3, id |-> <<2, 1>>], Dq |-> {}] ],
  [ shardfrom |-> 2,
    type |-> 2,
    from |-> 3,
    shardto |-> 2,
    to |-> 1,
    body |-> [id |-> 1, tq |-> [t |-> 3, id |-> <<2, 1>>], Dq |-> {}] ],
  [ shardfrom |-> 2,
    type |-> 8,
    from |-> 1,
    shardto |-> 1,
    to |-> 1,
    body |-> [b |-> 10, id |-> 1, tx |-> 1] ],
  [ shardfrom |-> 2,
    type |-> 8,
    from |-> 1,
    shardto |-> 1,
    to |-> 3,
    body |-> [b |-> 10, id |-> 1, tx |-> 1] ],
  [ shardfrom |-> 2,
    type |-> 8,
    from |-> 2,
    shardto |-> 1,
    to |-> 1,
    body |-> [b |-> 11, id |-> 1, tx |-> 0] ],
  [ shardfrom |-> 2,
    type |-> 8,
    from |-> 2,
    shardto |-> 1,
    to |-> 2,
    body |-> [b |-> 11, id |-> 1, tx |-> 0] ],
  [ shardfrom |-> 2,
    type |-> 8,
    from |-> 2,
    shardto |-> 2,
    to |-> 1,
    body |-> [b |-> 11, id |-> 1, tx |-> 0] ],
  [ shardfrom |-> 2,
    type |-> 8,
    from |-> 2,
    shardto |-> 2,
    to |-> 3,
    body |-> [b |-> 11, id |-> 1, tx |-> 0] ],
  [ shardfrom |-> 2,
    type |-> 8,
    from |-> 3,
    shardto |-> 1,
    to |-> 1,
    body |-> [b |-> 6, id |-> 1, tx |-> 1] ],
  [ shardfrom |-> 2,
    type |-> 8,
    from |-> 3,
    shardto |-> 1,
    to |-> 2,
    body |-> [b |-> 6, id |-> 1, tx |-> 1] ],
  [ shardfrom |-> 2,
    type |-> 8,
    from |-> 3,
    shardto |-> 1,
    to |-> 3,
    body |-> [b |-> 6, id |-> 1, tx |-> 1] ],
  [ shardfrom |-> 2,
    type |-> 8,
    from |-> 3,
    shardto |-> 2,
    to |-> 1,
    body |-> [b |-> 6, id |-> 1, tx |-> 1] ],
  [ shardfrom |-> 2,
    type |-> 8,
    from |-> 3,
    shardto |-> 2,
    to |-> 2,
    body |-> [b |-> 6, id |-> 1, tx |-> 1] ],
  [ shardfrom |-> 2,
    type |-> 9,
    from |-> 1,
    shardto |-> 2,
    to |-> 1,
    body |->
        [ b |-> 10,
          id |-> 1,
          tq |-> [t |-> 3, id |-> <<2, 1>>],
          abalq |-> 0,
          txq |-> 1,
          depq |-> {},
          phaseq |-> 2,
          rejectq |-> FALSE,
          Wq |-> {},
          WPq |-> {} ] ],
  [ shardfrom |-> 2,
    type |-> 9,
    from |-> 2,
    shardto |-> 2,
    to |-> 1,
    body |->
        [ b |-> 10,
          id |-> 1,
          tq |-> [t |-> 0, id |-> <<0, 0>>],
          abalq |-> 0,
          txq |-> 1,
          depq |-> {},
          phaseq |-> 1,
          rejectq |-> FALSE,
          Wq |-> {},
          WPq |-> {} ] ],
  [ shardfrom |-> 2,
    type |-> 9,
    from |-> 2,
    shardto |-> 2,
    to |-> 2,
    body |->
        [ b |-> 11,
          id |-> 1,
          tq |-> [t |-> 0, id |-> <<0, 0>>],
          abalq |-> 0,
          txq |-> 0,
          depq |-> {},
          phaseq |-> 1,
          rejectq |-> FALSE,
          Wq |-> {},
          WPq |-> {} ] ],
  [ shardfrom |-> 2,
    type |-> 9,
    from |-> 3,
    shardto |-> 2,
    to |-> 1,
    body |->
        [ b |-> 10,
          id |-> 1,
          tq |-> [t |-> 3, id |-> <<2, 1>>],
          abalq |-> 0,
          txq |-> 1,
          depq |-> {},
          phaseq |-> 2,
          rejectq |-> FALSE,
          Wq |-> {},
          WPq |-> {} ] ],
  [ shardfrom |-> 2,
    type |-> 9,
    from |-> 3,
    shardto |-> 2,
    to |-> 3,
    body |->
        [ b |-> 6,
          id |-> 1,
          tq |-> [t |-> 3, id |-> <<2, 1>>],
          abalq |-> 0,
          txq |-> 1,
          depq |-> {},
          phaseq |-> 2,
          rejectq |-> FALSE,
          Wq |-> {},
          WPq |-> {} ] ] }
/\ Qvar = << <<<<{}, {}>>, <<{}, {}>>, <<{}, {}>>>>,
   <<<<{}, {}>>, <<{}, {}>>, <<{}, {}>>>> >>
/\ ts = << << <<[t |-> 3, id |-> <<2, 1>>], [t |-> 0, id |-> <<0, 0>>]>>,
      <<[t |-> 0, id |-> <<0, 0>>], [t |-> 2, id |-> <<1, 2>>]>>,
      <<[t |-> 0, id |-> <<0, 0>>], [t |-> 0, id |-> <<0, 0>>]>> >>,
   << <<[t |-> 3, id |-> <<2, 1>>], [t |-> 0, id |-> <<0, 0>>]>>,
      <<[t |-> 0, id |-> <<0, 0>>], [t |-> 0, id |-> <<0, 0>>]>>,
      <<[t |-> 3, id |-> <<2, 1>>], [t |-> 0, id |-> <<0, 0>>]>> >> >>
/\ executeWaitingFlag = << <<<<FALSE, FALSE>>, <<FALSE, TRUE>>, <<FALSE, FALSE>>>>,
   <<<<FALSE, FALSE>>, <<FALSE, FALSE>>, <<FALSE, FALSE>>>> >>
/\ TXvar = << <<<<bottom, bottom>>, <<bottom, bottom>>, <<bottom, bottom>>>>,
   <<<<bottom, bottom>>, <<bottom, bottom>>, <<bottom, bottom>>>> >>
/\ recovered = <<<<<<1, 1>>, <<1, 1>>, <<1, 1>>>>, <<<<1, 0>>, <<1, 0>>, <<1, 0>>>>>>
/\ initCoord = <<<<2, 1>>, <<1, 2>>>>

State 33: <HandleAcceptOK line 469, col 5 to line 491, col 177 of module AccordSpec>
/\ phase = <<<<<<2, 3>>, <<1, 5>>, <<1, 4>>>>, <<<<2, 1>>, <<1, 1>>, <<2, 1>>>>>>
/\ abal = <<<<<<0, 9>>, <<0, 0>>, <<0, 9>>>>, <<<<0, 0>>, <<0, 0>>, <<0, 0>>>>>>
/\ initTimestamp = << [t |-> 3, id |-> <<2, 1>>],
   [t |-> 2, id |-> <<1, 2>>],
   [t |-> 1, id |-> <<0, 0>>] >>
/\ bal = <<<<<<15, 9>>, <<14, 8>>, <<15, 9>>>>, <<<<10, 0>>, <<11, 0>>, <<10, 0>>>>>>
/\ txn = << <<<<1, 0>>, <<1, 2>>, <<0, 0>>>>,
   <<<<1, bottom>>, <<1, bottom>>, <<1, bottom>>>> >>
/\ postWaitingFlag = << <<<<FALSE, FALSE>>, <<FALSE, FALSE>>, <<FALSE, FALSE>>>>,
   <<<<FALSE, FALSE>>, <<FALSE, FALSE>>, <<FALSE, FALSE>>>> >>
/\ relation = <<<<0, 2>>, <<1, 0>>>>
/\ executed = <<<<{}, {2}, {}>>, <<{}, {}, {}>>>>
/\ Wvar = << <<<<{}, {}>>, <<{}, {}>>, <<{}, {}>>>>,
   <<<<{}, {}>>, <<{}, {}>>, <<{}, {}>>>> >>
/\ dep = << <<<<{}, {}>>, <<{}, {}>>, <<{}, {}>>>>,
   <<<<{}, {}>>, <<{}, {}>>, <<{}, {}>>>> >>
/\ recoveryAttemptBal = <<<<<<0, 0>>, <<0, 0>>, <<0, 0>>>>, <<<<0, 0>>, <<0, 0>>, <<0, 0>>>>>>
/\ submitted = {1, 2}
/\ Dvar = << <<<<{}, {}>>, <<{}, {}>>, <<{}, {}>>>>,
   <<<<{}, {}>>, <<{}, {}>>, <<{}, {}>>>> >>
/\ msgs = { [ shardfrom |-> 1,
    type |-> 1,
    from |-> 2,
    shardto |-> 1,
    to |-> 3,
    body |-> [id |-> 2, tx |-> 2, D0 |-> {}] ],
  [ shardfrom |-> 1,
    type |-> 2,
    from |-> 1,
    shardto |-> 2,
    to |-> 1,
    body |-> [id |-> 1, tq |-> [t |-> 3, id |-> <<2, 1>>], Dq |-> {2}] ],
  [ shardfrom |-> 1,
    type |-> 5,
    from |-> 2,
    shardto |-> 1,
    to |-> 1,
    body |->
        [ b |-> 0,
          t |-> [t |-> 2, id |-> <<1, 2>>],
          id |-> 2,
          tx |-> 2,
          D |-> {},
          fastOrSlow |-> 0 ] ],
  [ shardfrom |-> 1,
    type |-> 5,
    from |-> 2,
    shardto |-> 1,
    to |-> 3,
    body |->
        [ b |-> 0,
          t |-> [t |-> 2, id |-> <<1, 2>>],
          id |-> 2,
          tx |-> 2,
          D |-> {},
          fastOrSlow |-> 0 ] ],
  [ shardfrom |-> 1,
    type |-> 5,
    from |-> 3,
    shardto |-> 1,
    to |-> 1,
    body |->
        [ b |-> 9,
          t |-> [t |-> 0, id |-> <<0, 0>>],
          id |-> 2,
          tx |-> 0,
          D |-> {},
          fastOrSlow |-> 1 ] ],
  [ shardfrom |-> 1,
    type |-> 5,
    from |-> 3,
    shardto |-> 1,
    to |-> 2,
    body |->
        [ b |-> 9,
          t |-> [t |-> 0, id |-> <<0, 0>>],
          id |-> 2,
          tx |-> 0,
          D |-> {},
          fastOrSlow |-> 1 ] ],
  [ shardfrom |-> 1,
    type |-> 6,
    from |-> 3,
    shardto |-> 1,
    to |-> 3,
    body |-> [b |-> 9, id |-> 2] ],
  [ shardfrom |-> 1,
    type |-> 7,
    from |-> 2,
    shardto |-> 1,
    to |-> 1,
    body |-> [b |-> 0, id |-> 2] ],
  [ shardfrom |-> 1,
    type |-> 7,
    from |-> 2,
    shardto |-> 1,
    to |-> 3,
    body |-> [b |-> 0, id |-> 2] ],
  [ shardfrom |-> 1,
    type |-> 8,
    from |-> 1,
    shardto |-> 1,
    to |-> 2,
    body |-> [b |-> 7, id |-> 1, tx |-> 1] ],
  [ shardfrom |-> 1,
    type |-> 8,
    from |-> 1,
    shardto |-> 1,
    to |-> 3,
    body |-> [b |-> 7, id |-> 1, tx |-> 1] ],
  [ shardfrom |-> 1,
    type |-> 8,
    from |-> 1,
    shardto |-> 1,
    to |-> 3,
    body |-> [b |-> 7, id |-> 2, tx |-> 2] ],
  [ shardfrom |-> 1,
    type |-> 8,
    from |-> 1,
    shardto |-> 2,
    to |-> 1,
    body |-> [b |-> 7, id |-> 1, tx |-> 1] ],
  [ shardfrom |-> 1,
    type |-> 8,
    from |-> 1,
    shardto |-> 2,
    to |-> 2,
    body |-> [b |-> 7, id |-> 1, tx |-> 1] ],
  [ shardfrom |-> 1,
    type |-> 8,
    from |-> 1,
    shardto |-> 2,
    to |-> 3,
    body |-> [b |-> 7, id |-> 1, tx |-> 1] ],
  [ shardfrom |-> 1,
    type |-> 8,
    from |-> 2,
    shardto |-> 1,
    to |-> 1,
    body |-> [b |-> 8, id |-> 2, tx |-> 2] ],
  [ shardfrom |-> 1,
    type |-> 8,
    from |-> 2,
    shardto |-> 1,
    to |-> 3,
    body |-> [b |-> 14, id |-> 1, tx |-> 0] ],
  [ shardfrom |-> 1,
    type |-> 8,
    from |-> 2,
    shardto |-> 2,
    to |-> 1,
    body |-> [b |-> 14, id |-> 1, tx |-> 0] ],
  [ shardfrom |-> 1,
    type |-> 8,
    from |-> 2,
    shardto |-> 2,
    to |-> 2,
    body |-> [b |-> 14, id |-> 1, tx |-> 0] ],
  [ shardfrom |-> 1,
    type |-> 8,
    from |-> 2,
    shardto |-> 2,
    to |-> 3,
    body |-> [b |-> 14, id |-> 1, tx |-> 0] ],
  [ shardfrom |-> 1,
    type |-> 8,
    from |-> 3,
    shardto |-> 1,
    to |-> 2,
    body |-> [b |-> 9, id |-> 2, tx |-> 0] ],
  [ shardfrom |-> 1,
    type |-> 8,
    from |-> 3,
    shardto |-> 1,
    to |-> 2,
    body |-> [b |-> 15, id |-> 1, tx |-> 0] ],
  [ shardfrom |-> 1,
    type |-> 8,
    from |-> 3,
    shardto |-> 2,
    to |-> 1,
    body |-> [b |-> 15, id |-> 1, tx |-> 0] ],
  [ shardfrom |-> 1,
    type |-> 8,
    from |-> 3,
    shardto |-> 2,
    to |-> 2,
    body |-> [b |-> 15, id |-> 1, tx |-> 0] ],
  [ shardfrom |-> 1,
    type |-> 8,
    from |-> 3,
    shardto |-> 2,
    to |-> 3,
    body |-> [b |-> 15, id |-> 1, tx |-> 0] ],
  [ shardfrom |-> 1,
    type |-> 9,
    from |-> 1,
    shardto |-> 1,
    to |-> 1,
    body |->
        [ b |-> 7,
          id |-> 1,
          tq |-> [t |-> 3, id |-> <<2, 1>>],
          abalq |-> 0,
          txq |-> 1,
          depq |-> {2},
          phaseq |-> 2,
          rejectq |-> FALSE,
          Wq |-> {<<2, 0>>},
          WPq |-> {} ] ],
  [ shardfrom |-> 1,
    type |-> 9,
    from |-> 1,
    shardto |-> 1,
    to |-> 1,
    body |->
        [ b |-> 7,
          id |-> 2,
          tq |-> [t |-> 2, id |-> <<1, 2>>],
          abalq |-> 0,
          txq |-> 2,
          depq |-> {},
          phaseq |-> 2,
          rejectq |-> FALSE,
          Wq |-> {},
          WPq |-> {} ] ],
  [ shardfrom |-> 1,
    type |-> 9,
    from |-> 1,
    shardto |-> 1,
    to |-> 2,
    body |->
        [ b |-> 14,
          id |-> 1,
          tq |-> [t |-> 3, id |-> <<2, 1>>],
          abalq |-> 0,
          txq |-> 1,
          depq |-> {2},
          phaseq |-> 2,
          rejectq |-> FALSE,
          Wq |-> {<<2, 0>>},
          WPq |-> {} ] ],
  [ shardfrom |-> 1,
    type |-> 9,
    from |-> 1,
    shardto |-> 1,
    to |-> 3,
    body |->
        [ b |-> 15,
          id |-> 1,
          tq |-> [t |-> 3, id |-> <<2, 1>>],
          abalq |-> 0,
          txq |-> 1,
          depq |-> {2},
          phaseq |-> 2,
          rejectq |-> FALSE,
          Wq |-> {<<2, 0>>},
          WPq |-> {} ] ],
  [ shardfrom |-> 1,
    type |-> 9,
    from |-> 2,
    shardto |-> 1,
    to |-> 2,
    body |->
        [ b |-> 14,
          id |-> 1,
          tq |-> [t |-> 0, id |-> <<0, 0>>],
          abalq |-> 0,
          txq |-> 0,
          depq |-> {2},
          phaseq |-> 1,
          rejectq |-> FALSE,
          Wq |-> {},
          WPq |-> {} ] ],
  [ shardfrom |-> 1,
    type |-> 9,
    from |-> 2,
    shardto |-> 2,
    to |-> 1,
    body |->
        [ b |-> 10,
          id |-> 1,
          tq |-> [t |-> 0, id |-> <<0, 0>>],
          abalq |-> 0,
          txq |-> 1,
          depq |-> {2},
          phaseq |-> 1,
          rejectq |-> FALSE,
          Wq |-> {},
          WPq |-> {} ] ],
  [ shardfrom |-> 1,
    type |-> 9,
    from |-> 3,
    shardto |-> 1,
    to |-> 3,
    body |->
        [ b |-> 15,
          id |-> 1,
          tq |-> [t |-> 0, id |-> <<0, 0>>],
          abalq |-> 0,
          txq |-> 0,
          depq |-> {2},
          phaseq |-> 1,
          rejectq |-> FALSE,
          Wq |-> {},
          WPq |-> {} ] ],
  [ shardfrom |-> 1,
    type |-> 9,
    from |-> 3,
    shardto |-> 2,
    to |-> 2,
    body |->
        [ b |-> 11,
          id |-> 1,
          tq |-> [t |-> 0, id |-> <<0, 0>>],
          abalq |-> 0,
          txq |-> 0,
          depq |-> {2},
          phaseq |-> 1,
          rejectq |-> FALSE,
          Wq |-> {},
          WPq |-> {} ] ],
  [ shardfrom |-> 1,
    type |-> 10,
    from |-> 2,
    shardto |-> 1,
    to |-> 2,
    body |-> [id |-> 2] ],
  [ shardfrom |-> 1,
    type |-> 11,
    from |-> 2,
    shardto |-> 1,
    to |-> 1,
    body |-> [id |-> 2] ],
  [ shardfrom |-> 1,
    type |-> 11,
    from |-> 2,
    shardto |-> 1,
    to |-> 2,
    body |-> [id |-> 2] ],
  [ shardfrom |-> 1,
    type |-> 11,
    from |-> 2,
    shardto |-> 1,
    to |-> 3,
    body |-> [id |-> 2] ],
  [ shardfrom |-> 2,
    type |-> 1,
    from |-> 1,
    shardto |-> 1,
    to |-> 2,
    body |-> [id |-> 1, tx |-> 1, D0 |-> {}] ],
  [ shardfrom |-> 2,
    type |-> 1,
    from |-> 1,
    shardto |-> 1,
    to |-> 3,
    body |-> [id |-> 1, tx |-> 1, D0 |-> {}] ],
  [ shardfrom |-> 2,
    type |-> 1,
    from |-> 1,
    shardto |-> 2,
    to |-> 2,
    body |-> [id |-> 1, tx |-> 1, D0 |-> {}] ],
  [ shardfrom |-> 2,
    type |-> 2,
    from |-> 1,
    shardto |-> 2,
    to |-> 1,
    body |-> [id |-> 1, tq |-> [t |-> 3, id |-> <<2, 1>>], Dq |-> {}] ],
  [ shardfrom |-> 2,
    type |-> 2,
    from |-> 3,
    shardto |-> 2,
    to |-> 1,
    body |-> [id |-> 1, tq |-> [t |-> 3, id |-> <<2, 1>>], Dq |-> {}] ],
  [ shardfrom |-> 2,
    type |-> 8,
    from |-> 1,
    shardto |-> 1,
    to |-> 1,
    body |-> [b |-> 10, id |-> 1, tx |-> 1] ],
  [ shardfrom |-> 2,
    type |-> 8,
    from |-> 1,
    shardto |-> 1,
    to |-> 3,
    body |-> [b |-> 10, id |-> 1, tx |-> 1] ],
  [ shardfrom |-> 2,
    type |-> 8,
    from |-> 2,
    shardto |-> 1,
    to |-> 1,
    body |-> [b |-> 11, id |-> 1, tx |-> 0] ],
  [ shardfrom |-> 2,
    type |-> 8,
    from |-> 2,
    shardto |-> 1,
    to |-> 2,
    body |-> [b |-> 11, id |-> 1, tx |-> 0] ],
  [ shardfrom |-> 2,
    type |-> 8,
    from |-> 2,
    shardto |-> 2,
    to |-> 1,
    body |-> [b |-> 11, id |-> 1, tx |-> 0] ],
  [ shardfrom |-> 2,
    type |-> 8,
    from |-> 2,
    shardto |-> 2,
    to |-> 3,
    body |-> [b |-> 11, id |-> 1, tx |-> 0] ],
  [ shardfrom |-> 2,
    type |-> 8,
    from |-> 3,
    shardto |-> 1,
    to |-> 1,
    body |-> [b |-> 6, id |-> 1, tx |-> 1] ],
  [ shardfrom |-> 2,
    type |-> 8,
    from |-> 3,
    shardto |-> 1,
    to |-> 2,
    body |-> [b |-> 6, id |-> 1, tx |-> 1] ],
  [ shardfrom |-> 2,
    type |-> 8,
    from |-> 3,
    shardto |-> 1,
    to |-> 3,
    body |-> [b |-> 6, id |-> 1, tx |-> 1] ],
  [ shardfrom |-> 2,
    type |-> 8,
    from |-> 3,
    shardto |-> 2,
    to |-> 1,
    body |-> [b |-> 6, id |-> 1, tx |-> 1] ],
  [ shardfrom |-> 2,
    type |-> 8,
    from |-> 3,
    shardto |-> 2,
    to |-> 2,
    body |-> [b |-> 6, id |-> 1, tx |-> 1] ],
  [ shardfrom |-> 2,
    type |-> 9,
    from |-> 1,
    shardto |-> 2,
    to |-> 1,
    body |->
        [ b |-> 10,
          id |-> 1,
          tq |-> [t |-> 3, id |-> <<2, 1>>],
          abalq |-> 0,
          txq |-> 1,
          depq |-> {},
          phaseq |-> 2,
          rejectq |-> FALSE,
          Wq |-> {},
          WPq |-> {} ] ],
  [ shardfrom |-> 2,
    type |-> 9,
    from |-> 2,
    shardto |-> 2,
    to |-> 1,
    body |->
        [ b |-> 10,
          id |-> 1,
          tq |-> [t |-> 0, id |-> <<0, 0>>],
          abalq |-> 0,
          txq |-> 1,
          depq |-> {},
          phaseq |-> 1,
          rejectq |-> FALSE,
          Wq |-> {},
          WPq |-> {} ] ],
  [ shardfrom |-> 2,
    type |-> 9,
    from |-> 2,
    shardto |-> 2,
    to |-> 2,
    body |->
        [ b |-> 11,
          id |-> 1,
          tq |-> [t |-> 0, id |-> <<0, 0>>],
          abalq |-> 0,
          txq |-> 0,
          depq |-> {},
          phaseq |-> 1,
          rejectq |-> FALSE,
          Wq |-> {},
          WPq |-> {} ] ],
  [ shardfrom |-> 2,
    type |-> 9,
    from |-> 3,
    shardto |-> 2,
    to |-> 1,
    body |->
        [ b |-> 10,
          id |-> 1,
          tq |-> [t |-> 3, id |-> <<2, 1>>],
          abalq |-> 0,
          txq |-> 1,
          depq |-> {},
          phaseq |-> 2,
          rejectq |-> FALSE,
          Wq |-> {},
          WPq |-> {} ] ],
  [ shardfrom |-> 2,
    type |-> 9,
    from |-> 3,
    shardto |-> 2,
    to |-> 3,
    body |->
        [ b |-> 6,
          id |-> 1,
          tq |-> [t |-> 3, id |-> <<2, 1>>],
          abalq |-> 0,
          txq |-> 1,
          depq |-> {},
          phaseq |-> 2,
          rejectq |-> FALSE,
          Wq |-> {},
          WPq |-> {} ] ] }
/\ Qvar = << <<<<{}, {}>>, <<{}, {}>>, <<{}, {}>>>>,
   <<<<{}, {}>>, <<{}, {}>>, <<{}, {}>>>> >>
/\ ts = << << <<[t |-> 3, id |-> <<2, 1>>], [t |-> 0, id |-> <<0, 0>>]>>,
      <<[t |-> 0, id |-> <<0, 0>>], [t |-> 2, id |-> <<1, 2>>]>>,
      <<[t |-> 0, id |-> <<0, 0>>], [t |-> 0, id |-> <<0, 0>>]>> >>,
   << <<[t |-> 3, id |-> <<2, 1>>], [t |-> 0, id |-> <<0, 0>>]>>,
      <<[t |-> 0, id |-> <<0, 0>>], [t |-> 0, id |-> <<0, 0>>]>>,
      <<[t |-> 3, id |-> <<2, 1>>], [t |-> 0, id |-> <<0, 0>>]>> >> >>
/\ executeWaitingFlag = << <<<<FALSE, FALSE>>, <<FALSE, TRUE>>, <<FALSE, FALSE>>>>,
   <<<<FALSE, FALSE>>, <<FALSE, FALSE>>, <<FALSE, FALSE>>>> >>
/\ TXvar = << <<<<bottom, bottom>>, <<bottom, bottom>>, <<bottom, bottom>>>>,
   <<<<bottom, bottom>>, <<bottom, bottom>>, <<bottom, bottom>>>> >>
/\ recovered = <<<<<<1, 1>>, <<1, 1>>, <<1, 1>>>>, <<<<1, 0>>, <<1, 0>>, <<1, 0>>>>>>
/\ initCoord = <<<<2, 1>>, <<1, 2>>>>

The number of states generated: 6777484
Simulation using seed -3072215262548204614 and aril 0
Progress: 6783650 states checked.
Finished in 19s at (2026-04-15 16:58:28)
