2026-04-27T11:59:08,362 [main] INFO  a.f.a.t.Tool$ - # APALACHE version: 0.56.1 | build: 70cdaf4
2026-04-27T11:59:08,379 [main] INFO  a.f.a.i.p.o.OptionGroup$ -   > AccordSpec.cfg: Loading TLC configuration
2026-04-27T11:59:08,428 [main] WARN  a.f.a.i.t.TlcConfigParserApalache$ - TLC config option CHECK_DEADLOCK true will be ignored
2026-04-27T11:59:08,435 [main] INFO  a.f.a.i.p.o.OptionGroup$ -   > Using inv predicate(s) Agreement, Ordering from the TLC config
2026-04-27T11:59:08,437 [main] INFO  a.f.a.t.t.o.CheckCmd - Tuning: search.outputTraces=false
2026-04-27T11:59:08,624 [main] INFO  a.f.a.i.p.PassChainExecutor - PASS #0: SanyParser
2026-04-27T11:59:09,447 [main] DEBUG a.f.a.i.p.PassChainExecutor - PASS #0: SanyParser [OK]
2026-04-27T11:59:09,447 [main] INFO  a.f.a.i.p.PassChainExecutor - PASS #1: TypeCheckerSnowcat
2026-04-27T11:59:09,448 [main] INFO  a.f.a.t.p.t.EtcTypeCheckerPassImpl -  > Running Snowcat .::.
2026-04-27T11:59:18,556 [main] INFO  a.f.a.t.p.t.EtcTypeCheckerPassImpl -  > Your types are purrfect!
2026-04-27T11:59:18,556 [main] INFO  a.f.a.t.p.t.EtcTypeCheckerPassImpl -  > All expressions are typed
2026-04-27T11:59:18,556 [main] DEBUG a.f.a.i.p.PassChainExecutor - PASS #1: TypeCheckerSnowcat [OK]
2026-04-27T11:59:18,557 [main] INFO  a.f.a.i.p.PassChainExecutor - PASS #2: ConfigurationPass
2026-04-27T11:59:18,723 [main] INFO  a.f.a.t.p.p.ConfigurationPassImpl -   > AccordSpec.cfg: Using SPECIFICATION Spec
2026-04-27T11:59:18,724 [main] INFO  a.f.a.t.p.p.ConfigurationPassImpl -   > AccordSpec.cfg: found INVARIANTS: Agreement, Ordering
2026-04-27T11:59:18,726 [main] INFO  a.f.a.t.p.p.ConfigurationPassImpl -   > Set the initialization predicate to Init
2026-04-27T11:59:18,726 [main] INFO  a.f.a.t.p.p.ConfigurationPassImpl -   > Set the transition predicate to Next
2026-04-27T11:59:18,727 [main] INFO  a.f.a.t.p.p.ConfigurationPassImpl -   > Set the constant initialization predicate to CInit
2026-04-27T11:59:18,727 [main] INFO  a.f.a.t.p.p.ConfigurationPassImpl -   > Set an invariant to Agreement
2026-04-27T11:59:18,727 [main] INFO  a.f.a.t.p.p.ConfigurationPassImpl -   > Set an invariant to Ordering
2026-04-27T11:59:18,733 [main] DEBUG a.f.a.i.p.PassChainExecutor - PASS #2: ConfigurationPass [OK]
2026-04-27T11:59:18,733 [main] INFO  a.f.a.i.p.PassChainExecutor - PASS #3: DesugarerPass
2026-04-27T11:59:18,733 [main] INFO  a.f.a.t.p.p.DesugarerPassImpl -   > Desugaring...
2026-04-27T11:59:18,758 [main] DEBUG a.f.a.i.p.PassChainExecutor - PASS #3: DesugarerPass [OK]
2026-04-27T11:59:18,758 [main] INFO  a.f.a.i.p.PassChainExecutor - PASS #4: InlinePass
2026-04-27T11:59:18,758 [main] INFO  a.f.a.t.p.p.InlinePassImpl - Leaving only relevant operators: Agreement, CInit, CInitPrimed, Init, InitPrimed, Next, Ordering
2026-04-27T11:59:19,083 [main] DEBUG a.f.a.i.p.PassChainExecutor - PASS #4: InlinePass [OK]
2026-04-27T11:59:19,084 [main] INFO  a.f.a.i.p.PassChainExecutor - PASS #5: TemporalPass
2026-04-27T11:59:19,084 [main] INFO  a.f.a.t.p.p.TemporalPassImpl -   > Rewriting temporal operators...
2026-04-27T11:59:19,084 [main] INFO  a.f.a.t.p.p.TemporalPassImpl -   > No temporal property specified, nothing to encode
2026-04-27T11:59:19,084 [main] DEBUG a.f.a.i.p.PassChainExecutor - PASS #5: TemporalPass [OK]
2026-04-27T11:59:19,084 [main] INFO  a.f.a.i.p.PassChainExecutor - PASS #6: InlinePass
2026-04-27T11:59:19,085 [main] INFO  a.f.a.t.p.p.InlinePassImpl - Leaving only relevant operators: Agreement, CInit, CInitPrimed, Init, InitPrimed, Next, Ordering
2026-04-27T11:59:19,165 [main] DEBUG a.f.a.i.p.PassChainExecutor - PASS #6: InlinePass [OK]
2026-04-27T11:59:19,165 [main] INFO  a.f.a.i.p.PassChainExecutor - PASS #7: PrimingPass
2026-04-27T11:59:19,169 [main] INFO  a.f.a.t.p.a.PrimingPassImpl -   > Introducing CInitPrimed for CInit'
2026-04-27T11:59:19,170 [main] INFO  a.f.a.t.p.a.PrimingPassImpl -   > Introducing InitPrimed for Init'
2026-04-27T11:59:19,171 [main] DEBUG a.f.a.i.p.PassChainExecutor - PASS #7: PrimingPass [OK]
2026-04-27T11:59:19,172 [main] INFO  a.f.a.i.p.PassChainExecutor - PASS #8: VCGen
2026-04-27T11:59:19,173 [main] INFO  a.f.a.t.b.p.VCGenPassImpl -   > Producing verification conditions from the invariant Agreement
2026-04-27T11:59:19,180 [main] INFO  a.f.a.t.b.VCGenerator -   > VCGen produced 1 verification condition(s)
2026-04-27T11:59:19,183 [main] INFO  a.f.a.t.b.p.VCGenPassImpl -   > Producing verification conditions from the invariant Ordering
2026-04-27T11:59:19,183 [main] INFO  a.f.a.t.b.VCGenerator -   > VCGen produced 1 verification condition(s)
2026-04-27T11:59:19,185 [main] DEBUG a.f.a.i.p.PassChainExecutor - PASS #8: VCGen [OK]
2026-04-27T11:59:19,185 [main] INFO  a.f.a.i.p.PassChainExecutor - PASS #9: PreprocessingPass
2026-04-27T11:59:19,185 [main] INFO  a.f.a.t.p.p.PreproPassImpl -   > Before preprocessing: unique renaming
2026-04-27T11:59:19,193 [main] INFO  a.f.a.t.p.p.PreproPassImpl -  > Applying standard transformations:
2026-04-27T11:59:19,193 [main] INFO  a.f.a.t.p.p.PreproPassImpl -   > PrimePropagation
2026-04-27T11:59:19,210 [main] INFO  a.f.a.t.p.p.PreproPassImpl -   > Desugarer
2026-04-27T11:59:19,233 [main] INFO  a.f.a.t.p.p.PreproPassImpl -   > UniqueRenamer
2026-04-27T11:59:19,273 [main] INFO  a.f.a.t.p.p.PreproPassImpl -   > Normalizer
2026-04-27T11:59:19,313 [main] INFO  a.f.a.t.p.p.PreproPassImpl -   > Keramelizer
2026-04-27T11:59:19,364 [main] INFO  a.f.a.t.p.p.PreproPassImpl -   > After preprocessing: UniqueRenamer
2026-04-27T11:59:19,401 [main] DEBUG a.f.a.i.p.PassChainExecutor - PASS #9: PreprocessingPass [OK]
2026-04-27T11:59:19,402 [main] INFO  a.f.a.i.p.PassChainExecutor - PASS #10: TransitionFinderPass
2026-04-27T11:59:19,461 [main] INFO  a.f.a.t.p.a.TransitionPassImpl -   > Found 1 initializing transitions
2026-04-27T11:59:19,539 [main] INFO  a.f.a.t.p.a.TransitionPassImpl -   > Found 70 transitions
2026-04-27T11:59:19,540 [main] INFO  a.f.a.t.p.a.TransitionPassImpl -   > Found constant initializer CInit
2026-04-27T11:59:19,542 [main] INFO  a.f.a.t.p.a.TransitionPassImpl -   > Applying unique renaming
2026-04-27T11:59:19,611 [main] DEBUG a.f.a.i.p.PassChainExecutor - PASS #10: TransitionFinderPass [OK]
2026-04-27T11:59:19,612 [main] INFO  a.f.a.i.p.PassChainExecutor - PASS #11: OptimizationPass
2026-04-27T11:59:19,619 [main] INFO  a.f.a.t.p.p.OptPassImpl -  > Applying optimizations:
2026-04-27T11:59:19,620 [main] INFO  a.f.a.t.p.p.OptPassImpl -   > ConstSimplifier
2026-04-27T11:59:19,747 [main] INFO  a.f.a.t.p.p.OptPassImpl -   > ExprOptimizer
2026-04-27T11:59:19,795 [main] INFO  a.f.a.t.p.p.OptPassImpl -   > SetMembershipSimplifier
2026-04-27T11:59:19,814 [main] INFO  a.f.a.t.p.p.OptPassImpl -   > ConstSimplifier
2026-04-27T11:59:19,905 [main] DEBUG a.f.a.i.p.PassChainExecutor - PASS #11: OptimizationPass [OK]
2026-04-27T11:59:19,905 [main] INFO  a.f.a.i.p.PassChainExecutor - PASS #12: AnalysisPass
2026-04-27T11:59:19,908 [main] INFO  a.f.a.t.b.p.AnalysisPassImpl -  > Marking skolemizable existentials and sets to be expanded...
2026-04-27T11:59:19,908 [main] INFO  a.f.a.t.b.p.AnalysisPassImpl -   > Skolemization
2026-04-27T11:59:19,917 [main] INFO  a.f.a.t.b.p.AnalysisPassImpl -   > Expansion
2026-04-27T11:59:19,961 [main] INFO  a.f.a.t.b.p.AnalysisPassImpl -   > Remove unused let-in defs
2026-04-27T11:59:19,999 [main] INFO  a.f.a.t.b.p.AnalysisPassImpl -  > Running analyzers...
2026-04-27T11:59:20,005 [main] INFO  a.f.a.t.b.p.AnalysisPassImpl -   > Introduced expression grades
2026-04-27T11:59:20,006 [main] DEBUG a.f.a.i.p.PassChainExecutor - PASS #12: AnalysisPass [OK]
2026-04-27T11:59:20,006 [main] INFO  a.f.a.i.p.PassChainExecutor - PASS #13: BoundedChecker
2026-04-27T11:59:20,028 [main] DEBUG a.f.a.t.b.s.Z3SolverContext - Creating Z3 solver context 0
2026-04-27T11:59:20,250 [main] DEBUG a.f.a.t.b.t.TransitionExecutorImpl - Initializing CONSTANTS
2026-04-27T11:59:20,313 [main] DEBUG a.f.a.t.b.t.TransitionExecutorImpl - Step #0, transition #0
2026-04-27T11:59:20,313 [main] DEBUG a.f.a.t.b.t.TransitionExecutorImpl - Translating to SMT
2026-04-27T11:59:20,370 [main] DEBUG a.f.a.t.b.SeqModelChecker - Step 0: Transition #0. Is it enabled?
2026-04-27T11:59:20,374 [main] DEBUG a.f.a.t.b.SeqModelChecker - Step 0: Transition #0 is enabled
2026-04-27T11:59:20,374 [main] INFO  a.f.a.t.b.SeqModelChecker - State 0: Checking 2 state invariants
2026-04-27T11:59:20,376 [main] DEBUG a.f.a.t.b.SeqModelChecker - State 0: Checking state invariant 0
2026-04-27T11:59:20,456 [main] INFO  a.f.a.t.b.SeqModelChecker - State 0: state invariant 0 holds.
2026-04-27T11:59:20,461 [main] DEBUG a.f.a.t.b.SeqModelChecker - State 0: Checking state invariant 1
2026-04-27T11:59:20,510 [main] INFO  a.f.a.t.b.SeqModelChecker - State 0: state invariant 1 holds.
2026-04-27T11:59:20,512 [main] INFO  a.f.a.t.b.t.TransitionExecutorImpl - Step 0: picking a transition out of 1 transition(s)
2026-04-27T11:59:20,514 [main] DEBUG a.f.a.t.b.t.TransitionExecutorImpl - Step #1, transition #0
2026-04-27T11:59:20,514 [main] DEBUG a.f.a.t.b.t.TransitionExecutorImpl - Translating to SMT
2026-04-27T11:59:20,517 [main] DEBUG a.f.a.t.b.SeqModelChecker - Step 1: Transition #0. Is it enabled?
2026-04-27T11:59:20,518 [main] INFO  a.f.a.t.b.SeqModelChecker - Step 1: Transition #0 is disabled
2026-04-27T11:59:20,518 [main] DEBUG a.f.a.t.b.t.TransitionExecutorImpl - Step #1, transition #1
2026-04-27T11:59:20,518 [main] DEBUG a.f.a.t.b.t.TransitionExecutorImpl - Translating to SMT
2026-04-27T11:59:20,520 [main] DEBUG a.f.a.t.b.SeqModelChecker - Step 1: Transition #1. Is it enabled?
2026-04-27T11:59:20,521 [main] INFO  a.f.a.t.b.SeqModelChecker - Step 1: Transition #1 is disabled
2026-04-27T11:59:20,522 [main] DEBUG a.f.a.t.b.t.TransitionExecutorImpl - Step #1, transition #2
2026-04-27T11:59:20,522 [main] DEBUG a.f.a.t.b.t.TransitionExecutorImpl - Translating to SMT
2026-04-27T11:59:20,524 [main] DEBUG a.f.a.t.b.SeqModelChecker - Step 1: Transition #2. Is it enabled?
2026-04-27T11:59:20,525 [main] INFO  a.f.a.t.b.SeqModelChecker - Step 1: Transition #2 is disabled
2026-04-27T11:59:20,526 [main] DEBUG a.f.a.t.b.t.TransitionExecutorImpl - Step #1, transition #3
2026-04-27T11:59:20,526 [main] DEBUG a.f.a.t.b.t.TransitionExecutorImpl - Translating to SMT
2026-04-27T11:59:20,526 [main] DEBUG a.f.a.t.b.t.TransitionExecutorImpl - Transition 3 produces partial assignment. Disabled.
2026-04-27T11:59:20,526 [main] DEBUG a.f.a.t.b.t.TransitionExecutorImpl - Step #1, transition #4
2026-04-27T11:59:20,526 [main] DEBUG a.f.a.t.b.t.TransitionExecutorImpl - Translating to SMT
2026-04-27T11:59:20,526 [main] DEBUG a.f.a.t.b.t.TransitionExecutorImpl - Transition 4 produces partial assignment. Disabled.
2026-04-27T11:59:20,526 [main] DEBUG a.f.a.t.b.t.TransitionExecutorImpl - Step #1, transition #5
2026-04-27T11:59:20,526 [main] DEBUG a.f.a.t.b.t.TransitionExecutorImpl - Translating to SMT
2026-04-27T11:59:20,528 [main] DEBUG a.f.a.t.b.SeqModelChecker - Step 1: Transition #5. Is it enabled?
2026-04-27T11:59:20,529 [main] INFO  a.f.a.t.b.SeqModelChecker - Step 1: Transition #5 is disabled
2026-04-27T11:59:20,529 [main] DEBUG a.f.a.t.b.t.TransitionExecutorImpl - Step #1, transition #6
2026-04-27T11:59:20,529 [main] DEBUG a.f.a.t.b.t.TransitionExecutorImpl - Translating to SMT
2026-04-27T11:59:20,531 [main] DEBUG a.f.a.t.b.SeqModelChecker - Step 1: Transition #6. Is it enabled?
2026-04-27T11:59:20,532 [main] INFO  a.f.a.t.b.SeqModelChecker - Step 1: Transition #6 is disabled
2026-04-27T11:59:20,532 [main] DEBUG a.f.a.t.b.t.TransitionExecutorImpl - Step #1, transition #7
2026-04-27T11:59:20,532 [main] DEBUG a.f.a.t.b.t.TransitionExecutorImpl - Translating to SMT
2026-04-27T11:59:20,533 [main] DEBUG a.f.a.t.b.t.TransitionExecutorImpl - Transition 7 produces partial assignment. Disabled.
2026-04-27T11:59:20,533 [main] DEBUG a.f.a.t.b.t.TransitionExecutorImpl - Step #1, transition #8
2026-04-27T11:59:20,533 [main] DEBUG a.f.a.t.b.t.TransitionExecutorImpl - Translating to SMT
2026-04-27T11:59:20,533 [main] DEBUG a.f.a.t.b.t.TransitionExecutorImpl - Transition 8 produces partial assignment. Disabled.
2026-04-27T11:59:20,533 [main] DEBUG a.f.a.t.b.t.TransitionExecutorImpl - Step #1, transition #9
2026-04-27T11:59:20,533 [main] DEBUG a.f.a.t.b.t.TransitionExecutorImpl - Translating to SMT
2026-04-27T11:59:20,535 [main] DEBUG a.f.a.t.b.SeqModelChecker - Step 1: Transition #9. Is it enabled?
2026-04-27T11:59:20,535 [main] INFO  a.f.a.t.b.SeqModelChecker - Step 1: Transition #9 is disabled
2026-04-27T11:59:20,536 [main] DEBUG a.f.a.t.b.t.TransitionExecutorImpl - Step #1, transition #10
2026-04-27T11:59:20,536 [main] DEBUG a.f.a.t.b.t.TransitionExecutorImpl - Translating to SMT
2026-04-27T11:59:20,537 [main] DEBUG a.f.a.t.b.SeqModelChecker - Step 1: Transition #10. Is it enabled?
2026-04-27T11:59:20,538 [main] INFO  a.f.a.t.b.SeqModelChecker - Step 1: Transition #10 is disabled
2026-04-27T11:59:20,538 [main] DEBUG a.f.a.t.b.t.TransitionExecutorImpl - Step #1, transition #11
2026-04-27T11:59:20,538 [main] DEBUG a.f.a.t.b.t.TransitionExecutorImpl - Translating to SMT
2026-04-27T11:59:20,540 [main] DEBUG a.f.a.t.b.SeqModelChecker - Step 1: Transition #11. Is it enabled?
2026-04-27T11:59:20,540 [main] INFO  a.f.a.t.b.SeqModelChecker - Step 1: Transition #11 is disabled
2026-04-27T11:59:20,541 [main] DEBUG a.f.a.t.b.t.TransitionExecutorImpl - Step #1, transition #12
2026-04-27T11:59:20,541 [main] DEBUG a.f.a.t.b.t.TransitionExecutorImpl - Translating to SMT
2026-04-27T11:59:20,543 [main] DEBUG a.f.a.t.b.SeqModelChecker - Step 1: Transition #12. Is it enabled?
2026-04-27T11:59:20,543 [main] INFO  a.f.a.t.b.SeqModelChecker - Step 1: Transition #12 is disabled
2026-04-27T11:59:20,544 [main] DEBUG a.f.a.t.b.t.TransitionExecutorImpl - Step #1, transition #13
2026-04-27T11:59:20,544 [main] DEBUG a.f.a.t.b.t.TransitionExecutorImpl - Translating to SMT
2026-04-27T11:59:20,545 [main] DEBUG a.f.a.t.b.SeqModelChecker - Step 1: Transition #13. Is it enabled?
2026-04-27T11:59:20,546 [main] INFO  a.f.a.t.b.SeqModelChecker - Step 1: Transition #13 is disabled
2026-04-27T11:59:20,546 [main] DEBUG a.f.a.t.b.t.TransitionExecutorImpl - Step #1, transition #14
2026-04-27T11:59:20,546 [main] DEBUG a.f.a.t.b.t.TransitionExecutorImpl - Translating to SMT
2026-04-27T11:59:20,548 [main] DEBUG a.f.a.t.b.SeqModelChecker - Step 1: Transition #14. Is it enabled?
2026-04-27T11:59:20,548 [main] INFO  a.f.a.t.b.SeqModelChecker - Step 1: Transition #14 is disabled
2026-04-27T11:59:20,549 [main] DEBUG a.f.a.t.b.t.TransitionExecutorImpl - Step #1, transition #15
2026-04-27T11:59:20,549 [main] DEBUG a.f.a.t.b.t.TransitionExecutorImpl - Translating to SMT
2026-04-27T11:59:20,551 [main] DEBUG a.f.a.t.b.SeqModelChecker - Step 1: Transition #15. Is it enabled?
2026-04-27T11:59:20,551 [main] INFO  a.f.a.t.b.SeqModelChecker - Step 1: Transition #15 is disabled
2026-04-27T11:59:20,551 [main] DEBUG a.f.a.t.b.t.TransitionExecutorImpl - Step #1, transition #16
2026-04-27T11:59:20,551 [main] DEBUG a.f.a.t.b.t.TransitionExecutorImpl - Translating to SMT
2026-04-27T11:59:20,662 [main] DEBUG a.f.a.t.b.SeqModelChecker - Step 1: Transition #16. Is it enabled?
2026-04-27T11:59:20,666 [main] DEBUG a.f.a.t.b.SeqModelChecker - Step 1: Transition #16 is enabled
2026-04-27T11:59:20,667 [main] INFO  a.f.a.t.b.SeqModelChecker - State 1: Checking 2 state invariants
2026-04-27T11:59:20,667 [main] DEBUG a.f.a.t.b.SeqModelChecker - State 1: Checking state invariant 0
2026-04-27T11:59:20,693 [main] INFO  a.f.a.t.b.SeqModelChecker - State 1: state invariant 0 holds.
2026-04-27T11:59:20,695 [main] DEBUG a.f.a.t.b.SeqModelChecker - State 1: Checking state invariant 1
2026-04-27T11:59:20,742 [main] INFO  a.f.a.t.b.SeqModelChecker - State 1: state invariant 1 holds.
2026-04-27T11:59:20,743 [main] DEBUG a.f.a.t.b.t.TransitionExecutorImpl - Step #1, transition #17
2026-04-27T11:59:20,743 [main] DEBUG a.f.a.t.b.t.TransitionExecutorImpl - Translating to SMT
2026-04-27T11:59:20,771 [main] DEBUG a.f.a.t.b.SeqModelChecker - Step 1: Transition #17. Is it enabled?
2026-04-27T11:59:20,772 [main] INFO  a.f.a.t.b.SeqModelChecker - Step 1: Transition #17 is disabled
2026-04-27T11:59:20,773 [main] DEBUG a.f.a.t.b.t.TransitionExecutorImpl - Step #1, transition #18
2026-04-27T11:59:20,773 [main] DEBUG a.f.a.t.b.t.TransitionExecutorImpl - Translating to SMT
2026-04-27T11:59:20,778 [main] DEBUG a.f.a.t.b.t.TransitionExecutorImpl - Transition 18 produces partial assignment. Disabled.
2026-04-27T11:59:20,778 [main] DEBUG a.f.a.t.b.t.TransitionExecutorImpl - Step #1, transition #19
2026-04-27T11:59:20,778 [main] DEBUG a.f.a.t.b.t.TransitionExecutorImpl - Translating to SMT
2026-04-27T11:59:20,783 [main] DEBUG a.f.a.t.b.t.TransitionExecutorImpl - Transition 19 produces partial assignment. Disabled.
2026-04-27T11:59:20,784 [main] DEBUG a.f.a.t.b.t.TransitionExecutorImpl - Step #1, transition #20
2026-04-27T11:59:20,784 [main] DEBUG a.f.a.t.b.t.TransitionExecutorImpl - Translating to SMT
2026-04-27T11:59:20,788 [main] DEBUG a.f.a.t.b.t.TransitionExecutorImpl - Transition 20 produces partial assignment. Disabled.
2026-04-27T11:59:20,788 [main] DEBUG a.f.a.t.b.t.TransitionExecutorImpl - Step #1, transition #21
2026-04-27T11:59:20,788 [main] DEBUG a.f.a.t.b.t.TransitionExecutorImpl - Translating to SMT
2026-04-27T11:59:20,814 [main] DEBUG a.f.a.t.b.SeqModelChecker - Step 1: Transition #21. Is it enabled?
2026-04-27T11:59:20,815 [main] INFO  a.f.a.t.b.SeqModelChecker - Step 1: Transition #21 is disabled
2026-04-27T11:59:20,817 [main] DEBUG a.f.a.t.b.t.TransitionExecutorImpl - Step #1, transition #22
2026-04-27T11:59:20,817 [main] DEBUG a.f.a.t.b.t.TransitionExecutorImpl - Translating to SMT
2026-04-27T11:59:20,822 [main] DEBUG a.f.a.t.b.t.TransitionExecutorImpl - Transition 22 produces partial assignment. Disabled.
2026-04-27T11:59:20,822 [main] DEBUG a.f.a.t.b.t.TransitionExecutorImpl - Step #1, transition #23
2026-04-27T11:59:20,822 [main] DEBUG a.f.a.t.b.t.TransitionExecutorImpl - Translating to SMT
2026-04-27T11:59:20,824 [main] DEBUG a.f.a.t.b.t.TransitionExecutorImpl - Transition 23 produces partial assignment. Disabled.
2026-04-27T11:59:20,825 [main] DEBUG a.f.a.t.b.t.TransitionExecutorImpl - Step #1, transition #24
2026-04-27T11:59:20,825 [main] DEBUG a.f.a.t.b.t.TransitionExecutorImpl - Translating to SMT
2026-04-27T11:59:20,868 [main] DEBUG a.f.a.t.b.SeqModelChecker - Step 1: Transition #24. Is it enabled?
2026-04-27T11:59:20,870 [main] INFO  a.f.a.t.b.SeqModelChecker - Step 1: Transition #24 is disabled
2026-04-27T11:59:20,870 [main] DEBUG a.f.a.t.b.t.TransitionExecutorImpl - Step #1, transition #25
2026-04-27T11:59:20,870 [main] DEBUG a.f.a.t.b.t.TransitionExecutorImpl - Translating to SMT
2026-04-27T11:59:20,874 [main] DEBUG a.f.a.t.b.t.TransitionExecutorImpl - Transition 25 produces partial assignment. Disabled.
2026-04-27T11:59:20,874 [main] DEBUG a.f.a.t.b.t.TransitionExecutorImpl - Step #1, transition #26
2026-04-27T11:59:20,875 [main] DEBUG a.f.a.t.b.t.TransitionExecutorImpl - Translating to SMT
2026-04-27T11:59:20,905 [main] DEBUG a.f.a.t.b.SeqModelChecker - Step 1: Transition #26. Is it enabled?
2026-04-27T11:59:20,907 [main] INFO  a.f.a.t.b.SeqModelChecker - Step 1: Transition #26 is disabled
2026-04-27T11:59:20,908 [main] DEBUG a.f.a.t.b.t.TransitionExecutorImpl - Step #1, transition #27
2026-04-27T11:59:20,908 [main] DEBUG a.f.a.t.b.t.TransitionExecutorImpl - Translating to SMT
2026-04-27T11:59:20,920 [main] DEBUG a.f.a.t.b.SeqModelChecker - Step 1: Transition #27. Is it enabled?
2026-04-27T11:59:20,921 [main] INFO  a.f.a.t.b.SeqModelChecker - Step 1: Transition #27 is disabled
2026-04-27T11:59:20,921 [main] DEBUG a.f.a.t.b.t.TransitionExecutorImpl - Step #1, transition #28
2026-04-27T11:59:20,921 [main] DEBUG a.f.a.t.b.t.TransitionExecutorImpl - Translating to SMT
2026-04-27T11:59:20,985 [main] DEBUG a.f.a.t.b.SeqModelChecker - Step 1: Transition #28. Is it enabled?
2026-04-27T11:59:20,989 [main] INFO  a.f.a.t.b.SeqModelChecker - Step 1: Transition #28 is disabled
2026-04-27T11:59:20,990 [main] DEBUG a.f.a.t.b.t.TransitionExecutorImpl - Step #1, transition #29
2026-04-27T11:59:20,990 [main] DEBUG a.f.a.t.b.t.TransitionExecutorImpl - Translating to SMT
2026-04-27T11:59:21,044 [main] DEBUG a.f.a.t.b.SeqModelChecker - Step 1: Transition #29. Is it enabled?
2026-04-27T11:59:21,047 [main] INFO  a.f.a.t.b.SeqModelChecker - Step 1: Transition #29 is disabled
2026-04-27T11:59:21,048 [main] DEBUG a.f.a.t.b.t.TransitionExecutorImpl - Step #1, transition #30
2026-04-27T11:59:21,048 [main] DEBUG a.f.a.t.b.t.TransitionExecutorImpl - Translating to SMT
2026-04-27T11:59:21,096 [main] DEBUG a.f.a.t.b.SeqModelChecker - Step 1: Transition #30. Is it enabled?
2026-04-27T11:59:21,100 [main] INFO  a.f.a.t.b.SeqModelChecker - Step 1: Transition #30 is disabled
2026-04-27T11:59:21,101 [main] DEBUG a.f.a.t.b.t.TransitionExecutorImpl - Step #1, transition #31
2026-04-27T11:59:21,101 [main] DEBUG a.f.a.t.b.t.TransitionExecutorImpl - Translating to SMT
2026-04-27T11:59:21,146 [main] DEBUG a.f.a.t.b.SeqModelChecker - Step 1: Transition #31. Is it enabled?
2026-04-27T11:59:21,149 [main] INFO  a.f.a.t.b.SeqModelChecker - Step 1: Transition #31 is disabled
2026-04-27T11:59:21,150 [main] DEBUG a.f.a.t.b.t.TransitionExecutorImpl - Step #1, transition #32
2026-04-27T11:59:21,151 [main] DEBUG a.f.a.t.b.t.TransitionExecutorImpl - Translating to SMT
2026-04-27T11:59:21,199 [main] DEBUG a.f.a.t.b.SeqModelChecker - Step 1: Transition #32. Is it enabled?
2026-04-27T11:59:21,202 [main] INFO  a.f.a.t.b.SeqModelChecker - Step 1: Transition #32 is disabled
2026-04-27T11:59:21,203 [main] DEBUG a.f.a.t.b.t.TransitionExecutorImpl - Step #1, transition #33
2026-04-27T11:59:21,203 [main] DEBUG a.f.a.t.b.t.TransitionExecutorImpl - Translating to SMT
2026-04-27T11:59:21,250 [main] DEBUG a.f.a.t.b.SeqModelChecker - Step 1: Transition #33. Is it enabled?
2026-04-27T11:59:21,253 [main] INFO  a.f.a.t.b.SeqModelChecker - Step 1: Transition #33 is disabled
2026-04-27T11:59:21,254 [main] DEBUG a.f.a.t.b.t.TransitionExecutorImpl - Step #1, transition #34
2026-04-27T11:59:21,254 [main] DEBUG a.f.a.t.b.t.TransitionExecutorImpl - Translating to SMT
2026-04-27T11:59:21,299 [main] DEBUG a.f.a.t.b.SeqModelChecker - Step 1: Transition #34. Is it enabled?
2026-04-27T11:59:21,302 [main] INFO  a.f.a.t.b.SeqModelChecker - Step 1: Transition #34 is disabled
2026-04-27T11:59:21,303 [main] DEBUG a.f.a.t.b.t.TransitionExecutorImpl - Step #1, transition #35
2026-04-27T11:59:21,303 [main] DEBUG a.f.a.t.b.t.TransitionExecutorImpl - Translating to SMT
2026-04-27T11:59:21,345 [main] DEBUG a.f.a.t.b.SeqModelChecker - Step 1: Transition #35. Is it enabled?
2026-04-27T11:59:21,349 [main] INFO  a.f.a.t.b.SeqModelChecker - Step 1: Transition #35 is disabled
2026-04-27T11:59:21,350 [main] DEBUG a.f.a.t.b.t.TransitionExecutorImpl - Step #1, transition #36
2026-04-27T11:59:21,350 [main] DEBUG a.f.a.t.b.t.TransitionExecutorImpl - Translating to SMT
2026-04-27T11:59:21,352 [main] DEBUG a.f.a.t.b.t.TransitionExecutorImpl - Transition 36 produces partial assignment. Disabled.
2026-04-27T11:59:21,352 [main] DEBUG a.f.a.t.b.t.TransitionExecutorImpl - Step #1, transition #37
2026-04-27T11:59:21,352 [main] DEBUG a.f.a.t.b.t.TransitionExecutorImpl - Translating to SMT
2026-04-27T11:59:21,374 [main] DEBUG a.f.a.t.b.SeqModelChecker - Step 1: Transition #37. Is it enabled?
2026-04-27T11:59:21,376 [main] INFO  a.f.a.t.b.SeqModelChecker - Step 1: Transition #37 is disabled
2026-04-27T11:59:21,376 [main] DEBUG a.f.a.t.b.t.TransitionExecutorImpl - Step #1, transition #38
2026-04-27T11:59:21,377 [main] DEBUG a.f.a.t.b.t.TransitionExecutorImpl - Translating to SMT
2026-04-27T11:59:21,378 [main] DEBUG a.f.a.t.b.t.TransitionExecutorImpl - Transition 38 produces partial assignment. Disabled.
2026-04-27T11:59:21,379 [main] DEBUG a.f.a.t.b.t.TransitionExecutorImpl - Step #1, transition #39
2026-04-27T11:59:21,379 [main] DEBUG a.f.a.t.b.t.TransitionExecutorImpl - Translating to SMT
2026-04-27T11:59:21,397 [main] DEBUG a.f.a.t.b.SeqModelChecker - Step 1: Transition #39. Is it enabled?
2026-04-27T11:59:21,399 [main] INFO  a.f.a.t.b.SeqModelChecker - Step 1: Transition #39 is disabled
2026-04-27T11:59:21,402 [main] DEBUG a.f.a.t.b.t.TransitionExecutorImpl - Step #1, transition #40
2026-04-27T11:59:21,402 [main] DEBUG a.f.a.t.b.t.TransitionExecutorImpl - Translating to SMT
2026-04-27T11:59:21,407 [main] DEBUG a.f.a.t.b.t.TransitionExecutorImpl - Transition 40 produces partial assignment. Disabled.
2026-04-27T11:59:21,407 [main] DEBUG a.f.a.t.b.t.TransitionExecutorImpl - Step #1, transition #41
2026-04-27T11:59:21,407 [main] DEBUG a.f.a.t.b.t.TransitionExecutorImpl - Translating to SMT
2026-04-27T11:59:21,458 [main] DEBUG a.f.a.t.b.SeqModelChecker - Step 1: Transition #41. Is it enabled?
2026-04-27T11:59:21,459 [main] INFO  a.f.a.t.b.SeqModelChecker - Step 1: Transition #41 is disabled
2026-04-27T11:59:21,460 [main] DEBUG a.f.a.t.b.t.TransitionExecutorImpl - Step #1, transition #42
2026-04-27T11:59:21,460 [main] DEBUG a.f.a.t.b.t.TransitionExecutorImpl - Translating to SMT
2026-04-27T11:59:21,461 [main] DEBUG a.f.a.t.b.t.TransitionExecutorImpl - Transition 42 produces partial assignment. Disabled.
2026-04-27T11:59:21,462 [main] DEBUG a.f.a.t.b.t.TransitionExecutorImpl - Step #1, transition #43
2026-04-27T11:59:21,462 [main] DEBUG a.f.a.t.b.t.TransitionExecutorImpl - Translating to SMT
2026-04-27T11:59:21,476 [main] DEBUG a.f.a.t.b.SeqModelChecker - Step 1: Transition #43. Is it enabled?
2026-04-27T11:59:21,478 [main] INFO  a.f.a.t.b.SeqModelChecker - Step 1: Transition #43 is disabled
2026-04-27T11:59:21,478 [main] DEBUG a.f.a.t.b.t.TransitionExecutorImpl - Step #1, transition #44
2026-04-27T11:59:21,478 [main] DEBUG a.f.a.t.b.t.TransitionExecutorImpl - Translating to SMT
2026-04-27T11:59:21,495 [main] DEBUG a.f.a.t.b.SeqModelChecker - Step 1: Transition #44. Is it enabled?
2026-04-27T11:59:21,497 [main] INFO  a.f.a.t.b.SeqModelChecker - Step 1: Transition #44 is disabled
2026-04-27T11:59:21,498 [main] DEBUG a.f.a.t.b.t.TransitionExecutorImpl - Step #1, transition #45
2026-04-27T11:59:21,498 [main] DEBUG a.f.a.t.b.t.TransitionExecutorImpl - Translating to SMT
2026-04-27T11:59:21,517 [main] DEBUG a.f.a.t.b.SeqModelChecker - Step 1: Transition #45. Is it enabled?
2026-04-27T11:59:21,519 [main] INFO  a.f.a.t.b.SeqModelChecker - Step 1: Transition #45 is disabled
2026-04-27T11:59:21,519 [main] DEBUG a.f.a.t.b.t.TransitionExecutorImpl - Step #1, transition #46
2026-04-27T11:59:21,519 [main] DEBUG a.f.a.t.b.t.TransitionExecutorImpl - Translating to SMT
2026-04-27T11:59:21,542 [main] DEBUG a.f.a.t.b.SeqModelChecker - Step 1: Transition #46. Is it enabled?
2026-04-27T11:59:21,544 [main] INFO  a.f.a.t.b.SeqModelChecker - Step 1: Transition #46 is disabled
2026-04-27T11:59:21,544 [main] DEBUG a.f.a.t.b.t.TransitionExecutorImpl - Step #1, transition #47
2026-04-27T11:59:21,544 [main] DEBUG a.f.a.t.b.t.TransitionExecutorImpl - Translating to SMT
2026-04-27T11:59:21,568 [main] DEBUG a.f.a.t.b.SeqModelChecker - Step 1: Transition #47. Is it enabled?
2026-04-27T11:59:21,570 [main] INFO  a.f.a.t.b.SeqModelChecker - Step 1: Transition #47 is disabled
2026-04-27T11:59:21,570 [main] DEBUG a.f.a.t.b.t.TransitionExecutorImpl - Step #1, transition #48
2026-04-27T11:59:21,570 [main] DEBUG a.f.a.t.b.t.TransitionExecutorImpl - Translating to SMT
2026-04-27T11:59:21,597 [main] DEBUG a.f.a.t.b.SeqModelChecker - Step 1: Transition #48. Is it enabled?
2026-04-27T11:59:21,599 [main] INFO  a.f.a.t.b.SeqModelChecker - Step 1: Transition #48 is disabled
2026-04-27T11:59:21,599 [main] DEBUG a.f.a.t.b.t.TransitionExecutorImpl - Step #1, transition #49
2026-04-27T11:59:21,600 [main] DEBUG a.f.a.t.b.t.TransitionExecutorImpl - Translating to SMT
2026-04-27T11:59:21,625 [main] DEBUG a.f.a.t.b.SeqModelChecker - Step 1: Transition #49. Is it enabled?
2026-04-27T11:59:21,627 [main] INFO  a.f.a.t.b.SeqModelChecker - Step 1: Transition #49 is disabled
2026-04-27T11:59:21,628 [main] DEBUG a.f.a.t.b.t.TransitionExecutorImpl - Step #1, transition #50
2026-04-27T11:59:21,628 [main] DEBUG a.f.a.t.b.t.TransitionExecutorImpl - Translating to SMT
2026-04-27T11:59:21,639 [main] DEBUG a.f.a.t.b.SeqModelChecker - Step 1: Transition #50. Is it enabled?
2026-04-27T11:59:21,640 [main] INFO  a.f.a.t.b.SeqModelChecker - Step 1: Transition #50 is disabled
2026-04-27T11:59:21,641 [main] DEBUG a.f.a.t.b.t.TransitionExecutorImpl - Step #1, transition #51
2026-04-27T11:59:21,641 [main] DEBUG a.f.a.t.b.t.TransitionExecutorImpl - Translating to SMT
2026-04-27T11:59:21,663 [main] DEBUG a.f.a.t.b.SeqModelChecker - Step 1: Transition #51. Is it enabled?
2026-04-27T11:59:21,665 [main] INFO  a.f.a.t.b.SeqModelChecker - Step 1: Transition #51 is disabled
2026-04-27T11:59:21,666 [main] DEBUG a.f.a.t.b.t.TransitionExecutorImpl - Step #1, transition #52
2026-04-27T11:59:21,666 [main] DEBUG a.f.a.t.b.t.TransitionExecutorImpl - Translating to SMT
2026-04-27T11:59:21,691 [main] DEBUG a.f.a.t.b.SeqModelChecker - Step 1: Transition #52. Is it enabled?
2026-04-27T11:59:21,693 [main] INFO  a.f.a.t.b.SeqModelChecker - Step 1: Transition #52 is disabled
2026-04-27T11:59:21,694 [main] DEBUG a.f.a.t.b.t.TransitionExecutorImpl - Step #1, transition #53
2026-04-27T11:59:21,694 [main] DEBUG a.f.a.t.b.t.TransitionExecutorImpl - Translating to SMT
2026-04-27T11:59:21,718 [main] DEBUG a.f.a.t.b.SeqModelChecker - Step 1: Transition #53. Is it enabled?
2026-04-27T11:59:21,721 [main] INFO  a.f.a.t.b.SeqModelChecker - Step 1: Transition #53 is disabled
2026-04-27T11:59:21,722 [main] DEBUG a.f.a.t.b.t.TransitionExecutorImpl - Step #1, transition #54
2026-04-27T11:59:21,722 [main] DEBUG a.f.a.t.b.t.TransitionExecutorImpl - Translating to SMT
2026-04-27T11:59:21,743 [main] DEBUG a.f.a.t.b.SeqModelChecker - Step 1: Transition #54. Is it enabled?
2026-04-27T11:59:21,745 [main] INFO  a.f.a.t.b.SeqModelChecker - Step 1: Transition #54 is disabled
2026-04-27T11:59:21,745 [main] DEBUG a.f.a.t.b.t.TransitionExecutorImpl - Step #1, transition #55
2026-04-27T11:59:21,745 [main] DEBUG a.f.a.t.b.t.TransitionExecutorImpl - Translating to SMT
2026-04-27T11:59:21,749 [main] DEBUG a.f.a.t.b.t.TransitionExecutorImpl - Transition 55 produces partial assignment. Disabled.
2026-04-27T11:59:21,749 [main] DEBUG a.f.a.t.b.t.TransitionExecutorImpl - Step #1, transition #56
2026-04-27T11:59:21,749 [main] DEBUG a.f.a.t.b.t.TransitionExecutorImpl - Translating to SMT
2026-04-27T11:59:21,754 [main] DEBUG a.f.a.t.b.SeqModelChecker - Step 1: Transition #56. Is it enabled?
2026-04-27T11:59:21,755 [main] INFO  a.f.a.t.b.SeqModelChecker - Step 1: Transition #56 is disabled
2026-04-27T11:59:21,755 [main] DEBUG a.f.a.t.b.t.TransitionExecutorImpl - Step #1, transition #57
2026-04-27T11:59:21,755 [main] DEBUG a.f.a.t.b.t.TransitionExecutorImpl - Translating to SMT
2026-04-27T11:59:21,758 [main] DEBUG a.f.a.t.b.t.TransitionExecutorImpl - Transition 57 produces partial assignment. Disabled.
2026-04-27T11:59:21,759 [main] DEBUG a.f.a.t.b.t.TransitionExecutorImpl - Step #1, transition #58
2026-04-27T11:59:21,759 [main] DEBUG a.f.a.t.b.t.TransitionExecutorImpl - Translating to SMT
2026-04-27T11:59:21,763 [main] DEBUG a.f.a.t.b.SeqModelChecker - Step 1: Transition #58. Is it enabled?
2026-04-27T11:59:21,763 [main] INFO  a.f.a.t.b.SeqModelChecker - Step 1: Transition #58 is disabled
2026-04-27T11:59:21,764 [main] DEBUG a.f.a.t.b.t.TransitionExecutorImpl - Step #1, transition #59
2026-04-27T11:59:21,764 [main] DEBUG a.f.a.t.b.t.TransitionExecutorImpl - Translating to SMT
2026-04-27T11:59:21,767 [main] DEBUG a.f.a.t.b.t.TransitionExecutorImpl - Transition 59 produces partial assignment. Disabled.
2026-04-27T11:59:21,768 [main] DEBUG a.f.a.t.b.t.TransitionExecutorImpl - Step #1, transition #60
2026-04-27T11:59:21,768 [main] DEBUG a.f.a.t.b.t.TransitionExecutorImpl - Translating to SMT
2026-04-27T11:59:21,773 [main] DEBUG a.f.a.t.b.SeqModelChecker - Step 1: Transition #60. Is it enabled?
2026-04-27T11:59:21,774 [main] INFO  a.f.a.t.b.SeqModelChecker - Step 1: Transition #60 is disabled
2026-04-27T11:59:21,774 [main] DEBUG a.f.a.t.b.t.TransitionExecutorImpl - Step #1, transition #61
2026-04-27T11:59:21,774 [main] DEBUG a.f.a.t.b.t.TransitionExecutorImpl - Translating to SMT
2026-04-27T11:59:21,778 [main] DEBUG a.f.a.t.b.t.TransitionExecutorImpl - Transition 61 produces partial assignment. Disabled.
2026-04-27T11:59:21,779 [main] DEBUG a.f.a.t.b.t.TransitionExecutorImpl - Step #1, transition #62
2026-04-27T11:59:21,779 [main] DEBUG a.f.a.t.b.t.TransitionExecutorImpl - Translating to SMT
2026-04-27T11:59:21,783 [main] DEBUG a.f.a.t.b.SeqModelChecker - Step 1: Transition #62. Is it enabled?
2026-04-27T11:59:21,784 [main] INFO  a.f.a.t.b.SeqModelChecker - Step 1: Transition #62 is disabled
2026-04-27T11:59:21,785 [main] DEBUG a.f.a.t.b.t.TransitionExecutorImpl - Step #1, transition #63
2026-04-27T11:59:21,785 [main] DEBUG a.f.a.t.b.t.TransitionExecutorImpl - Translating to SMT
2026-04-27T11:59:21,789 [main] DEBUG a.f.a.t.b.SeqModelChecker - Step 1: Transition #63. Is it enabled?
2026-04-27T11:59:21,790 [main] INFO  a.f.a.t.b.SeqModelChecker - Step 1: Transition #63 is disabled
2026-04-27T11:59:21,790 [main] DEBUG a.f.a.t.b.t.TransitionExecutorImpl - Step #1, transition #64
2026-04-27T11:59:21,790 [main] DEBUG a.f.a.t.b.t.TransitionExecutorImpl - Translating to SMT
2026-04-27T11:59:21,794 [main] DEBUG a.f.a.t.b.SeqModelChecker - Step 1: Transition #64. Is it enabled?
2026-04-27T11:59:21,795 [main] INFO  a.f.a.t.b.SeqModelChecker - Step 1: Transition #64 is disabled
2026-04-27T11:59:21,796 [main] DEBUG a.f.a.t.b.t.TransitionExecutorImpl - Step #1, transition #65
2026-04-27T11:59:21,796 [main] DEBUG a.f.a.t.b.t.TransitionExecutorImpl - Translating to SMT
2026-04-27T11:59:21,800 [main] DEBUG a.f.a.t.b.SeqModelChecker - Step 1: Transition #65. Is it enabled?
2026-04-27T11:59:21,800 [main] INFO  a.f.a.t.b.SeqModelChecker - Step 1: Transition #65 is disabled
2026-04-27T11:59:21,801 [main] DEBUG a.f.a.t.b.t.TransitionExecutorImpl - Step #1, transition #66
2026-04-27T11:59:21,801 [main] DEBUG a.f.a.t.b.t.TransitionExecutorImpl - Translating to SMT
2026-04-27T11:59:21,825 [main] DEBUG a.f.a.t.b.SeqModelChecker - Step 1: Transition #66. Is it enabled?
2026-04-27T11:59:21,827 [main] INFO  a.f.a.t.b.SeqModelChecker - Step 1: Transition #66 is disabled
2026-04-27T11:59:21,827 [main] DEBUG a.f.a.t.b.t.TransitionExecutorImpl - Step #1, transition #67
2026-04-27T11:59:21,827 [main] DEBUG a.f.a.t.b.t.TransitionExecutorImpl - Translating to SMT
2026-04-27T11:59:21,875 [main] DEBUG a.f.a.t.b.SeqModelChecker - Step 1: Transition #67. Is it enabled?
2026-04-27T11:59:21,877 [main] INFO  a.f.a.t.b.SeqModelChecker - Step 1: Transition #67 is disabled
2026-04-27T11:59:21,878 [main] DEBUG a.f.a.t.b.t.TransitionExecutorImpl - Step #1, transition #68
2026-04-27T11:59:21,878 [main] DEBUG a.f.a.t.b.t.TransitionExecutorImpl - Translating to SMT
2026-04-27T11:59:21,882 [main] DEBUG a.f.a.t.b.SeqModelChecker - Step 1: Transition #68. Is it enabled?
2026-04-27T11:59:21,883 [main] INFO  a.f.a.t.b.SeqModelChecker - Step 1: Transition #68 is disabled
2026-04-27T11:59:21,884 [main] DEBUG a.f.a.t.b.t.TransitionExecutorImpl - Step #1, transition #69
2026-04-27T11:59:21,884 [main] DEBUG a.f.a.t.b.t.TransitionExecutorImpl - Translating to SMT
2026-04-27T11:59:21,888 [main] DEBUG a.f.a.t.b.SeqModelChecker - Step 1: Transition #69. Is it enabled?
2026-04-27T11:59:21,889 [main] INFO  a.f.a.t.b.SeqModelChecker - Step 1: Transition #69 is disabled
2026-04-27T11:59:21,889 [main] INFO  a.f.a.t.b.t.TransitionExecutorImpl - Step 1: picking a transition out of 1 transition(s)
2026-04-27T11:59:21,889 [main] DEBUG a.f.a.t.b.t.TransitionExecutorImpl - Step #2, transition #0
2026-04-27T11:59:21,889 [main] DEBUG a.f.a.t.b.t.TransitionExecutorImpl - Translating to SMT
2026-04-27T11:59:21,921 [main] DEBUG a.f.a.t.b.SeqModelChecker - Step 2: Transition #0. Is it enabled?
2026-04-27T11:59:21,931 [main] DEBUG a.f.a.t.b.SeqModelChecker - Step 2: Transition #0 is enabled
2026-04-27T11:59:21,931 [main] INFO  a.f.a.t.b.SeqModelChecker - State 2: Checking 2 state invariants
2026-04-27T11:59:21,931 [main] DEBUG a.f.a.t.b.SeqModelChecker - State 2: Checking state invariant 0
2026-04-27T11:59:21,941 [main] INFO  a.f.a.t.b.SeqModelChecker - State 2: state invariant 0 holds.
2026-04-27T11:59:21,942 [main] DEBUG a.f.a.t.b.SeqModelChecker - State 2: Checking state invariant 1
2026-04-27T11:59:21,953 [main] INFO  a.f.a.t.b.SeqModelChecker - State 2: state invariant 1 holds.
2026-04-27T11:59:21,954 [main] DEBUG a.f.a.t.b.t.TransitionExecutorImpl - Step #2, transition #1
2026-04-27T11:59:21,954 [main] DEBUG a.f.a.t.b.t.TransitionExecutorImpl - Translating to SMT
2026-04-27T11:59:21,976 [main] DEBUG a.f.a.t.b.SeqModelChecker - Step 2: Transition #1. Is it enabled?
2026-04-27T11:59:21,978 [main] INFO  a.f.a.t.b.SeqModelChecker - Step 2: Transition #1 is disabled
2026-04-27T11:59:21,979 [main] DEBUG a.f.a.t.b.t.TransitionExecutorImpl - Step #2, transition #2
2026-04-27T11:59:21,979 [main] DEBUG a.f.a.t.b.t.TransitionExecutorImpl - Translating to SMT
2026-04-27T11:59:22,001 [main] DEBUG a.f.a.t.b.SeqModelChecker - Step 2: Transition #2. Is it enabled?
2026-04-27T11:59:22,003 [main] INFO  a.f.a.t.b.SeqModelChecker - Step 2: Transition #2 is disabled
2026-04-27T11:59:22,004 [main] DEBUG a.f.a.t.b.t.TransitionExecutorImpl - Step #2, transition #3
2026-04-27T11:59:22,004 [main] DEBUG a.f.a.t.b.t.TransitionExecutorImpl - Translating to SMT
2026-04-27T11:59:22,007 [main] DEBUG a.f.a.t.b.t.TransitionExecutorImpl - Transition 3 produces partial assignment. Disabled.
2026-04-27T11:59:22,007 [main] DEBUG a.f.a.t.b.t.TransitionExecutorImpl - Step #2, transition #4
2026-04-27T11:59:22,007 [main] DEBUG a.f.a.t.b.t.TransitionExecutorImpl - Translating to SMT
2026-04-27T11:59:22,010 [main] DEBUG a.f.a.t.b.t.TransitionExecutorImpl - Transition 4 produces partial assignment. Disabled.
2026-04-27T11:59:22,010 [main] DEBUG a.f.a.t.b.t.TransitionExecutorImpl - Step #2, transition #5
2026-04-27T11:59:22,010 [main] DEBUG a.f.a.t.b.t.TransitionExecutorImpl - Translating to SMT
2026-04-27T11:59:22,028 [main] DEBUG a.f.a.t.b.SeqModelChecker - Step 2: Transition #5. Is it enabled?
2026-04-27T11:59:22,030 [main] INFO  a.f.a.t.b.SeqModelChecker - Step 2: Transition #5 is disabled
2026-04-27T11:59:22,031 [main] DEBUG a.f.a.t.b.t.TransitionExecutorImpl - Step #2, transition #6
2026-04-27T11:59:22,031 [main] DEBUG a.f.a.t.b.t.TransitionExecutorImpl - Translating to SMT
2026-04-27T11:59:22,049 [main] DEBUG a.f.a.t.b.SeqModelChecker - Step 2: Transition #6. Is it enabled?
2026-04-27T11:59:22,051 [main] INFO  a.f.a.t.b.SeqModelChecker - Step 2: Transition #6 is disabled
2026-04-27T11:59:22,052 [main] DEBUG a.f.a.t.b.t.TransitionExecutorImpl - Step #2, transition #7
2026-04-27T11:59:22,052 [main] DEBUG a.f.a.t.b.t.TransitionExecutorImpl - Translating to SMT
2026-04-27T11:59:22,054 [main] DEBUG a.f.a.t.b.t.TransitionExecutorImpl - Transition 7 produces partial assignment. Disabled.
2026-04-27T11:59:22,055 [main] DEBUG a.f.a.t.b.t.TransitionExecutorImpl - Step #2, transition #8
2026-04-27T11:59:22,055 [main] DEBUG a.f.a.t.b.t.TransitionExecutorImpl - Translating to SMT
2026-04-27T11:59:22,057 [main] DEBUG a.f.a.t.b.t.TransitionExecutorImpl - Transition 8 produces partial assignment. Disabled.
2026-04-27T11:59:22,058 [main] DEBUG a.f.a.t.b.t.TransitionExecutorImpl - Step #2, transition #9
2026-04-27T11:59:22,058 [main] DEBUG a.f.a.t.b.t.TransitionExecutorImpl - Translating to SMT
2026-04-27T11:59:22,079 [main] DEBUG a.f.a.t.b.SeqModelChecker - Step 2: Transition #9. Is it enabled?
2026-04-27T11:59:22,081 [main] INFO  a.f.a.t.b.SeqModelChecker - Step 2: Transition #9 is disabled
2026-04-27T11:59:22,081 [main] DEBUG a.f.a.t.b.t.TransitionExecutorImpl - Step #2, transition #10
2026-04-27T11:59:22,082 [main] DEBUG a.f.a.t.b.t.TransitionExecutorImpl - Translating to SMT
2026-04-27T11:59:22,099 [main] DEBUG a.f.a.t.b.SeqModelChecker - Step 2: Transition #10. Is it enabled?
2026-04-27T11:59:22,101 [main] INFO  a.f.a.t.b.SeqModelChecker - Step 2: Transition #10 is disabled
2026-04-27T11:59:22,102 [main] DEBUG a.f.a.t.b.t.TransitionExecutorImpl - Step #2, transition #11
2026-04-27T11:59:22,102 [main] DEBUG a.f.a.t.b.t.TransitionExecutorImpl - Translating to SMT
2026-04-27T11:59:22,114 [main] DEBUG a.f.a.t.b.SeqModelChecker - Step 2: Transition #11. Is it enabled?
2026-04-27T11:59:22,115 [main] INFO  a.f.a.t.b.SeqModelChecker - Step 2: Transition #11 is disabled
2026-04-27T11:59:22,116 [main] DEBUG a.f.a.t.b.t.TransitionExecutorImpl - Step #2, transition #12
2026-04-27T11:59:22,116 [main] DEBUG a.f.a.t.b.t.TransitionExecutorImpl - Translating to SMT
2026-04-27T11:59:22,153 [main] DEBUG a.f.a.t.b.SeqModelChecker - Step 2: Transition #12. Is it enabled?
2026-04-27T11:59:22,157 [main] INFO  a.f.a.t.b.SeqModelChecker - Step 2: Transition #12 is disabled
2026-04-27T11:59:22,159 [main] DEBUG a.f.a.t.b.t.TransitionExecutorImpl - Step #2, transition #13
2026-04-27T11:59:22,159 [main] DEBUG a.f.a.t.b.t.TransitionExecutorImpl - Translating to SMT
2026-04-27T11:59:22,198 [main] DEBUG a.f.a.t.b.SeqModelChecker - Step 2: Transition #13. Is it enabled?
2026-04-27T11:59:22,202 [main] INFO  a.f.a.t.b.SeqModelChecker - Step 2: Transition #13 is disabled
2026-04-27T11:59:22,203 [main] DEBUG a.f.a.t.b.t.TransitionExecutorImpl - Step #2, transition #14
2026-04-27T11:59:22,203 [main] DEBUG a.f.a.t.b.t.TransitionExecutorImpl - Translating to SMT
2026-04-27T11:59:22,266 [main] DEBUG a.f.a.t.b.SeqModelChecker - Step 2: Transition #14. Is it enabled?
2026-04-27T11:59:22,271 [main] INFO  a.f.a.t.b.SeqModelChecker - Step 2: Transition #14 is disabled
2026-04-27T11:59:22,272 [main] DEBUG a.f.a.t.b.t.TransitionExecutorImpl - Step #2, transition #15
2026-04-27T11:59:22,272 [main] DEBUG a.f.a.t.b.t.TransitionExecutorImpl - Translating to SMT
2026-04-27T11:59:22,312 [main] DEBUG a.f.a.t.b.SeqModelChecker - Step 2: Transition #15. Is it enabled?
2026-04-27T11:59:22,316 [main] INFO  a.f.a.t.b.SeqModelChecker - Step 2: Transition #15 is disabled
2026-04-27T11:59:22,317 [main] DEBUG a.f.a.t.b.t.TransitionExecutorImpl - Step #2, transition #16
2026-04-27T11:59:22,317 [main] DEBUG a.f.a.t.b.t.TransitionExecutorImpl - Translating to SMT
2026-04-27T11:59:22,337 [main] DEBUG a.f.a.t.b.SeqModelChecker - Step 2: Transition #16. Is it enabled?
2026-04-27T11:59:22,339 [main] INFO  a.f.a.t.b.SeqModelChecker - Step 2: Transition #16 is disabled
2026-04-27T11:59:22,339 [main] DEBUG a.f.a.t.b.t.TransitionExecutorImpl - Step #2, transition #17
2026-04-27T11:59:22,339 [main] DEBUG a.f.a.t.b.t.TransitionExecutorImpl - Translating to SMT
2026-04-27T11:59:22,367 [main] DEBUG a.f.a.t.b.SeqModelChecker - Step 2: Transition #17. Is it enabled?
2026-04-27T11:59:22,370 [main] INFO  a.f.a.t.b.SeqModelChecker - Step 2: Transition #17 is disabled
2026-04-27T11:59:22,371 [main] DEBUG a.f.a.t.b.t.TransitionExecutorImpl - Step #2, transition #18
2026-04-27T11:59:22,371 [main] DEBUG a.f.a.t.b.t.TransitionExecutorImpl - Translating to SMT
2026-04-27T11:59:22,380 [main] DEBUG a.f.a.t.b.t.TransitionExecutorImpl - Transition 18 produces partial assignment. Disabled.
2026-04-27T11:59:22,381 [main] DEBUG a.f.a.t.b.t.TransitionExecutorImpl - Step #2, transition #19
2026-04-27T11:59:22,381 [main] DEBUG a.f.a.t.b.t.TransitionExecutorImpl - Translating to SMT
2026-04-27T11:59:22,386 [main] DEBUG a.f.a.t.b.t.TransitionExecutorImpl - Transition 19 produces partial assignment. Disabled.
2026-04-27T11:59:22,386 [main] DEBUG a.f.a.t.b.t.TransitionExecutorImpl - Step #2, transition #20
2026-04-27T11:59:22,386 [main] DEBUG a.f.a.t.b.t.TransitionExecutorImpl - Translating to SMT
2026-04-27T11:59:22,392 [main] DEBUG a.f.a.t.b.t.TransitionExecutorImpl - Transition 20 produces partial assignment. Disabled.
2026-04-27T11:59:22,392 [main] DEBUG a.f.a.t.b.t.TransitionExecutorImpl - Step #2, transition #21
2026-04-27T11:59:22,392 [main] DEBUG a.f.a.t.b.t.TransitionExecutorImpl - Translating to SMT
2026-04-27T11:59:22,425 [main] DEBUG a.f.a.t.b.SeqModelChecker - Step 2: Transition #21. Is it enabled?
2026-04-27T11:59:22,429 [main] INFO  a.f.a.t.b.SeqModelChecker - Step 2: Transition #21 is disabled
2026-04-27T11:59:22,430 [main] DEBUG a.f.a.t.b.t.TransitionExecutorImpl - Step #2, transition #22
2026-04-27T11:59:22,430 [main] DEBUG a.f.a.t.b.t.TransitionExecutorImpl - Translating to SMT
2026-04-27T11:59:22,443 [main] DEBUG a.f.a.t.b.t.TransitionExecutorImpl - Transition 22 produces partial assignment. Disabled.
2026-04-27T11:59:22,444 [main] DEBUG a.f.a.t.b.t.TransitionExecutorImpl - Step #2, transition #23
2026-04-27T11:59:22,444 [main] DEBUG a.f.a.t.b.t.TransitionExecutorImpl - Translating to SMT
2026-04-27T11:59:22,449 [main] DEBUG a.f.a.t.b.t.TransitionExecutorImpl - Transition 23 produces partial assignment. Disabled.
2026-04-27T11:59:22,450 [main] DEBUG a.f.a.t.b.t.TransitionExecutorImpl - Step #2, transition #24
2026-04-27T11:59:22,450 [main] DEBUG a.f.a.t.b.t.TransitionExecutorImpl - Translating to SMT
2026-04-27T11:59:22,476 [main] DEBUG a.f.a.t.b.SeqModelChecker - Step 2: Transition #24. Is it enabled?
2026-04-27T11:59:22,479 [main] INFO  a.f.a.t.b.SeqModelChecker - Step 2: Transition #24 is disabled
2026-04-27T11:59:22,479 [main] DEBUG a.f.a.t.b.t.TransitionExecutorImpl - Step #2, transition #25
2026-04-27T11:59:22,480 [main] DEBUG a.f.a.t.b.t.TransitionExecutorImpl - Translating to SMT
2026-04-27T11:59:22,485 [main] DEBUG a.f.a.t.b.t.TransitionExecutorImpl - Transition 25 produces partial assignment. Disabled.
2026-04-27T11:59:22,485 [main] DEBUG a.f.a.t.b.t.TransitionExecutorImpl - Step #2, transition #26
2026-04-27T11:59:22,485 [main] DEBUG a.f.a.t.b.t.TransitionExecutorImpl - Translating to SMT
2026-04-27T11:59:22,537 [main] DEBUG a.f.a.t.b.SeqModelChecker - Step 2: Transition #26. Is it enabled?
2026-04-27T11:59:22,540 [main] INFO  a.f.a.t.b.SeqModelChecker - Step 2: Transition #26 is disabled
2026-04-27T11:59:22,541 [main] DEBUG a.f.a.t.b.t.TransitionExecutorImpl - Step #2, transition #27
2026-04-27T11:59:22,541 [main] DEBUG a.f.a.t.b.t.TransitionExecutorImpl - Translating to SMT
2026-04-27T11:59:22,560 [main] DEBUG a.f.a.t.b.SeqModelChecker - Step 2: Transition #27. Is it enabled?
2026-04-27T11:59:22,562 [main] INFO  a.f.a.t.b.SeqModelChecker - Step 2: Transition #27 is disabled
2026-04-27T11:59:22,562 [main] DEBUG a.f.a.t.b.t.TransitionExecutorImpl - Step #2, transition #28
2026-04-27T11:59:22,562 [main] DEBUG a.f.a.t.b.t.TransitionExecutorImpl - Translating to SMT
2026-04-27T11:59:22,615 [main] DEBUG a.f.a.t.b.SeqModelChecker - Step 2: Transition #28. Is it enabled?
2026-04-27T11:59:22,620 [main] INFO  a.f.a.t.b.SeqModelChecker - Step 2: Transition #28 is disabled
2026-04-27T11:59:22,621 [main] DEBUG a.f.a.t.b.t.TransitionExecutorImpl - Step #2, transition #29
2026-04-27T11:59:22,621 [main] DEBUG a.f.a.t.b.t.TransitionExecutorImpl - Translating to SMT
2026-04-27T11:59:22,665 [main] DEBUG a.f.a.t.b.SeqModelChecker - Step 2: Transition #29. Is it enabled?
2026-04-27T11:59:22,670 [main] INFO  a.f.a.t.b.SeqModelChecker - Step 2: Transition #29 is disabled
2026-04-27T11:59:22,671 [main] DEBUG a.f.a.t.b.t.TransitionExecutorImpl - Step #2, transition #30
2026-04-27T11:59:22,671 [main] DEBUG a.f.a.t.b.t.TransitionExecutorImpl - Translating to SMT
2026-04-27T11:59:22,709 [main] DEBUG a.f.a.t.b.SeqModelChecker - Step 2: Transition #30. Is it enabled?
2026-04-27T11:59:22,722 [main] DEBUG a.f.a.t.b.SeqModelChecker - Step 2: Transition #30 is enabled
2026-04-27T11:59:22,723 [main] DEBUG a.f.a.t.b.t.TransitionExecutorImpl - Step #2, transition #31
2026-04-27T11:59:22,723 [main] DEBUG a.f.a.t.b.t.TransitionExecutorImpl - Translating to SMT
2026-04-27T11:59:22,761 [main] DEBUG a.f.a.t.b.SeqModelChecker - Step 2: Transition #31. Is it enabled?
2026-04-27T11:59:22,769 [main] INFO  a.f.a.t.b.SeqModelChecker - Step 2: Transition #31 is disabled
2026-04-27T11:59:22,770 [main] DEBUG a.f.a.t.b.t.TransitionExecutorImpl - Step #2, transition #32
2026-04-27T11:59:22,770 [main] DEBUG a.f.a.t.b.t.TransitionExecutorImpl - Translating to SMT
2026-04-27T11:59:22,810 [main] DEBUG a.f.a.t.b.SeqModelChecker - Step 2: Transition #32. Is it enabled?
2026-04-27T11:59:22,815 [main] INFO  a.f.a.t.b.SeqModelChecker - Step 2: Transition #32 is disabled
2026-04-27T11:59:22,816 [main] DEBUG a.f.a.t.b.t.TransitionExecutorImpl - Step #2, transition #33
2026-04-27T11:59:22,816 [main] DEBUG a.f.a.t.b.t.TransitionExecutorImpl - Translating to SMT
2026-04-27T11:59:22,855 [main] DEBUG a.f.a.t.b.SeqModelChecker - Step 2: Transition #33. Is it enabled?
2026-04-27T11:59:22,860 [main] INFO  a.f.a.t.b.SeqModelChecker - Step 2: Transition #33 is disabled
2026-04-27T11:59:22,861 [main] DEBUG a.f.a.t.b.t.TransitionExecutorImpl - Step #2, transition #34
2026-04-27T11:59:22,861 [main] DEBUG a.f.a.t.b.t.TransitionExecutorImpl - Translating to SMT
2026-04-27T11:59:22,901 [main] DEBUG a.f.a.t.b.SeqModelChecker - Step 2: Transition #34. Is it enabled?
2026-04-27T11:59:22,909 [main] INFO  a.f.a.t.b.SeqModelChecker - Step 2: Transition #34 is disabled
2026-04-27T11:59:22,910 [main] DEBUG a.f.a.t.b.t.TransitionExecutorImpl - Step #2, transition #35
2026-04-27T11:59:22,910 [main] DEBUG a.f.a.t.b.t.TransitionExecutorImpl - Translating to SMT
2026-04-27T11:59:22,947 [main] DEBUG a.f.a.t.b.SeqModelChecker - Step 2: Transition #35. Is it enabled?
2026-04-27T11:59:22,955 [main] INFO  a.f.a.t.b.SeqModelChecker - Step 2: Transition #35 is disabled
2026-04-27T11:59:22,956 [main] DEBUG a.f.a.t.b.t.TransitionExecutorImpl - Step #2, transition #36
2026-04-27T11:59:22,956 [main] DEBUG a.f.a.t.b.t.TransitionExecutorImpl - Translating to SMT
2026-04-27T11:59:22,966 [main] DEBUG a.f.a.t.b.t.TransitionExecutorImpl - Transition 36 produces partial assignment. Disabled.
2026-04-27T11:59:22,967 [main] DEBUG a.f.a.t.b.t.TransitionExecutorImpl - Step #2, transition #37
2026-04-27T11:59:22,967 [main] DEBUG a.f.a.t.b.t.TransitionExecutorImpl - Translating to SMT
2026-04-27T11:59:23,034 [main] DEBUG a.f.a.t.b.SeqModelChecker - Step 2: Transition #37. Is it enabled?
2026-04-27T11:59:23,037 [main] INFO  a.f.a.t.b.SeqModelChecker - Step 2: Transition #37 is disabled
2026-04-27T11:59:23,038 [main] DEBUG a.f.a.t.b.t.TransitionExecutorImpl - Step #2, transition #38
2026-04-27T11:59:23,038 [main] DEBUG a.f.a.t.b.t.TransitionExecutorImpl - Translating to SMT
2026-04-27T11:59:23,046 [main] DEBUG a.f.a.t.b.t.TransitionExecutorImpl - Transition 38 produces partial assignment. Disabled.
2026-04-27T11:59:23,047 [main] DEBUG a.f.a.t.b.t.TransitionExecutorImpl - Step #2, transition #39
2026-04-27T11:59:23,047 [main] DEBUG a.f.a.t.b.t.TransitionExecutorImpl - Translating to SMT
2026-04-27T11:59:23,075 [main] DEBUG a.f.a.t.b.SeqModelChecker - Step 2: Transition #39. Is it enabled?
2026-04-27T11:59:23,078 [main] INFO  a.f.a.t.b.SeqModelChecker - Step 2: Transition #39 is disabled
2026-04-27T11:59:23,079 [main] DEBUG a.f.a.t.b.t.TransitionExecutorImpl - Step #2, transition #40
2026-04-27T11:59:23,079 [main] DEBUG a.f.a.t.b.t.TransitionExecutorImpl - Translating to SMT
2026-04-27T11:59:23,089 [main] DEBUG a.f.a.t.b.t.TransitionExecutorImpl - Transition 40 produces partial assignment. Disabled.
2026-04-27T11:59:23,090 [main] DEBUG a.f.a.t.b.t.TransitionExecutorImpl - Step #2, transition #41
2026-04-27T11:59:23,090 [main] DEBUG a.f.a.t.b.t.TransitionExecutorImpl - Translating to SMT
2026-04-27T11:59:23,114 [main] DEBUG a.f.a.t.b.SeqModelChecker - Step 2: Transition #41. Is it enabled?
2026-04-27T11:59:23,117 [main] INFO  a.f.a.t.b.SeqModelChecker - Step 2: Transition #41 is disabled
2026-04-27T11:59:23,117 [main] DEBUG a.f.a.t.b.t.TransitionExecutorImpl - Step #2, transition #42
2026-04-27T11:59:23,118 [main] DEBUG a.f.a.t.b.t.TransitionExecutorImpl - Translating to SMT
2026-04-27T11:59:23,127 [main] DEBUG a.f.a.t.b.t.TransitionExecutorImpl - Transition 42 produces partial assignment. Disabled.
2026-04-27T11:59:23,128 [main] DEBUG a.f.a.t.b.t.TransitionExecutorImpl - Step #2, transition #43
2026-04-27T11:59:23,128 [main] DEBUG a.f.a.t.b.t.TransitionExecutorImpl - Translating to SMT
2026-04-27T11:59:23,152 [main] DEBUG a.f.a.t.b.SeqModelChecker - Step 2: Transition #43. Is it enabled?
2026-04-27T11:59:23,155 [main] INFO  a.f.a.t.b.SeqModelChecker - Step 2: Transition #43 is disabled
2026-04-27T11:59:23,155 [main] DEBUG a.f.a.t.b.t.TransitionExecutorImpl - Step #2, transition #44
2026-04-27T11:59:23,155 [main] DEBUG a.f.a.t.b.t.TransitionExecutorImpl - Translating to SMT
2026-04-27T11:59:23,193 [main] DEBUG a.f.a.t.b.SeqModelChecker - Step 2: Transition #44. Is it enabled?
2026-04-27T11:59:23,196 [main] INFO  a.f.a.t.b.SeqModelChecker - Step 2: Transition #44 is disabled
2026-04-27T11:59:23,197 [main] DEBUG a.f.a.t.b.t.TransitionExecutorImpl - Step #2, transition #45
2026-04-27T11:59:23,197 [main] DEBUG a.f.a.t.b.t.TransitionExecutorImpl - Translating to SMT
2026-04-27T11:59:23,226 [main] DEBUG a.f.a.t.b.SeqModelChecker - Step 2: Transition #45. Is it enabled?
2026-04-27T11:59:23,229 [main] INFO  a.f.a.t.b.SeqModelChecker - Step 2: Transition #45 is disabled
2026-04-27T11:59:23,230 [main] DEBUG a.f.a.t.b.t.TransitionExecutorImpl - Step #2, transition #46
2026-04-27T11:59:23,231 [main] DEBUG a.f.a.t.b.t.TransitionExecutorImpl - Translating to SMT
2026-04-27T11:59:23,264 [main] DEBUG a.f.a.t.b.SeqModelChecker - Step 2: Transition #46. Is it enabled?
2026-04-27T11:59:23,268 [main] INFO  a.f.a.t.b.SeqModelChecker - Step 2: Transition #46 is disabled
2026-04-27T11:59:23,269 [main] DEBUG a.f.a.t.b.t.TransitionExecutorImpl - Step #2, transition #47
2026-04-27T11:59:23,269 [main] DEBUG a.f.a.t.b.t.TransitionExecutorImpl - Translating to SMT
2026-04-27T11:59:23,336 [main] DEBUG a.f.a.t.b.SeqModelChecker - Step 2: Transition #47. Is it enabled?
2026-04-27T11:59:23,339 [main] INFO  a.f.a.t.b.SeqModelChecker - Step 2: Transition #47 is disabled
2026-04-27T11:59:23,340 [main] DEBUG a.f.a.t.b.t.TransitionExecutorImpl - Step #2, transition #48
2026-04-27T11:59:23,340 [main] DEBUG a.f.a.t.b.t.TransitionExecutorImpl - Translating to SMT
2026-04-27T11:59:23,379 [main] DEBUG a.f.a.t.b.SeqModelChecker - Step 2: Transition #48. Is it enabled?
2026-04-27T11:59:23,383 [main] INFO  a.f.a.t.b.SeqModelChecker - Step 2: Transition #48 is disabled
2026-04-27T11:59:23,384 [main] DEBUG a.f.a.t.b.t.TransitionExecutorImpl - Step #2, transition #49
2026-04-27T11:59:23,384 [main] DEBUG a.f.a.t.b.t.TransitionExecutorImpl - Translating to SMT
2026-04-27T11:59:23,425 [main] DEBUG a.f.a.t.b.SeqModelChecker - Step 2: Transition #49. Is it enabled?
2026-04-27T11:59:23,430 [main] INFO  a.f.a.t.b.SeqModelChecker - Step 2: Transition #49 is disabled
2026-04-27T11:59:23,431 [main] DEBUG a.f.a.t.b.t.TransitionExecutorImpl - Step #2, transition #50
2026-04-27T11:59:23,431 [main] DEBUG a.f.a.t.b.t.TransitionExecutorImpl - Translating to SMT
2026-04-27T11:59:23,456 [main] DEBUG a.f.a.t.b.SeqModelChecker - Step 2: Transition #50. Is it enabled?
2026-04-27T11:59:23,458 [main] INFO  a.f.a.t.b.SeqModelChecker - Step 2: Transition #50 is disabled
2026-04-27T11:59:23,459 [main] DEBUG a.f.a.t.b.t.TransitionExecutorImpl - Step #2, transition #51
2026-04-27T11:59:23,459 [main] DEBUG a.f.a.t.b.t.TransitionExecutorImpl - Translating to SMT
2026-04-27T11:59:23,521 [main] DEBUG a.f.a.t.b.SeqModelChecker - Step 2: Transition #51. Is it enabled?
2026-04-27T11:59:23,524 [main] INFO  a.f.a.t.b.SeqModelChecker - Step 2: Transition #51 is disabled
2026-04-27T11:59:23,526 [main] DEBUG a.f.a.t.b.t.TransitionExecutorImpl - Step #2, transition #52
2026-04-27T11:59:23,526 [main] DEBUG a.f.a.t.b.t.TransitionExecutorImpl - Translating to SMT
2026-04-27T11:59:23,565 [main] DEBUG a.f.a.t.b.SeqModelChecker - Step 2: Transition #52. Is it enabled?
2026-04-27T11:59:23,569 [main] INFO  a.f.a.t.b.SeqModelChecker - Step 2: Transition #52 is disabled
2026-04-27T11:59:23,570 [main] DEBUG a.f.a.t.b.t.TransitionExecutorImpl - Step #2, transition #53
2026-04-27T11:59:23,570 [main] DEBUG a.f.a.t.b.t.TransitionExecutorImpl - Translating to SMT
2026-04-27T11:59:23,598 [main] DEBUG a.f.a.t.b.SeqModelChecker - Step 2: Transition #53. Is it enabled?
2026-04-27T11:59:23,601 [main] INFO  a.f.a.t.b.SeqModelChecker - Step 2: Transition #53 is disabled
2026-04-27T11:59:23,602 [main] DEBUG a.f.a.t.b.t.TransitionExecutorImpl - Step #2, transition #54
2026-04-27T11:59:23,602 [main] DEBUG a.f.a.t.b.t.TransitionExecutorImpl - Translating to SMT
2026-04-27T11:59:23,624 [main] DEBUG a.f.a.t.b.SeqModelChecker - Step 2: Transition #54. Is it enabled?
2026-04-27T11:59:23,626 [main] INFO  a.f.a.t.b.SeqModelChecker - Step 2: Transition #54 is disabled
2026-04-27T11:59:23,627 [main] DEBUG a.f.a.t.b.t.TransitionExecutorImpl - Step #2, transition #55
2026-04-27T11:59:23,627 [main] DEBUG a.f.a.t.b.t.TransitionExecutorImpl - Translating to SMT
2026-04-27T11:59:23,630 [main] DEBUG a.f.a.t.b.t.TransitionExecutorImpl - Transition 55 produces partial assignment. Disabled.
2026-04-27T11:59:23,631 [main] DEBUG a.f.a.t.b.t.TransitionExecutorImpl - Step #2, transition #56
2026-04-27T11:59:23,631 [main] DEBUG a.f.a.t.b.t.TransitionExecutorImpl - Translating to SMT
2026-04-27T11:59:23,673 [main] DEBUG a.f.a.t.b.SeqModelChecker - Step 2: Transition #56. Is it enabled?
2026-04-27T11:59:23,676 [main] INFO  a.f.a.t.b.SeqModelChecker - Step 2: Transition #56 is disabled
2026-04-27T11:59:23,677 [main] DEBUG a.f.a.t.b.t.TransitionExecutorImpl - Step #2, transition #57
2026-04-27T11:59:23,677 [main] DEBUG a.f.a.t.b.t.TransitionExecutorImpl - Translating to SMT
2026-04-27T11:59:23,680 [main] DEBUG a.f.a.t.b.t.TransitionExecutorImpl - Transition 57 produces partial assignment. Disabled.
2026-04-27T11:59:23,681 [main] DEBUG a.f.a.t.b.t.TransitionExecutorImpl - Step #2, transition #58
2026-04-27T11:59:23,681 [main] DEBUG a.f.a.t.b.t.TransitionExecutorImpl - Translating to SMT
2026-04-27T11:59:23,703 [main] DEBUG a.f.a.t.b.SeqModelChecker - Step 2: Transition #58. Is it enabled?
2026-04-27T11:59:23,706 [main] INFO  a.f.a.t.b.SeqModelChecker - Step 2: Transition #58 is disabled
2026-04-27T11:59:23,707 [main] DEBUG a.f.a.t.b.t.TransitionExecutorImpl - Step #2, transition #59
2026-04-27T11:59:23,707 [main] DEBUG a.f.a.t.b.t.TransitionExecutorImpl - Translating to SMT
2026-04-27T11:59:23,711 [main] DEBUG a.f.a.t.b.t.TransitionExecutorImpl - Transition 59 produces partial assignment. Disabled.
2026-04-27T11:59:23,711 [main] DEBUG a.f.a.t.b.t.TransitionExecutorImpl - Step #2, transition #60
2026-04-27T11:59:23,711 [main] DEBUG a.f.a.t.b.t.TransitionExecutorImpl - Translating to SMT
2026-04-27T11:59:23,728 [main] DEBUG a.f.a.t.b.SeqModelChecker - Step 2: Transition #60. Is it enabled?
2026-04-27T11:59:23,730 [main] INFO  a.f.a.t.b.SeqModelChecker - Step 2: Transition #60 is disabled
2026-04-27T11:59:23,731 [main] DEBUG a.f.a.t.b.t.TransitionExecutorImpl - Step #2, transition #61
2026-04-27T11:59:23,731 [main] DEBUG a.f.a.t.b.t.TransitionExecutorImpl - Translating to SMT
2026-04-27T11:59:23,735 [main] DEBUG a.f.a.t.b.t.TransitionExecutorImpl - Transition 61 produces partial assignment. Disabled.
2026-04-27T11:59:23,735 [main] DEBUG a.f.a.t.b.t.TransitionExecutorImpl - Step #2, transition #62
2026-04-27T11:59:23,735 [main] DEBUG a.f.a.t.b.t.TransitionExecutorImpl - Translating to SMT
2026-04-27T11:59:23,752 [main] DEBUG a.f.a.t.b.SeqModelChecker - Step 2: Transition #62. Is it enabled?
2026-04-27T11:59:23,753 [main] INFO  a.f.a.t.b.SeqModelChecker - Step 2: Transition #62 is disabled
2026-04-27T11:59:23,754 [main] DEBUG a.f.a.t.b.t.TransitionExecutorImpl - Step #2, transition #63
2026-04-27T11:59:23,754 [main] DEBUG a.f.a.t.b.t.TransitionExecutorImpl - Translating to SMT
2026-04-27T11:59:23,774 [main] DEBUG a.f.a.t.b.SeqModelChecker - Step 2: Transition #63. Is it enabled?
2026-04-27T11:59:23,775 [main] INFO  a.f.a.t.b.SeqModelChecker - Step 2: Transition #63 is disabled
2026-04-27T11:59:23,776 [main] DEBUG a.f.a.t.b.t.TransitionExecutorImpl - Step #2, transition #64
2026-04-27T11:59:23,776 [main] DEBUG a.f.a.t.b.t.TransitionExecutorImpl - Translating to SMT
2026-04-27T11:59:23,805 [main] DEBUG a.f.a.t.b.SeqModelChecker - Step 2: Transition #64. Is it enabled?
2026-04-27T11:59:23,808 [main] INFO  a.f.a.t.b.SeqModelChecker - Step 2: Transition #64 is disabled
2026-04-27T11:59:23,809 [main] DEBUG a.f.a.t.b.t.TransitionExecutorImpl - Step #2, transition #65
2026-04-27T11:59:23,809 [main] DEBUG a.f.a.t.b.t.TransitionExecutorImpl - Translating to SMT
2026-04-27T11:59:23,823 [main] DEBUG a.f.a.t.b.SeqModelChecker - Step 2: Transition #65. Is it enabled?
2026-04-27T11:59:23,824 [main] INFO  a.f.a.t.b.SeqModelChecker - Step 2: Transition #65 is disabled
2026-04-27T11:59:23,825 [main] DEBUG a.f.a.t.b.t.TransitionExecutorImpl - Step #2, transition #66
2026-04-27T11:59:23,825 [main] DEBUG a.f.a.t.b.t.TransitionExecutorImpl - Translating to SMT
2026-04-27T11:59:23,877 [main] DEBUG a.f.a.t.b.SeqModelChecker - Step 2: Transition #66. Is it enabled?
2026-04-27T11:59:23,880 [main] INFO  a.f.a.t.b.SeqModelChecker - Step 2: Transition #66 is disabled
2026-04-27T11:59:23,881 [main] DEBUG a.f.a.t.b.t.TransitionExecutorImpl - Step #2, transition #67
2026-04-27T11:59:23,881 [main] DEBUG a.f.a.t.b.t.TransitionExecutorImpl - Translating to SMT
2026-04-27T11:59:23,904 [main] DEBUG a.f.a.t.b.SeqModelChecker - Step 2: Transition #67. Is it enabled?
2026-04-27T11:59:23,907 [main] INFO  a.f.a.t.b.SeqModelChecker - Step 2: Transition #67 is disabled
2026-04-27T11:59:23,908 [main] DEBUG a.f.a.t.b.t.TransitionExecutorImpl - Step #2, transition #68
2026-04-27T11:59:23,908 [main] DEBUG a.f.a.t.b.t.TransitionExecutorImpl - Translating to SMT
2026-04-27T11:59:23,928 [main] DEBUG a.f.a.t.b.SeqModelChecker - Step 2: Transition #68. Is it enabled?
2026-04-27T11:59:23,930 [main] INFO  a.f.a.t.b.SeqModelChecker - Step 2: Transition #68 is disabled
2026-04-27T11:59:23,931 [main] DEBUG a.f.a.t.b.t.TransitionExecutorImpl - Step #2, transition #69
2026-04-27T11:59:23,931 [main] DEBUG a.f.a.t.b.t.TransitionExecutorImpl - Translating to SMT
2026-04-27T11:59:23,961 [main] DEBUG a.f.a.t.b.SeqModelChecker - Step 2: Transition #69. Is it enabled?
2026-04-27T11:59:23,964 [main] INFO  a.f.a.t.b.SeqModelChecker - Step 2: Transition #69 is disabled
2026-04-27T11:59:23,965 [main] INFO  a.f.a.t.b.t.TransitionExecutorImpl - Step 2: picking a transition out of 2 transition(s)
2026-04-27T11:59:23,982 [main] DEBUG a.f.a.t.b.t.TransitionExecutorImpl - Step #3, transition #0
2026-04-27T11:59:23,982 [main] DEBUG a.f.a.t.b.t.TransitionExecutorImpl - Translating to SMT
2026-04-27T11:59:24,018 [main] DEBUG a.f.a.t.b.SeqModelChecker - Step 3: Transition #0. Is it enabled?
2026-04-27T11:59:24,053 [main] DEBUG a.f.a.t.b.SeqModelChecker - Step 3: Transition #0 is enabled
2026-04-27T11:59:24,053 [main] INFO  a.f.a.t.b.SeqModelChecker - State 3: Checking 2 state invariants
2026-04-27T11:59:24,053 [main] DEBUG a.f.a.t.b.SeqModelChecker - State 3: Checking state invariant 0
2026-04-27T11:59:24,073 [main] INFO  a.f.a.t.b.SeqModelChecker - State 3: state invariant 0 holds.
2026-04-27T11:59:24,074 [main] DEBUG a.f.a.t.b.SeqModelChecker - State 3: Checking state invariant 1
2026-04-27T11:59:24,085 [main] INFO  a.f.a.t.b.SeqModelChecker - State 3: state invariant 1 holds.
2026-04-27T11:59:24,086 [main] DEBUG a.f.a.t.b.t.TransitionExecutorImpl - Step #3, transition #1
2026-04-27T11:59:24,086 [main] DEBUG a.f.a.t.b.t.TransitionExecutorImpl - Translating to SMT
2026-04-27T11:59:24,188 [main] DEBUG a.f.a.t.b.SeqModelChecker - Step 3: Transition #1. Is it enabled?
2026-04-27T11:59:24,197 [main] INFO  a.f.a.t.b.SeqModelChecker - Step 3: Transition #1 is disabled
2026-04-27T11:59:24,198 [main] DEBUG a.f.a.t.b.t.TransitionExecutorImpl - Step #3, transition #2
2026-04-27T11:59:24,198 [main] DEBUG a.f.a.t.b.t.TransitionExecutorImpl - Translating to SMT
2026-04-27T11:59:24,239 [main] DEBUG a.f.a.t.b.SeqModelChecker - Step 3: Transition #2. Is it enabled?
2026-04-27T11:59:24,244 [main] INFO  a.f.a.t.b.SeqModelChecker - Step 3: Transition #2 is disabled
2026-04-27T11:59:24,245 [main] DEBUG a.f.a.t.b.t.TransitionExecutorImpl - Step #3, transition #3
2026-04-27T11:59:24,245 [main] DEBUG a.f.a.t.b.t.TransitionExecutorImpl - Translating to SMT
2026-04-27T11:59:24,252 [main] DEBUG a.f.a.t.b.t.TransitionExecutorImpl - Transition 3 produces partial assignment. Disabled.
2026-04-27T11:59:24,253 [main] DEBUG a.f.a.t.b.t.TransitionExecutorImpl - Step #3, transition #4
2026-04-27T11:59:24,253 [main] DEBUG a.f.a.t.b.t.TransitionExecutorImpl - Translating to SMT
2026-04-27T11:59:24,260 [main] DEBUG a.f.a.t.b.t.TransitionExecutorImpl - Transition 4 produces partial assignment. Disabled.
2026-04-27T11:59:24,260 [main] DEBUG a.f.a.t.b.t.TransitionExecutorImpl - Step #3, transition #5
2026-04-27T11:59:24,260 [main] DEBUG a.f.a.t.b.t.TransitionExecutorImpl - Translating to SMT
2026-04-27T11:59:24,294 [main] DEBUG a.f.a.t.b.SeqModelChecker - Step 3: Transition #5. Is it enabled?
2026-04-27T11:59:24,300 [main] INFO  a.f.a.t.b.SeqModelChecker - Step 3: Transition #5 is disabled
2026-04-27T11:59:24,301 [main] DEBUG a.f.a.t.b.t.TransitionExecutorImpl - Step #3, transition #6
2026-04-27T11:59:24,301 [main] DEBUG a.f.a.t.b.t.TransitionExecutorImpl - Translating to SMT
2026-04-27T11:59:24,335 [main] DEBUG a.f.a.t.b.SeqModelChecker - Step 3: Transition #6. Is it enabled?
2026-04-27T11:59:24,341 [main] INFO  a.f.a.t.b.SeqModelChecker - Step 3: Transition #6 is disabled
2026-04-27T11:59:24,342 [main] DEBUG a.f.a.t.b.t.TransitionExecutorImpl - Step #3, transition #7
2026-04-27T11:59:24,343 [main] DEBUG a.f.a.t.b.t.TransitionExecutorImpl - Translating to SMT
2026-04-27T11:59:24,350 [main] DEBUG a.f.a.t.b.t.TransitionExecutorImpl - Transition 7 produces partial assignment. Disabled.
2026-04-27T11:59:24,351 [main] DEBUG a.f.a.t.b.t.TransitionExecutorImpl - Step #3, transition #8
2026-04-27T11:59:24,351 [main] DEBUG a.f.a.t.b.t.TransitionExecutorImpl - Translating to SMT
2026-04-27T11:59:24,358 [main] DEBUG a.f.a.t.b.t.TransitionExecutorImpl - Transition 8 produces partial assignment. Disabled.
2026-04-27T11:59:24,360 [main] DEBUG a.f.a.t.b.t.TransitionExecutorImpl - Step #3, transition #9
2026-04-27T11:59:24,360 [main] DEBUG a.f.a.t.b.t.TransitionExecutorImpl - Translating to SMT
2026-04-27T11:59:24,390 [main] DEBUG a.f.a.t.b.SeqModelChecker - Step 3: Transition #9. Is it enabled?
2026-04-27T11:59:24,394 [main] INFO  a.f.a.t.b.SeqModelChecker - Step 3: Transition #9 is disabled
2026-04-27T11:59:24,396 [main] DEBUG a.f.a.t.b.t.TransitionExecutorImpl - Step #3, transition #10
2026-04-27T11:59:24,396 [main] DEBUG a.f.a.t.b.t.TransitionExecutorImpl - Translating to SMT
2026-04-27T11:59:24,423 [main] DEBUG a.f.a.t.b.SeqModelChecker - Step 3: Transition #10. Is it enabled?
2026-04-27T11:59:24,428 [main] INFO  a.f.a.t.b.SeqModelChecker - Step 3: Transition #10 is disabled
2026-04-27T11:59:24,429 [main] DEBUG a.f.a.t.b.t.TransitionExecutorImpl - Step #3, transition #11
2026-04-27T11:59:24,429 [main] DEBUG a.f.a.t.b.t.TransitionExecutorImpl - Translating to SMT
2026-04-27T11:59:24,451 [main] DEBUG a.f.a.t.b.SeqModelChecker - Step 3: Transition #11. Is it enabled?
2026-04-27T11:59:24,456 [main] INFO  a.f.a.t.b.SeqModelChecker - Step 3: Transition #11 is disabled
2026-04-27T11:59:24,458 [main] DEBUG a.f.a.t.b.t.TransitionExecutorImpl - Step #3, transition #12
2026-04-27T11:59:24,458 [main] DEBUG a.f.a.t.b.t.TransitionExecutorImpl - Translating to SMT
2026-04-27T11:59:24,513 [main] DEBUG a.f.a.t.b.SeqModelChecker - Step 3: Transition #12. Is it enabled?
2026-04-27T11:59:24,524 [main] INFO  a.f.a.t.b.SeqModelChecker - Step 3: Transition #12 is disabled
2026-04-27T11:59:24,526 [main] DEBUG a.f.a.t.b.t.TransitionExecutorImpl - Step #3, transition #13
2026-04-27T11:59:24,526 [main] DEBUG a.f.a.t.b.t.TransitionExecutorImpl - Translating to SMT
2026-04-27T11:59:24,581 [main] DEBUG a.f.a.t.b.SeqModelChecker - Step 3: Transition #13. Is it enabled?
2026-04-27T11:59:24,599 [main] INFO  a.f.a.t.b.SeqModelChecker - Step 3: Transition #13 is disabled
2026-04-27T11:59:24,601 [main] DEBUG a.f.a.t.b.t.TransitionExecutorImpl - Step #3, transition #14
2026-04-27T11:59:24,601 [main] DEBUG a.f.a.t.b.t.TransitionExecutorImpl - Translating to SMT
2026-04-27T11:59:24,657 [main] DEBUG a.f.a.t.b.SeqModelChecker - Step 3: Transition #14. Is it enabled?
2026-04-27T11:59:24,668 [main] INFO  a.f.a.t.b.SeqModelChecker - Step 3: Transition #14 is disabled
2026-04-27T11:59:24,670 [main] DEBUG a.f.a.t.b.t.TransitionExecutorImpl - Step #3, transition #15
2026-04-27T11:59:24,670 [main] DEBUG a.f.a.t.b.t.TransitionExecutorImpl - Translating to SMT
2026-04-27T11:59:24,759 [main] DEBUG a.f.a.t.b.SeqModelChecker - Step 3: Transition #15. Is it enabled?
2026-04-27T11:59:24,813 [main] DEBUG a.f.a.t.b.SeqModelChecker - Step 3: Transition #15 is enabled
2026-04-27T11:59:24,813 [main] INFO  a.f.a.t.b.SeqModelChecker - State 3: Checking 2 state invariants
2026-04-27T11:59:24,813 [main] DEBUG a.f.a.t.b.SeqModelChecker - State 3: Checking state invariant 0
2026-04-27T11:59:24,831 [main] INFO  a.f.a.t.b.SeqModelChecker - State 3: state invariant 0 holds.
2026-04-27T11:59:24,832 [main] DEBUG a.f.a.t.b.SeqModelChecker - State 3: Checking state invariant 1
2026-04-27T11:59:24,843 [main] INFO  a.f.a.t.b.SeqModelChecker - State 3: state invariant 1 holds.
2026-04-27T11:59:24,844 [main] DEBUG a.f.a.t.b.t.TransitionExecutorImpl - Step #3, transition #16
2026-04-27T11:59:24,844 [main] DEBUG a.f.a.t.b.t.TransitionExecutorImpl - Translating to SMT
2026-04-27T11:59:24,866 [main] DEBUG a.f.a.t.b.SeqModelChecker - Step 3: Transition #16. Is it enabled?
2026-04-27T11:59:24,869 [main] INFO  a.f.a.t.b.SeqModelChecker - Step 3: Transition #16 is disabled
2026-04-27T11:59:24,870 [main] DEBUG a.f.a.t.b.t.TransitionExecutorImpl - Step #3, transition #17
2026-04-27T11:59:24,870 [main] DEBUG a.f.a.t.b.t.TransitionExecutorImpl - Translating to SMT
2026-04-27T11:59:24,922 [main] DEBUG a.f.a.t.b.SeqModelChecker - Step 3: Transition #17. Is it enabled?
2026-04-27T11:59:25,018 [main] DEBUG a.f.a.t.b.SeqModelChecker - Step 3: Transition #17 is enabled
2026-04-27T11:59:25,019 [main] INFO  a.f.a.t.b.SeqModelChecker - State 3: Checking 2 state invariants
2026-04-27T11:59:25,019 [main] DEBUG a.f.a.t.b.SeqModelChecker - State 3: Checking state invariant 0
2026-04-27T11:59:25,042 [main] INFO  a.f.a.t.b.SeqModelChecker - State 3: state invariant 0 holds.
2026-04-27T11:59:25,043 [main] DEBUG a.f.a.t.b.SeqModelChecker - State 3: Checking state invariant 1
2026-04-27T11:59:25,053 [main] INFO  a.f.a.t.b.SeqModelChecker - State 3: state invariant 1 holds.
2026-04-27T11:59:25,055 [main] DEBUG a.f.a.t.b.t.TransitionExecutorImpl - Step #3, transition #18
2026-04-27T11:59:25,055 [main] DEBUG a.f.a.t.b.t.TransitionExecutorImpl - Translating to SMT
2026-04-27T11:59:25,063 [main] DEBUG a.f.a.t.b.t.TransitionExecutorImpl - Transition 18 produces partial assignment. Disabled.
2026-04-27T11:59:25,064 [main] DEBUG a.f.a.t.b.t.TransitionExecutorImpl - Step #3, transition #19
2026-04-27T11:59:25,064 [main] DEBUG a.f.a.t.b.t.TransitionExecutorImpl - Translating to SMT
2026-04-27T11:59:25,072 [main] DEBUG a.f.a.t.b.t.TransitionExecutorImpl - Transition 19 produces partial assignment. Disabled.
2026-04-27T11:59:25,073 [main] DEBUG a.f.a.t.b.t.TransitionExecutorImpl - Step #3, transition #20
2026-04-27T11:59:25,073 [main] DEBUG a.f.a.t.b.t.TransitionExecutorImpl - Translating to SMT
2026-04-27T11:59:25,079 [main] DEBUG a.f.a.t.b.t.TransitionExecutorImpl - Transition 20 produces partial assignment. Disabled.
2026-04-27T11:59:25,080 [main] DEBUG a.f.a.t.b.t.TransitionExecutorImpl - Step #3, transition #21
2026-04-27T11:59:25,080 [main] DEBUG a.f.a.t.b.t.TransitionExecutorImpl - Translating to SMT
2026-04-27T11:59:25,127 [main] DEBUG a.f.a.t.b.SeqModelChecker - Step 3: Transition #21. Is it enabled?
2026-04-27T11:59:25,164 [main] INFO  a.f.a.t.b.SeqModelChecker - Step 3: Transition #21 is disabled
2026-04-27T11:59:25,166 [main] DEBUG a.f.a.t.b.t.TransitionExecutorImpl - Step #3, transition #22
2026-04-27T11:59:25,166 [main] DEBUG a.f.a.t.b.t.TransitionExecutorImpl - Translating to SMT
2026-04-27T11:59:25,194 [main] DEBUG a.f.a.t.b.t.TransitionExecutorImpl - Transition 22 produces partial assignment. Disabled.
2026-04-27T11:59:25,198 [main] DEBUG a.f.a.t.b.t.TransitionExecutorImpl - Step #3, transition #23
2026-04-27T11:59:25,198 [main] DEBUG a.f.a.t.b.t.TransitionExecutorImpl - Translating to SMT
2026-04-27T11:59:25,205 [main] DEBUG a.f.a.t.b.t.TransitionExecutorImpl - Transition 23 produces partial assignment. Disabled.
2026-04-27T11:59:25,206 [main] DEBUG a.f.a.t.b.t.TransitionExecutorImpl - Step #3, transition #24
2026-04-27T11:59:25,206 [main] DEBUG a.f.a.t.b.t.TransitionExecutorImpl - Translating to SMT
2026-04-27T11:59:25,261 [main] DEBUG a.f.a.t.b.SeqModelChecker - Step 3: Transition #24. Is it enabled?
2026-04-27T11:59:25,265 [main] INFO  a.f.a.t.b.SeqModelChecker - Step 3: Transition #24 is disabled
2026-04-27T11:59:25,267 [main] DEBUG a.f.a.t.b.t.TransitionExecutorImpl - Step #3, transition #25
2026-04-27T11:59:25,267 [main] DEBUG a.f.a.t.b.t.TransitionExecutorImpl - Translating to SMT
2026-04-27T11:59:25,275 [main] DEBUG a.f.a.t.b.t.TransitionExecutorImpl - Transition 25 produces partial assignment. Disabled.
2026-04-27T11:59:25,276 [main] DEBUG a.f.a.t.b.t.TransitionExecutorImpl - Step #3, transition #26
2026-04-27T11:59:25,276 [main] DEBUG a.f.a.t.b.t.TransitionExecutorImpl - Translating to SMT
2026-04-27T11:59:25,313 [main] DEBUG a.f.a.t.b.SeqModelChecker - Step 3: Transition #26. Is it enabled?
2026-04-27T11:59:25,318 [main] INFO  a.f.a.t.b.SeqModelChecker - Step 3: Transition #26 is disabled
2026-04-27T11:59:25,319 [main] DEBUG a.f.a.t.b.t.TransitionExecutorImpl - Step #3, transition #27
2026-04-27T11:59:25,319 [main] DEBUG a.f.a.t.b.t.TransitionExecutorImpl - Translating to SMT
2026-04-27T11:59:25,340 [main] DEBUG a.f.a.t.b.SeqModelChecker - Step 3: Transition #27. Is it enabled?
2026-04-27T11:59:25,342 [main] INFO  a.f.a.t.b.SeqModelChecker - Step 3: Transition #27 is disabled
2026-04-27T11:59:25,344 [main] DEBUG a.f.a.t.b.t.TransitionExecutorImpl - Step #3, transition #28
2026-04-27T11:59:25,344 [main] DEBUG a.f.a.t.b.t.TransitionExecutorImpl - Translating to SMT
2026-04-27T11:59:25,385 [main] DEBUG a.f.a.t.b.SeqModelChecker - Step 3: Transition #28. Is it enabled?
2026-04-27T11:59:25,392 [main] INFO  a.f.a.t.b.SeqModelChecker - Step 3: Transition #28 is disabled
2026-04-27T11:59:25,394 [main] DEBUG a.f.a.t.b.t.TransitionExecutorImpl - Step #3, transition #29
2026-04-27T11:59:25,394 [main] DEBUG a.f.a.t.b.t.TransitionExecutorImpl - Translating to SMT
2026-04-27T11:59:25,435 [main] DEBUG a.f.a.t.b.SeqModelChecker - Step 3: Transition #29. Is it enabled?
2026-04-27T11:59:25,441 [main] INFO  a.f.a.t.b.SeqModelChecker - Step 3: Transition #29 is disabled
2026-04-27T11:59:25,443 [main] DEBUG a.f.a.t.b.t.TransitionExecutorImpl - Step #3, transition #30
2026-04-27T11:59:25,443 [main] DEBUG a.f.a.t.b.t.TransitionExecutorImpl - Translating to SMT
2026-04-27T11:59:25,485 [main] DEBUG a.f.a.t.b.SeqModelChecker - Step 3: Transition #30. Is it enabled?
2026-04-27T11:59:25,784 [main] DEBUG a.f.a.t.b.SeqModelChecker - Step 3: Transition #30 is enabled
2026-04-27T11:59:25,787 [main] DEBUG a.f.a.t.b.t.TransitionExecutorImpl - Step #3, transition #31
2026-04-27T11:59:25,787 [main] DEBUG a.f.a.t.b.t.TransitionExecutorImpl - Translating to SMT
2026-04-27T11:59:25,827 [main] DEBUG a.f.a.t.b.SeqModelChecker - Step 3: Transition #31. Is it enabled?
2026-04-27T11:59:25,845 [main] INFO  a.f.a.t.b.SeqModelChecker - Step 3: Transition #31 is disabled
2026-04-27T11:59:25,847 [main] DEBUG a.f.a.t.b.t.TransitionExecutorImpl - Step #3, transition #32
2026-04-27T11:59:25,847 [main] DEBUG a.f.a.t.b.t.TransitionExecutorImpl - Translating to SMT
2026-04-27T11:59:25,910 [main] DEBUG a.f.a.t.b.SeqModelChecker - Step 3: Transition #32. Is it enabled?
2026-04-27T11:59:25,916 [main] INFO  a.f.a.t.b.SeqModelChecker - Step 3: Transition #32 is disabled
2026-04-27T11:59:25,918 [main] DEBUG a.f.a.t.b.t.TransitionExecutorImpl - Step #3, transition #33
2026-04-27T11:59:25,918 [main] DEBUG a.f.a.t.b.t.TransitionExecutorImpl - Translating to SMT
2026-04-27T11:59:25,959 [main] DEBUG a.f.a.t.b.SeqModelChecker - Step 3: Transition #33. Is it enabled?
2026-04-27T11:59:25,965 [main] INFO  a.f.a.t.b.SeqModelChecker - Step 3: Transition #33 is disabled
2026-04-27T11:59:25,967 [main] DEBUG a.f.a.t.b.t.TransitionExecutorImpl - Step #3, transition #34
2026-04-27T11:59:25,967 [main] DEBUG a.f.a.t.b.t.TransitionExecutorImpl - Translating to SMT
2026-04-27T11:59:26,078 [main] DEBUG a.f.a.t.b.SeqModelChecker - Step 3: Transition #34. Is it enabled?
2026-04-27T11:59:26,112 [main] INFO  a.f.a.t.b.SeqModelChecker - Step 3: Transition #34 is disabled
2026-04-27T11:59:26,114 [main] DEBUG a.f.a.t.b.t.TransitionExecutorImpl - Step #3, transition #35
2026-04-27T11:59:26,115 [main] DEBUG a.f.a.t.b.t.TransitionExecutorImpl - Translating to SMT
2026-04-27T11:59:26,156 [main] DEBUG a.f.a.t.b.SeqModelChecker - Step 3: Transition #35. Is it enabled?
2026-04-27T11:59:26,175 [main] INFO  a.f.a.t.b.SeqModelChecker - Step 3: Transition #35 is disabled
2026-04-27T11:59:26,177 [main] DEBUG a.f.a.t.b.t.TransitionExecutorImpl - Step #3, transition #36
2026-04-27T11:59:26,177 [main] DEBUG a.f.a.t.b.t.TransitionExecutorImpl - Translating to SMT
2026-04-27T11:59:26,195 [main] DEBUG a.f.a.t.b.t.TransitionExecutorImpl - Transition 36 produces partial assignment. Disabled.
2026-04-27T11:59:26,196 [main] DEBUG a.f.a.t.b.t.TransitionExecutorImpl - Step #3, transition #37
2026-04-27T11:59:26,197 [main] DEBUG a.f.a.t.b.t.TransitionExecutorImpl - Translating to SMT
2026-04-27T11:59:26,240 [main] DEBUG a.f.a.t.b.SeqModelChecker - Step 3: Transition #37. Is it enabled?
2026-04-27T11:59:26,246 [main] INFO  a.f.a.t.b.SeqModelChecker - Step 3: Transition #37 is disabled
2026-04-27T11:59:26,247 [main] DEBUG a.f.a.t.b.t.TransitionExecutorImpl - Step #3, transition #38
2026-04-27T11:59:26,247 [main] DEBUG a.f.a.t.b.t.TransitionExecutorImpl - Translating to SMT
2026-04-27T11:59:26,263 [main] DEBUG a.f.a.t.b.t.TransitionExecutorImpl - Transition 38 produces partial assignment. Disabled.
2026-04-27T11:59:26,264 [main] DEBUG a.f.a.t.b.t.TransitionExecutorImpl - Step #3, transition #39
2026-04-27T11:59:26,264 [main] DEBUG a.f.a.t.b.t.TransitionExecutorImpl - Translating to SMT
2026-04-27T11:59:26,309 [main] DEBUG a.f.a.t.b.SeqModelChecker - Step 3: Transition #39. Is it enabled?
2026-04-27T11:59:26,315 [main] INFO  a.f.a.t.b.SeqModelChecker - Step 3: Transition #39 is disabled
2026-04-27T11:59:26,317 [main] DEBUG a.f.a.t.b.t.TransitionExecutorImpl - Step #3, transition #40
2026-04-27T11:59:26,317 [main] DEBUG a.f.a.t.b.t.TransitionExecutorImpl - Translating to SMT
2026-04-27T11:59:26,333 [main] DEBUG a.f.a.t.b.t.TransitionExecutorImpl - Transition 40 produces partial assignment. Disabled.
2026-04-27T11:59:26,335 [main] DEBUG a.f.a.t.b.t.TransitionExecutorImpl - Step #3, transition #41
2026-04-27T11:59:26,335 [main] DEBUG a.f.a.t.b.t.TransitionExecutorImpl - Translating to SMT
2026-04-27T11:59:26,375 [main] DEBUG a.f.a.t.b.SeqModelChecker - Step 3: Transition #41. Is it enabled?
2026-04-27T11:59:26,380 [main] INFO  a.f.a.t.b.SeqModelChecker - Step 3: Transition #41 is disabled
2026-04-27T11:59:26,382 [main] DEBUG a.f.a.t.b.t.TransitionExecutorImpl - Step #3, transition #42
2026-04-27T11:59:26,382 [main] DEBUG a.f.a.t.b.t.TransitionExecutorImpl - Translating to SMT
2026-04-27T11:59:26,398 [main] DEBUG a.f.a.t.b.t.TransitionExecutorImpl - Transition 42 produces partial assignment. Disabled.
2026-04-27T11:59:26,400 [main] DEBUG a.f.a.t.b.t.TransitionExecutorImpl - Step #3, transition #43
2026-04-27T11:59:26,400 [main] DEBUG a.f.a.t.b.t.TransitionExecutorImpl - Translating to SMT
2026-04-27T11:59:26,468 [main] DEBUG a.f.a.t.b.SeqModelChecker - Step 3: Transition #43. Is it enabled?
2026-04-27T11:59:26,473 [main] INFO  a.f.a.t.b.SeqModelChecker - Step 3: Transition #43 is disabled
2026-04-27T11:59:26,475 [main] DEBUG a.f.a.t.b.t.TransitionExecutorImpl - Step #3, transition #44
2026-04-27T11:59:26,475 [main] DEBUG a.f.a.t.b.t.TransitionExecutorImpl - Translating to SMT
2026-04-27T11:59:26,541 [main] DEBUG a.f.a.t.b.SeqModelChecker - Step 3: Transition #44. Is it enabled?
2026-04-27T11:59:26,547 [main] INFO  a.f.a.t.b.SeqModelChecker - Step 3: Transition #44 is disabled
2026-04-27T11:59:26,549 [main] DEBUG a.f.a.t.b.t.TransitionExecutorImpl - Step #3, transition #45
2026-04-27T11:59:26,549 [main] DEBUG a.f.a.t.b.t.TransitionExecutorImpl - Translating to SMT
2026-04-27T11:59:26,602 [main] DEBUG a.f.a.t.b.SeqModelChecker - Step 3: Transition #45. Is it enabled?
2026-04-27T11:59:26,608 [main] INFO  a.f.a.t.b.SeqModelChecker - Step 3: Transition #45 is disabled
2026-04-27T11:59:26,610 [main] DEBUG a.f.a.t.b.t.TransitionExecutorImpl - Step #3, transition #46
2026-04-27T11:59:26,610 [main] DEBUG a.f.a.t.b.t.TransitionExecutorImpl - Translating to SMT
2026-04-27T11:59:26,659 [main] DEBUG a.f.a.t.b.SeqModelChecker - Step 3: Transition #46. Is it enabled?
2026-04-27T11:59:26,666 [main] INFO  a.f.a.t.b.SeqModelChecker - Step 3: Transition #46 is disabled
2026-04-27T11:59:26,668 [main] DEBUG a.f.a.t.b.t.TransitionExecutorImpl - Step #3, transition #47
2026-04-27T11:59:26,668 [main] DEBUG a.f.a.t.b.t.TransitionExecutorImpl - Translating to SMT
2026-04-27T11:59:26,717 [main] DEBUG a.f.a.t.b.SeqModelChecker - Step 3: Transition #47. Is it enabled?
2026-04-27T11:59:26,724 [main] INFO  a.f.a.t.b.SeqModelChecker - Step 3: Transition #47 is disabled
2026-04-27T11:59:26,726 [main] DEBUG a.f.a.t.b.t.TransitionExecutorImpl - Step #3, transition #48
2026-04-27T11:59:26,726 [main] DEBUG a.f.a.t.b.t.TransitionExecutorImpl - Translating to SMT
2026-04-27T11:59:26,823 [main] DEBUG a.f.a.t.b.SeqModelChecker - Step 3: Transition #48. Is it enabled?
2026-04-27T11:59:26,832 [main] INFO  a.f.a.t.b.SeqModelChecker - Step 3: Transition #48 is disabled
2026-04-27T11:59:26,834 [main] DEBUG a.f.a.t.b.t.TransitionExecutorImpl - Step #3, transition #49
2026-04-27T11:59:26,834 [main] DEBUG a.f.a.t.b.t.TransitionExecutorImpl - Translating to SMT
2026-04-27T11:59:26,975 [main] DEBUG a.f.a.t.b.SeqModelChecker - Step 3: Transition #49. Is it enabled?
2026-04-27T11:59:26,983 [main] INFO  a.f.a.t.b.SeqModelChecker - Step 3: Transition #49 is disabled
2026-04-27T11:59:26,985 [main] DEBUG a.f.a.t.b.t.TransitionExecutorImpl - Step #3, transition #50
2026-04-27T11:59:26,985 [main] DEBUG a.f.a.t.b.t.TransitionExecutorImpl - Translating to SMT
2026-04-27T11:59:27,029 [main] DEBUG a.f.a.t.b.SeqModelChecker - Step 3: Transition #50. Is it enabled?
2026-04-27T11:59:27,037 [main] INFO  a.f.a.t.b.SeqModelChecker - Step 3: Transition #50 is disabled
2026-04-27T11:59:27,039 [main] DEBUG a.f.a.t.b.t.TransitionExecutorImpl - Step #3, transition #51
2026-04-27T11:59:27,039 [main] DEBUG a.f.a.t.b.t.TransitionExecutorImpl - Translating to SMT
2026-04-27T11:59:27,092 [main] DEBUG a.f.a.t.b.SeqModelChecker - Step 3: Transition #51. Is it enabled?
2026-04-27T11:59:27,102 [main] INFO  a.f.a.t.b.SeqModelChecker - Step 3: Transition #51 is disabled
2026-04-27T11:59:27,104 [main] DEBUG a.f.a.t.b.t.TransitionExecutorImpl - Step #3, transition #52
2026-04-27T11:59:27,104 [main] DEBUG a.f.a.t.b.t.TransitionExecutorImpl - Translating to SMT
2026-04-27T11:59:27,158 [main] DEBUG a.f.a.t.b.SeqModelChecker - Step 3: Transition #52. Is it enabled?
2026-04-27T11:59:27,168 [main] INFO  a.f.a.t.b.SeqModelChecker - Step 3: Transition #52 is disabled
2026-04-27T11:59:27,170 [main] DEBUG a.f.a.t.b.t.TransitionExecutorImpl - Step #3, transition #53
2026-04-27T11:59:27,170 [main] DEBUG a.f.a.t.b.t.TransitionExecutorImpl - Translating to SMT
2026-04-27T11:59:27,202 [main] DEBUG a.f.a.t.b.SeqModelChecker - Step 3: Transition #53. Is it enabled?
2026-04-27T11:59:27,207 [main] INFO  a.f.a.t.b.SeqModelChecker - Step 3: Transition #53 is disabled
2026-04-27T11:59:27,209 [main] DEBUG a.f.a.t.b.t.TransitionExecutorImpl - Step #3, transition #54
2026-04-27T11:59:27,209 [main] DEBUG a.f.a.t.b.t.TransitionExecutorImpl - Translating to SMT
2026-04-27T11:59:27,233 [main] DEBUG a.f.a.t.b.SeqModelChecker - Step 3: Transition #54. Is it enabled?
2026-04-27T11:59:27,236 [main] INFO  a.f.a.t.b.SeqModelChecker - Step 3: Transition #54 is disabled
2026-04-27T11:59:27,238 [main] DEBUG a.f.a.t.b.t.TransitionExecutorImpl - Step #3, transition #55
2026-04-27T11:59:27,238 [main] DEBUG a.f.a.t.b.t.TransitionExecutorImpl - Translating to SMT
2026-04-27T11:59:27,241 [main] DEBUG a.f.a.t.b.t.TransitionExecutorImpl - Transition 55 produces partial assignment. Disabled.
2026-04-27T11:59:27,241 [main] DEBUG a.f.a.t.b.t.TransitionExecutorImpl - Step #3, transition #56
2026-04-27T11:59:27,241 [main] DEBUG a.f.a.t.b.t.TransitionExecutorImpl - Translating to SMT
2026-04-27T11:59:27,265 [main] DEBUG a.f.a.t.b.SeqModelChecker - Step 3: Transition #56. Is it enabled?
2026-04-27T11:59:27,269 [main] INFO  a.f.a.t.b.SeqModelChecker - Step 3: Transition #56 is disabled
2026-04-27T11:59:27,270 [main] DEBUG a.f.a.t.b.t.TransitionExecutorImpl - Step #3, transition #57
2026-04-27T11:59:27,270 [main] DEBUG a.f.a.t.b.t.TransitionExecutorImpl - Translating to SMT
2026-04-27T11:59:27,274 [main] DEBUG a.f.a.t.b.t.TransitionExecutorImpl - Transition 57 produces partial assignment. Disabled.
2026-04-27T11:59:27,274 [main] DEBUG a.f.a.t.b.t.TransitionExecutorImpl - Step #3, transition #58
2026-04-27T11:59:27,274 [main] DEBUG a.f.a.t.b.t.TransitionExecutorImpl - Translating to SMT
2026-04-27T11:59:27,301 [main] DEBUG a.f.a.t.b.SeqModelChecker - Step 3: Transition #58. Is it enabled?
2026-04-27T11:59:27,304 [main] INFO  a.f.a.t.b.SeqModelChecker - Step 3: Transition #58 is disabled
2026-04-27T11:59:27,306 [main] DEBUG a.f.a.t.b.t.TransitionExecutorImpl - Step #3, transition #59
2026-04-27T11:59:27,306 [main] DEBUG a.f.a.t.b.t.TransitionExecutorImpl - Translating to SMT
2026-04-27T11:59:27,309 [main] DEBUG a.f.a.t.b.t.TransitionExecutorImpl - Transition 59 produces partial assignment. Disabled.
2026-04-27T11:59:27,309 [main] DEBUG a.f.a.t.b.t.TransitionExecutorImpl - Step #3, transition #60
2026-04-27T11:59:27,309 [main] DEBUG a.f.a.t.b.t.TransitionExecutorImpl - Translating to SMT
2026-04-27T11:59:27,327 [main] DEBUG a.f.a.t.b.SeqModelChecker - Step 3: Transition #60. Is it enabled?
2026-04-27T11:59:27,330 [main] INFO  a.f.a.t.b.SeqModelChecker - Step 3: Transition #60 is disabled
2026-04-27T11:59:27,331 [main] DEBUG a.f.a.t.b.t.TransitionExecutorImpl - Step #3, transition #61
2026-04-27T11:59:27,331 [main] DEBUG a.f.a.t.b.t.TransitionExecutorImpl - Translating to SMT
2026-04-27T11:59:27,334 [main] DEBUG a.f.a.t.b.t.TransitionExecutorImpl - Transition 61 produces partial assignment. Disabled.
2026-04-27T11:59:27,335 [main] DEBUG a.f.a.t.b.t.TransitionExecutorImpl - Step #3, transition #62
2026-04-27T11:59:27,335 [main] DEBUG a.f.a.t.b.t.TransitionExecutorImpl - Translating to SMT
2026-04-27T11:59:27,384 [main] DEBUG a.f.a.t.b.SeqModelChecker - Step 3: Transition #62. Is it enabled?
2026-04-27T11:59:27,388 [main] INFO  a.f.a.t.b.SeqModelChecker - Step 3: Transition #62 is disabled
2026-04-27T11:59:27,390 [main] DEBUG a.f.a.t.b.t.TransitionExecutorImpl - Step #3, transition #63
2026-04-27T11:59:27,390 [main] DEBUG a.f.a.t.b.t.TransitionExecutorImpl - Translating to SMT
2026-04-27T11:59:27,415 [main] DEBUG a.f.a.t.b.SeqModelChecker - Step 3: Transition #63. Is it enabled?
2026-04-27T11:59:27,419 [main] INFO  a.f.a.t.b.SeqModelChecker - Step 3: Transition #63 is disabled
2026-04-27T11:59:27,421 [main] DEBUG a.f.a.t.b.t.TransitionExecutorImpl - Step #3, transition #64
2026-04-27T11:59:27,421 [main] DEBUG a.f.a.t.b.t.TransitionExecutorImpl - Translating to SMT
2026-04-27T11:59:27,466 [main] DEBUG a.f.a.t.b.SeqModelChecker - Step 3: Transition #64. Is it enabled?
2026-04-27T11:59:27,471 [main] INFO  a.f.a.t.b.SeqModelChecker - Step 3: Transition #64 is disabled
2026-04-27T11:59:27,472 [main] DEBUG a.f.a.t.b.t.TransitionExecutorImpl - Step #3, transition #65
2026-04-27T11:59:27,472 [main] DEBUG a.f.a.t.b.t.TransitionExecutorImpl - Translating to SMT
2026-04-27T11:59:27,480 [main] DEBUG a.f.a.t.b.SeqModelChecker - Step 3: Transition #65. Is it enabled?
2026-04-27T11:59:27,481 [main] INFO  a.f.a.t.b.SeqModelChecker - Step 3: Transition #65 is disabled
2026-04-27T11:59:27,482 [main] DEBUG a.f.a.t.b.t.TransitionExecutorImpl - Step #3, transition #66
2026-04-27T11:59:27,482 [main] DEBUG a.f.a.t.b.t.TransitionExecutorImpl - Translating to SMT
2026-04-27T11:59:27,512 [main] DEBUG a.f.a.t.b.SeqModelChecker - Step 3: Transition #66. Is it enabled?
2026-04-27T11:59:27,517 [main] INFO  a.f.a.t.b.SeqModelChecker - Step 3: Transition #66 is disabled
2026-04-27T11:59:27,518 [main] DEBUG a.f.a.t.b.t.TransitionExecutorImpl - Step #3, transition #67
2026-04-27T11:59:27,518 [main] DEBUG a.f.a.t.b.t.TransitionExecutorImpl - Translating to SMT
2026-04-27T11:59:27,548 [main] DEBUG a.f.a.t.b.SeqModelChecker - Step 3: Transition #67. Is it enabled?
2026-04-27T11:59:27,552 [main] INFO  a.f.a.t.b.SeqModelChecker - Step 3: Transition #67 is disabled
2026-04-27T11:59:27,553 [main] DEBUG a.f.a.t.b.t.TransitionExecutorImpl - Step #3, transition #68
2026-04-27T11:59:27,553 [main] DEBUG a.f.a.t.b.t.TransitionExecutorImpl - Translating to SMT
2026-04-27T11:59:27,578 [main] DEBUG a.f.a.t.b.SeqModelChecker - Step 3: Transition #68. Is it enabled?
2026-04-27T11:59:27,582 [main] INFO  a.f.a.t.b.SeqModelChecker - Step 3: Transition #68 is disabled
2026-04-27T11:59:27,583 [main] DEBUG a.f.a.t.b.t.TransitionExecutorImpl - Step #3, transition #69
2026-04-27T11:59:27,583 [main] DEBUG a.f.a.t.b.t.TransitionExecutorImpl - Translating to SMT
2026-04-27T11:59:27,618 [main] DEBUG a.f.a.t.b.SeqModelChecker - Step 3: Transition #69. Is it enabled?
2026-04-27T11:59:27,624 [main] INFO  a.f.a.t.b.SeqModelChecker - Step 3: Transition #69 is disabled
2026-04-27T11:59:27,626 [main] INFO  a.f.a.t.b.t.TransitionExecutorImpl - Step 3: picking a transition out of 4 transition(s)
2026-04-27T11:59:27,666 [main] DEBUG a.f.a.t.b.t.TransitionExecutorImpl - Step #4, transition #0
2026-04-27T11:59:27,666 [main] DEBUG a.f.a.t.b.t.TransitionExecutorImpl - Translating to SMT
2026-04-27T11:59:27,719 [main] DEBUG a.f.a.t.b.SeqModelChecker - Step 4: Transition #0. Is it enabled?
2026-04-27T11:59:27,796 [main] INFO  a.f.a.t.b.SeqModelChecker - Step 4: Transition #0 is disabled
2026-04-27T11:59:27,800 [main] DEBUG a.f.a.t.b.t.TransitionExecutorImpl - Step #4, transition #1
2026-04-27T11:59:27,800 [main] DEBUG a.f.a.t.b.t.TransitionExecutorImpl - Translating to SMT
2026-04-27T11:59:27,847 [main] DEBUG a.f.a.t.b.SeqModelChecker - Step 4: Transition #1. Is it enabled?
2026-04-27T11:59:27,870 [main] INFO  a.f.a.t.b.SeqModelChecker - Step 4: Transition #1 is disabled
2026-04-27T11:59:27,873 [main] DEBUG a.f.a.t.b.t.TransitionExecutorImpl - Step #4, transition #2
2026-04-27T11:59:27,873 [main] DEBUG a.f.a.t.b.t.TransitionExecutorImpl - Translating to SMT
2026-04-27T11:59:27,921 [main] DEBUG a.f.a.t.b.SeqModelChecker - Step 4: Transition #2. Is it enabled?
2026-04-27T11:59:27,933 [main] INFO  a.f.a.t.b.SeqModelChecker - Step 4: Transition #2 is disabled
2026-04-27T11:59:27,936 [main] DEBUG a.f.a.t.b.t.TransitionExecutorImpl - Step #4, transition #3
2026-04-27T11:59:27,936 [main] DEBUG a.f.a.t.b.t.TransitionExecutorImpl - Translating to SMT
2026-04-27T11:59:27,947 [main] DEBUG a.f.a.t.b.t.TransitionExecutorImpl - Transition 3 produces partial assignment. Disabled.
2026-04-27T11:59:27,949 [main] DEBUG a.f.a.t.b.t.TransitionExecutorImpl - Step #4, transition #4
2026-04-27T11:59:27,949 [main] DEBUG a.f.a.t.b.t.TransitionExecutorImpl - Translating to SMT
2026-04-27T11:59:27,959 [main] DEBUG a.f.a.t.b.t.TransitionExecutorImpl - Transition 4 produces partial assignment. Disabled.
2026-04-27T11:59:27,961 [main] DEBUG a.f.a.t.b.t.TransitionExecutorImpl - Step #4, transition #5
2026-04-27T11:59:27,961 [main] DEBUG a.f.a.t.b.t.TransitionExecutorImpl - Translating to SMT
2026-04-27T11:59:28,045 [main] DEBUG a.f.a.t.b.SeqModelChecker - Step 4: Transition #5. Is it enabled?
2026-04-27T11:59:28,064 [main] INFO  a.f.a.t.b.SeqModelChecker - Step 4: Transition #5 is disabled
2026-04-27T11:59:28,067 [main] DEBUG a.f.a.t.b.t.TransitionExecutorImpl - Step #4, transition #6
2026-04-27T11:59:28,067 [main] DEBUG a.f.a.t.b.t.TransitionExecutorImpl - Translating to SMT
2026-04-27T11:59:28,107 [main] DEBUG a.f.a.t.b.SeqModelChecker - Step 4: Transition #6. Is it enabled?
2026-04-27T11:59:28,350 [main] DEBUG a.f.a.t.b.SeqModelChecker - Step 4: Transition #6 is enabled
2026-04-27T11:59:28,350 [main] INFO  a.f.a.t.b.SeqModelChecker - State 4: Checking 2 state invariants
2026-04-27T11:59:28,350 [main] DEBUG a.f.a.t.b.SeqModelChecker - State 4: Checking state invariant 0
2026-04-27T11:59:28,395 [main] INFO  a.f.a.t.b.SeqModelChecker - State 4: state invariant 0 holds.
2026-04-27T11:59:28,397 [main] DEBUG a.f.a.t.b.SeqModelChecker - State 4: Checking state invariant 1
2026-04-27T11:59:28,408 [main] INFO  a.f.a.t.b.SeqModelChecker - State 4: state invariant 1 holds.
2026-04-27T11:59:28,410 [main] DEBUG a.f.a.t.b.t.TransitionExecutorImpl - Step #4, transition #7
2026-04-27T11:59:28,410 [main] DEBUG a.f.a.t.b.t.TransitionExecutorImpl - Translating to SMT
2026-04-27T11:59:28,419 [main] DEBUG a.f.a.t.b.t.TransitionExecutorImpl - Transition 7 produces partial assignment. Disabled.
2026-04-27T11:59:28,422 [main] DEBUG a.f.a.t.b.t.TransitionExecutorImpl - Step #4, transition #8
2026-04-27T11:59:28,422 [main] DEBUG a.f.a.t.b.t.TransitionExecutorImpl - Translating to SMT
2026-04-27T11:59:28,433 [main] DEBUG a.f.a.t.b.t.TransitionExecutorImpl - Transition 8 produces partial assignment. Disabled.
2026-04-27T11:59:28,435 [main] DEBUG a.f.a.t.b.t.TransitionExecutorImpl - Step #4, transition #9
2026-04-27T11:59:28,435 [main] DEBUG a.f.a.t.b.t.TransitionExecutorImpl - Translating to SMT
2026-04-27T11:59:28,475 [main] DEBUG a.f.a.t.b.SeqModelChecker - Step 4: Transition #9. Is it enabled?
2026-04-27T11:59:28,485 [main] INFO  a.f.a.t.b.SeqModelChecker - Step 4: Transition #9 is disabled
2026-04-27T11:59:28,487 [main] DEBUG a.f.a.t.b.t.TransitionExecutorImpl - Step #4, transition #10
2026-04-27T11:59:28,487 [main] DEBUG a.f.a.t.b.t.TransitionExecutorImpl - Translating to SMT
2026-04-27T11:59:28,530 [main] DEBUG a.f.a.t.b.SeqModelChecker - Step 4: Transition #10. Is it enabled?
2026-04-27T11:59:28,540 [main] INFO  a.f.a.t.b.SeqModelChecker - Step 4: Transition #10 is disabled
2026-04-27T11:59:28,543 [main] DEBUG a.f.a.t.b.t.TransitionExecutorImpl - Step #4, transition #11
2026-04-27T11:59:28,543 [main] DEBUG a.f.a.t.b.t.TransitionExecutorImpl - Translating to SMT
2026-04-27T11:59:28,578 [main] DEBUG a.f.a.t.b.SeqModelChecker - Step 4: Transition #11. Is it enabled?
2026-04-27T11:59:28,618 [main] INFO  a.f.a.t.b.SeqModelChecker - Step 4: Transition #11 is disabled
2026-04-27T11:59:28,621 [main] DEBUG a.f.a.t.b.t.TransitionExecutorImpl - Step #4, transition #12
2026-04-27T11:59:28,621 [main] DEBUG a.f.a.t.b.t.TransitionExecutorImpl - Translating to SMT
2026-04-27T11:59:28,691 [main] DEBUG a.f.a.t.b.SeqModelChecker - Step 4: Transition #12. Is it enabled?
2026-04-27T11:59:28,709 [main] INFO  a.f.a.t.b.SeqModelChecker - Step 4: Transition #12 is disabled
2026-04-27T11:59:28,713 [main] DEBUG a.f.a.t.b.t.TransitionExecutorImpl - Step #4, transition #13
2026-04-27T11:59:28,713 [main] DEBUG a.f.a.t.b.t.TransitionExecutorImpl - Translating to SMT
2026-04-27T11:59:28,784 [main] DEBUG a.f.a.t.b.SeqModelChecker - Step 4: Transition #13. Is it enabled?
2026-04-27T11:59:29,439 [main] DEBUG a.f.a.t.b.SeqModelChecker - Step 4: Transition #13 is enabled
2026-04-27T11:59:29,444 [main] DEBUG a.f.a.t.b.t.TransitionExecutorImpl - Step #4, transition #14
2026-04-27T11:59:29,444 [main] DEBUG a.f.a.t.b.t.TransitionExecutorImpl - Translating to SMT
2026-04-27T11:59:29,512 [main] DEBUG a.f.a.t.b.SeqModelChecker - Step 4: Transition #14. Is it enabled?
2026-04-27T11:59:29,528 [main] INFO  a.f.a.t.b.SeqModelChecker - Step 4: Transition #14 is disabled
2026-04-27T11:59:29,532 [main] DEBUG a.f.a.t.b.t.TransitionExecutorImpl - Step #4, transition #15
2026-04-27T11:59:29,532 [main] DEBUG a.f.a.t.b.t.TransitionExecutorImpl - Translating to SMT
2026-04-27T11:59:29,647 [main] DEBUG a.f.a.t.b.SeqModelChecker - Step 4: Transition #15. Is it enabled?
2026-04-27T11:59:29,751 [main] INFO  a.f.a.t.b.SeqModelChecker - Step 4: Transition #15 is disabled
2026-04-27T11:59:29,755 [main] DEBUG a.f.a.t.b.t.TransitionExecutorImpl - Step #4, transition #16
2026-04-27T11:59:29,755 [main] DEBUG a.f.a.t.b.t.TransitionExecutorImpl - Translating to SMT
2026-04-27T11:59:29,784 [main] DEBUG a.f.a.t.b.SeqModelChecker - Step 4: Transition #16. Is it enabled?
2026-04-27T11:59:29,788 [main] INFO  a.f.a.t.b.SeqModelChecker - Step 4: Transition #16 is disabled
2026-04-27T11:59:29,789 [main] DEBUG a.f.a.t.b.t.TransitionExecutorImpl - Step #4, transition #17
2026-04-27T11:59:29,789 [main] DEBUG a.f.a.t.b.t.TransitionExecutorImpl - Translating to SMT
2026-04-27T11:59:29,923 [main] DEBUG a.f.a.t.b.SeqModelChecker - Step 4: Transition #17. Is it enabled?
2026-04-27T11:59:30,347 [main] DEBUG a.f.a.t.b.SeqModelChecker - Step 4: Transition #17 is enabled
2026-04-27T11:59:30,347 [main] INFO  a.f.a.t.b.SeqModelChecker - State 4: Checking 2 state invariants
2026-04-27T11:59:30,347 [main] DEBUG a.f.a.t.b.SeqModelChecker - State 4: Checking state invariant 0
2026-04-27T11:59:30,455 [main] INFO  a.f.a.t.b.SeqModelChecker - State 4: state invariant 0 holds.
2026-04-27T11:59:30,459 [main] DEBUG a.f.a.t.b.SeqModelChecker - State 4: Checking state invariant 1
2026-04-27T11:59:30,473 [main] INFO  a.f.a.t.b.SeqModelChecker - State 4: state invariant 1 holds.
2026-04-27T11:59:30,478 [main] DEBUG a.f.a.t.b.t.TransitionExecutorImpl - Step #4, transition #18
2026-04-27T11:59:30,479 [main] DEBUG a.f.a.t.b.t.TransitionExecutorImpl - Translating to SMT
2026-04-27T11:59:30,493 [main] DEBUG a.f.a.t.b.t.TransitionExecutorImpl - Transition 18 produces partial assignment. Disabled.
2026-04-27T11:59:30,495 [main] DEBUG a.f.a.t.b.t.TransitionExecutorImpl - Step #4, transition #19
2026-04-27T11:59:30,495 [main] DEBUG a.f.a.t.b.t.TransitionExecutorImpl - Translating to SMT
2026-04-27T11:59:30,508 [main] DEBUG a.f.a.t.b.t.TransitionExecutorImpl - Transition 19 produces partial assignment. Disabled.
2026-04-27T11:59:30,510 [main] DEBUG a.f.a.t.b.t.TransitionExecutorImpl - Step #4, transition #20
2026-04-27T11:59:30,510 [main] DEBUG a.f.a.t.b.t.TransitionExecutorImpl - Translating to SMT
2026-04-27T11:59:30,523 [main] DEBUG a.f.a.t.b.t.TransitionExecutorImpl - Transition 20 produces partial assignment. Disabled.
2026-04-27T11:59:30,525 [main] DEBUG a.f.a.t.b.t.TransitionExecutorImpl - Step #4, transition #21
2026-04-27T11:59:30,525 [main] DEBUG a.f.a.t.b.t.TransitionExecutorImpl - Translating to SMT
2026-04-27T11:59:30,643 [main] DEBUG a.f.a.t.b.SeqModelChecker - Step 4: Transition #21. Is it enabled?
2026-04-27T11:59:30,950 [main] INFO  a.f.a.t.b.SeqModelChecker - Step 4: Transition #21 is disabled
2026-04-27T11:59:30,956 [main] DEBUG a.f.a.t.b.t.TransitionExecutorImpl - Step #4, transition #22
2026-04-27T11:59:30,956 [main] DEBUG a.f.a.t.b.t.TransitionExecutorImpl - Translating to SMT
2026-04-27T11:59:31,010 [main] DEBUG a.f.a.t.b.t.TransitionExecutorImpl - Transition 22 produces partial assignment. Disabled.
2026-04-27T11:59:31,023 [main] DEBUG a.f.a.t.b.t.TransitionExecutorImpl - Step #4, transition #23
2026-04-27T11:59:31,023 [main] DEBUG a.f.a.t.b.t.TransitionExecutorImpl - Translating to SMT
2026-04-27T11:59:31,034 [main] DEBUG a.f.a.t.b.t.TransitionExecutorImpl - Transition 23 produces partial assignment. Disabled.
2026-04-27T11:59:31,036 [main] DEBUG a.f.a.t.b.t.TransitionExecutorImpl - Step #4, transition #24
2026-04-27T11:59:31,036 [main] DEBUG a.f.a.t.b.t.TransitionExecutorImpl - Translating to SMT
2026-04-27T11:59:31,109 [main] DEBUG a.f.a.t.b.SeqModelChecker - Step 4: Transition #24. Is it enabled?
2026-04-27T11:59:31,115 [main] INFO  a.f.a.t.b.SeqModelChecker - Step 4: Transition #24 is disabled
2026-04-27T11:59:31,121 [main] DEBUG a.f.a.t.b.t.TransitionExecutorImpl - Step #4, transition #25
2026-04-27T11:59:31,121 [main] DEBUG a.f.a.t.b.t.TransitionExecutorImpl - Translating to SMT
2026-04-27T11:59:31,151 [main] DEBUG a.f.a.t.b.t.TransitionExecutorImpl - Transition 25 produces partial assignment. Disabled.
2026-04-27T11:59:31,153 [main] DEBUG a.f.a.t.b.t.TransitionExecutorImpl - Step #4, transition #26
2026-04-27T11:59:31,153 [main] DEBUG a.f.a.t.b.t.TransitionExecutorImpl - Translating to SMT
2026-04-27T11:59:31,203 [main] DEBUG a.f.a.t.b.SeqModelChecker - Step 4: Transition #26. Is it enabled?
2026-04-27T11:59:31,209 [main] INFO  a.f.a.t.b.SeqModelChecker - Step 4: Transition #26 is disabled
2026-04-27T11:59:31,212 [main] DEBUG a.f.a.t.b.t.TransitionExecutorImpl - Step #4, transition #27
2026-04-27T11:59:31,212 [main] DEBUG a.f.a.t.b.t.TransitionExecutorImpl - Translating to SMT
2026-04-27T11:59:31,249 [main] DEBUG a.f.a.t.b.SeqModelChecker - Step 4: Transition #27. Is it enabled?
2026-04-27T11:59:31,252 [main] INFO  a.f.a.t.b.SeqModelChecker - Step 4: Transition #27 is disabled
2026-04-27T11:59:31,255 [main] DEBUG a.f.a.t.b.t.TransitionExecutorImpl - Step #4, transition #28
2026-04-27T11:59:31,255 [main] DEBUG a.f.a.t.b.t.TransitionExecutorImpl - Translating to SMT
2026-04-27T11:59:31,296 [main] DEBUG a.f.a.t.b.SeqModelChecker - Step 4: Transition #28. Is it enabled?
2026-04-27T11:59:31,304 [main] INFO  a.f.a.t.b.SeqModelChecker - Step 4: Transition #28 is disabled
2026-04-27T11:59:31,307 [main] DEBUG a.f.a.t.b.t.TransitionExecutorImpl - Step #4, transition #29
2026-04-27T11:59:31,307 [main] DEBUG a.f.a.t.b.t.TransitionExecutorImpl - Translating to SMT
2026-04-27T11:59:31,346 [main] DEBUG a.f.a.t.b.SeqModelChecker - Step 4: Transition #29. Is it enabled?
2026-04-27T11:59:31,353 [main] INFO  a.f.a.t.b.SeqModelChecker - Step 4: Transition #29 is disabled
2026-04-27T11:59:31,356 [main] DEBUG a.f.a.t.b.t.TransitionExecutorImpl - Step #4, transition #30
2026-04-27T11:59:31,356 [main] DEBUG a.f.a.t.b.t.TransitionExecutorImpl - Translating to SMT
2026-04-27T11:59:31,442 [main] DEBUG a.f.a.t.b.SeqModelChecker - Step 4: Transition #30. Is it enabled?
2026-04-27T11:59:32,483 [main] DEBUG a.f.a.t.b.SeqModelChecker - Step 4: Transition #30 is enabled
2026-04-27T11:59:32,490 [main] DEBUG a.f.a.t.b.t.TransitionExecutorImpl - Step #4, transition #31
2026-04-27T11:59:32,490 [main] DEBUG a.f.a.t.b.t.TransitionExecutorImpl - Translating to SMT
2026-04-27T11:59:32,532 [main] DEBUG a.f.a.t.b.SeqModelChecker - Step 4: Transition #31. Is it enabled?
2026-04-27T11:59:32,674 [main] INFO  a.f.a.t.b.SeqModelChecker - Step 4: Transition #31 is disabled
2026-04-27T11:59:32,679 [main] DEBUG a.f.a.t.b.t.TransitionExecutorImpl - Step #4, transition #32
2026-04-27T11:59:32,679 [main] DEBUG a.f.a.t.b.t.TransitionExecutorImpl - Translating to SMT
2026-04-27T11:59:32,721 [main] DEBUG a.f.a.t.b.SeqModelChecker - Step 4: Transition #32. Is it enabled?
2026-04-27T11:59:32,728 [main] INFO  a.f.a.t.b.SeqModelChecker - Step 4: Transition #32 is disabled
2026-04-27T11:59:32,731 [main] DEBUG a.f.a.t.b.t.TransitionExecutorImpl - Step #4, transition #33
2026-04-27T11:59:32,731 [main] DEBUG a.f.a.t.b.t.TransitionExecutorImpl - Translating to SMT
2026-04-27T11:59:32,773 [main] DEBUG a.f.a.t.b.SeqModelChecker - Step 4: Transition #33. Is it enabled?
2026-04-27T11:59:32,780 [main] INFO  a.f.a.t.b.SeqModelChecker - Step 4: Transition #33 is disabled
2026-04-27T11:59:32,782 [main] DEBUG a.f.a.t.b.t.TransitionExecutorImpl - Step #4, transition #34
2026-04-27T11:59:32,782 [main] DEBUG a.f.a.t.b.t.TransitionExecutorImpl - Translating to SMT
2026-04-27T11:59:32,825 [main] DEBUG a.f.a.t.b.SeqModelChecker - Step 4: Transition #34. Is it enabled?
2026-04-27T11:59:32,969 [main] INFO  a.f.a.t.b.SeqModelChecker - Step 4: Transition #34 is disabled
2026-04-27T11:59:32,975 [main] DEBUG a.f.a.t.b.t.TransitionExecutorImpl - Step #4, transition #35
2026-04-27T11:59:32,975 [main] DEBUG a.f.a.t.b.t.TransitionExecutorImpl - Translating to SMT
2026-04-27T11:59:33,018 [main] DEBUG a.f.a.t.b.SeqModelChecker - Step 4: Transition #35. Is it enabled?
2026-04-27T11:59:34,103 [main] DEBUG a.f.a.t.b.SeqModelChecker - Step 4: Transition #35 is enabled
2026-04-27T11:59:34,103 [main] INFO  a.f.a.t.b.SeqModelChecker - State 4: Checking 2 state invariants
2026-04-27T11:59:34,104 [main] DEBUG a.f.a.t.b.SeqModelChecker - State 4: Checking state invariant 0
2026-04-27T11:59:34,242 [main] INFO  a.f.a.t.b.SeqModelChecker - State 4: state invariant 0 holds.
2026-04-27T11:59:34,246 [main] DEBUG a.f.a.t.b.SeqModelChecker - State 4: Checking state invariant 1
2026-04-27T11:59:34,259 [main] INFO  a.f.a.t.b.SeqModelChecker - State 4: state invariant 1 holds.
2026-04-27T11:59:34,264 [main] DEBUG a.f.a.t.b.t.TransitionExecutorImpl - Step #4, transition #36
2026-04-27T11:59:34,264 [main] DEBUG a.f.a.t.b.t.TransitionExecutorImpl - Translating to SMT
2026-04-27T11:59:34,292 [main] DEBUG a.f.a.t.b.t.TransitionExecutorImpl - Transition 36 produces partial assignment. Disabled.
2026-04-27T11:59:34,296 [main] DEBUG a.f.a.t.b.t.TransitionExecutorImpl - Step #4, transition #37
2026-04-27T11:59:34,296 [main] DEBUG a.f.a.t.b.t.TransitionExecutorImpl - Translating to SMT
2026-04-27T11:59:34,362 [main] DEBUG a.f.a.t.b.SeqModelChecker - Step 4: Transition #37. Is it enabled?
2026-04-27T11:59:34,441 [main] INFO  a.f.a.t.b.SeqModelChecker - Step 4: Transition #37 is disabled
2026-04-27T11:59:34,446 [main] DEBUG a.f.a.t.b.t.TransitionExecutorImpl - Step #4, transition #38
2026-04-27T11:59:34,446 [main] DEBUG a.f.a.t.b.t.TransitionExecutorImpl - Translating to SMT
2026-04-27T11:59:34,472 [main] DEBUG a.f.a.t.b.t.TransitionExecutorImpl - Transition 38 produces partial assignment. Disabled.
2026-04-27T11:59:34,475 [main] DEBUG a.f.a.t.b.t.TransitionExecutorImpl - Step #4, transition #39
2026-04-27T11:59:34,475 [main] DEBUG a.f.a.t.b.t.TransitionExecutorImpl - Translating to SMT
2026-04-27T11:59:34,572 [main] DEBUG a.f.a.t.b.SeqModelChecker - Step 4: Transition #39. Is it enabled?
2026-04-27T11:59:34,669 [main] INFO  a.f.a.t.b.SeqModelChecker - Step 4: Transition #39 is disabled
2026-04-27T11:59:34,674 [main] DEBUG a.f.a.t.b.t.TransitionExecutorImpl - Step #4, transition #40
2026-04-27T11:59:34,674 [main] DEBUG a.f.a.t.b.t.TransitionExecutorImpl - Translating to SMT
2026-04-27T11:59:34,702 [main] DEBUG a.f.a.t.b.t.TransitionExecutorImpl - Transition 40 produces partial assignment. Disabled.
2026-04-27T11:59:34,706 [main] DEBUG a.f.a.t.b.t.TransitionExecutorImpl - Step #4, transition #41
2026-04-27T11:59:34,706 [main] DEBUG a.f.a.t.b.t.TransitionExecutorImpl - Translating to SMT
2026-04-27T11:59:34,767 [main] DEBUG a.f.a.t.b.SeqModelChecker - Step 4: Transition #41. Is it enabled?
2026-04-27T11:59:34,888 [main] INFO  a.f.a.t.b.SeqModelChecker - Step 4: Transition #41 is disabled
2026-04-27T11:59:34,892 [main] DEBUG a.f.a.t.b.t.TransitionExecutorImpl - Step #4, transition #42
2026-04-27T11:59:34,892 [main] DEBUG a.f.a.t.b.t.TransitionExecutorImpl - Translating to SMT
2026-04-27T11:59:34,919 [main] DEBUG a.f.a.t.b.t.TransitionExecutorImpl - Transition 42 produces partial assignment. Disabled.
2026-04-27T11:59:34,923 [main] DEBUG a.f.a.t.b.t.TransitionExecutorImpl - Step #4, transition #43
2026-04-27T11:59:34,923 [main] DEBUG a.f.a.t.b.t.TransitionExecutorImpl - Translating to SMT
2026-04-27T11:59:35,031 [main] DEBUG a.f.a.t.b.SeqModelChecker - Step 4: Transition #43. Is it enabled?
2026-04-27T11:59:35,130 [main] INFO  a.f.a.t.b.SeqModelChecker - Step 4: Transition #43 is disabled
2026-04-27T11:59:35,136 [main] DEBUG a.f.a.t.b.t.TransitionExecutorImpl - Step #4, transition #44
2026-04-27T11:59:35,136 [main] DEBUG a.f.a.t.b.t.TransitionExecutorImpl - Translating to SMT
2026-04-27T11:59:35,203 [main] DEBUG a.f.a.t.b.SeqModelChecker - Step 4: Transition #44. Is it enabled?
2026-04-27T11:59:35,325 [main] INFO  a.f.a.t.b.SeqModelChecker - Step 4: Transition #44 is disabled
2026-04-27T11:59:35,331 [main] DEBUG a.f.a.t.b.t.TransitionExecutorImpl - Step #4, transition #45
2026-04-27T11:59:35,332 [main] DEBUG a.f.a.t.b.t.TransitionExecutorImpl - Translating to SMT
2026-04-27T11:59:35,424 [main] DEBUG a.f.a.t.b.SeqModelChecker - Step 4: Transition #45. Is it enabled?
2026-04-27T11:59:35,486 [main] INFO  a.f.a.t.b.SeqModelChecker - Step 4: Transition #45 is disabled
2026-04-27T11:59:35,493 [main] DEBUG a.f.a.t.b.t.TransitionExecutorImpl - Step #4, transition #46
2026-04-27T11:59:35,493 [main] DEBUG a.f.a.t.b.t.TransitionExecutorImpl - Translating to SMT
2026-04-27T11:59:35,563 [main] DEBUG a.f.a.t.b.SeqModelChecker - Step 4: Transition #46. Is it enabled?
2026-04-27T11:59:35,723 [main] INFO  a.f.a.t.b.SeqModelChecker - Step 4: Transition #46 is disabled
2026-04-27T11:59:35,729 [main] DEBUG a.f.a.t.b.t.TransitionExecutorImpl - Step #4, transition #47
2026-04-27T11:59:35,730 [main] DEBUG a.f.a.t.b.t.TransitionExecutorImpl - Translating to SMT
2026-04-27T11:59:35,805 [main] DEBUG a.f.a.t.b.SeqModelChecker - Step 4: Transition #47. Is it enabled?
2026-04-27T11:59:37,747 [main] DEBUG a.f.a.t.b.SeqModelChecker - Step 4: Transition #47 is enabled
2026-04-27T11:59:37,747 [main] INFO  a.f.a.t.b.SeqModelChecker - State 4: Checking 2 state invariants
2026-04-27T11:59:37,747 [main] DEBUG a.f.a.t.b.SeqModelChecker - State 4: Checking state invariant 0
2026-04-27T11:59:37,923 [main] INFO  a.f.a.t.b.SeqModelChecker - State 4: state invariant 0 holds.
2026-04-27T11:59:37,930 [main] DEBUG a.f.a.t.b.SeqModelChecker - State 4: Checking state invariant 1
2026-04-27T11:59:37,945 [main] INFO  a.f.a.t.b.SeqModelChecker - State 4: state invariant 1 holds.
2026-04-27T11:59:37,951 [main] DEBUG a.f.a.t.b.t.TransitionExecutorImpl - Step #4, transition #48
2026-04-27T11:59:37,951 [main] DEBUG a.f.a.t.b.t.TransitionExecutorImpl - Translating to SMT
2026-04-27T11:59:38,083 [main] DEBUG a.f.a.t.b.SeqModelChecker - Step 4: Transition #48. Is it enabled?
2026-04-27T11:59:38,095 [main] INFO  a.f.a.t.b.SeqModelChecker - Step 4: Transition #48 is disabled
2026-04-27T11:59:38,099 [main] DEBUG a.f.a.t.b.t.TransitionExecutorImpl - Step #4, transition #49
2026-04-27T11:59:38,099 [main] DEBUG a.f.a.t.b.t.TransitionExecutorImpl - Translating to SMT
2026-04-27T11:59:38,184 [main] DEBUG a.f.a.t.b.SeqModelChecker - Step 4: Transition #49. Is it enabled?
2026-04-27T11:59:38,198 [main] INFO  a.f.a.t.b.SeqModelChecker - Step 4: Transition #49 is disabled
2026-04-27T11:59:38,202 [main] DEBUG a.f.a.t.b.t.TransitionExecutorImpl - Step #4, transition #50
2026-04-27T11:59:38,202 [main] DEBUG a.f.a.t.b.t.TransitionExecutorImpl - Translating to SMT
2026-04-27T11:59:38,277 [main] DEBUG a.f.a.t.b.SeqModelChecker - Step 4: Transition #50. Is it enabled?
2026-04-27T11:59:38,363 [main] INFO  a.f.a.t.b.SeqModelChecker - Step 4: Transition #50 is disabled
2026-04-27T11:59:38,370 [main] DEBUG a.f.a.t.b.t.TransitionExecutorImpl - Step #4, transition #51
2026-04-27T11:59:38,370 [main] DEBUG a.f.a.t.b.t.TransitionExecutorImpl - Translating to SMT
2026-04-27T11:59:38,450 [main] DEBUG a.f.a.t.b.SeqModelChecker - Step 4: Transition #51. Is it enabled?
2026-04-27T11:59:38,596 [main] INFO  a.f.a.t.b.SeqModelChecker - Step 4: Transition #51 is disabled
2026-04-27T11:59:38,602 [main] DEBUG a.f.a.t.b.t.TransitionExecutorImpl - Step #4, transition #52
2026-04-27T11:59:38,603 [main] DEBUG a.f.a.t.b.t.TransitionExecutorImpl - Translating to SMT
2026-04-27T11:59:38,710 [main] DEBUG a.f.a.t.b.SeqModelChecker - Step 4: Transition #52. Is it enabled?
2026-04-27T11:59:38,841 [main] INFO  a.f.a.t.b.SeqModelChecker - Step 4: Transition #52 is disabled
2026-04-27T11:59:38,847 [main] DEBUG a.f.a.t.b.t.TransitionExecutorImpl - Step #4, transition #53
2026-04-27T11:59:38,847 [main] DEBUG a.f.a.t.b.t.TransitionExecutorImpl - Translating to SMT
2026-04-27T11:59:38,879 [main] DEBUG a.f.a.t.b.SeqModelChecker - Step 4: Transition #53. Is it enabled?
2026-04-27T11:59:38,885 [main] INFO  a.f.a.t.b.SeqModelChecker - Step 4: Transition #53 is disabled
2026-04-27T11:59:38,887 [main] DEBUG a.f.a.t.b.t.TransitionExecutorImpl - Step #4, transition #54
2026-04-27T11:59:38,887 [main] DEBUG a.f.a.t.b.t.TransitionExecutorImpl - Translating to SMT
2026-04-27T11:59:38,914 [main] DEBUG a.f.a.t.b.SeqModelChecker - Step 4: Transition #54. Is it enabled?
2026-04-27T11:59:38,918 [main] INFO  a.f.a.t.b.SeqModelChecker - Step 4: Transition #54 is disabled
2026-04-27T11:59:38,921 [main] DEBUG a.f.a.t.b.t.TransitionExecutorImpl - Step #4, transition #55
2026-04-27T11:59:38,921 [main] DEBUG a.f.a.t.b.t.TransitionExecutorImpl - Translating to SMT
2026-04-27T11:59:38,924 [main] DEBUG a.f.a.t.b.t.TransitionExecutorImpl - Transition 55 produces partial assignment. Disabled.
2026-04-27T11:59:38,925 [main] DEBUG a.f.a.t.b.t.TransitionExecutorImpl - Step #4, transition #56
2026-04-27T11:59:38,925 [main] DEBUG a.f.a.t.b.t.TransitionExecutorImpl - Translating to SMT
2026-04-27T11:59:38,953 [main] DEBUG a.f.a.t.b.SeqModelChecker - Step 4: Transition #56. Is it enabled?
2026-04-27T11:59:38,957 [main] INFO  a.f.a.t.b.SeqModelChecker - Step 4: Transition #56 is disabled
2026-04-27T11:59:38,960 [main] DEBUG a.f.a.t.b.t.TransitionExecutorImpl - Step #4, transition #57
2026-04-27T11:59:38,960 [main] DEBUG a.f.a.t.b.t.TransitionExecutorImpl - Translating to SMT
2026-04-27T11:59:38,963 [main] DEBUG a.f.a.t.b.t.TransitionExecutorImpl - Transition 57 produces partial assignment. Disabled.
2026-04-27T11:59:38,964 [main] DEBUG a.f.a.t.b.t.TransitionExecutorImpl - Step #4, transition #58
2026-04-27T11:59:38,964 [main] DEBUG a.f.a.t.b.t.TransitionExecutorImpl - Translating to SMT
2026-04-27T11:59:38,992 [main] DEBUG a.f.a.t.b.SeqModelChecker - Step 4: Transition #58. Is it enabled?
2026-04-27T11:59:38,998 [main] INFO  a.f.a.t.b.SeqModelChecker - Step 4: Transition #58 is disabled
2026-04-27T11:59:39,000 [main] DEBUG a.f.a.t.b.t.TransitionExecutorImpl - Step #4, transition #59
2026-04-27T11:59:39,000 [main] DEBUG a.f.a.t.b.t.TransitionExecutorImpl - Translating to SMT
2026-04-27T11:59:39,004 [main] DEBUG a.f.a.t.b.t.TransitionExecutorImpl - Transition 59 produces partial assignment. Disabled.
2026-04-27T11:59:39,005 [main] DEBUG a.f.a.t.b.t.TransitionExecutorImpl - Step #4, transition #60
2026-04-27T11:59:39,005 [main] DEBUG a.f.a.t.b.t.TransitionExecutorImpl - Translating to SMT
2026-04-27T11:59:39,027 [main] DEBUG a.f.a.t.b.SeqModelChecker - Step 4: Transition #60. Is it enabled?
2026-04-27T11:59:39,031 [main] INFO  a.f.a.t.b.SeqModelChecker - Step 4: Transition #60 is disabled
2026-04-27T11:59:39,033 [main] DEBUG a.f.a.t.b.t.TransitionExecutorImpl - Step #4, transition #61
2026-04-27T11:59:39,033 [main] DEBUG a.f.a.t.b.t.TransitionExecutorImpl - Translating to SMT
2026-04-27T11:59:39,037 [main] DEBUG a.f.a.t.b.t.TransitionExecutorImpl - Transition 61 produces partial assignment. Disabled.
2026-04-27T11:59:39,037 [main] DEBUG a.f.a.t.b.t.TransitionExecutorImpl - Step #4, transition #62
2026-04-27T11:59:39,037 [main] DEBUG a.f.a.t.b.t.TransitionExecutorImpl - Translating to SMT
2026-04-27T11:59:39,060 [main] DEBUG a.f.a.t.b.SeqModelChecker - Step 4: Transition #62. Is it enabled?
2026-04-27T11:59:39,064 [main] INFO  a.f.a.t.b.SeqModelChecker - Step 4: Transition #62 is disabled
2026-04-27T11:59:39,066 [main] DEBUG a.f.a.t.b.t.TransitionExecutorImpl - Step #4, transition #63
2026-04-27T11:59:39,066 [main] DEBUG a.f.a.t.b.t.TransitionExecutorImpl - Translating to SMT
2026-04-27T11:59:39,091 [main] DEBUG a.f.a.t.b.SeqModelChecker - Step 4: Transition #63. Is it enabled?
2026-04-27T11:59:39,097 [main] INFO  a.f.a.t.b.SeqModelChecker - Step 4: Transition #63 is disabled
2026-04-27T11:59:39,100 [main] DEBUG a.f.a.t.b.t.TransitionExecutorImpl - Step #4, transition #64
2026-04-27T11:59:39,100 [main] DEBUG a.f.a.t.b.t.TransitionExecutorImpl - Translating to SMT
2026-04-27T11:59:39,138 [main] DEBUG a.f.a.t.b.SeqModelChecker - Step 4: Transition #64. Is it enabled?
2026-04-27T11:59:39,146 [main] INFO  a.f.a.t.b.SeqModelChecker - Step 4: Transition #64 is disabled
2026-04-27T11:59:39,149 [main] DEBUG a.f.a.t.b.t.TransitionExecutorImpl - Step #4, transition #65
2026-04-27T11:59:39,149 [main] DEBUG a.f.a.t.b.t.TransitionExecutorImpl - Translating to SMT
2026-04-27T11:59:39,159 [main] DEBUG a.f.a.t.b.SeqModelChecker - Step 4: Transition #65. Is it enabled?
2026-04-27T11:59:39,160 [main] INFO  a.f.a.t.b.SeqModelChecker - Step 4: Transition #65 is disabled
2026-04-27T11:59:39,163 [main] DEBUG a.f.a.t.b.t.TransitionExecutorImpl - Step #4, transition #66
2026-04-27T11:59:39,163 [main] DEBUG a.f.a.t.b.t.TransitionExecutorImpl - Translating to SMT
2026-04-27T11:59:39,198 [main] DEBUG a.f.a.t.b.SeqModelChecker - Step 4: Transition #66. Is it enabled?
2026-04-27T11:59:39,204 [main] INFO  a.f.a.t.b.SeqModelChecker - Step 4: Transition #66 is disabled
2026-04-27T11:59:39,207 [main] DEBUG a.f.a.t.b.t.TransitionExecutorImpl - Step #4, transition #67
2026-04-27T11:59:39,207 [main] DEBUG a.f.a.t.b.t.TransitionExecutorImpl - Translating to SMT
2026-04-27T11:59:39,237 [main] DEBUG a.f.a.t.b.SeqModelChecker - Step 4: Transition #67. Is it enabled?
2026-04-27T11:59:39,242 [main] INFO  a.f.a.t.b.SeqModelChecker - Step 4: Transition #67 is disabled
2026-04-27T11:59:39,245 [main] DEBUG a.f.a.t.b.t.TransitionExecutorImpl - Step #4, transition #68
2026-04-27T11:59:39,245 [main] DEBUG a.f.a.t.b.t.TransitionExecutorImpl - Translating to SMT
2026-04-27T11:59:39,275 [main] DEBUG a.f.a.t.b.SeqModelChecker - Step 4: Transition #68. Is it enabled?
2026-04-27T11:59:39,280 [main] INFO  a.f.a.t.b.SeqModelChecker - Step 4: Transition #68 is disabled
2026-04-27T11:59:39,283 [main] DEBUG a.f.a.t.b.t.TransitionExecutorImpl - Step #4, transition #69
2026-04-27T11:59:39,283 [main] DEBUG a.f.a.t.b.t.TransitionExecutorImpl - Translating to SMT
2026-04-27T11:59:39,361 [main] DEBUG a.f.a.t.b.SeqModelChecker - Step 4: Transition #69. Is it enabled?
2026-04-27T11:59:39,370 [main] INFO  a.f.a.t.b.SeqModelChecker - Step 4: Transition #69 is disabled
2026-04-27T11:59:39,373 [main] INFO  a.f.a.t.b.t.TransitionExecutorImpl - Step 4: picking a transition out of 6 transition(s)
2026-04-27T11:59:39,473 [main] DEBUG a.f.a.t.b.t.TransitionExecutorImpl - Step #5, transition #0
2026-04-27T11:59:39,473 [main] DEBUG a.f.a.t.b.t.TransitionExecutorImpl - Translating to SMT
2026-04-27T11:59:39,545 [main] DEBUG a.f.a.t.b.SeqModelChecker - Step 5: Transition #0. Is it enabled?
2026-04-27T11:59:40,308 [main] INFO  a.f.a.t.b.SeqModelChecker - Step 5: Transition #0 is disabled
2026-04-27T11:59:40,320 [main] DEBUG a.f.a.t.b.t.TransitionExecutorImpl - Step #5, transition #1
2026-04-27T11:59:40,320 [main] DEBUG a.f.a.t.b.t.TransitionExecutorImpl - Translating to SMT
2026-04-27T11:59:40,392 [main] DEBUG a.f.a.t.b.SeqModelChecker - Step 5: Transition #1. Is it enabled?
2026-04-27T11:59:41,152 [main] INFO  a.f.a.t.b.SeqModelChecker - Step 5: Transition #1 is disabled
2026-04-27T11:59:41,161 [main] DEBUG a.f.a.t.b.t.TransitionExecutorImpl - Step #5, transition #2
2026-04-27T11:59:41,161 [main] DEBUG a.f.a.t.b.t.TransitionExecutorImpl - Translating to SMT
2026-04-27T11:59:41,231 [main] DEBUG a.f.a.t.b.SeqModelChecker - Step 5: Transition #2. Is it enabled?
2026-04-27T11:59:42,881 [main] DEBUG a.f.a.t.b.SeqModelChecker - Step 5: Transition #2 is enabled
2026-04-27T11:59:42,881 [main] INFO  a.f.a.t.b.SeqModelChecker - State 5: Checking 2 state invariants
2026-04-27T11:59:42,881 [main] DEBUG a.f.a.t.b.SeqModelChecker - State 5: Checking state invariant 0
2026-04-27T11:59:42,951 [main] INFO  a.f.a.t.b.SeqModelChecker - State 5: state invariant 0 holds.
2026-04-27T11:59:42,957 [main] DEBUG a.f.a.t.b.SeqModelChecker - State 5: Checking state invariant 1
2026-04-27T11:59:42,972 [main] INFO  a.f.a.t.b.SeqModelChecker - State 5: state invariant 1 holds.
2026-04-27T11:59:42,982 [main] DEBUG a.f.a.t.b.t.TransitionExecutorImpl - Step #5, transition #3
2026-04-27T11:59:42,982 [main] DEBUG a.f.a.t.b.t.TransitionExecutorImpl - Translating to SMT
2026-04-27T11:59:42,998 [main] DEBUG a.f.a.t.b.t.TransitionExecutorImpl - Transition 3 produces partial assignment. Disabled.
2026-04-27T11:59:43,002 [main] DEBUG a.f.a.t.b.t.TransitionExecutorImpl - Step #5, transition #4
2026-04-27T11:59:43,002 [main] DEBUG a.f.a.t.b.t.TransitionExecutorImpl - Translating to SMT
2026-04-27T11:59:43,018 [main] DEBUG a.f.a.t.b.t.TransitionExecutorImpl - Transition 4 produces partial assignment. Disabled.
2026-04-27T11:59:43,022 [main] DEBUG a.f.a.t.b.t.TransitionExecutorImpl - Step #5, transition #5
2026-04-27T11:59:43,022 [main] DEBUG a.f.a.t.b.t.TransitionExecutorImpl - Translating to SMT
2026-04-27T11:59:43,109 [main] DEBUG a.f.a.t.b.SeqModelChecker - Step 5: Transition #5. Is it enabled?
2026-04-27T11:59:43,315 [main] INFO  a.f.a.t.b.SeqModelChecker - Step 5: Transition #5 is disabled
2026-04-27T11:59:43,322 [main] DEBUG a.f.a.t.b.t.TransitionExecutorImpl - Step #5, transition #6
2026-04-27T11:59:43,322 [main] DEBUG a.f.a.t.b.t.TransitionExecutorImpl - Translating to SMT
2026-04-27T11:59:43,383 [main] DEBUG a.f.a.t.b.SeqModelChecker - Step 5: Transition #6. Is it enabled?
2026-04-27T11:59:44,521 [main] DEBUG a.f.a.t.b.SeqModelChecker - Step 5: Transition #6 is enabled
2026-04-27T11:59:44,521 [main] INFO  a.f.a.t.b.SeqModelChecker - State 5: Checking 2 state invariants
2026-04-27T11:59:44,521 [main] DEBUG a.f.a.t.b.SeqModelChecker - State 5: Checking state invariant 0
2026-04-27T11:59:44,943 [main] INFO  a.f.a.t.b.SeqModelChecker - State 5: state invariant 0 holds.
2026-04-27T11:59:44,962 [main] DEBUG a.f.a.t.b.SeqModelChecker - State 5: Checking state invariant 1
2026-04-27T11:59:44,982 [main] INFO  a.f.a.t.b.SeqModelChecker - State 5: state invariant 1 holds.
2026-04-27T11:59:44,992 [main] DEBUG a.f.a.t.b.t.TransitionExecutorImpl - Step #5, transition #7
2026-04-27T11:59:44,992 [main] DEBUG a.f.a.t.b.t.TransitionExecutorImpl - Translating to SMT
2026-04-27T11:59:45,077 [main] DEBUG a.f.a.t.b.t.TransitionExecutorImpl - Transition 7 produces partial assignment. Disabled.
2026-04-27T11:59:45,085 [main] DEBUG a.f.a.t.b.t.TransitionExecutorImpl - Step #5, transition #8
2026-04-27T11:59:45,085 [main] DEBUG a.f.a.t.b.t.TransitionExecutorImpl - Translating to SMT
2026-04-27T11:59:45,103 [main] DEBUG a.f.a.t.b.t.TransitionExecutorImpl - Transition 8 produces partial assignment. Disabled.
2026-04-27T11:59:45,107 [main] DEBUG a.f.a.t.b.t.TransitionExecutorImpl - Step #5, transition #9
2026-04-27T11:59:45,107 [main] DEBUG a.f.a.t.b.t.TransitionExecutorImpl - Translating to SMT
2026-04-27T11:59:45,171 [main] DEBUG a.f.a.t.b.SeqModelChecker - Step 5: Transition #9. Is it enabled?
2026-04-27T11:59:45,195 [main] INFO  a.f.a.t.b.SeqModelChecker - Step 5: Transition #9 is disabled
2026-04-27T11:59:45,200 [main] DEBUG a.f.a.t.b.t.TransitionExecutorImpl - Step #5, transition #10
2026-04-27T11:59:45,200 [main] DEBUG a.f.a.t.b.t.TransitionExecutorImpl - Translating to SMT
2026-04-27T11:59:45,268 [main] DEBUG a.f.a.t.b.SeqModelChecker - Step 5: Transition #10. Is it enabled?
2026-04-27T11:59:45,290 [main] INFO  a.f.a.t.b.SeqModelChecker - Step 5: Transition #10 is disabled
2026-04-27T11:59:45,295 [main] DEBUG a.f.a.t.b.t.TransitionExecutorImpl - Step #5, transition #11
2026-04-27T11:59:45,295 [main] DEBUG a.f.a.t.b.t.TransitionExecutorImpl - Translating to SMT
2026-04-27T11:59:45,373 [main] DEBUG a.f.a.t.b.SeqModelChecker - Step 5: Transition #11. Is it enabled?
2026-04-27T11:59:46,533 [main] DEBUG a.f.a.t.b.SeqModelChecker - Step 5: Transition #11 is enabled
2026-04-27T11:59:46,533 [main] INFO  a.f.a.t.b.SeqModelChecker - State 5: Checking 2 state invariants
2026-04-27T11:59:46,533 [main] DEBUG a.f.a.t.b.SeqModelChecker - State 5: Checking state invariant 0
2026-04-27T11:59:46,850 [main] INFO  a.f.a.t.b.SeqModelChecker - State 5: state invariant 0 holds.
2026-04-27T11:59:46,857 [main] DEBUG a.f.a.t.b.SeqModelChecker - State 5: Checking state invariant 1
2026-04-27T11:59:46,870 [main] INFO  a.f.a.t.b.SeqModelChecker - State 5: state invariant 1 holds.
2026-04-27T11:59:46,876 [main] DEBUG a.f.a.t.b.t.TransitionExecutorImpl - Step #5, transition #12
2026-04-27T11:59:46,876 [main] DEBUG a.f.a.t.b.t.TransitionExecutorImpl - Translating to SMT
2026-04-27T11:59:46,964 [main] DEBUG a.f.a.t.b.SeqModelChecker - Step 5: Transition #12. Is it enabled?
2026-04-27T11:59:46,988 [main] INFO  a.f.a.t.b.SeqModelChecker - Step 5: Transition #12 is disabled
2026-04-27T11:59:46,994 [main] DEBUG a.f.a.t.b.t.TransitionExecutorImpl - Step #5, transition #13
2026-04-27T11:59:46,995 [main] DEBUG a.f.a.t.b.t.TransitionExecutorImpl - Translating to SMT
2026-04-27T11:59:47,098 [main] DEBUG a.f.a.t.b.SeqModelChecker - Step 5: Transition #13. Is it enabled?
2026-04-27T11:59:51,528 [main] DEBUG a.f.a.t.b.SeqModelChecker - Step 5: Transition #13 is enabled
2026-04-27T11:59:51,547 [main] DEBUG a.f.a.t.b.t.TransitionExecutorImpl - Step #5, transition #14
2026-04-27T11:59:51,547 [main] DEBUG a.f.a.t.b.t.TransitionExecutorImpl - Translating to SMT
2026-04-27T11:59:51,647 [main] DEBUG a.f.a.t.b.SeqModelChecker - Step 5: Transition #14. Is it enabled?
2026-04-27T11:59:51,676 [main] INFO  a.f.a.t.b.SeqModelChecker - Step 5: Transition #14 is disabled
2026-04-27T11:59:51,685 [main] DEBUG a.f.a.t.b.t.TransitionExecutorImpl - Step #5, transition #15
2026-04-27T11:59:51,685 [main] DEBUG a.f.a.t.b.t.TransitionExecutorImpl - Translating to SMT
2026-04-27T11:59:51,861 [main] DEBUG a.f.a.t.b.SeqModelChecker - Step 5: Transition #15. Is it enabled?
2026-04-27T11:59:53,659 [main] INFO  a.f.a.t.b.SeqModelChecker - Step 5: Transition #15 is disabled
2026-04-27T11:59:53,675 [main] DEBUG a.f.a.t.b.t.TransitionExecutorImpl - Step #5, transition #16
2026-04-27T11:59:53,676 [main] DEBUG a.f.a.t.b.t.TransitionExecutorImpl - Translating to SMT
2026-04-27T11:59:53,706 [main] DEBUG a.f.a.t.b.SeqModelChecker - Step 5: Transition #16. Is it enabled?
2026-04-27T11:59:53,710 [main] INFO  a.f.a.t.b.SeqModelChecker - Step 5: Transition #16 is disabled
2026-04-27T11:59:53,716 [main] DEBUG a.f.a.t.b.t.TransitionExecutorImpl - Step #5, transition #17
2026-04-27T11:59:53,716 [main] DEBUG a.f.a.t.b.t.TransitionExecutorImpl - Translating to SMT
2026-04-27T11:59:53,960 [main] DEBUG a.f.a.t.b.SeqModelChecker - Step 5: Transition #17. Is it enabled?
2026-04-27T11:59:56,193 [main] INFO  a.f.a.t.b.SeqModelChecker - Step 5: Transition #17 is disabled
2026-04-27T11:59:56,218 [main] DEBUG a.f.a.t.b.t.TransitionExecutorImpl - Step #5, transition #18
2026-04-27T11:59:56,219 [main] DEBUG a.f.a.t.b.t.TransitionExecutorImpl - Translating to SMT
2026-04-27T11:59:56,443 [main] DEBUG a.f.a.t.b.t.TransitionExecutorImpl - Transition 18 produces partial assignment. Disabled.
2026-04-27T11:59:56,496 [main] DEBUG a.f.a.t.b.t.TransitionExecutorImpl - Step #5, transition #19
2026-04-27T11:59:56,496 [main] DEBUG a.f.a.t.b.t.TransitionExecutorImpl - Translating to SMT
2026-04-27T11:59:56,514 [main] DEBUG a.f.a.t.b.t.TransitionExecutorImpl - Transition 19 produces partial assignment. Disabled.
2026-04-27T11:59:56,517 [main] DEBUG a.f.a.t.b.t.TransitionExecutorImpl - Step #5, transition #20
2026-04-27T11:59:56,517 [main] DEBUG a.f.a.t.b.t.TransitionExecutorImpl - Translating to SMT
2026-04-27T11:59:56,535 [main] DEBUG a.f.a.t.b.t.TransitionExecutorImpl - Transition 20 produces partial assignment. Disabled.
2026-04-27T11:59:56,537 [main] DEBUG a.f.a.t.b.t.TransitionExecutorImpl - Step #5, transition #21
2026-04-27T11:59:56,537 [main] DEBUG a.f.a.t.b.t.TransitionExecutorImpl - Translating to SMT
2026-04-27T11:59:56,683 [main] DEBUG a.f.a.t.b.SeqModelChecker - Step 5: Transition #21. Is it enabled?
2026-04-27T11:59:59,647 [main] INFO  a.f.a.t.b.SeqModelChecker - Step 5: Transition #21 is disabled
2026-04-27T11:59:59,669 [main] DEBUG a.f.a.t.b.t.TransitionExecutorImpl - Step #5, transition #22
2026-04-27T11:59:59,669 [main] DEBUG a.f.a.t.b.t.TransitionExecutorImpl - Translating to SMT
2026-04-27T11:59:59,802 [main] DEBUG a.f.a.t.b.t.TransitionExecutorImpl - Transition 22 produces partial assignment. Disabled.
2026-04-27T11:59:59,834 [main] DEBUG a.f.a.t.b.t.TransitionExecutorImpl - Step #5, transition #23
2026-04-27T11:59:59,834 [main] DEBUG a.f.a.t.b.t.TransitionExecutorImpl - Translating to SMT
2026-04-27T11:59:59,850 [main] DEBUG a.f.a.t.b.t.TransitionExecutorImpl - Transition 23 produces partial assignment. Disabled.
2026-04-27T11:59:59,852 [main] DEBUG a.f.a.t.b.t.TransitionExecutorImpl - Step #5, transition #24
2026-04-27T11:59:59,852 [main] DEBUG a.f.a.t.b.t.TransitionExecutorImpl - Translating to SMT
2026-04-27T11:59:59,924 [main] DEBUG a.f.a.t.b.SeqModelChecker - Step 5: Transition #24. Is it enabled?
2026-04-27T12:00:00,023 [main] INFO  a.f.a.t.b.SeqModelChecker - Step 5: Transition #24 is disabled
2026-04-27T12:00:00,030 [main] DEBUG a.f.a.t.b.t.TransitionExecutorImpl - Step #5, transition #25
2026-04-27T12:00:00,030 [main] DEBUG a.f.a.t.b.t.TransitionExecutorImpl - Translating to SMT
2026-04-27T12:00:00,051 [main] DEBUG a.f.a.t.b.t.TransitionExecutorImpl - Transition 25 produces partial assignment. Disabled.
2026-04-27T12:00:00,053 [main] DEBUG a.f.a.t.b.t.TransitionExecutorImpl - Step #5, transition #26
2026-04-27T12:00:00,053 [main] DEBUG a.f.a.t.b.t.TransitionExecutorImpl - Translating to SMT
2026-04-27T12:00:00,127 [main] DEBUG a.f.a.t.b.SeqModelChecker - Step 5: Transition #26. Is it enabled?
2026-04-27T12:00:00,174 [main] INFO  a.f.a.t.b.SeqModelChecker - Step 5: Transition #26 is disabled
2026-04-27T12:00:00,181 [main] DEBUG a.f.a.t.b.t.TransitionExecutorImpl - Step #5, transition #27
2026-04-27T12:00:00,181 [main] DEBUG a.f.a.t.b.t.TransitionExecutorImpl - Translating to SMT
2026-04-27T12:00:00,264 [main] DEBUG a.f.a.t.b.SeqModelChecker - Step 5: Transition #27. Is it enabled?
2026-04-27T12:00:00,268 [main] INFO  a.f.a.t.b.SeqModelChecker - Step 5: Transition #27 is disabled
2026-04-27T12:00:00,273 [main] DEBUG a.f.a.t.b.t.TransitionExecutorImpl - Step #5, transition #28
2026-04-27T12:00:00,273 [main] DEBUG a.f.a.t.b.t.TransitionExecutorImpl - Translating to SMT
2026-04-27T12:00:00,315 [main] DEBUG a.f.a.t.b.SeqModelChecker - Step 5: Transition #28. Is it enabled?
2026-04-27T12:00:00,329 [main] INFO  a.f.a.t.b.SeqModelChecker - Step 5: Transition #28 is disabled
2026-04-27T12:00:00,334 [main] DEBUG a.f.a.t.b.t.TransitionExecutorImpl - Step #5, transition #29
2026-04-27T12:00:00,335 [main] DEBUG a.f.a.t.b.t.TransitionExecutorImpl - Translating to SMT
2026-04-27T12:00:00,378 [main] DEBUG a.f.a.t.b.SeqModelChecker - Step 5: Transition #29. Is it enabled?
2026-04-27T12:00:00,386 [main] INFO  a.f.a.t.b.SeqModelChecker - Step 5: Transition #29 is disabled
2026-04-27T12:00:00,392 [main] DEBUG a.f.a.t.b.t.TransitionExecutorImpl - Step #5, transition #30
2026-04-27T12:00:00,392 [main] DEBUG a.f.a.t.b.t.TransitionExecutorImpl - Translating to SMT
2026-04-27T12:00:00,441 [main] DEBUG a.f.a.t.b.SeqModelChecker - Step 5: Transition #30. Is it enabled?
2026-04-27T12:00:06,835 [main] DEBUG a.f.a.t.b.SeqModelChecker - Step 5: Transition #30 is enabled
2026-04-27T12:00:06,865 [main] DEBUG a.f.a.t.b.t.TransitionExecutorImpl - Step #5, transition #31
2026-04-27T12:00:06,865 [main] DEBUG a.f.a.t.b.t.TransitionExecutorImpl - Translating to SMT
2026-04-27T12:00:06,914 [main] DEBUG a.f.a.t.b.SeqModelChecker - Step 5: Transition #31. Is it enabled?
2026-04-27T12:00:07,754 [main] INFO  a.f.a.t.b.SeqModelChecker - Step 5: Transition #31 is disabled
2026-04-27T12:00:07,761 [main] DEBUG a.f.a.t.b.t.TransitionExecutorImpl - Step #5, transition #32
2026-04-27T12:00:07,761 [main] DEBUG a.f.a.t.b.t.TransitionExecutorImpl - Translating to SMT
2026-04-27T12:00:07,810 [main] DEBUG a.f.a.t.b.SeqModelChecker - Step 5: Transition #32. Is it enabled?
2026-04-27T12:00:07,819 [main] INFO  a.f.a.t.b.SeqModelChecker - Step 5: Transition #32 is disabled
2026-04-27T12:00:07,824 [main] DEBUG a.f.a.t.b.t.TransitionExecutorImpl - Step #5, transition #33
2026-04-27T12:00:07,824 [main] DEBUG a.f.a.t.b.t.TransitionExecutorImpl - Translating to SMT
2026-04-27T12:00:07,868 [main] DEBUG a.f.a.t.b.SeqModelChecker - Step 5: Transition #33. Is it enabled?
2026-04-27T12:00:07,875 [main] INFO  a.f.a.t.b.SeqModelChecker - Step 5: Transition #33 is disabled
2026-04-27T12:00:07,880 [main] DEBUG a.f.a.t.b.t.TransitionExecutorImpl - Step #5, transition #34
2026-04-27T12:00:07,880 [main] DEBUG a.f.a.t.b.t.TransitionExecutorImpl - Translating to SMT
2026-04-27T12:00:07,928 [main] DEBUG a.f.a.t.b.SeqModelChecker - Step 5: Transition #34. Is it enabled?
2026-04-27T12:00:12,544 [main] INFO  a.f.a.t.b.SeqModelChecker - Step 5: Transition #34 is disabled
2026-04-27T12:00:12,557 [main] DEBUG a.f.a.t.b.t.TransitionExecutorImpl - Step #5, transition #35
2026-04-27T12:00:12,557 [main] DEBUG a.f.a.t.b.t.TransitionExecutorImpl - Translating to SMT
2026-04-27T12:00:12,606 [main] DEBUG a.f.a.t.b.SeqModelChecker - Step 5: Transition #35. Is it enabled?
2026-04-27T12:00:15,945 [main] DEBUG a.f.a.t.b.SeqModelChecker - Step 5: Transition #35 is enabled
2026-04-27T12:00:15,945 [main] INFO  a.f.a.t.b.SeqModelChecker - State 5: Checking 2 state invariants
2026-04-27T12:00:15,945 [main] DEBUG a.f.a.t.b.SeqModelChecker - State 5: Checking state invariant 0
2026-04-27T12:00:17,173 [main] INFO  a.f.a.t.b.SeqModelChecker - State 5: state invariant 0 holds.
2026-04-27T12:00:17,183 [main] DEBUG a.f.a.t.b.SeqModelChecker - State 5: Checking state invariant 1
2026-04-27T12:00:17,199 [main] INFO  a.f.a.t.b.SeqModelChecker - State 5: state invariant 1 holds.
2026-04-27T12:00:17,212 [main] DEBUG a.f.a.t.b.t.TransitionExecutorImpl - Step #5, transition #36
2026-04-27T12:00:17,212 [main] DEBUG a.f.a.t.b.t.TransitionExecutorImpl - Translating to SMT
2026-04-27T12:00:17,256 [main] DEBUG a.f.a.t.b.t.TransitionExecutorImpl - Transition 36 produces partial assignment. Disabled.
2026-04-27T12:00:17,262 [main] DEBUG a.f.a.t.b.t.TransitionExecutorImpl - Step #5, transition #37
2026-04-27T12:00:17,262 [main] DEBUG a.f.a.t.b.t.TransitionExecutorImpl - Translating to SMT
2026-04-27T12:00:17,459 [main] DEBUG a.f.a.t.b.SeqModelChecker - Step 5: Transition #37. Is it enabled?
2026-04-27T12:00:20,789 [main] INFO  a.f.a.t.b.SeqModelChecker - Step 5: Transition #37 is disabled
2026-04-27T12:00:20,807 [main] DEBUG a.f.a.t.b.t.TransitionExecutorImpl - Step #5, transition #38
2026-04-27T12:00:20,807 [main] DEBUG a.f.a.t.b.t.TransitionExecutorImpl - Translating to SMT
2026-04-27T12:00:20,852 [main] DEBUG a.f.a.t.b.t.TransitionExecutorImpl - Transition 38 produces partial assignment. Disabled.
2026-04-27T12:00:20,858 [main] DEBUG a.f.a.t.b.t.TransitionExecutorImpl - Step #5, transition #39
2026-04-27T12:00:20,858 [main] DEBUG a.f.a.t.b.t.TransitionExecutorImpl - Translating to SMT
2026-04-27T12:00:20,955 [main] DEBUG a.f.a.t.b.SeqModelChecker - Step 5: Transition #39. Is it enabled?
2026-04-27T12:00:23,976 [main] INFO  a.f.a.t.b.SeqModelChecker - Step 5: Transition #39 is disabled
2026-04-27T12:00:23,994 [main] DEBUG a.f.a.t.b.t.TransitionExecutorImpl - Step #5, transition #40
2026-04-27T12:00:23,994 [main] DEBUG a.f.a.t.b.t.TransitionExecutorImpl - Translating to SMT
2026-04-27T12:00:24,040 [main] DEBUG a.f.a.t.b.t.TransitionExecutorImpl - Transition 40 produces partial assignment. Disabled.
2026-04-27T12:00:24,046 [main] DEBUG a.f.a.t.b.t.TransitionExecutorImpl - Step #5, transition #41
2026-04-27T12:00:24,046 [main] DEBUG a.f.a.t.b.t.TransitionExecutorImpl - Translating to SMT
2026-04-27T12:00:24,177 [main] DEBUG a.f.a.t.b.SeqModelChecker - Step 5: Transition #41. Is it enabled?
2026-04-27T12:00:27,842 [main] INFO  a.f.a.t.b.SeqModelChecker - Step 5: Transition #41 is disabled
2026-04-27T12:00:27,864 [main] DEBUG a.f.a.t.b.t.TransitionExecutorImpl - Step #5, transition #42
2026-04-27T12:00:27,865 [main] DEBUG a.f.a.t.b.t.TransitionExecutorImpl - Translating to SMT
2026-04-27T12:00:27,922 [main] DEBUG a.f.a.t.b.t.TransitionExecutorImpl - Transition 42 produces partial assignment. Disabled.
2026-04-27T12:00:27,930 [main] DEBUG a.f.a.t.b.t.TransitionExecutorImpl - Step #5, transition #43
2026-04-27T12:00:27,930 [main] DEBUG a.f.a.t.b.t.TransitionExecutorImpl - Translating to SMT
2026-04-27T12:00:28,025 [main] DEBUG a.f.a.t.b.SeqModelChecker - Step 5: Transition #43. Is it enabled?
2026-04-27T12:00:30,450 [main] INFO  a.f.a.t.b.SeqModelChecker - Step 5: Transition #43 is disabled
2026-04-27T12:00:30,463 [main] DEBUG a.f.a.t.b.t.TransitionExecutorImpl - Step #5, transition #44
2026-04-27T12:00:30,463 [main] DEBUG a.f.a.t.b.t.TransitionExecutorImpl - Translating to SMT
2026-04-27T12:00:30,643 [main] DEBUG a.f.a.t.b.SeqModelChecker - Step 5: Transition #44. Is it enabled?
2026-04-27T12:00:33,372 [main] INFO  a.f.a.t.b.SeqModelChecker - Step 5: Transition #44 is disabled
2026-04-27T12:00:33,393 [main] DEBUG a.f.a.t.b.t.TransitionExecutorImpl - Step #5, transition #45
2026-04-27T12:00:33,393 [main] DEBUG a.f.a.t.b.t.TransitionExecutorImpl - Translating to SMT
2026-04-27T12:00:33,506 [main] DEBUG a.f.a.t.b.SeqModelChecker - Step 5: Transition #45. Is it enabled?
2026-04-27T12:00:36,107 [main] INFO  a.f.a.t.b.SeqModelChecker - Step 5: Transition #45 is disabled
2026-04-27T12:00:36,127 [main] DEBUG a.f.a.t.b.t.TransitionExecutorImpl - Step #5, transition #46
2026-04-27T12:00:36,127 [main] DEBUG a.f.a.t.b.t.TransitionExecutorImpl - Translating to SMT
2026-04-27T12:00:36,261 [main] DEBUG a.f.a.t.b.SeqModelChecker - Step 5: Transition #46. Is it enabled?
2026-04-27T12:00:39,483 [main] INFO  a.f.a.t.b.SeqModelChecker - Step 5: Transition #46 is disabled
2026-04-27T12:00:39,500 [main] DEBUG a.f.a.t.b.t.TransitionExecutorImpl - Step #5, transition #47
2026-04-27T12:00:39,500 [main] DEBUG a.f.a.t.b.t.TransitionExecutorImpl - Translating to SMT
2026-04-27T12:00:39,609 [main] DEBUG a.f.a.t.b.SeqModelChecker - Step 5: Transition #47. Is it enabled?
2026-04-27T12:00:43,800 [main] DEBUG a.f.a.t.b.SeqModelChecker - Step 5: Transition #47 is enabled
2026-04-27T12:00:43,800 [main] INFO  a.f.a.t.b.SeqModelChecker - State 5: Checking 2 state invariants
2026-04-27T12:00:43,800 [main] DEBUG a.f.a.t.b.SeqModelChecker - State 5: Checking state invariant 0
2026-04-27T12:00:47,540 [main] INFO  a.f.a.t.b.SeqModelChecker - State 5: state invariant 0 holds.
2026-04-27T12:00:47,550 [main] DEBUG a.f.a.t.b.SeqModelChecker - State 5: Checking state invariant 1
2026-04-27T12:00:47,565 [main] INFO  a.f.a.t.b.SeqModelChecker - State 5: state invariant 1 holds.
2026-04-27T12:00:47,578 [main] DEBUG a.f.a.t.b.t.TransitionExecutorImpl - Step #5, transition #48
2026-04-27T12:00:47,578 [main] DEBUG a.f.a.t.b.t.TransitionExecutorImpl - Translating to SMT
2026-04-27T12:00:47,700 [main] DEBUG a.f.a.t.b.SeqModelChecker - Step 5: Transition #48. Is it enabled?
2026-04-27T12:00:48,004 [main] INFO  a.f.a.t.b.SeqModelChecker - Step 5: Transition #48 is disabled
2026-04-27T12:00:48,014 [main] DEBUG a.f.a.t.b.t.TransitionExecutorImpl - Step #5, transition #49
2026-04-27T12:00:48,014 [main] DEBUG a.f.a.t.b.t.TransitionExecutorImpl - Translating to SMT
2026-04-27T12:00:48,163 [main] DEBUG a.f.a.t.b.SeqModelChecker - Step 5: Transition #49. Is it enabled?
2026-04-27T12:00:48,278 [main] INFO  a.f.a.t.b.SeqModelChecker - Step 5: Transition #49 is disabled
2026-04-27T12:00:48,287 [main] DEBUG a.f.a.t.b.t.TransitionExecutorImpl - Step #5, transition #50
2026-04-27T12:00:48,287 [main] DEBUG a.f.a.t.b.t.TransitionExecutorImpl - Translating to SMT
2026-04-27T12:00:48,425 [main] DEBUG a.f.a.t.b.SeqModelChecker - Step 5: Transition #50. Is it enabled?
2026-04-27T12:00:53,674 [main] INFO  a.f.a.t.b.SeqModelChecker - Step 5: Transition #50 is disabled
2026-04-27T12:00:53,700 [main] DEBUG a.f.a.t.b.t.TransitionExecutorImpl - Step #5, transition #51
2026-04-27T12:00:53,700 [main] DEBUG a.f.a.t.b.t.TransitionExecutorImpl - Translating to SMT
2026-04-27T12:00:53,852 [main] DEBUG a.f.a.t.b.SeqModelChecker - Step 5: Transition #51. Is it enabled?
2026-04-27T12:00:55,924 [main] INFO  a.f.a.t.b.SeqModelChecker - Step 5: Transition #51 is disabled
2026-04-27T12:00:55,944 [main] DEBUG a.f.a.t.b.t.TransitionExecutorImpl - Step #5, transition #52
2026-04-27T12:00:55,944 [main] DEBUG a.f.a.t.b.t.TransitionExecutorImpl - Translating to SMT
2026-04-27T12:00:56,061 [main] DEBUG a.f.a.t.b.SeqModelChecker - Step 5: Transition #52. Is it enabled?
2026-04-27T12:00:59,305 [main] INFO  a.f.a.t.b.SeqModelChecker - Step 5: Transition #52 is disabled
2026-04-27T12:00:59,321 [main] DEBUG a.f.a.t.b.t.TransitionExecutorImpl - Step #5, transition #53
2026-04-27T12:00:59,321 [main] DEBUG a.f.a.t.b.t.TransitionExecutorImpl - Translating to SMT
2026-04-27T12:00:59,357 [main] DEBUG a.f.a.t.b.SeqModelChecker - Step 5: Transition #53. Is it enabled?
2026-04-27T12:00:59,363 [main] INFO  a.f.a.t.b.SeqModelChecker - Step 5: Transition #53 is disabled
2026-04-27T12:00:59,368 [main] DEBUG a.f.a.t.b.t.TransitionExecutorImpl - Step #5, transition #54
2026-04-27T12:00:59,368 [main] DEBUG a.f.a.t.b.t.TransitionExecutorImpl - Translating to SMT
2026-04-27T12:00:59,395 [main] DEBUG a.f.a.t.b.SeqModelChecker - Step 5: Transition #54. Is it enabled?
2026-04-27T12:00:59,400 [main] INFO  a.f.a.t.b.SeqModelChecker - Step 5: Transition #54 is disabled
2026-04-27T12:00:59,405 [main] DEBUG a.f.a.t.b.t.TransitionExecutorImpl - Step #5, transition #55
2026-04-27T12:00:59,405 [main] DEBUG a.f.a.t.b.t.TransitionExecutorImpl - Translating to SMT
2026-04-27T12:00:59,408 [main] DEBUG a.f.a.t.b.t.TransitionExecutorImpl - Transition 55 produces partial assignment. Disabled.
2026-04-27T12:00:59,409 [main] DEBUG a.f.a.t.b.t.TransitionExecutorImpl - Step #5, transition #56
2026-04-27T12:00:59,409 [main] DEBUG a.f.a.t.b.t.TransitionExecutorImpl - Translating to SMT
2026-04-27T12:00:59,439 [main] DEBUG a.f.a.t.b.SeqModelChecker - Step 5: Transition #56. Is it enabled?
2026-04-27T12:00:59,444 [main] INFO  a.f.a.t.b.SeqModelChecker - Step 5: Transition #56 is disabled
2026-04-27T12:00:59,450 [main] DEBUG a.f.a.t.b.t.TransitionExecutorImpl - Step #5, transition #57
2026-04-27T12:00:59,450 [main] DEBUG a.f.a.t.b.t.TransitionExecutorImpl - Translating to SMT
2026-04-27T12:00:59,453 [main] DEBUG a.f.a.t.b.t.TransitionExecutorImpl - Transition 57 produces partial assignment. Disabled.
2026-04-27T12:00:59,454 [main] DEBUG a.f.a.t.b.t.TransitionExecutorImpl - Step #5, transition #58
2026-04-27T12:00:59,454 [main] DEBUG a.f.a.t.b.t.TransitionExecutorImpl - Translating to SMT
2026-04-27T12:00:59,518 [main] DEBUG a.f.a.t.b.SeqModelChecker - Step 5: Transition #58. Is it enabled?
2026-04-27T12:00:59,526 [main] INFO  a.f.a.t.b.SeqModelChecker - Step 5: Transition #58 is disabled
2026-04-27T12:00:59,531 [main] DEBUG a.f.a.t.b.t.TransitionExecutorImpl - Step #5, transition #59
2026-04-27T12:00:59,531 [main] DEBUG a.f.a.t.b.t.TransitionExecutorImpl - Translating to SMT
2026-04-27T12:00:59,535 [main] DEBUG a.f.a.t.b.t.TransitionExecutorImpl - Transition 59 produces partial assignment. Disabled.
2026-04-27T12:00:59,535 [main] DEBUG a.f.a.t.b.t.TransitionExecutorImpl - Step #5, transition #60
2026-04-27T12:00:59,535 [main] DEBUG a.f.a.t.b.t.TransitionExecutorImpl - Translating to SMT
2026-04-27T12:00:59,563 [main] DEBUG a.f.a.t.b.SeqModelChecker - Step 5: Transition #60. Is it enabled?
2026-04-27T12:00:59,568 [main] INFO  a.f.a.t.b.SeqModelChecker - Step 5: Transition #60 is disabled
2026-04-27T12:00:59,573 [main] DEBUG a.f.a.t.b.t.TransitionExecutorImpl - Step #5, transition #61
2026-04-27T12:00:59,573 [main] DEBUG a.f.a.t.b.t.TransitionExecutorImpl - Translating to SMT
2026-04-27T12:00:59,577 [main] DEBUG a.f.a.t.b.t.TransitionExecutorImpl - Transition 61 produces partial assignment. Disabled.
2026-04-27T12:00:59,577 [main] DEBUG a.f.a.t.b.t.TransitionExecutorImpl - Step #5, transition #62
2026-04-27T12:00:59,577 [main] DEBUG a.f.a.t.b.t.TransitionExecutorImpl - Translating to SMT
2026-04-27T12:00:59,606 [main] DEBUG a.f.a.t.b.SeqModelChecker - Step 5: Transition #62. Is it enabled?
2026-04-27T12:00:59,612 [main] INFO  a.f.a.t.b.SeqModelChecker - Step 5: Transition #62 is disabled
2026-04-27T12:00:59,617 [main] DEBUG a.f.a.t.b.t.TransitionExecutorImpl - Step #5, transition #63
2026-04-27T12:00:59,617 [main] DEBUG a.f.a.t.b.t.TransitionExecutorImpl - Translating to SMT
2026-04-27T12:00:59,647 [main] DEBUG a.f.a.t.b.SeqModelChecker - Step 5: Transition #63. Is it enabled?
2026-04-27T12:00:59,653 [main] INFO  a.f.a.t.b.SeqModelChecker - Step 5: Transition #63 is disabled
2026-04-27T12:00:59,659 [main] DEBUG a.f.a.t.b.t.TransitionExecutorImpl - Step #5, transition #64
2026-04-27T12:00:59,659 [main] DEBUG a.f.a.t.b.t.TransitionExecutorImpl - Translating to SMT
2026-04-27T12:00:59,699 [main] DEBUG a.f.a.t.b.SeqModelChecker - Step 5: Transition #64. Is it enabled?
2026-04-27T12:00:59,709 [main] INFO  a.f.a.t.b.SeqModelChecker - Step 5: Transition #64 is disabled
2026-04-27T12:00:59,715 [main] DEBUG a.f.a.t.b.t.TransitionExecutorImpl - Step #5, transition #65
2026-04-27T12:00:59,715 [main] DEBUG a.f.a.t.b.t.TransitionExecutorImpl - Translating to SMT
2026-04-27T12:00:59,726 [main] DEBUG a.f.a.t.b.SeqModelChecker - Step 5: Transition #65. Is it enabled?
2026-04-27T12:00:59,728 [main] INFO  a.f.a.t.b.SeqModelChecker - Step 5: Transition #65 is disabled
2026-04-27T12:00:59,733 [main] DEBUG a.f.a.t.b.t.TransitionExecutorImpl - Step #5, transition #66
2026-04-27T12:00:59,733 [main] DEBUG a.f.a.t.b.t.TransitionExecutorImpl - Translating to SMT
2026-04-27T12:00:59,768 [main] DEBUG a.f.a.t.b.SeqModelChecker - Step 5: Transition #66. Is it enabled?
2026-04-27T12:00:59,774 [main] INFO  a.f.a.t.b.SeqModelChecker - Step 5: Transition #66 is disabled
2026-04-27T12:00:59,780 [main] DEBUG a.f.a.t.b.t.TransitionExecutorImpl - Step #5, transition #67
2026-04-27T12:00:59,780 [main] DEBUG a.f.a.t.b.t.TransitionExecutorImpl - Translating to SMT
2026-04-27T12:00:59,808 [main] DEBUG a.f.a.t.b.SeqModelChecker - Step 5: Transition #67. Is it enabled?
2026-04-27T12:00:59,813 [main] INFO  a.f.a.t.b.SeqModelChecker - Step 5: Transition #67 is disabled
2026-04-27T12:00:59,819 [main] DEBUG a.f.a.t.b.t.TransitionExecutorImpl - Step #5, transition #68
2026-04-27T12:00:59,819 [main] DEBUG a.f.a.t.b.t.TransitionExecutorImpl - Translating to SMT
2026-04-27T12:00:59,850 [main] DEBUG a.f.a.t.b.SeqModelChecker - Step 5: Transition #68. Is it enabled?
2026-04-27T12:00:59,856 [main] INFO  a.f.a.t.b.SeqModelChecker - Step 5: Transition #68 is disabled
2026-04-27T12:00:59,861 [main] DEBUG a.f.a.t.b.t.TransitionExecutorImpl - Step #5, transition #69
2026-04-27T12:00:59,861 [main] DEBUG a.f.a.t.b.t.TransitionExecutorImpl - Translating to SMT
2026-04-27T12:00:59,903 [main] DEBUG a.f.a.t.b.SeqModelChecker - Step 5: Transition #69. Is it enabled?
2026-04-27T12:00:59,911 [main] INFO  a.f.a.t.b.SeqModelChecker - Step 5: Transition #69 is disabled
2026-04-27T12:00:59,917 [main] INFO  a.f.a.t.b.t.TransitionExecutorImpl - Step 5: picking a transition out of 7 transition(s)
2026-04-27T12:01:00,181 [main] DEBUG a.f.a.t.b.t.TransitionExecutorImpl - Step #6, transition #0
2026-04-27T12:01:00,181 [main] DEBUG a.f.a.t.b.t.TransitionExecutorImpl - Translating to SMT
2026-04-27T12:01:00,270 [main] DEBUG a.f.a.t.b.SeqModelChecker - Step 6: Transition #0. Is it enabled?
2026-04-27T12:01:14,233 [main] INFO  a.f.a.t.b.SeqModelChecker - Step 6: Transition #0 is disabled
2026-04-27T12:01:14,265 [main] DEBUG a.f.a.t.b.t.TransitionExecutorImpl - Step #6, transition #1
2026-04-27T12:01:14,266 [main] DEBUG a.f.a.t.b.t.TransitionExecutorImpl - Translating to SMT
2026-04-27T12:01:14,412 [main] DEBUG a.f.a.t.b.SeqModelChecker - Step 6: Transition #1. Is it enabled?
2026-04-27T12:01:28,008 [main] INFO  a.f.a.t.b.SeqModelChecker - Step 6: Transition #1 is disabled
2026-04-27T12:01:28,035 [main] DEBUG a.f.a.t.b.t.TransitionExecutorImpl - Step #6, transition #2
2026-04-27T12:01:28,035 [main] DEBUG a.f.a.t.b.t.TransitionExecutorImpl - Translating to SMT
2026-04-27T12:01:28,131 [main] DEBUG a.f.a.t.b.SeqModelChecker - Step 6: Transition #2. Is it enabled?
2026-04-27T12:01:31,249 [main] DEBUG a.f.a.t.b.SeqModelChecker - Step 6: Transition #2 is enabled
2026-04-27T12:01:31,250 [main] INFO  a.f.a.t.b.SeqModelChecker - State 6: Checking 2 state invariants
2026-04-27T12:01:31,250 [main] DEBUG a.f.a.t.b.SeqModelChecker - State 6: Checking state invariant 0
2026-04-27T12:01:33,663 [main] INFO  a.f.a.t.b.SeqModelChecker - State 6: state invariant 0 holds.
2026-04-27T12:01:33,677 [main] DEBUG a.f.a.t.b.SeqModelChecker - State 6: Checking state invariant 1
2026-04-27T12:01:33,693 [main] INFO  a.f.a.t.b.SeqModelChecker - State 6: state invariant 1 holds.
2026-04-27T12:01:33,709 [main] DEBUG a.f.a.t.b.t.TransitionExecutorImpl - Step #6, transition #3
2026-04-27T12:01:33,709 [main] DEBUG a.f.a.t.b.t.TransitionExecutorImpl - Translating to SMT
2026-04-27T12:01:33,732 [main] DEBUG a.f.a.t.b.t.TransitionExecutorImpl - Transition 3 produces partial assignment. Disabled.
2026-04-27T12:01:33,737 [main] DEBUG a.f.a.t.b.t.TransitionExecutorImpl - Step #6, transition #4
2026-04-27T12:01:33,737 [main] DEBUG a.f.a.t.b.t.TransitionExecutorImpl - Translating to SMT
2026-04-27T12:01:33,758 [main] DEBUG a.f.a.t.b.t.TransitionExecutorImpl - Transition 4 produces partial assignment. Disabled.
2026-04-27T12:01:33,763 [main] DEBUG a.f.a.t.b.t.TransitionExecutorImpl - Step #6, transition #5
2026-04-27T12:01:33,763 [main] DEBUG a.f.a.t.b.t.TransitionExecutorImpl - Translating to SMT
2026-04-27T12:01:33,841 [main] DEBUG a.f.a.t.b.SeqModelChecker - Step 6: Transition #5. Is it enabled?
2026-04-27T12:01:37,049 [main] INFO  a.f.a.t.b.SeqModelChecker - Step 6: Transition #5 is disabled
2026-04-27T12:01:37,071 [main] DEBUG a.f.a.t.b.t.TransitionExecutorImpl - Step #6, transition #6
2026-04-27T12:01:37,071 [main] DEBUG a.f.a.t.b.t.TransitionExecutorImpl - Translating to SMT
2026-04-27T12:01:37,150 [main] DEBUG a.f.a.t.b.SeqModelChecker - Step 6: Transition #6. Is it enabled?
2026-04-27T12:01:45,732 [main] INFO  a.f.a.t.b.SeqModelChecker - Step 6: Transition #6 is disabled
2026-04-27T12:01:45,763 [main] DEBUG a.f.a.t.b.t.TransitionExecutorImpl - Step #6, transition #7
2026-04-27T12:01:45,763 [main] DEBUG a.f.a.t.b.t.TransitionExecutorImpl - Translating to SMT
2026-04-27T12:01:45,840 [main] DEBUG a.f.a.t.b.t.TransitionExecutorImpl - Transition 7 produces partial assignment. Disabled.
2026-04-27T12:01:45,846 [main] DEBUG a.f.a.t.b.t.TransitionExecutorImpl - Step #6, transition #8
2026-04-27T12:01:45,846 [main] DEBUG a.f.a.t.b.t.TransitionExecutorImpl - Translating to SMT
2026-04-27T12:01:45,867 [main] DEBUG a.f.a.t.b.t.TransitionExecutorImpl - Transition 8 produces partial assignment. Disabled.
2026-04-27T12:01:45,873 [main] DEBUG a.f.a.t.b.t.TransitionExecutorImpl - Step #6, transition #9
2026-04-27T12:01:45,873 [main] DEBUG a.f.a.t.b.t.TransitionExecutorImpl - Translating to SMT
2026-04-27T12:01:45,952 [main] DEBUG a.f.a.t.b.SeqModelChecker - Step 6: Transition #9. Is it enabled?
2026-04-27T12:01:45,982 [main] INFO  a.f.a.t.b.SeqModelChecker - Step 6: Transition #9 is disabled
2026-04-27T12:01:45,991 [main] DEBUG a.f.a.t.b.t.TransitionExecutorImpl - Step #6, transition #10
2026-04-27T12:01:45,991 [main] DEBUG a.f.a.t.b.t.TransitionExecutorImpl - Translating to SMT
2026-04-27T12:01:46,069 [main] DEBUG a.f.a.t.b.SeqModelChecker - Step 6: Transition #10. Is it enabled?
2026-04-27T12:01:46,098 [main] INFO  a.f.a.t.b.SeqModelChecker - Step 6: Transition #10 is disabled
2026-04-27T12:01:46,107 [main] DEBUG a.f.a.t.b.t.TransitionExecutorImpl - Step #6, transition #11
2026-04-27T12:01:46,107 [main] DEBUG a.f.a.t.b.t.TransitionExecutorImpl - Translating to SMT
2026-04-27T12:01:46,180 [main] DEBUG a.f.a.t.b.SeqModelChecker - Step 6: Transition #11. Is it enabled?
2026-04-27T12:01:51,569 [main] DEBUG a.f.a.t.b.SeqModelChecker - Step 6: Transition #11 is enabled
2026-04-27T12:01:51,569 [main] INFO  a.f.a.t.b.SeqModelChecker - State 6: Checking 2 state invariants
2026-04-27T12:01:51,569 [main] DEBUG a.f.a.t.b.SeqModelChecker - State 6: Checking state invariant 0
2026-04-27T12:01:55,124 [main] INFO  a.f.a.t.b.SeqModelChecker - State 6: state invariant 0 holds.
2026-04-27T12:01:55,147 [main] DEBUG a.f.a.t.b.SeqModelChecker - State 6: Checking state invariant 1
2026-04-27T12:01:55,163 [main] INFO  a.f.a.t.b.SeqModelChecker - State 6: state invariant 1 holds.
2026-04-27T12:01:55,178 [main] DEBUG a.f.a.t.b.t.TransitionExecutorImpl - Step #6, transition #12
2026-04-27T12:01:55,178 [main] DEBUG a.f.a.t.b.t.TransitionExecutorImpl - Translating to SMT
2026-04-27T12:01:55,282 [main] DEBUG a.f.a.t.b.SeqModelChecker - Step 6: Transition #12. Is it enabled?
2026-04-27T12:01:55,319 [main] INFO  a.f.a.t.b.SeqModelChecker - Step 6: Transition #12 is disabled
2026-04-27T12:01:55,330 [main] DEBUG a.f.a.t.b.t.TransitionExecutorImpl - Step #6, transition #13
2026-04-27T12:01:55,330 [main] DEBUG a.f.a.t.b.t.TransitionExecutorImpl - Translating to SMT
2026-04-27T12:01:55,437 [main] DEBUG a.f.a.t.b.SeqModelChecker - Step 6: Transition #13. Is it enabled?
2026-04-27T12:02:00,261 [main] DEBUG a.f.a.t.b.SeqModelChecker - Step 6: Transition #13 is enabled
2026-04-27T12:02:00,295 [main] DEBUG a.f.a.t.b.t.TransitionExecutorImpl - Step #6, transition #14
2026-04-27T12:02:00,295 [main] DEBUG a.f.a.t.b.t.TransitionExecutorImpl - Translating to SMT
2026-04-27T12:02:00,456 [main] DEBUG a.f.a.t.b.SeqModelChecker - Step 6: Transition #14. Is it enabled?
2026-04-27T12:02:00,497 [main] INFO  a.f.a.t.b.SeqModelChecker - Step 6: Transition #14 is disabled
2026-04-27T12:02:00,508 [main] DEBUG a.f.a.t.b.t.TransitionExecutorImpl - Step #6, transition #15
2026-04-27T12:02:00,508 [main] DEBUG a.f.a.t.b.t.TransitionExecutorImpl - Translating to SMT
2026-04-27T12:02:00,617 [main] DEBUG a.f.a.t.b.SeqModelChecker - Step 6: Transition #15. Is it enabled?
2026-04-27T12:02:10,780 [main] INFO  a.f.a.t.b.SeqModelChecker - Step 6: Transition #15 is disabled
2026-04-27T12:02:10,827 [main] DEBUG a.f.a.t.b.t.TransitionExecutorImpl - Step #6, transition #16
2026-04-27T12:02:10,827 [main] DEBUG a.f.a.t.b.t.TransitionExecutorImpl - Translating to SMT
2026-04-27T12:02:10,857 [main] DEBUG a.f.a.t.b.SeqModelChecker - Step 6: Transition #16. Is it enabled?
2026-04-27T12:02:10,862 [main] INFO  a.f.a.t.b.SeqModelChecker - Step 6: Transition #16 is disabled
2026-04-27T12:02:10,868 [main] DEBUG a.f.a.t.b.t.TransitionExecutorImpl - Step #6, transition #17
2026-04-27T12:02:10,868 [main] DEBUG a.f.a.t.b.t.TransitionExecutorImpl - Translating to SMT
2026-04-27T12:02:11,301 [main] DEBUG a.f.a.t.b.SeqModelChecker - Step 6: Transition #17. Is it enabled?
2026-04-27T12:02:31,726 [main] INFO  a.f.a.t.b.SeqModelChecker - Step 6: Transition #17 is disabled
2026-04-27T12:02:31,789 [main] DEBUG a.f.a.t.b.t.TransitionExecutorImpl - Step #6, transition #18
2026-04-27T12:02:31,789 [main] DEBUG a.f.a.t.b.t.TransitionExecutorImpl - Translating to SMT
2026-04-27T12:02:32,165 [main] DEBUG a.f.a.t.b.t.TransitionExecutorImpl - Transition 18 produces partial assignment. Disabled.
2026-04-27T12:02:32,363 [main] DEBUG a.f.a.t.b.t.TransitionExecutorImpl - Step #6, transition #19
2026-04-27T12:02:32,363 [main] DEBUG a.f.a.t.b.t.TransitionExecutorImpl - Translating to SMT
2026-04-27T12:02:32,424 [main] DEBUG a.f.a.t.b.t.TransitionExecutorImpl - Transition 19 produces partial assignment. Disabled.
2026-04-27T12:02:32,431 [main] DEBUG a.f.a.t.b.t.TransitionExecutorImpl - Step #6, transition #20
2026-04-27T12:02:32,431 [main] DEBUG a.f.a.t.b.t.TransitionExecutorImpl - Translating to SMT
2026-04-27T12:02:32,475 [main] DEBUG a.f.a.t.b.t.TransitionExecutorImpl - Transition 20 produces partial assignment. Disabled.
2026-04-27T12:02:32,481 [main] DEBUG a.f.a.t.b.t.TransitionExecutorImpl - Step #6, transition #21
2026-04-27T12:02:32,481 [main] DEBUG a.f.a.t.b.t.TransitionExecutorImpl - Translating to SMT
2026-04-27T12:02:32,978 [main] DEBUG a.f.a.t.b.SeqModelChecker - Step 6: Transition #21. Is it enabled?
2026-04-27T12:02:51,165 [main] INFO  a.f.a.t.b.SeqModelChecker - Step 6: Transition #21 is disabled
2026-04-27T12:02:51,205 [main] DEBUG a.f.a.t.b.t.TransitionExecutorImpl - Step #6, transition #22
2026-04-27T12:02:51,205 [main] DEBUG a.f.a.t.b.t.TransitionExecutorImpl - Translating to SMT
2026-04-27T12:02:51,433 [main] DEBUG a.f.a.t.b.t.TransitionExecutorImpl - Transition 22 produces partial assignment. Disabled.
2026-04-27T12:02:51,509 [main] DEBUG a.f.a.t.b.t.TransitionExecutorImpl - Step #6, transition #23
2026-04-27T12:02:51,509 [main] DEBUG a.f.a.t.b.t.TransitionExecutorImpl - Translating to SMT
2026-04-27T12:02:51,529 [main] DEBUG a.f.a.t.b.t.TransitionExecutorImpl - Transition 23 produces partial assignment. Disabled.
2026-04-27T12:02:51,533 [main] DEBUG a.f.a.t.b.t.TransitionExecutorImpl - Step #6, transition #24
2026-04-27T12:02:51,533 [main] DEBUG a.f.a.t.b.t.TransitionExecutorImpl - Translating to SMT
2026-04-27T12:02:51,621 [main] DEBUG a.f.a.t.b.SeqModelChecker - Step 6: Transition #24. Is it enabled?
2026-04-27T12:02:53,722 [main] INFO  a.f.a.t.b.SeqModelChecker - Step 6: Transition #24 is disabled
2026-04-27T12:02:53,756 [main] DEBUG a.f.a.t.b.t.TransitionExecutorImpl - Step #6, transition #25
2026-04-27T12:02:53,756 [main] DEBUG a.f.a.t.b.t.TransitionExecutorImpl - Translating to SMT
2026-04-27T12:02:53,781 [main] DEBUG a.f.a.t.b.t.TransitionExecutorImpl - Transition 25 produces partial assignment. Disabled.
2026-04-27T12:02:53,785 [main] DEBUG a.f.a.t.b.t.TransitionExecutorImpl - Step #6, transition #26
2026-04-27T12:02:53,785 [main] DEBUG a.f.a.t.b.t.TransitionExecutorImpl - Translating to SMT
2026-04-27T12:02:53,905 [main] DEBUG a.f.a.t.b.SeqModelChecker - Step 6: Transition #26. Is it enabled?
2026-04-27T12:03:04,196 [main] DEBUG a.f.a.t.b.SeqModelChecker - Step 6: Transition #26 is enabled
2026-04-27T12:03:04,196 [main] INFO  a.f.a.t.b.SeqModelChecker - State 6: Checking 2 state invariants
2026-04-27T12:03:04,196 [main] DEBUG a.f.a.t.b.SeqModelChecker - State 6: Checking state invariant 0
2026-04-27T12:03:04,478 [main] INFO  a.f.a.t.b.SeqModelChecker - State 6: state invariant 0 holds.
2026-04-27T12:03:04,494 [main] DEBUG a.f.a.t.b.SeqModelChecker - State 6: Checking state invariant 1
2026-04-27T12:03:04,510 [main] INFO  a.f.a.t.b.SeqModelChecker - State 6: state invariant 1 holds.
2026-04-27T12:03:04,547 [main] DEBUG a.f.a.t.b.t.TransitionExecutorImpl - Step #6, transition #27
2026-04-27T12:03:04,548 [main] DEBUG a.f.a.t.b.t.TransitionExecutorImpl - Translating to SMT
2026-04-27T12:03:04,628 [main] DEBUG a.f.a.t.b.SeqModelChecker - Step 6: Transition #27. Is it enabled?
2026-04-27T12:03:04,635 [main] INFO  a.f.a.t.b.SeqModelChecker - Step 6: Transition #27 is disabled
2026-04-27T12:03:04,642 [main] DEBUG a.f.a.t.b.t.TransitionExecutorImpl - Step #6, transition #28
2026-04-27T12:03:04,642 [main] DEBUG a.f.a.t.b.t.TransitionExecutorImpl - Translating to SMT
2026-04-27T12:03:04,688 [main] DEBUG a.f.a.t.b.SeqModelChecker - Step 6: Transition #28. Is it enabled?
2026-04-27T12:03:04,701 [main] INFO  a.f.a.t.b.SeqModelChecker - Step 6: Transition #28 is disabled
2026-04-27T12:03:04,710 [main] DEBUG a.f.a.t.b.t.TransitionExecutorImpl - Step #6, transition #29
2026-04-27T12:03:04,710 [main] DEBUG a.f.a.t.b.t.TransitionExecutorImpl - Translating to SMT
2026-04-27T12:03:04,755 [main] DEBUG a.f.a.t.b.SeqModelChecker - Step 6: Transition #29. Is it enabled?
2026-04-27T12:03:04,763 [main] INFO  a.f.a.t.b.SeqModelChecker - Step 6: Transition #29 is disabled
2026-04-27T12:03:04,771 [main] DEBUG a.f.a.t.b.t.TransitionExecutorImpl - Step #6, transition #30
2026-04-27T12:03:04,771 [main] DEBUG a.f.a.t.b.t.TransitionExecutorImpl - Translating to SMT
2026-04-27T12:03:04,817 [main] DEBUG a.f.a.t.b.SeqModelChecker - Step 6: Transition #30. Is it enabled?
2026-04-27T12:03:24,761 [main] DEBUG a.f.a.t.b.SeqModelChecker - Step 6: Transition #30 is enabled
2026-04-27T12:03:24,823 [main] DEBUG a.f.a.t.b.t.TransitionExecutorImpl - Step #6, transition #31
2026-04-27T12:03:24,823 [main] DEBUG a.f.a.t.b.t.TransitionExecutorImpl - Translating to SMT
2026-04-27T12:03:24,869 [main] DEBUG a.f.a.t.b.SeqModelChecker - Step 6: Transition #31. Is it enabled?
2026-04-27T12:03:30,614 [main] INFO  a.f.a.t.b.SeqModelChecker - Step 6: Transition #31 is disabled
2026-04-27T12:03:30,634 [main] DEBUG a.f.a.t.b.t.TransitionExecutorImpl - Step #6, transition #32
2026-04-27T12:03:30,634 [main] DEBUG a.f.a.t.b.t.TransitionExecutorImpl - Translating to SMT
2026-04-27T12:03:30,682 [main] DEBUG a.f.a.t.b.SeqModelChecker - Step 6: Transition #32. Is it enabled?
2026-04-27T12:03:30,690 [main] INFO  a.f.a.t.b.SeqModelChecker - Step 6: Transition #32 is disabled
2026-04-27T12:03:30,699 [main] DEBUG a.f.a.t.b.t.TransitionExecutorImpl - Step #6, transition #33
2026-04-27T12:03:30,699 [main] DEBUG a.f.a.t.b.t.TransitionExecutorImpl - Translating to SMT
2026-04-27T12:03:30,780 [main] DEBUG a.f.a.t.b.SeqModelChecker - Step 6: Transition #33. Is it enabled?
2026-04-27T12:03:30,789 [main] INFO  a.f.a.t.b.SeqModelChecker - Step 6: Transition #33 is disabled
2026-04-27T12:03:30,797 [main] DEBUG a.f.a.t.b.t.TransitionExecutorImpl - Step #6, transition #34
2026-04-27T12:03:30,797 [main] DEBUG a.f.a.t.b.t.TransitionExecutorImpl - Translating to SMT
2026-04-27T12:03:30,842 [main] DEBUG a.f.a.t.b.SeqModelChecker - Step 6: Transition #34. Is it enabled?
2026-04-27T12:03:38,828 [main] INFO  a.f.a.t.b.SeqModelChecker - Step 6: Transition #34 is disabled
2026-04-27T12:03:38,843 [main] DEBUG a.f.a.t.b.t.TransitionExecutorImpl - Step #6, transition #35
2026-04-27T12:03:38,843 [main] DEBUG a.f.a.t.b.t.TransitionExecutorImpl - Translating to SMT
2026-04-27T12:03:38,889 [main] DEBUG a.f.a.t.b.SeqModelChecker - Step 6: Transition #35. Is it enabled?
2026-04-27T12:03:55,370 [main] INFO  a.f.a.t.b.SeqModelChecker - Step 6: Transition #35 is disabled
2026-04-27T12:03:55,395 [main] DEBUG a.f.a.t.b.t.TransitionExecutorImpl - Step #6, transition #36
2026-04-27T12:03:55,395 [main] DEBUG a.f.a.t.b.t.TransitionExecutorImpl - Translating to SMT
2026-04-27T12:03:55,452 [main] DEBUG a.f.a.t.b.t.TransitionExecutorImpl - Transition 36 produces partial assignment. Disabled.
2026-04-27T12:03:55,463 [main] DEBUG a.f.a.t.b.t.TransitionExecutorImpl - Step #6, transition #37
2026-04-27T12:03:55,463 [main] DEBUG a.f.a.t.b.t.TransitionExecutorImpl - Translating to SMT
2026-04-27T12:03:55,589 [main] DEBUG a.f.a.t.b.SeqModelChecker - Step 6: Transition #37. Is it enabled?
2026-04-27T12:04:09,266 [main] INFO  a.f.a.t.b.SeqModelChecker - Step 6: Transition #37 is disabled
2026-04-27T12:04:09,306 [main] DEBUG a.f.a.t.b.t.TransitionExecutorImpl - Step #6, transition #38
2026-04-27T12:04:09,307 [main] DEBUG a.f.a.t.b.t.TransitionExecutorImpl - Translating to SMT
2026-04-27T12:04:09,398 [main] DEBUG a.f.a.t.b.t.TransitionExecutorImpl - Transition 38 produces partial assignment. Disabled.
2026-04-27T12:04:09,411 [main] DEBUG a.f.a.t.b.t.TransitionExecutorImpl - Step #6, transition #39
2026-04-27T12:04:09,411 [main] DEBUG a.f.a.t.b.t.TransitionExecutorImpl - Translating to SMT
2026-04-27T12:04:09,541 [main] DEBUG a.f.a.t.b.SeqModelChecker - Step 6: Transition #39. Is it enabled?
2026-04-27T12:04:30,122 [main] INFO  a.f.a.t.b.SeqModelChecker - Step 6: Transition #39 is disabled
2026-04-27T12:04:30,161 [main] DEBUG a.f.a.t.b.t.TransitionExecutorImpl - Step #6, transition #40
2026-04-27T12:04:30,161 [main] DEBUG a.f.a.t.b.t.TransitionExecutorImpl - Translating to SMT
2026-04-27T12:04:30,218 [main] DEBUG a.f.a.t.b.t.TransitionExecutorImpl - Transition 40 produces partial assignment. Disabled.
2026-04-27T12:04:30,228 [main] DEBUG a.f.a.t.b.t.TransitionExecutorImpl - Step #6, transition #41
2026-04-27T12:04:30,228 [main] DEBUG a.f.a.t.b.t.TransitionExecutorImpl - Translating to SMT
2026-04-27T12:04:30,375 [main] DEBUG a.f.a.t.b.SeqModelChecker - Step 6: Transition #41. Is it enabled?
2026-04-27T12:04:51,822 [main] INFO  a.f.a.t.b.SeqModelChecker - Step 6: Transition #41 is disabled
2026-04-27T12:04:51,852 [main] DEBUG a.f.a.t.b.t.TransitionExecutorImpl - Step #6, transition #42
2026-04-27T12:04:51,852 [main] DEBUG a.f.a.t.b.t.TransitionExecutorImpl - Translating to SMT
2026-04-27T12:04:51,909 [main] DEBUG a.f.a.t.b.t.TransitionExecutorImpl - Transition 42 produces partial assignment. Disabled.
2026-04-27T12:04:51,920 [main] DEBUG a.f.a.t.b.t.TransitionExecutorImpl - Step #6, transition #43
2026-04-27T12:04:51,920 [main] DEBUG a.f.a.t.b.t.TransitionExecutorImpl - Translating to SMT
2026-04-27T12:04:52,046 [main] DEBUG a.f.a.t.b.SeqModelChecker - Step 6: Transition #43. Is it enabled?
2026-04-27T12:05:08,214 [main] INFO  a.f.a.t.b.SeqModelChecker - Step 6: Transition #43 is disabled
2026-04-27T12:05:08,257 [main] DEBUG a.f.a.t.b.t.TransitionExecutorImpl - Step #6, transition #44
2026-04-27T12:05:08,257 [main] DEBUG a.f.a.t.b.t.TransitionExecutorImpl - Translating to SMT
2026-04-27T12:05:08,412 [main] DEBUG a.f.a.t.b.SeqModelChecker - Step 6: Transition #44. Is it enabled?
2026-04-27T12:05:26,678 [main] INFO  a.f.a.t.b.SeqModelChecker - Step 6: Transition #44 is disabled
2026-04-27T12:05:26,723 [main] DEBUG a.f.a.t.b.t.TransitionExecutorImpl - Step #6, transition #45
2026-04-27T12:05:26,723 [main] DEBUG a.f.a.t.b.t.TransitionExecutorImpl - Translating to SMT
2026-04-27T12:05:26,884 [main] DEBUG a.f.a.t.b.SeqModelChecker - Step 6: Transition #45. Is it enabled?
2026-04-27T12:05:45,374 [main] INFO  a.f.a.t.b.SeqModelChecker - Step 6: Transition #45 is disabled
2026-04-27T12:05:45,414 [main] DEBUG a.f.a.t.b.t.TransitionExecutorImpl - Step #6, transition #46
2026-04-27T12:05:45,414 [main] DEBUG a.f.a.t.b.t.TransitionExecutorImpl - Translating to SMT
2026-04-27T12:05:45,543 [main] DEBUG a.f.a.t.b.SeqModelChecker - Step 6: Transition #46. Is it enabled?
2026-04-27T12:06:12,758 [main] INFO  a.f.a.t.b.SeqModelChecker - Step 6: Transition #46 is disabled
2026-04-27T12:06:12,793 [main] DEBUG a.f.a.t.b.t.TransitionExecutorImpl - Step #6, transition #47
2026-04-27T12:06:12,793 [main] DEBUG a.f.a.t.b.t.TransitionExecutorImpl - Translating to SMT
2026-04-27T12:06:12,974 [main] DEBUG a.f.a.t.b.SeqModelChecker - Step 6: Transition #47. Is it enabled?
2026-04-27T12:06:27,695 [main] DEBUG a.f.a.t.b.SeqModelChecker - Step 6: Transition #47 is enabled
2026-04-27T12:06:27,695 [main] INFO  a.f.a.t.b.SeqModelChecker - State 6: Checking 2 state invariants
2026-04-27T12:06:27,696 [main] DEBUG a.f.a.t.b.SeqModelChecker - State 6: Checking state invariant 0
2026-04-27T12:06:39,252 [main] INFO  a.f.a.t.b.SeqModelChecker - State 6: state invariant 0 holds.
2026-04-27T12:06:39,283 [main] DEBUG a.f.a.t.b.SeqModelChecker - State 6: Checking state invariant 1
2026-04-27T12:06:39,298 [main] INFO  a.f.a.t.b.SeqModelChecker - State 6: state invariant 1 holds.
2026-04-27T12:06:39,320 [main] DEBUG a.f.a.t.b.t.TransitionExecutorImpl - Step #6, transition #48
2026-04-27T12:06:39,321 [main] DEBUG a.f.a.t.b.t.TransitionExecutorImpl - Translating to SMT
2026-04-27T12:06:39,472 [main] DEBUG a.f.a.t.b.SeqModelChecker - Step 6: Transition #48. Is it enabled?
2026-04-27T12:06:40,251 [main] INFO  a.f.a.t.b.SeqModelChecker - Step 6: Transition #48 is disabled
2026-04-27T12:06:40,265 [main] DEBUG a.f.a.t.b.t.TransitionExecutorImpl - Step #6, transition #49
2026-04-27T12:06:40,265 [main] DEBUG a.f.a.t.b.t.TransitionExecutorImpl - Translating to SMT
2026-04-27T12:06:40,448 [main] DEBUG a.f.a.t.b.SeqModelChecker - Step 6: Transition #49. Is it enabled?
2026-04-27T12:06:40,671 [main] INFO  a.f.a.t.b.SeqModelChecker - Step 6: Transition #49 is disabled
2026-04-27T12:06:40,685 [main] DEBUG a.f.a.t.b.t.TransitionExecutorImpl - Step #6, transition #50
2026-04-27T12:06:40,685 [main] DEBUG a.f.a.t.b.t.TransitionExecutorImpl - Translating to SMT
2026-04-27T12:06:40,921 [main] DEBUG a.f.a.t.b.SeqModelChecker - Step 6: Transition #50. Is it enabled?
2026-04-27T12:07:02,237 [main] INFO  a.f.a.t.b.SeqModelChecker - Step 6: Transition #50 is disabled
2026-04-27T12:07:02,266 [main] DEBUG a.f.a.t.b.t.TransitionExecutorImpl - Step #6, transition #51
2026-04-27T12:07:02,266 [main] DEBUG a.f.a.t.b.t.TransitionExecutorImpl - Translating to SMT
2026-04-27T12:07:02,435 [main] DEBUG a.f.a.t.b.SeqModelChecker - Step 6: Transition #51. Is it enabled?
2026-04-27T12:07:24,293 [main] INFO  a.f.a.t.b.SeqModelChecker - Step 6: Transition #51 is disabled
2026-04-27T12:07:24,328 [main] DEBUG a.f.a.t.b.t.TransitionExecutorImpl - Step #6, transition #52
2026-04-27T12:07:24,328 [main] DEBUG a.f.a.t.b.t.TransitionExecutorImpl - Translating to SMT
2026-04-27T12:07:24,496 [main] DEBUG a.f.a.t.b.SeqModelChecker - Step 6: Transition #52. Is it enabled?
2026-04-27T12:07:46,691 [main] INFO  a.f.a.t.b.SeqModelChecker - Step 6: Transition #52 is disabled
2026-04-27T12:07:46,733 [main] DEBUG a.f.a.t.b.t.TransitionExecutorImpl - Step #6, transition #53
2026-04-27T12:07:46,733 [main] DEBUG a.f.a.t.b.t.TransitionExecutorImpl - Translating to SMT
2026-04-27T12:07:46,772 [main] DEBUG a.f.a.t.b.SeqModelChecker - Step 6: Transition #53. Is it enabled?
2026-04-27T12:07:46,778 [main] INFO  a.f.a.t.b.SeqModelChecker - Step 6: Transition #53 is disabled
2026-04-27T12:07:46,786 [main] DEBUG a.f.a.t.b.t.TransitionExecutorImpl - Step #6, transition #54
2026-04-27T12:07:46,786 [main] DEBUG a.f.a.t.b.t.TransitionExecutorImpl - Translating to SMT
2026-04-27T12:07:46,815 [main] DEBUG a.f.a.t.b.SeqModelChecker - Step 6: Transition #54. Is it enabled?
2026-04-27T12:07:46,819 [main] INFO  a.f.a.t.b.SeqModelChecker - Step 6: Transition #54 is disabled
2026-04-27T12:07:46,827 [main] DEBUG a.f.a.t.b.t.TransitionExecutorImpl - Step #6, transition #55
2026-04-27T12:07:46,827 [main] DEBUG a.f.a.t.b.t.TransitionExecutorImpl - Translating to SMT
2026-04-27T12:07:46,831 [main] DEBUG a.f.a.t.b.t.TransitionExecutorImpl - Transition 55 produces partial assignment. Disabled.
2026-04-27T12:07:46,831 [main] DEBUG a.f.a.t.b.t.TransitionExecutorImpl - Step #6, transition #56
2026-04-27T12:07:46,831 [main] DEBUG a.f.a.t.b.t.TransitionExecutorImpl - Translating to SMT
2026-04-27T12:07:46,866 [main] DEBUG a.f.a.t.b.SeqModelChecker - Step 6: Transition #56. Is it enabled?
2026-04-27T12:07:46,872 [main] INFO  a.f.a.t.b.SeqModelChecker - Step 6: Transition #56 is disabled
2026-04-27T12:07:46,880 [main] DEBUG a.f.a.t.b.t.TransitionExecutorImpl - Step #6, transition #57
2026-04-27T12:07:46,880 [main] DEBUG a.f.a.t.b.t.TransitionExecutorImpl - Translating to SMT
2026-04-27T12:07:46,884 [main] DEBUG a.f.a.t.b.t.TransitionExecutorImpl - Transition 57 produces partial assignment. Disabled.
2026-04-27T12:07:46,884 [main] DEBUG a.f.a.t.b.t.TransitionExecutorImpl - Step #6, transition #58
2026-04-27T12:07:46,884 [main] DEBUG a.f.a.t.b.t.TransitionExecutorImpl - Translating to SMT
2026-04-27T12:07:46,918 [main] DEBUG a.f.a.t.b.SeqModelChecker - Step 6: Transition #58. Is it enabled?
2026-04-27T12:07:46,925 [main] INFO  a.f.a.t.b.SeqModelChecker - Step 6: Transition #58 is disabled
2026-04-27T12:07:46,934 [main] DEBUG a.f.a.t.b.t.TransitionExecutorImpl - Step #6, transition #59
2026-04-27T12:07:46,934 [main] DEBUG a.f.a.t.b.t.TransitionExecutorImpl - Translating to SMT
2026-04-27T12:07:46,937 [main] DEBUG a.f.a.t.b.t.TransitionExecutorImpl - Transition 59 produces partial assignment. Disabled.
2026-04-27T12:07:46,938 [main] DEBUG a.f.a.t.b.t.TransitionExecutorImpl - Step #6, transition #60
2026-04-27T12:07:46,938 [main] DEBUG a.f.a.t.b.t.TransitionExecutorImpl - Translating to SMT
2026-04-27T12:07:46,967 [main] DEBUG a.f.a.t.b.SeqModelChecker - Step 6: Transition #60. Is it enabled?
2026-04-27T12:07:46,972 [main] INFO  a.f.a.t.b.SeqModelChecker - Step 6: Transition #60 is disabled
2026-04-27T12:07:46,981 [main] DEBUG a.f.a.t.b.t.TransitionExecutorImpl - Step #6, transition #61
2026-04-27T12:07:46,981 [main] DEBUG a.f.a.t.b.t.TransitionExecutorImpl - Translating to SMT
2026-04-27T12:07:46,984 [main] DEBUG a.f.a.t.b.t.TransitionExecutorImpl - Transition 61 produces partial assignment. Disabled.
2026-04-27T12:07:46,985 [main] DEBUG a.f.a.t.b.t.TransitionExecutorImpl - Step #6, transition #62
2026-04-27T12:07:46,985 [main] DEBUG a.f.a.t.b.t.TransitionExecutorImpl - Translating to SMT
2026-04-27T12:07:47,016 [main] DEBUG a.f.a.t.b.SeqModelChecker - Step 6: Transition #62. Is it enabled?
2026-04-27T12:07:47,022 [main] INFO  a.f.a.t.b.SeqModelChecker - Step 6: Transition #62 is disabled
2026-04-27T12:07:47,030 [main] DEBUG a.f.a.t.b.t.TransitionExecutorImpl - Step #6, transition #63
2026-04-27T12:07:47,030 [main] DEBUG a.f.a.t.b.t.TransitionExecutorImpl - Translating to SMT
2026-04-27T12:07:47,063 [main] DEBUG a.f.a.t.b.SeqModelChecker - Step 6: Transition #63. Is it enabled?
2026-04-27T12:07:47,070 [main] INFO  a.f.a.t.b.SeqModelChecker - Step 6: Transition #63 is disabled
2026-04-27T12:07:47,078 [main] DEBUG a.f.a.t.b.t.TransitionExecutorImpl - Step #6, transition #64
2026-04-27T12:07:47,078 [main] DEBUG a.f.a.t.b.t.TransitionExecutorImpl - Translating to SMT
2026-04-27T12:07:47,121 [main] DEBUG a.f.a.t.b.SeqModelChecker - Step 6: Transition #64. Is it enabled?
2026-04-27T12:07:47,131 [main] INFO  a.f.a.t.b.SeqModelChecker - Step 6: Transition #64 is disabled
2026-04-27T12:07:47,140 [main] DEBUG a.f.a.t.b.t.TransitionExecutorImpl - Step #6, transition #65
2026-04-27T12:07:47,140 [main] DEBUG a.f.a.t.b.t.TransitionExecutorImpl - Translating to SMT
2026-04-27T12:07:47,153 [main] DEBUG a.f.a.t.b.SeqModelChecker - Step 6: Transition #65. Is it enabled?
2026-04-27T12:07:47,155 [main] INFO  a.f.a.t.b.SeqModelChecker - Step 6: Transition #65 is disabled
2026-04-27T12:07:47,163 [main] DEBUG a.f.a.t.b.t.TransitionExecutorImpl - Step #6, transition #66
2026-04-27T12:07:47,163 [main] DEBUG a.f.a.t.b.t.TransitionExecutorImpl - Translating to SMT
2026-04-27T12:07:47,233 [main] DEBUG a.f.a.t.b.SeqModelChecker - Step 6: Transition #66. Is it enabled?
2026-04-27T12:07:47,241 [main] INFO  a.f.a.t.b.SeqModelChecker - Step 6: Transition #66 is disabled
2026-04-27T12:07:47,249 [main] DEBUG a.f.a.t.b.t.TransitionExecutorImpl - Step #6, transition #67
2026-04-27T12:07:47,249 [main] DEBUG a.f.a.t.b.t.TransitionExecutorImpl - Translating to SMT
2026-04-27T12:07:47,281 [main] DEBUG a.f.a.t.b.SeqModelChecker - Step 6: Transition #67. Is it enabled?
2026-04-27T12:07:47,287 [main] INFO  a.f.a.t.b.SeqModelChecker - Step 6: Transition #67 is disabled
2026-04-27T12:07:47,295 [main] DEBUG a.f.a.t.b.t.TransitionExecutorImpl - Step #6, transition #68
2026-04-27T12:07:47,295 [main] DEBUG a.f.a.t.b.t.TransitionExecutorImpl - Translating to SMT
2026-04-27T12:07:47,333 [main] DEBUG a.f.a.t.b.SeqModelChecker - Step 6: Transition #68. Is it enabled?
2026-04-27T12:07:47,339 [main] INFO  a.f.a.t.b.SeqModelChecker - Step 6: Transition #68 is disabled
2026-04-27T12:07:47,347 [main] DEBUG a.f.a.t.b.t.TransitionExecutorImpl - Step #6, transition #69
2026-04-27T12:07:47,347 [main] DEBUG a.f.a.t.b.t.TransitionExecutorImpl - Translating to SMT
2026-04-27T12:07:47,397 [main] DEBUG a.f.a.t.b.SeqModelChecker - Step 6: Transition #69. Is it enabled?
2026-04-27T12:07:47,407 [main] INFO  a.f.a.t.b.SeqModelChecker - Step 6: Transition #69 is disabled
2026-04-27T12:07:47,414 [main] INFO  a.f.a.t.b.t.TransitionExecutorImpl - Step 6: picking a transition out of 6 transition(s)
2026-04-27T12:07:47,591 [main] DEBUG a.f.a.t.b.t.TransitionExecutorImpl - Step #7, transition #0
2026-04-27T12:07:47,591 [main] DEBUG a.f.a.t.b.t.TransitionExecutorImpl - Translating to SMT
2026-04-27T12:07:47,693 [main] DEBUG a.f.a.t.b.SeqModelChecker - Step 7: Transition #0. Is it enabled?
2026-04-27T12:08:19,156 [main] INFO  a.f.a.t.b.SeqModelChecker - Step 7: Transition #0 is disabled
2026-04-27T12:08:19,218 [main] DEBUG a.f.a.t.b.t.TransitionExecutorImpl - Step #7, transition #1
2026-04-27T12:08:19,218 [main] DEBUG a.f.a.t.b.t.TransitionExecutorImpl - Translating to SMT
2026-04-27T12:08:19,363 [main] DEBUG a.f.a.t.b.SeqModelChecker - Step 7: Transition #1. Is it enabled?
2026-04-27T12:09:08,941 [main] INFO  a.f.a.t.b.SeqModelChecker - Step 7: Transition #1 is disabled
2026-04-27T12:09:09,007 [main] DEBUG a.f.a.t.b.t.TransitionExecutorImpl - Step #7, transition #2
2026-04-27T12:09:09,007 [main] DEBUG a.f.a.t.b.t.TransitionExecutorImpl - Translating to SMT
2026-04-27T12:09:09,112 [main] DEBUG a.f.a.t.b.SeqModelChecker - Step 7: Transition #2. Is it enabled?
2026-04-27T12:09:46,722 [main] DEBUG a.f.a.t.b.SeqModelChecker - Step 7: Transition #2 is enabled
2026-04-27T12:09:46,722 [main] INFO  a.f.a.t.b.SeqModelChecker - State 7: Checking 2 state invariants
2026-04-27T12:09:46,722 [main] DEBUG a.f.a.t.b.SeqModelChecker - State 7: Checking state invariant 0
2026-04-27T12:09:57,135 [main] INFO  a.f.a.t.b.SeqModelChecker - State 7: state invariant 0 holds.
2026-04-27T12:09:57,151 [main] DEBUG a.f.a.t.b.SeqModelChecker - State 7: Checking state invariant 1
2026-04-27T12:09:57,169 [main] INFO  a.f.a.t.b.SeqModelChecker - State 7: state invariant 1 holds.
2026-04-27T12:09:57,196 [main] DEBUG a.f.a.t.b.t.TransitionExecutorImpl - Step #7, transition #3
2026-04-27T12:09:57,196 [main] DEBUG a.f.a.t.b.t.TransitionExecutorImpl - Translating to SMT
2026-04-27T12:09:57,226 [main] DEBUG a.f.a.t.b.t.TransitionExecutorImpl - Transition 3 produces partial assignment. Disabled.
2026-04-27T12:09:57,233 [main] DEBUG a.f.a.t.b.t.TransitionExecutorImpl - Step #7, transition #4
2026-04-27T12:09:57,233 [main] DEBUG a.f.a.t.b.t.TransitionExecutorImpl - Translating to SMT
2026-04-27T12:09:57,261 [main] DEBUG a.f.a.t.b.t.TransitionExecutorImpl - Transition 4 produces partial assignment. Disabled.
2026-04-27T12:09:57,270 [main] DEBUG a.f.a.t.b.t.TransitionExecutorImpl - Step #7, transition #5
2026-04-27T12:09:57,270 [main] DEBUG a.f.a.t.b.t.TransitionExecutorImpl - Translating to SMT
2026-04-27T12:09:57,369 [main] DEBUG a.f.a.t.b.SeqModelChecker - Step 7: Transition #5. Is it enabled?
2026-04-27T12:10:28,962 [main] INFO  a.f.a.t.b.SeqModelChecker - Step 7: Transition #5 is disabled
2026-04-27T12:10:29,037 [main] DEBUG a.f.a.t.b.t.TransitionExecutorImpl - Step #7, transition #6
2026-04-27T12:10:29,037 [main] DEBUG a.f.a.t.b.t.TransitionExecutorImpl - Translating to SMT
2026-04-27T12:10:29,207 [main] DEBUG a.f.a.t.b.SeqModelChecker - Step 7: Transition #6. Is it enabled?
2026-04-27T12:11:19,373 [main] INFO  a.f.a.t.b.SeqModelChecker - Step 7: Transition #6 is disabled
2026-04-27T12:11:19,426 [main] DEBUG a.f.a.t.b.t.TransitionExecutorImpl - Step #7, transition #7
2026-04-27T12:11:19,426 [main] DEBUG a.f.a.t.b.t.TransitionExecutorImpl - Translating to SMT
2026-04-27T12:11:19,460 [main] DEBUG a.f.a.t.b.t.TransitionExecutorImpl - Transition 7 produces partial assignment. Disabled.
2026-04-27T12:11:19,468 [main] DEBUG a.f.a.t.b.t.TransitionExecutorImpl - Step #7, transition #8
2026-04-27T12:11:19,469 [main] DEBUG a.f.a.t.b.t.TransitionExecutorImpl - Translating to SMT
2026-04-27T12:11:19,496 [main] DEBUG a.f.a.t.b.t.TransitionExecutorImpl - Transition 8 produces partial assignment. Disabled.
2026-04-27T12:11:19,504 [main] DEBUG a.f.a.t.b.t.TransitionExecutorImpl - Step #7, transition #9
2026-04-27T12:11:19,504 [main] DEBUG a.f.a.t.b.t.TransitionExecutorImpl - Translating to SMT
2026-04-27T12:11:19,660 [main] DEBUG a.f.a.t.b.SeqModelChecker - Step 7: Transition #9. Is it enabled?
2026-04-27T12:11:33,952 [main] DEBUG a.f.a.t.b.SeqModelChecker - Step 7: Transition #9 is enabled
2026-04-27T12:11:33,953 [main] INFO  a.f.a.t.b.SeqModelChecker - State 7: Checking 2 state invariants
2026-04-27T12:11:33,953 [main] DEBUG a.f.a.t.b.SeqModelChecker - State 7: Checking state invariant 0
2026-04-27T12:11:35,882 [main] INFO  a.f.a.t.b.SeqModelChecker - State 7: state invariant 0 holds.
2026-04-27T12:11:35,912 [main] DEBUG a.f.a.t.b.SeqModelChecker - State 7: Checking state invariant 1
2026-04-27T12:11:35,929 [main] INFO  a.f.a.t.b.SeqModelChecker - State 7: state invariant 1 holds.
2026-04-27T12:11:35,970 [main] DEBUG a.f.a.t.b.t.TransitionExecutorImpl - Step #7, transition #10
2026-04-27T12:11:35,970 [main] DEBUG a.f.a.t.b.t.TransitionExecutorImpl - Translating to SMT
2026-04-27T12:11:36,065 [main] DEBUG a.f.a.t.b.SeqModelChecker - Step 7: Transition #10. Is it enabled?
2026-04-27T12:11:39,434 [main] INFO  a.f.a.t.b.SeqModelChecker - Step 7: Transition #10 is disabled
2026-04-27T12:11:39,461 [main] DEBUG a.f.a.t.b.t.TransitionExecutorImpl - Step #7, transition #11
2026-04-27T12:11:39,461 [main] DEBUG a.f.a.t.b.t.TransitionExecutorImpl - Translating to SMT
2026-04-27T12:11:39,554 [main] DEBUG a.f.a.t.b.SeqModelChecker - Step 7: Transition #11. Is it enabled?
2026-04-27T12:12:29,305 [main] INFO  a.f.a.t.b.SeqModelChecker - Step 7: Transition #11 is disabled
2026-04-27T12:12:29,383 [main] DEBUG a.f.a.t.b.t.TransitionExecutorImpl - Step #7, transition #12
2026-04-27T12:12:29,383 [main] DEBUG a.f.a.t.b.t.TransitionExecutorImpl - Translating to SMT
2026-04-27T12:12:29,510 [main] DEBUG a.f.a.t.b.SeqModelChecker - Step 7: Transition #12. Is it enabled?
2026-04-27T12:12:29,562 [main] INFO  a.f.a.t.b.SeqModelChecker - Step 7: Transition #12 is disabled
2026-04-27T12:12:29,578 [main] DEBUG a.f.a.t.b.t.TransitionExecutorImpl - Step #7, transition #13
2026-04-27T12:12:29,578 [main] DEBUG a.f.a.t.b.t.TransitionExecutorImpl - Translating to SMT
2026-04-27T12:12:29,702 [main] DEBUG a.f.a.t.b.SeqModelChecker - Step 7: Transition #13. Is it enabled?
2026-04-27T12:12:40,645 [main] DEBUG a.f.a.t.b.SeqModelChecker - Step 7: Transition #13 is enabled
2026-04-27T12:12:40,704 [main] DEBUG a.f.a.t.b.t.TransitionExecutorImpl - Step #7, transition #14
2026-04-27T12:12:40,704 [main] DEBUG a.f.a.t.b.t.TransitionExecutorImpl - Translating to SMT
2026-04-27T12:12:40,889 [main] DEBUG a.f.a.t.b.SeqModelChecker - Step 7: Transition #14. Is it enabled?
2026-04-27T12:12:40,941 [main] INFO  a.f.a.t.b.SeqModelChecker - Step 7: Transition #14 is disabled
2026-04-27T12:12:40,957 [main] DEBUG a.f.a.t.b.t.TransitionExecutorImpl - Step #7, transition #15
2026-04-27T12:12:40,958 [main] DEBUG a.f.a.t.b.t.TransitionExecutorImpl - Translating to SMT
2026-04-27T12:12:41,086 [main] DEBUG a.f.a.t.b.SeqModelChecker - Step 7: Transition #15. Is it enabled?
2026-04-27T12:13:24,266 [main] INFO  a.f.a.t.b.SeqModelChecker - Step 7: Transition #15 is disabled
2026-04-27T12:13:24,317 [main] DEBUG a.f.a.t.b.t.TransitionExecutorImpl - Step #7, transition #16
2026-04-27T12:13:24,318 [main] DEBUG a.f.a.t.b.t.TransitionExecutorImpl - Translating to SMT
2026-04-27T12:13:24,346 [main] DEBUG a.f.a.t.b.SeqModelChecker - Step 7: Transition #16. Is it enabled?
2026-04-27T12:13:24,349 [main] INFO  a.f.a.t.b.SeqModelChecker - Step 7: Transition #16 is disabled
2026-04-27T12:13:24,358 [main] DEBUG a.f.a.t.b.t.TransitionExecutorImpl - Step #7, transition #17
2026-04-27T12:13:24,358 [main] DEBUG a.f.a.t.b.t.TransitionExecutorImpl - Translating to SMT
2026-04-27T12:13:24,983 [main] DEBUG a.f.a.t.b.SeqModelChecker - Step 7: Transition #17. Is it enabled?
2026-04-27T12:14:50,355 [main] INFO  a.f.a.t.b.SeqModelChecker - Step 7: Transition #17 is disabled
2026-04-27T12:14:50,456 [main] DEBUG a.f.a.t.b.t.TransitionExecutorImpl - Step #7, transition #18
2026-04-27T12:14:50,456 [main] DEBUG a.f.a.t.b.t.TransitionExecutorImpl - Translating to SMT
2026-04-27T12:14:50,996 [main] DEBUG a.f.a.t.b.t.TransitionExecutorImpl - Transition 18 produces partial assignment. Disabled.
2026-04-27T12:14:51,331 [main] DEBUG a.f.a.t.b.t.TransitionExecutorImpl - Step #7, transition #19
2026-04-27T12:14:51,331 [main] DEBUG a.f.a.t.b.t.TransitionExecutorImpl - Translating to SMT
2026-04-27T12:14:51,389 [main] DEBUG a.f.a.t.b.t.TransitionExecutorImpl - Transition 19 produces partial assignment. Disabled.
2026-04-27T12:14:51,402 [main] DEBUG a.f.a.t.b.t.TransitionExecutorImpl - Step #7, transition #20
2026-04-27T12:14:51,402 [main] DEBUG a.f.a.t.b.t.TransitionExecutorImpl - Translating to SMT
2026-04-27T12:14:51,467 [main] DEBUG a.f.a.t.b.t.TransitionExecutorImpl - Transition 20 produces partial assignment. Disabled.
2026-04-27T12:14:51,472 [main] DEBUG a.f.a.t.b.t.TransitionExecutorImpl - Step #7, transition #21
2026-04-27T12:14:51,472 [main] DEBUG a.f.a.t.b.t.TransitionExecutorImpl - Translating to SMT
2026-04-27T12:14:51,811 [main] DEBUG a.f.a.t.b.SeqModelChecker - Step 7: Transition #21. Is it enabled?
2026-04-27T12:16:19,845 [main] INFO  a.f.a.t.b.SeqModelChecker - Step 7: Transition #21 is disabled
2026-04-27T12:16:19,931 [main] DEBUG a.f.a.t.b.t.TransitionExecutorImpl - Step #7, transition #22
2026-04-27T12:16:19,931 [main] DEBUG a.f.a.t.b.t.TransitionExecutorImpl - Translating to SMT
2026-04-27T12:16:20,194 [main] DEBUG a.f.a.t.b.t.TransitionExecutorImpl - Transition 22 produces partial assignment. Disabled.
2026-04-27T12:16:20,323 [main] DEBUG a.f.a.t.b.t.TransitionExecutorImpl - Step #7, transition #23
2026-04-27T12:16:20,324 [main] DEBUG a.f.a.t.b.t.TransitionExecutorImpl - Translating to SMT
2026-04-27T12:16:20,350 [main] DEBUG a.f.a.t.b.t.TransitionExecutorImpl - Transition 23 produces partial assignment. Disabled.
2026-04-27T12:16:20,355 [main] DEBUG a.f.a.t.b.t.TransitionExecutorImpl - Step #7, transition #24
2026-04-27T12:16:20,355 [main] DEBUG a.f.a.t.b.t.TransitionExecutorImpl - Translating to SMT
2026-04-27T12:16:20,479 [main] DEBUG a.f.a.t.b.SeqModelChecker - Step 7: Transition #24. Is it enabled?
2026-04-27T12:17:00,499 [main] INFO  a.f.a.t.b.SeqModelChecker - Step 7: Transition #24 is disabled
2026-04-27T12:17:00,560 [main] DEBUG a.f.a.t.b.t.TransitionExecutorImpl - Step #7, transition #25
2026-04-27T12:17:00,560 [main] DEBUG a.f.a.t.b.t.TransitionExecutorImpl - Translating to SMT
2026-04-27T12:17:00,587 [main] DEBUG a.f.a.t.b.t.TransitionExecutorImpl - Transition 25 produces partial assignment. Disabled.
2026-04-27T12:17:00,592 [main] DEBUG a.f.a.t.b.t.TransitionExecutorImpl - Step #7, transition #26
2026-04-27T12:17:00,592 [main] DEBUG a.f.a.t.b.t.TransitionExecutorImpl - Translating to SMT
2026-04-27T12:17:00,730 [main] DEBUG a.f.a.t.b.SeqModelChecker - Step 7: Transition #26. Is it enabled?
2026-04-27T12:17:27,843 [main] DEBUG a.f.a.t.b.SeqModelChecker - Step 7: Transition #26 is enabled
2026-04-27T12:17:27,844 [main] INFO  a.f.a.t.b.SeqModelChecker - State 7: Checking 2 state invariants
2026-04-27T12:17:27,844 [main] DEBUG a.f.a.t.b.SeqModelChecker - State 7: Checking state invariant 0
2026-04-27T12:17:59,054 [main] INFO  a.f.a.t.b.SeqModelChecker - State 7: state invariant 0 holds.
2026-04-27T12:17:59,101 [main] DEBUG a.f.a.t.b.SeqModelChecker - State 7: Checking state invariant 1
2026-04-27T12:17:59,131 [main] INFO  a.f.a.t.b.SeqModelChecker - State 7: state invariant 1 holds.
2026-04-27T12:17:59,180 [main] DEBUG a.f.a.t.b.t.TransitionExecutorImpl - Step #7, transition #27
2026-04-27T12:17:59,180 [main] DEBUG a.f.a.t.b.t.TransitionExecutorImpl - Translating to SMT
2026-04-27T12:17:59,374 [main] DEBUG a.f.a.t.b.SeqModelChecker - Step 7: Transition #27. Is it enabled?
2026-04-27T12:18:00,095 [main] INFO  a.f.a.t.b.SeqModelChecker - Step 7: Transition #27 is disabled
2026-04-27T12:18:00,115 [main] DEBUG a.f.a.t.b.t.TransitionExecutorImpl - Step #7, transition #28
2026-04-27T12:18:00,116 [main] DEBUG a.f.a.t.b.t.TransitionExecutorImpl - Translating to SMT
2026-04-27T12:18:00,220 [main] DEBUG a.f.a.t.b.SeqModelChecker - Step 7: Transition #28. Is it enabled?
2026-04-27T12:18:00,235 [main] INFO  a.f.a.t.b.SeqModelChecker - Step 7: Transition #28 is disabled
2026-04-27T12:18:00,253 [main] DEBUG a.f.a.t.b.t.TransitionExecutorImpl - Step #7, transition #29
2026-04-27T12:18:00,253 [main] DEBUG a.f.a.t.b.t.TransitionExecutorImpl - Translating to SMT
2026-04-27T12:18:00,349 [main] DEBUG a.f.a.t.b.SeqModelChecker - Step 7: Transition #29. Is it enabled?
2026-04-27T12:18:00,363 [main] INFO  a.f.a.t.b.SeqModelChecker - Step 7: Transition #29 is disabled
2026-04-27T12:18:00,381 [main] DEBUG a.f.a.t.b.t.TransitionExecutorImpl - Step #7, transition #30
2026-04-27T12:18:00,381 [main] DEBUG a.f.a.t.b.t.TransitionExecutorImpl - Translating to SMT
2026-04-27T12:18:00,485 [main] DEBUG a.f.a.t.b.SeqModelChecker - Step 7: Transition #30. Is it enabled?
2026-04-27T12:18:36,336 [main] DEBUG a.f.a.t.b.SeqModelChecker - Step 7: Transition #30 is enabled
2026-04-27T12:18:36,449 [main] DEBUG a.f.a.t.b.t.TransitionExecutorImpl - Step #7, transition #31
2026-04-27T12:18:36,449 [main] DEBUG a.f.a.t.b.t.TransitionExecutorImpl - Translating to SMT
2026-04-27T12:18:36,503 [main] DEBUG a.f.a.t.b.SeqModelChecker - Step 7: Transition #31. Is it enabled?
2026-04-27T12:18:50,026 [main] INFO  a.f.a.t.b.SeqModelChecker - Step 7: Transition #31 is disabled
2026-04-27T12:18:50,080 [main] DEBUG a.f.a.t.b.t.TransitionExecutorImpl - Step #7, transition #32
2026-04-27T12:18:50,081 [main] DEBUG a.f.a.t.b.t.TransitionExecutorImpl - Translating to SMT
2026-04-27T12:18:50,199 [main] DEBUG a.f.a.t.b.SeqModelChecker - Step 7: Transition #32. Is it enabled?
2026-04-27T12:18:50,213 [main] INFO  a.f.a.t.b.SeqModelChecker - Step 7: Transition #32 is disabled
2026-04-27T12:18:50,228 [main] DEBUG a.f.a.t.b.t.TransitionExecutorImpl - Step #7, transition #33
2026-04-27T12:18:50,228 [main] DEBUG a.f.a.t.b.t.TransitionExecutorImpl - Translating to SMT
2026-04-27T12:18:50,276 [main] DEBUG a.f.a.t.b.SeqModelChecker - Step 7: Transition #33. Is it enabled?
2026-04-27T12:18:50,289 [main] INFO  a.f.a.t.b.SeqModelChecker - Step 7: Transition #33 is disabled
2026-04-27T12:18:50,302 [main] DEBUG a.f.a.t.b.t.TransitionExecutorImpl - Step #7, transition #34
2026-04-27T12:18:50,302 [main] DEBUG a.f.a.t.b.t.TransitionExecutorImpl - Translating to SMT
2026-04-27T12:18:50,350 [main] DEBUG a.f.a.t.b.SeqModelChecker - Step 7: Transition #34. Is it enabled?
2026-04-27T12:19:02,292 [main] INFO  a.f.a.t.b.SeqModelChecker - Step 7: Transition #34 is disabled
2026-04-27T12:19:02,330 [main] DEBUG a.f.a.t.b.t.TransitionExecutorImpl - Step #7, transition #35
2026-04-27T12:19:02,330 [main] DEBUG a.f.a.t.b.t.TransitionExecutorImpl - Translating to SMT
2026-04-27T12:19:02,387 [main] DEBUG a.f.a.t.b.SeqModelChecker - Step 7: Transition #35. Is it enabled?
2026-04-27T12:20:05,786 [main] INFO  a.f.a.t.b.SeqModelChecker - Step 7: Transition #35 is disabled
2026-04-27T12:20:05,892 [main] DEBUG a.f.a.t.b.t.TransitionExecutorImpl - Step #7, transition #36
2026-04-27T12:20:05,892 [main] DEBUG a.f.a.t.b.t.TransitionExecutorImpl - Translating to SMT
2026-04-27T12:20:06,005 [main] DEBUG a.f.a.t.b.t.TransitionExecutorImpl - Transition 36 produces partial assignment. Disabled.
2026-04-27T12:20:06,039 [main] DEBUG a.f.a.t.b.t.TransitionExecutorImpl - Step #7, transition #37
2026-04-27T12:20:06,040 [main] DEBUG a.f.a.t.b.t.TransitionExecutorImpl - Translating to SMT
2026-04-27T12:20:06,275 [main] DEBUG a.f.a.t.b.SeqModelChecker - Step 7: Transition #37. Is it enabled?
2026-04-27T12:21:21,326 [main] INFO  a.f.a.t.b.SeqModelChecker - Step 7: Transition #37 is disabled
2026-04-27T12:21:21,436 [main] DEBUG a.f.a.t.b.t.TransitionExecutorImpl - Step #7, transition #38
2026-04-27T12:21:21,436 [main] DEBUG a.f.a.t.b.t.TransitionExecutorImpl - Translating to SMT
2026-04-27T12:21:21,563 [main] DEBUG a.f.a.t.b.t.TransitionExecutorImpl - Transition 38 produces partial assignment. Disabled.
2026-04-27T12:21:21,588 [main] DEBUG a.f.a.t.b.t.TransitionExecutorImpl - Step #7, transition #39
2026-04-27T12:21:21,588 [main] DEBUG a.f.a.t.b.t.TransitionExecutorImpl - Translating to SMT
2026-04-27T12:21:21,751 [main] DEBUG a.f.a.t.b.SeqModelChecker - Step 7: Transition #39. Is it enabled?
2026-04-27T12:22:53,778 [main] INFO  a.f.a.t.b.SeqModelChecker - Step 7: Transition #39 is disabled
2026-04-27T12:22:53,971 [main] DEBUG a.f.a.t.b.t.TransitionExecutorImpl - Step #7, transition #40
2026-04-27T12:22:53,971 [main] DEBUG a.f.a.t.b.t.TransitionExecutorImpl - Translating to SMT
2026-04-27T12:22:54,131 [main] DEBUG a.f.a.t.b.t.TransitionExecutorImpl - Transition 40 produces partial assignment. Disabled.
2026-04-27T12:22:54,224 [main] DEBUG a.f.a.t.b.t.TransitionExecutorImpl - Step #7, transition #41
2026-04-27T12:22:54,224 [main] DEBUG a.f.a.t.b.t.TransitionExecutorImpl - Translating to SMT
2026-04-27T12:22:54,635 [main] DEBUG a.f.a.t.b.SeqModelChecker - Step 7: Transition #41. Is it enabled?
2026-04-27T12:24:32,236 [main] INFO  a.f.a.t.b.SeqModelChecker - Step 7: Transition #41 is disabled
2026-04-27T12:24:32,369 [main] DEBUG a.f.a.t.b.t.TransitionExecutorImpl - Step #7, transition #42
2026-04-27T12:24:32,369 [main] DEBUG a.f.a.t.b.t.TransitionExecutorImpl - Translating to SMT
2026-04-27T12:24:32,447 [main] DEBUG a.f.a.t.b.t.TransitionExecutorImpl - Transition 42 produces partial assignment. Disabled.
2026-04-27T12:24:32,481 [main] DEBUG a.f.a.t.b.t.TransitionExecutorImpl - Step #7, transition #43
2026-04-27T12:24:32,482 [main] DEBUG a.f.a.t.b.t.TransitionExecutorImpl - Translating to SMT
2026-04-27T12:24:32,736 [main] DEBUG a.f.a.t.b.SeqModelChecker - Step 7: Transition #43. Is it enabled?
2026-04-27T12:24:50,380 [main] DEBUG a.f.a.i.p.PassChainExecutor - Adapted exception intercepted: 
at.forsyte.apalache.tla.bmcmt.SmtEncodingException: SMT 0: z3 reports UNKNOWN. Maybe, your specification is outside the supported logic.
	at at.forsyte.apalache.tla.bmcmt.smt.Z3SolverContext.sat(Z3SolverContext.scala:557)
	at at.forsyte.apalache.tla.bmcmt.smt.Z3SolverContext.satOrTimeout(Z3SolverContext.scala:564)
	at at.forsyte.apalache.tla.bmcmt.smt.RecordingSolverContext.satOrTimeout(RecordingSolverContext.scala:205)
	at at.forsyte.apalache.tla.bmcmt.trex.TransitionExecutorImpl.sat(TransitionExecutorImpl.scala:349)
	at at.forsyte.apalache.tla.bmcmt.trex.FilteredTransitionExecutor.sat(FilteredTransitionExecutor.scala:181)
	at at.forsyte.apalache.tla.bmcmt.trex.ConstrainedTransitionExecutor.sat(ConstrainedTransitionExecutor.scala:127)
	at at.forsyte.apalache.tla.bmcmt.SeqModelChecker.$anonfun$prepareTransitionsAndCheckInvariants$5(SeqModelChecker.scala:232)
	at scala.runtime.java8.JFunction1$mcVI$sp.apply(JFunction1$mcVI$sp.scala:18)
	at scala.collection.immutable.Range.foreach(Range.scala:256)
	at at.forsyte.apalache.tla.bmcmt.SeqModelChecker.prepareTransitionsAndCheckInvariants(SeqModelChecker.scala:213)
	at at.forsyte.apalache.tla.bmcmt.SeqModelChecker.makeStep(SeqModelChecker.scala:125)
	at at.forsyte.apalache.tla.bmcmt.SeqModelChecker.run(SeqModelChecker.scala:67)
	at at.forsyte.apalache.tla.bmcmt.passes.BoundedCheckerPassImpl.runIncrementalChecker(BoundedCheckerPassImpl.scala:164)
	at at.forsyte.apalache.tla.bmcmt.passes.BoundedCheckerPassImpl.execute(BoundedCheckerPassImpl.scala:116)
	at at.forsyte.apalache.infra.passes.PassChainExecutor.exec(PassChainExecutor.scala:71)
	at at.forsyte.apalache.infra.passes.PassChainExecutor.$anonfun$runPassOnModule$3(PassChainExecutor.scala:60)
	at scala.util.Either.flatMap(Either.scala:360)
	at at.forsyte.apalache.infra.passes.PassChainExecutor.$anonfun$runPassOnModule$1(PassChainExecutor.scala:58)
	at scala.collection.LinearSeqOps.foldLeft(LinearSeq.scala:183)
	at scala.collection.LinearSeqOps.foldLeft$(LinearSeq.scala:179)
	at scala.collection.immutable.List.foldLeft(List.scala:79)
	at at.forsyte.apalache.infra.passes.PassChainExecutor.runOnPasses(PassChainExecutor.scala:51)
	at at.forsyte.apalache.infra.passes.PassChainExecutor.run(PassChainExecutor.scala:42)
	at at.forsyte.apalache.tla.tooling.opt.CheckCmd.run(CheckCmd.scala:137)
	at at.forsyte.apalache.tla.Tool$.runCommand(Tool.scala:139)
	at at.forsyte.apalache.tla.Tool$.run(Tool.scala:119)
	at at.forsyte.apalache.tla.Tool$.main(Tool.scala:40)
	at at.forsyte.apalache.tla.Tool.main(Tool.scala)
2026-04-27T12:24:50,443 [main] ERROR a.f.a.t.Tool$ - <unknown>: error when rewriting to SMT: SMT 0: z3 reports UNKNOWN. Maybe, your specification is outside the supported logic.
at.forsyte.apalache.infra.AdaptedException: <unknown>: error when rewriting to SMT: SMT 0: z3 reports UNKNOWN. Maybe, your specification is outside the supported logic.
	at at.forsyte.apalache.infra.passes.PassChainExecutor.run(PassChainExecutor.scala:47)
	at at.forsyte.apalache.tla.tooling.opt.CheckCmd.run(CheckCmd.scala:137)
	at at.forsyte.apalache.tla.Tool$.runCommand(Tool.scala:139)
	at at.forsyte.apalache.tla.Tool$.run(Tool.scala:119)
	at at.forsyte.apalache.tla.Tool$.main(Tool.scala:40)
	at at.forsyte.apalache.tla.Tool.main(Tool.scala)
2026-04-27T12:24:50,480 [main] INFO  a.f.a.t.Tool$ - It took me 0 days  0 hours 25 min 42 sec
2026-04-27T12:24:50,481 [main] INFO  a.f.a.t.Tool$ - Total time: 1542.113 sec
